Unique_Key,Created_Date,Closed_Date,Agency,Complaint_Type,Descriptor,Borough,Incident_Zip,Status,Open_Data_Channel_Type,Resolution_Days
63585627,2025-01-01 14:08:00,2025-01-06 14:30:00,DEP,Air Quality,"Air: Dust, Construction/Demolition (AE4)",Brooklyn,11223.0,Closed,Online,5
63585631,2025-01-01 11:11:00,2025-01-23 10:00:00,DEP,Water System,Excessive Water In Basement (WEFB),Brooklyn,11211.0,Closed,Phone,21
63585632,2025-01-01 13:44:00,2025-01-01 14:00:00,DEP,Hazardous Materials,Chemical Odor (HD1),Manhattan,10024.0,Closed,Phone,0
63585633,2025-01-01 20:38:00,2025-01-03 14:22:00,DEP,Lead,Lead Kit Request (Residential) (L10),Brooklyn,11218.0,Closed,Online,1
63585634,2025-01-01 17:32:00,2025-01-03 14:22:00,DEP,Lead,Lead Kit Request (Residential) (L10),Brooklyn,11209.0,Closed,Online,1
63585635,2025-01-01 15:02:00,2025-01-03 14:22:00,DEP,Lead,Lead Kit Request (Residential) (L10),Bronx,10454.0,Closed,Online,1
63585645,2025-01-01 02:47:00,2025-01-02 08:03:00,DEP,Lead,Lead Kit Request (Residential) (L10),Queens,11103.0,Closed,Online,1
63585670,2025-01-01 04:53:00,2025-01-07 14:15:00,DEP,Noise,"Noise, Barking Dog (NR5)",Queens,11354.0,Closed,Online,6
63585674,2025-01-01 22:50:00,2025-01-03 14:22:00,DEP,Lead,Lead Kit Request (Residential) (L10),Manhattan,10023.0,Closed,Online,1
63585741,2025-01-01 12:53:00,2025-01-02 15:00:00,DEP,Noise,Noise: Alarms (NR3),Bronx,10470.0,Closed,Online,1
63585742,2025-01-01 11:29:00,2025-01-03 12:45:00,DEP,Noise,Noise: Alarms (NR3),Manhattan,10003.0,Closed,Online,2
63585745,2025-01-01 17:44:00,2025-01-02 08:40:00,DEP,Noise,Noise: Alarms (NR3),Queens,11366.0,Closed,Online,0
63585746,2025-01-01 15:38:00,2025-01-02 08:40:00,DEP,Noise,Noise: Alarms (NR3),Queens,11366.0,Closed,Online,0
63585748,2025-01-01 23:26:00,2025-01-03 21:45:00,DEP,Noise,Noise: Construction Before/After Hours (NM1),Manhattan,10009.0,Closed,Online,1
63585764,2025-01-01 23:14:00,2025-01-03 21:45:00,DEP,Noise,Noise: Construction Before/After Hours (NM1),Manhattan,10010.0,Closed,Phone,1
63585811,2025-01-01 13:20:00,2025-01-02 16:00:00,DEP,Noise,Noise: Construction Equipment (NC1),Queens,11366.0,Closed,Phone,1
63585812,2025-01-01 09:32:00,2025-01-03 04:10:00,DEP,Noise,Noise: Construction Equipment (NC1),Queens,11354.0,Closed,Phone,1
63585813,2025-01-01 22:47:00,2025-01-02 13:30:00,DEP,Sewer,Catch Basin Clogged/Flooding (Use Comments) (SC),Staten Island,10304.0,Closed,Online,0
63585828,2025-01-01 13:26:00,2025-01-02 21:45:00,DEP,Noise,Noise: Construction Before/After Hours (NM1),Manhattan,10028.0,Closed,Online,1
63585829,2025-01-01 09:41:00,2025-01-03 09:45:00,DEP,Noise,Noise: Construction Equipment (NC1),Manhattan,10028.0,Closed,Online,2
63585850,2025-01-01 15:14:00,2025-01-01 16:00:00,DEP,Sewer,Catch Basin Grating Missing (SA4),Staten Island,10310.0,Closed,Phone,0
63585871,2025-01-01 23:08:00,2025-01-03 02:00:00,DEP,Noise,Noise: Construction Before/After Hours (NM1),Queens,11385.0,Closed,Phone,1
63585874,2025-01-01 01:32:00,2025-01-02 09:45:00,DEP,Sewer,Catch Basin Clogged/Flooding (Use Comments) (SC),Manhattan,10018.0,Closed,Online,1
63585909,2025-01-01 13:26:00,2025-01-06 10:37:00,DEP,Sewer,Sewer Backup (Use Comments) (SA),Staten Island,10303.0,Closed,Phone,4
63585912,2025-01-01 11:35:00,2025-01-02 11:12:00,DEP,Water Conservation,Water Meter Broken/Leaking - Private Residence (CMR),Staten Island,10306.0,Closed,Online,0
63586011,2025-01-01 11:44:00,2025-02-23 13:35:00,DEP,Water System,Dirty Water (WE),Queens,11355.0,Closed,Phone,53
63586022,2025-01-01 20:41:00,2025-01-02 01:20:00,DEP,Water System,Dirty Water (WE),Manhattan,10025.0,Closed,Online,0
63586023,2025-01-01 10:14:00,2025-01-01 14:24:00,DEP,Water System,Hydrant Leaking (WC1),Queens,11434.0,Closed,Phone,0
63586024,2025-01-01 11:38:00,2025-01-06 13:45:00,DEP,Water System,Hydrant Leaking (WC1),Brooklyn,11233.0,Closed,Mobile,5
63586027,2025-01-01 20:44:00,2025-01-01 20:51:00,DEP,Water System,Hydrant Running (WC3),Queens,11105.0,Closed,Online,0
63586115,2025-01-01 17:11:00,2025-01-01 19:45:00,DEP,Water System,Leak (Use Comments) (WA2),Staten Island,10312.0,Closed,Phone,0
63586116,2025-01-01 16:02:00,2025-01-02 12:15:00,DEP,Water System,Leak (Use Comments) (WA2),Queens,11355.0,Closed,Phone,0
63586117,2025-01-01 17:02:00,2025-01-01 17:17:00,DEP,Water System,Leak (Use Comments) (WA2),Queens,11369.0,Closed,Phone,0
63586169,2025-01-01 06:59:00,2025-01-01 12:15:00,DEP,Water System,Leak (Use Comments) (WA2),Staten Island,10309.0,Closed,Online,0
63586178,2025-01-01 06:50:00,2025-01-01 11:15:00,DEP,Water System,Hydrant Running Full (WA4),Staten Island,10309.0,Closed,Online,0
63586197,2025-01-01 19:50:00,2025-01-01 20:05:00,DEP,Water System,Possible Water Main Break (Use Comments) (WA1),Staten Island,10301.0,Closed,Phone,0
63586199,2025-01-01 18:59:00,2025-01-27 13:00:00,DEP,Water System,Leak (Use Comments) (WA2),Brooklyn,11234.0,Closed,Online,25
63586205,2025-01-01 13:29:00,2025-01-01 13:43:00,DEP,Water System,Possible Water Main Break (Use Comments) (WA1),Queens,11369.0,Closed,Phone,0
63586206,2025-01-01 16:53:00,2025-01-03 11:11:00,DEP,Water Conservation,Illegal Use Of A Hydrant (CIN),Brooklyn,11222.0,Closed,Online,1
63586736,2025-01-01 09:38:00,2025-01-01 19:35:00,DEP,Water System,No Water (WNW),Brooklyn,11234.0,Closed,Online,0
63586737,2025-01-01 20:50:00,2025-01-02 19:58:00,DEP,Noise,Noise: air condition/ventilation equipment (NV1),Brooklyn,11232.0,Closed,Online,0
63586868,2025-01-01 18:20:00,2025-01-02 12:03:00,DEP,Air Quality,"Air: Odor/Fumes, Vehicle Idling (AD3)",Queens,11417.0,Closed,Online,0
63586895,2025-01-01 09:56:00,2025-01-03 07:45:00,DEP,Noise,Noise: Construction Equipment (NC1),Brooklyn,11238.0,Closed,Phone,1
63586899,2025-01-01 15:50:00,2025-01-03 14:22:00,DEP,Lead,Lead Kit Request (Residential) (L10),Brooklyn,11209.0,Closed,Online,1
63586900,2025-01-01 13:14:00,2025-01-03 14:22:00,DEP,Lead,Lead Kit Request (Residential) (L10),Manhattan,10031.0,Closed,Online,2
63586946,2025-01-01 13:53:00,2025-01-01 18:00:00,DEP,Sewer,Sewer Backup (Use Comments) (SA),Brooklyn,11235.0,Closed,Phone,0
63586955,2025-01-01 14:05:00,2025-01-02 13:00:00,DEP,Noise,Noise: Alarms (NR3),Bronx,10451.0,Closed,Phone,0
63586965,2025-01-01 11:05:00,2025-01-02 14:00:00,DEP,Noise,Noise: Construction Before/After Hours (NM1),Brooklyn,11215.0,Closed,Online,1
63586966,2025-01-01 06:17:00,2025-01-01 09:30:00,DEP,Sewer,Sewer Backup (Use Comments) (SA),Staten Island,10303.0,Closed,Online,0
63586984,2025-01-01 00:56:00,2025-01-07 14:15:00,DEP,Noise,"Noise, Barking Dog (NR5)",Queens,11354.0,Closed,Phone,6
63586985,2025-01-01 00:29:00,2025-01-07 12:29:00,DEP,Noise,"Noise, Barking Dog (NR5)",Brooklyn,11201.0,Closed,Online,6
63586996,2025-01-01 17:53:00,2025-01-01 17:53:00,DEP,Water System,Dirty Water (WE),Brooklyn,11230.0,Closed,Online,0
63587007,2025-01-01 10:11:00,2025-01-07 11:00:00,DEP,Noise,Noise: Alarms (NR3),Bronx,10468.0,Closed,Online,6
63587023,2025-01-01 16:47:00,2025-01-03 14:22:00,DEP,Lead,Lead Kit Request (Residential) (L10),Brooklyn,11223.0,Closed,Online,1
63587048,2025-01-01 12:53:00,2025-01-02 15:01:00,DEP,Noise,Noise: Construction Before/After Hours (NM1),Queens,11373.0,Closed,Online,1
63587049,2025-01-01 02:53:00,2025-01-03 01:21:00,DEP,Noise,Noise: Construction Before/After Hours (NM1),Manhattan,10016.0,Closed,Phone,1
63587101,2025-01-01 20:02:00,2025-01-03 21:10:00,DEP,Water System,Dirty Water (WE),Brooklyn,11218.0,Closed,Phone,2
63587102,2025-01-01 09:26:00,2025-01-01 09:26:00,DEP,Water System,Hydrant Defective (WC2),Brooklyn,11231.0,Closed,Online,0
63587156,2025-01-01 08:59:00,2025-01-01 11:20:00,DEP,Sewer,Sewer Backup (Use Comments) (SA),Brooklyn,11236.0,Closed,Phone,0
63587201,2025-01-01 12:59:00,2025-01-02 14:15:00,DEP,Sewer,Catch Basin Search (SC2),Queens,11101.0,Closed,Online,1
63587206,2025-01-01 16:44:00,2025-01-01 16:50:00,DEP,Water System,Possible Water Main Break (Use Comments) (WA1),Queens,11413.0,Closed,Phone,0
63587207,2025-01-01 16:29:00,2025-01-02 06:42:00,DEP,Air Quality,"Air: Smoke, Vehicular (AA4)",Queens,11366.0,Closed,Online,0
63587208,2025-01-01 16:17:00,2025-01-03 09:27:00,DEP,Water Conservation,"Wasting Faucets,Sinks,Flushometer,Urinal,Etc. - Private Residence (CWR)",Queens,11379.0,Closed,Online,1
63587280,2025-01-01 17:32:00,2025-01-01 18:55:00,DEP,Sewer,Sewer Backup (Use Comments) (SA),Queens,11427.0,Closed,Online,0
63587306,2025-01-01 13:35:00,2025-01-01 17:30:00,DEP,Sewer,Sewer Backup (Use Comments) (SA),Queens,11417.0,Closed,Phone,0
63587391,2025-01-01 13:23:00,2025-01-03 21:30:00,DEP,Water System,Dirty Water (WE),Brooklyn,11207.0,Closed,Phone,2
63587470,2025-01-01 12:41:00,2025-01-07 10:35:00,DEP,Water System,Leak (Use Comments) (WA2),Queens,11418.0,Closed,Phone,5
63587471,2025-01-01 11:02:00,2025-01-08 18:40:00,DEP,Water System,Leak (Use Comments) (WA2),Queens,11417.0,Closed,Phone,7
63587939,2025-01-01 22:41:00,2025-01-03 17:50:00,DEP,Water System,No Water (WNW),Bronx,10466.0,Closed,Phone,1
63588104,2025-01-01 23:35:00,2025-01-03 14:22:00,DEP,Lead,Lead Kit Request (Residential) (L10),Brooklyn,11235.0,Closed,Online,1
63588112,2025-01-01 00:53:00,2025-01-03 14:21:00,DEP,Lead,Lead Kit Request (Residential) (L10),Queens,11103.0,Closed,Online,2
63588113,2025-01-01 00:47:00,2025-01-03 14:21:00,DEP,Lead,Lead Kit Request (Residential) (L10),Brooklyn,11222.0,Closed,Online,2
63588124,2025-01-01 09:50:00,2025-01-02 08:30:00,DEP,Water System,LOW WATER PRESSURE - WLWP,Staten Island,10304.0,Closed,Online,0
63588127,2025-01-01 06:26:00,2025-01-07 12:07:00,DEP,Noise,"Noise, Barking Dog (NR5)",Brooklyn,11221.0,Closed,Online,6
63588128,2025-01-01 22:56:00,2025-01-02 12:03:00,DEP,Noise,Noise: Alarms (NR3),Manhattan,10003.0,Closed,Online,0
63588145,2025-01-01 13:47:00,2025-01-03 14:21:00,DEP,Lead,Lead Kit Request (Residential) (L10),Staten Island,10305.0,Closed,Online,2
63588207,2025-01-01 20:02:00,2025-01-01 22:30:00,DEP,Sewer,Sewer Backup (Use Comments) (SA),Brooklyn,11223.0,Closed,Online,0
63588217,2025-01-01 13:41:00,2025-01-09 14:00:00,DEP,Noise,Noise: Alarms (NR3),Brooklyn,11217.0,Closed,Online,8
63588218,2025-01-01 13:26:00,2025-01-02 08:40:00,DEP,Noise,Noise: Alarms (NR3),Queens,11366.0,Closed,Online,0
63588221,2025-01-01 11:35:00,2025-05-07 10:30:00,DEP,Sewer,Culvert Blocked/Needs Cleaning (SE),Bronx,10467.0,Closed,Phone,125
63588256,2025-01-01 20:11:00,2025-01-02 10:05:00,DEP,Sewer,Defective/Missing Curb Piece (SC4),Staten Island,10301.0,Closed,Phone,0
63588306,2025-01-01 11:38:00,2025-01-01 12:40:00,DEP,Sewer,Sewer Backup (Use Comments) (SA),Queens,11411.0,Closed,Phone,0
63588323,2025-01-01 12:50:00,2025-01-01 21:37:00,DEP,Sewer,Street Flooding (SJ),Queens,11434.0,Closed,Online,0
63588328,2025-01-01 07:56:00,2025-01-01 10:10:00,DEP,Sewer,Sewer Backup (Use Comments) (SA),Brooklyn,11218.0,Closed,Online,0
63588360,2025-01-01 20:47:00,2025-01-02 12:03:00,DEP,Air Quality,"Air: Odor/Fumes, Vehicle Idling (AD3)",Brooklyn,11230.0,Closed,Phone,0
63588396,2025-01-01 15:50:00,2025-01-03 14:22:00,DEP,Lead,Lead Kit Request (Residential) (L10),Brooklyn,11204.0,Closed,Online,1
63588397,2025-01-01 05:53:00,2025-01-08 09:25:00,DEP,Lead,Lead Kit Request (Residential) (L10),Brooklyn,11220.0,Closed,Online,7
63588398,2025-01-01 20:17:00,2025-01-01 20:33:00,DEP,Water System,Leak (Use Comments) (WA2),Brooklyn,11234.0,Closed,Phone,0
63588404,2025-01-01 06:53:00,2025-01-01 10:50:00,DEP,Water System,Hydrant Leaking (WC1),Staten Island,10312.0,Closed,Online,0
63588428,2025-01-01 17:02:00,2025-01-14 09:20:00,DEP,Water System,Leak (Use Comments) (WA2),Queens,11378.0,Closed,Online,12
63588459,2025-01-01 23:53:00,2025-01-02 06:23:00,DEP,Water System,Possible Water Main Break (Use Comments) (WA1),Staten Island,10301.0,Closed,Phone,0
63588466,2025-01-01 10:26:00,2025-01-01 11:16:00,DEP,Water System,Leak (Use Comments) (WA2),Queens,11436.0,Closed,Phone,0
63588474,2025-01-01 09:50:00,2025-01-07 13:10:00,DEP,Noise,"Noise, Barking Dog (NR5)",Brooklyn,11239.0,Closed,Online,6
63588491,2025-01-01 16:32:00,2025-01-03 13:20:00,DEP,Water System,Hydrant Leaking (WC1),Bronx,10464.0,Closed,Phone,1
63588525,2025-01-01 20:44:00,2025-01-07 10:15:00,DEP,Water System,Hydrant Defective (WC2),Manhattan,10030.0,Closed,Phone,5
63588526,2025-01-01 16:20:00,2025-01-16 11:00:00,DEP,Water System,Hydrant Defective (WC2),Manhattan,10013.0,Closed,Phone,14
63588527,2025-01-01 12:50:00,2025-01-10 10:25:00,DEP,Water System,Leak (Use Comments) (WA2),Queens,11413.0,Closed,Phone,8
63588528,2025-01-01 06:47:00,2025-01-01 11:40:00,DEP,Water System,Leak (Use Comments) (WA2),Staten Island,10312.0,Closed,Online,0
63588630,2025-01-01 12:05:00,2025-01-03 16:20:00,DEP,Water System,Dirty Water (WE),Bronx,10458.0,Closed,Phone,2
63588713,2025-01-01 14:38:00,2025-01-02 06:22:00,DEP,Water System,Possible Water Main Break (Use Comments) (WA1),Staten Island,10301.0,Closed,Phone,0
63589148,2025-01-01 14:38:00,2025-01-02 09:31:00,DEP,Water Quality,Clear Water With Other Particles (Use Comments) (QEZ),Manhattan,10014.0,Closed,Online,0
63589250,2025-01-01 14:17:00,2025-01-06 16:20:00,DEP,Noise,Noise: air condition/ventilation equipment (NV1),Brooklyn,11206.0,Closed,Online,5
63589272,2025-01-01 12:38:00,2025-01-04 03:00:00,DEP,Noise,Noise: Construction Equipment (NC1),Brooklyn,11235.0,Closed,Online,2
63589351,2025-01-01 10:50:00,2025-01-07 12:10:00,DEP,Noise,"Noise, Barking Dog (NR5)",Brooklyn,11206.0,Closed,Online,6
63589365,2025-01-01 20:17:00,2025-01-06 21:51:00,DEP,Noise,Noise: Construction Before/After Hours (NM1),Bronx,10467.0,Closed,Online,5
63589431,2025-01-01 21:23:00,2025-01-03 14:22:00,DEP,Lead,Lead Kit Request (Residential) (L10),Queens,11694.0,Closed,Online,1
63589432,2025-01-01 16:47:00,2025-01-03 14:22:00,DEP,Lead,Lead Kit Request (Residential) (L10),Queens,11361.0,Closed,Online,1
63589433,2025-01-01 14:41:00,2025-01-03 14:22:00,DEP,Lead,Lead Kit Request (Residential) (L10),Bronx,10461.0,Closed,Online,1
63589443,2025-01-01 00:29:00,2025-01-07 13:00:00,DEP,Noise,"Noise, Barking Dog (NR5)",Brooklyn,11221.0,Closed,Online,6
63589460,2025-01-01 21:20:00,2025-01-02 16:35:00,DEP,Water System,Hydrant Leaking (WC1),Bronx,10463.0,Closed,Phone,0
63589465,2025-01-01 21:38:00,2025-01-02 12:03:00,DEP,Noise,Noise: Alarms (NR3),Brooklyn,11216.0,Closed,Online,0
63589474,2025-01-01 21:20:00,2025-01-17 17:00:00,DEP,Noise,Noise: Alarms (NR3),Brooklyn,11234.0,Closed,Online,15
63589521,2025-01-01 21:29:00,2025-01-01 21:29:00,DEP,Water System,Possible Water Main Break (Use Comments) (WA1),Manhattan,10021.0,Closed,Online,0
63589537,2025-01-01 16:29:00,2025-01-02 06:41:00,DEP,Air Quality,"Air: Smoke, Vehicular (AA4)",Queens,11365.0,Closed,Online,0
63589657,2025-01-01 21:05:00,2025-01-03 14:22:00,DEP,Lead,Lead Kit Request (Residential) (L10),Manhattan,10025.0,Closed,Online,1
63589658,2025-01-01 16:56:00,2025-01-02 08:00:00,DEP,Lead,Lead Kit Request (Residential) (L10),Bronx,10467.0,Closed,Phone,0
63589668,2025-01-01 06:38:00,2025-01-01 12:30:00,DEP,Water System,Hydrant Leaking (WC1),Manhattan,10024.0,Closed,Online,0
63589754,2025-01-01 16:53:00,2025-01-02 08:40:00,DEP,Noise,Noise: Alarms (NR3),Queens,11366.0,Closed,Online,0
63589759,2025-01-01 14:26:00,2025-01-01 14:32:00,DEP,Water System,Leak (Use Comments) (WA2),Queens,11414.0,Closed,Online,0
63589760,2025-01-01 11:35:00,2025-01-02 06:19:00,DEP,Water System,Leak (Use Comments) (WA2),Staten Island,10301.0,Closed,Phone,0
63589761,2025-01-01 13:26:00,2025-01-01 13:26:00,DEP,Water System,Possible Water Main Break (Use Comments) (WA1),Brooklyn,11230.0,Closed,Phone,0
63589783,2025-01-01 13:50:00,2025-01-01 14:35:00,DEP,Water System,Possible Water Main Break (Use Comments) (WA1),Staten Island,10305.0,Closed,Online,0
63589846,2025-01-01 09:26:00,2025-01-01 13:25:00,DEP,Sewer,Street Flooding (SJ),Brooklyn,11239.0,Closed,Online,0
63589876,2025-01-01 16:41:00,2025-01-03 21:20:00,DEP,Water System,Dirty Water (WE),Brooklyn,11231.0,Closed,Online,2
63589877,2025-01-01 12:29:00,2025-02-23 13:35:00,DEP,Water System,Dirty Water (WE),Queens,11428.0,Closed,Online,53
63589990,2025-01-01 03:02:00,2025-01-01 10:25:00,DEP,Water System,Leak (Use Comments) (WA2),Bronx,10453.0,Closed,Phone,0
63590492,2025-01-01 10:17:00,2025-01-07 08:24:00,DEP,Noise,Noise: air condition/ventilation equipment (NV1),Manhattan,10012.0,Closed,Online,5
63590628,2025-01-01 22:29:00,2025-01-02 12:03:00,DEP,Noise,Noise: Alarms (NR3),Brooklyn,11234.0,Closed,Online,0
63590629,2025-01-01 20:44:00,2025-01-02 12:03:00,DEP,Noise,Noise: Alarms (NR3),Brooklyn,11223.0,Closed,Online,0
63590630,2025-01-01 23:17:00,2025-01-03 14:22:00,DEP,Lead,Lead Kit Request (Residential) (L10),Queens,11102.0,Closed,Online,1
63590634,2025-01-01 10:17:00,2025-01-03 07:35:00,DEP,Sewer,Catch Basin Search (SC2),Bronx,10463.0,Closed,Phone,1
63590635,2025-01-01 15:44:00,2025-01-02 08:40:00,DEP,Noise,Noise: Alarms (NR3),Queens,11366.0,Closed,Online,0
63590636,2025-01-01 12:14:00,2025-01-01 13:25:00,DEP,Sewer,Sewer Backup (Use Comments) (SA),Brooklyn,11208.0,Closed,Phone,0
63590646,2025-01-01 10:59:00,2025-01-01 12:00:00,DEP,Sewer,Street Flooding (SJ),Staten Island,10308.0,Closed,Online,0
63590647,2025-01-01 09:59:00,2025-01-01 11:20:00,DEP,Sewer,Sewer Backup (Use Comments) (SA),Queens,11432.0,Closed,Phone,0
63590670,2025-01-01 11:23:00,2025-01-06 13:30:00,DEP,Water System,Hydrant Leaking (WC1),Manhattan,10030.0,Closed,Online,5
63590692,2025-01-01 23:35:00,2025-01-03 14:22:00,DEP,Lead,Lead Kit Request (Residential) (L10),Brooklyn,11216.0,Closed,Online,1
63590693,2025-01-01 19:20:00,2025-02-12 16:41:00,DEP,Lead,Lead Kit Request (Residential) (L10),Brooklyn,11216.0,Closed,Online,41
63590696,2025-01-01 13:29:00,2025-01-01 14:45:00,DEP,Sewer,Sewer Backup (Use Comments) (SA),Queens,11101.0,Closed,Online,0
63590697,2025-01-01 01:47:00,2025-01-02 09:15:00,DEP,Sewer,Street Flooding (SJ),Brooklyn,11233.0,Closed,Online,1
63590702,2025-01-01 21:47:00,2025-01-02 12:03:00,DEP,Noise,Noise: Alarms (NR3),Manhattan,10003.0,Closed,Online,0
63590743,2025-01-01 16:35:00,2025-01-01 16:35:00,DEP,Water System,Leak (Use Comments) (WA2),Brooklyn,11234.0,Closed,Phone,0
63590761,2025-01-01 15:17:00,2025-01-03 21:20:00,DEP,Water System,Dirty Water (WE),Brooklyn,11216.0,Closed,Online,2
63590762,2025-01-01 12:35:00,2025-02-25 11:05:00,DEP,Water System,Dirty Water (WE),Queens,11356.0,Closed,Phone,54
63590763,2025-01-01 16:50:00,2025-01-01 16:50:00,DEP,Water System,Hydrant Defective (WC2),Brooklyn,11237.0,Closed,Online,0
63590777,2025-01-01 23:20:00,2025-01-02 01:10:00,DEP,Sewer,Sewer Backup (Use Comments) (SA),Queens,11418.0,Closed,Phone,0
63590804,2025-01-01 18:35:00,2025-01-07 15:07:00,DEP,Noise,"Noise, Barking Dog (NR5)",Staten Island,10306.0,Closed,Online,5
63590816,2025-01-01 09:02:00,2025-01-01 09:19:00,DEP,Water System,Leak (Use Comments) (WA2),Brooklyn,11216.0,Closed,Phone,0
63590871,2025-01-01 13:53:00,2025-01-01 14:50:00,DEP,Sewer,Manhole Cover Missing (Emergency) (SA3),Bronx,10469.0,Closed,Phone,0
63590894,2025-01-01 16:29:00,2025-01-02 06:41:00,DEP,Air Quality,"Air: Smoke, Vehicular (AA4)",Queens,11366.0,Closed,Online,0
63590966,2025-01-01 14:32:00,2025-01-02 06:22:00,DEP,Water System,Leak (Use Comments) (WA2),Staten Island,10301.0,Closed,Phone,0
63590967,2025-01-01 12:23:00,2025-03-04 10:00:00,DEP,Water System,Leak (Use Comments) (WA2),Queens,11104.0,Closed,Online,61
63590989,2025-01-01 21:08:00,2025-01-03 21:05:00,DEP,Water System,Dirty Water (WE),Brooklyn,11218.0,Closed,Phone,1
63590999,2025-01-01 11:23:00,2025-01-02 06:18:00,DEP,Water System,Possible Water Main Break (Use Comments) (WA1),Staten Island,10301.0,Closed,Phone,0
63591044,2025-01-01 12:41:00,2025-02-25 10:05:00,DEP,Water System,Dirty Water (WE),Queens,11372.0,Closed,Phone,54
63591059,2025-01-01 20:56:00,2025-01-13 11:35:00,DEP,Water System,Hydrant Running Full (WA4),Queens,11105.0,Closed,Phone,11
63591109,2025-01-01 17:44:00,2025-01-15 16:45:00,DEP,Water System,Leak (Use Comments) (WA2),Queens,11421.0,Closed,Phone,13
63591528,2025-01-01 18:29:00,2025-01-02 10:26:00,DEP,Water Quality,"Taste/Odor, Musty/Stale (QA4)",Manhattan,10024.0,Closed,Phone,0
63591685,2025-01-01 10:35:00,2025-01-01 10:35:00,DEP,Water System,No Water (WNW),Brooklyn,11234.0,Closed,Online,0
63591829,2025-01-01 19:59:00,2025-01-02 12:03:00,DEP,Air Quality,"Air: Odor/Fumes, Vehicle Idling (AD3)",Queens,11375.0,Closed,Phone,0
63591830,2025-01-01 00:47:00,2025-01-03 14:21:00,DEP,Lead,Lead Kit Request (Residential) (L10),Manhattan,10038.0,Closed,Online,2
63591831,2025-01-01 16:38:00,2025-01-03 11:15:00,DEP,Noise,Noise: Alarms (NR3),Manhattan,10024.0,Closed,Online,1
63591834,2025-01-01 18:56:00,2025-01-02 11:30:00,DEP,Sewer,Defective/Missing Curb Piece (SC4),Queens,11385.0,Closed,Phone,0
63591835,2025-01-01 19:53:00,2025-01-03 14:22:00,DEP,Lead,Lead Kit Request (Residential) (L10),Queens,11368.0,Closed,Online,1
63591836,2025-01-01 19:29:00,2025-01-03 14:22:00,DEP,Lead,Lead Kit Request (Residential) (L10),Queens,11102.0,Closed,Online,1
63591837,2025-01-01 13:29:00,2025-01-03 14:21:00,DEP,Lead,Lead Kit Request (Residential) (L10),Queens,11434.0,Closed,Online,2
63591838,2025-01-01 09:56:00,2025-01-03 14:21:00,DEP,Lead,Lead Kit Request (Residential) (L10),Brooklyn,11238.0,Closed,Online,2
63591841,2025-01-01 05:53:00,2025-01-01 07:50:00,DEP,Sewer,Street Flooding (SJ),Staten Island,10303.0,Closed,Phone,0
63591842,2025-01-01 08:29:00,2025-01-02 11:45:00,DEP,Water Conservation,Water Meter Broken/Leaking - Other (CMO),Brooklyn,11236.0,Closed,Phone,1
63591872,2025-01-01 17:50:00,2025-01-03 21:15:00,DEP,Water System,Dirty Water (WE),Brooklyn,11230.0,Closed,Online,2
63591907,2025-01-01 13:56:00,2025-01-04 08:35:00,DEP,Sewer,Catch Basin Clogged/Flooding (Use Comments) (SC),Queens,11358.0,Closed,Phone,2
63591922,2025-01-01 11:44:00,2025-01-02 12:00:00,DEP,Noise,Noise: Construction Equipment (NC1),Brooklyn,11238.0,Closed,Online,1
63591923,2025-01-01 12:35:00,2025-01-02 12:00:00,DEP,Sewer,Catch Basin Clogged/Flooding (Use Comments) (SC),Staten Island,10305.0,Closed,Phone,0
63591941,2025-01-01 10:47:00,2025-02-20 07:04:00,DEP,Water System,Dirty Water (WE),Queens,11364.0,Closed,Phone,49
63592070,2025-01-01 09:41:00,2025-01-01 18:30:00,DEP,Water System,Hydrant Running (WC3),Queens,11370.0,Closed,Online,0
63592077,2025-01-01 16:02:00,2025-01-01 16:35:00,DEP,Water System,Hydrant Leaking (WC1),Queens,11432.0,Closed,Phone,0
63592177,2025-01-01 13:11:00,2025-01-01 13:11:00,DEP,Water System,Possible Water Main Break (Use Comments) (WA1),Brooklyn,11234.0,Closed,Phone,0
63592178,2025-01-01 21:59:00,2025-01-01 22:00:00,DEP,Water System,Possible Water Main Break (Use Comments) (WA1),Bronx,10469.0,Closed,Online,0
63593119,2025-01-01 21:23:00,2025-01-03 14:22:00,DEP,Lead,Lead Kit Request (Residential) (L10),Manhattan,10009.0,Closed,Online,1
63593120,2025-01-01 01:14:00,2025-01-08 03:00:00,DEP,Noise,"Noise, Barking Dog (NR5)",Brooklyn,11229.0,Closed,Online,7
63593121,2025-01-01 21:29:00,2025-01-02 12:03:00,DEP,Noise,Noise: Alarms (NR3),Manhattan,10031.0,Closed,Online,0
63593122,2025-01-01 09:38:00,2025-01-09 18:15:00,DEP,Noise,Noise: Alarms (NR3),Brooklyn,11226.0,Closed,Online,8
63593123,2025-01-01 16:23:00,2025-01-07 11:24:00,DEP,Noise,"Noise, Barking Dog (NR5)",Bronx,10457.0,Closed,Online,5
63593124,2025-01-01 01:05:00,2025-01-02 12:03:00,DEP,Noise,Noise: Alarms (NR3),Manhattan,10002.0,Closed,Online,1
63593127,2025-01-01 21:23:00,2025-01-03 22:45:00,DEP,Noise,Noise: Construction Before/After Hours (NM1),Manhattan,10128.0,Closed,Online,2
63593128,2025-01-01 19:11:00,2025-01-03 20:30:00,DEP,Noise,Noise: Construction Before/After Hours (NM1),Manhattan,10025.0,Closed,Online,2
63593129,2025-01-01 13:17:00,2025-01-03 10:00:00,DEP,Noise,Noise: Construction Equipment (NC1),Manhattan,10028.0,Closed,Online,1
63593130,2025-01-01 11:11:00,2025-01-03 10:30:00,DEP,Noise,Noise: Construction Equipment (NC1),Brooklyn,11221.0,Closed,Online,1
63593131,2025-01-01 21:41:00,2025-01-03 08:55:00,DEP,Sewer,Catch Basin Search (SC2),Queens,11373.0,Closed,Phone,1
63593134,2025-01-01 15:23:00,2025-01-01 17:20:00,DEP,Sewer,Sewer Backup (Use Comments) (SA),Bronx,10456.0,Closed,Phone,0
63593138,2025-01-01 21:59:00,2025-01-02 06:53:00,DEP,Water System,Excessive Water In Basement (WEFB),Brooklyn,11211.0,Closed,Phone,0
63593139,2025-01-01 11:14:00,2025-01-01 14:10:00,DEP,Water System,Dirty Water (WE),Manhattan,10035.0,Closed,Online,0
63593140,2025-01-01 11:05:00,2025-01-03 14:21:00,DEP,Lead,Lead Kit Request (Residential) (L10),Brooklyn,11238.0,Closed,Online,2
63593142,2025-01-01 19:26:00,2025-01-01 19:31:00,DEP,Water System,Hydrant Knocked Over/Missing (WC),Brooklyn,11213.0,Closed,Online,0
63593143,2025-01-01 20:38:00,2025-01-01 20:51:00,DEP,Water System,Hydrant Leaking (WC1),Queens,11105.0,Closed,Online,0
63593144,2025-01-01 13:11:00,2025-01-01 14:30:00,DEP,Water System,Leak (Use Comments) (WA2),Queens,11433.0,Closed,Phone,0
63593145,2025-01-01 04:02:00,2025-01-07 13:24:00,DEP,Noise,"Noise, Barking Dog (NR5)",Brooklyn,11229.0,Closed,Online,6
63593148,2025-01-01 16:23:00,2025-01-01 16:23:00,DEP,Water System,Possible Water Main Break (Use Comments) (WA1),Staten Island,10301.0,Closed,Phone,0
63593151,2025-01-01 09:14:00,2025-01-03 13:45:00,DEP,Sewer,Catch Basin Clogged/Flooding (Use Comments) (SC),Bronx,10471.0,Closed,Phone,2
63593164,2025-01-01 11:59:00,2025-01-02 09:10:00,DEP,Sewer,Street Flooding (SJ),Brooklyn,11205.0,Closed,Phone,0
63593188,2025-01-01 14:38:00,2025-01-06 08:50:00,DEP,Water System,Hydrant Knocked Over/Missing (WC),Queens,11355.0,Closed,Online,4
63593189,2025-01-01 09:35:00,2025-02-23 13:34:00,DEP,Water System,Dirty Water (WE),Queens,11428.0,Closed,Online,53
63593202,2025-01-01 13:11:00,2025-01-08 20:10:00,DEP,Water System,Leak (Use Comments) (WA2),Queens,11434.0,Closed,Phone,7
63593225,2025-01-01 16:29:00,2025-03-20 07:11:00,DEP,Water Quality,"Taste/Odor, Chemical (QA2)",Bronx,10459.0,Closed,Phone,77
63594058,2025-01-01 20:26:00,2025-01-07 10:22:00,DEP,Water Quality,"Taste/Odor, Musty/Stale (QA4)",Brooklyn,11223.0,Closed,Online,5
63594129,2025-01-01 18:38:00,2025-01-03 01:00:00,DEP,Noise,Noise: Manufacturing Noise (NK1),Brooklyn,11236.0,Closed,Online,1
63594223,2025-01-01 10:11:00,2025-01-03 11:45:00,DEP,Air Quality,"Air: Smoke, Chimney or vent (AS1)",Queens,11354.0,Closed,Phone,2
63594225,2025-01-01 18:14:00,2025-01-02 18:34:00,DEP,Noise,Noise: air condition/ventilation equipment (NV1),Bronx,10458.0,Closed,Phone,1
63594328,2025-01-01 14:47:00,2025-01-02 07:45:00,DEP,Water Quality,"Taste/Odor, Chlorine (QA1)",Manhattan,10014.0,Closed,Online,0
63594329,2025-01-01 05:32:00,2025-01-06 15:44:00,DEP,Noise,"Noise, Barking Dog (NR5)",Manhattan,10002.0,Closed,Online,5
63594330,2025-01-01 15:29:00,2025-01-03 14:22:00,DEP,Lead,Lead Kit Request (Residential) (L10),Brooklyn,11214.0,Closed,Online,1
63594332,2025-01-01 15:29:00,2025-01-02 12:03:00,DEP,Noise,Noise: Alarms (NR3),Brooklyn,11216.0,Closed,Online,0
63594333,2025-01-01 09:53:00,2025-02-03 16:00:00,DEP,Noise,Noise: Construction Equipment (NC1),Brooklyn,11221.0,Closed,Online,33
63594334,2025-01-01 11:20:00,2025-01-03 15:00:00,DEP,Noise,Noise: Jack Hammering (NC2),Queens,11368.0,Closed,Phone,2
63594335,2025-01-01 05:17:00,2025-01-01 09:00:00,DEP,Sewer,Sewer Backup (Use Comments) (SA),Staten Island,10303.0,Closed,Phone,0
63594336,2025-01-01 10:56:00,2025-01-01 10:56:00,DEP,Water System,Hydrant Running (WC3),Brooklyn,11217.0,Closed,Online,0
63594337,2025-01-01 12:47:00,2025-01-01 14:28:00,DEP,Water System,Hydrant Running Full (WA4),Queens,11421.0,Closed,Mobile,0
63594340,2025-01-01 14:17:00,2025-01-15 08:37:00,DEP,Water Quality,unknown odor/taste in drinking water (QA6),Staten Island,10306.0,Closed,Online,13
63594349,2025-01-01 13:44:00,2025-01-03 14:21:00,DEP,Lead,Lead Kit Request (Residential) (L10),Queens,11365.0,Closed,Online,2
63594350,2025-01-01 12:32:00,2025-01-08 12:00:00,DEP,Air Quality,"Air: Odor/Fumes, Vehicle Idling (AD3)",Brooklyn,11206.0,Closed,Phone,6
63594366,2025-01-01 07:59:00,2025-01-07 11:30:00,DEP,Noise,Noise: Construction Equipment (NC1),Queens,11361.0,Closed,Online,6
63594387,2025-01-01 16:17:00,2025-01-02 10:30:00,DEP,Noise,Noise: Jack Hammering (NC2),Brooklyn,11229.0,Closed,Online,0
63594393,2025-01-01 10:47:00,2025-01-01 11:40:00,DEP,Sewer,Sewer Backup (Use Comments) (SA),Brooklyn,11226.0,Closed,Phone,0
63594421,2025-01-01 10:50:00,2025-02-20 07:05:00,DEP,Water System,Dirty Water (WE),Queens,11364.0,Closed,Online,49
63594444,2025-01-01 09:08:00,2025-01-01 09:08:00,DEP,Water System,Hydrant Leaking (WC1),Manhattan,10017.0,Closed,Phone,0
63594464,2025-01-01 13:11:00,2025-01-02 06:20:00,DEP,Water System,Possible Water Main Break (Use Comments) (WA1),Staten Island,10301.0,Closed,Phone,0
63595263,2025-01-01 06:59:00,2025-01-03 12:05:00,DEP,Water System,No Water (WNW),Queens,11435.0,Closed,Phone,2
63595318,2025-01-01 12:50:00,2025-01-15 12:00:00,DEP,Noise,Noise: air condition/ventilation equipment (NV1),Bronx,10456.0,Closed,Online,13
63595369,2025-01-01 18:41:00,2025-01-02 11:30:00,DEP,Hazardous Materials,Chemical Spill/Release (HA1),Bronx,10462.0,Closed,Phone,0
63595422,2025-01-01 20:23:00,2025-01-02 20:56:00,DEP,Noise,Noise: air condition/ventilation equipment (NV1),Queens,11106.0,Closed,Online,1
63595423,2025-01-01 13:02:00,2025-01-06 16:19:00,DEP,Noise,Noise: air condition/ventilation equipment (NV1),Brooklyn,11213.0,Closed,Online,5
63595504,2025-01-01 06:38:00,2025-01-01 13:55:00,DEP,Water System,LOW WATER PRESSURE - WLWP,Staten Island,10301.0,Closed,Online,0
63595526,2025-01-02 22:23:00,2025-01-06 10:09:00,DEP,Water Quality,"Taste/Odor, Chlorine (QA1)",Queens,11362.0,Closed,Phone,3
63595560,2025-01-02 00:56:00,2025-01-02 12:03:00,DEP,Air Quality,"Air: Odor/Fumes, Vehicle Idling (AD3)",Staten Island,10301.0,Closed,Online,0
63595562,2025-01-02 23:11:00,2025-01-03 20:45:00,DEP,Noise,Noise: Alarms (NR3),Manhattan,10021.0,Closed,Online,0
63595572,2025-01-02 06:56:00,2025-01-07 07:00:00,DEP,Noise,Noise: Construction Before/After Hours (NM1),Brooklyn,11233.0,Closed,Online,5
63595575,2025-01-02 10:47:00,2025-01-03 05:14:00,DEP,Air Quality,"Air: Odor/Fumes, Vehicle Idling (AD3)",Manhattan,10036.0,Closed,Online,0
63595580,2025-01-02 22:08:00,2025-01-03 04:00:00,DEP,Noise,Noise: Construction Before/After Hours (NM1),Brooklyn,11214.0,Closed,Online,0
63595581,2025-01-02 19:20:00,2025-01-03 02:45:00,DEP,Noise,Noise: Construction Before/After Hours (NM1),Brooklyn,11212.0,Closed,Online,0
63595582,2025-01-02 16:32:00,2025-01-07 09:39:00,DEP,Noise,"Noise, Barking Dog (NR5)",Manhattan,10024.0,Closed,Online,4
63595583,2025-01-02 10:23:00,2025-01-02 18:45:00,DEP,Noise,Noise: Alarms (NR3),Queens,11364.0,Closed,Online,0
63595590,2025-01-02 14:50:00,2025-01-27 08:24:00,DEP,Air Quality,"Air: Odor/Fumes, Restaurant (AD2)",Brooklyn,11211.0,Closed,Phone,24
63595591,2025-01-02 13:23:00,2025-01-06 08:44:00,DEP,Lead,Lead Kit Request (Residential) (L10),Queens,11432.0,Closed,Online,3
63595592,2025-01-02 17:35:00,2025-01-02 17:35:00,DEP,Sewer,Sewer Backup (Use Comments) (SA),Brooklyn,11209.0,Closed,Phone,0
63595593,2025-01-02 10:59:00,2025-01-06 08:43:00,DEP,Lead,Lead Kit Request (Residential) (L10),Bronx,10473.0,Closed,Online,3
63595594,2025-01-02 09:59:00,2025-01-02 13:10:00,DEP,Sewer,Sewer Backup (Use Comments) (SA),Queens,11436.0,Closed,Phone,0
63595595,2025-01-02 15:20:00,2025-01-03 17:25:00,DEP,Sewer,Catch Basin Clogged/Flooding (Use Comments) (SC),Staten Island,10305.0,Closed,Phone,1
63595596,2025-01-02 16:41:00,2025-01-06 08:45:00,DEP,Lead,Lead Kit Request (Residential) (L10),Queens,11411.0,Closed,Online,3
63595599,2025-01-02 15:41:00,2025-01-02 17:05:00,DEP,Noise,Noise: Alarms (NR3),Queens,11366.0,Closed,Online,0
63595600,2025-01-02 22:47:00,2025-01-06 08:45:00,DEP,Lead,Lead Kit Request (Residential) (L10),Brooklyn,11231.0,Closed,Online,3
63595601,2025-01-02 20:44:00,2025-01-06 08:45:00,DEP,Lead,Lead Kit Request (Residential) (L10),Queens,11354.0,Closed,Online,3
63595602,2025-01-02 12:35:00,2025-01-06 08:43:00,DEP,Lead,Lead Kit Request (Residential) (L10),Staten Island,10312.0,Closed,Online,3
63595603,2025-01-02 22:11:00,2025-01-06 08:45:00,DEP,Lead,Lead Kit Request (Residential) (L10),Brooklyn,11201.0,Closed,Online,3
63595607,2025-01-02 08:35:00,2025-01-02 12:09:00,DEP,Water System,Hydrant Leaking (WC1),Bronx,10471.0,Closed,Online,0
63595608,2025-01-02 18:32:00,2025-01-02 21:30:00,DEP,Water System,Hydrant Running (WC3),Staten Island,10312.0,Closed,Mobile,0
63595616,2025-01-02 11:26:00,2025-01-06 10:00:00,DEP,Noise,Noise: Construction Equipment (NC1),Manhattan,10036.0,Closed,Online,3
63595624,2025-01-02 14:17:00,2025-01-03 09:25:00,DEP,Sewer,Street Flooding (SJ),Staten Island,10302.0,Closed,Phone,0
63595625,2025-01-02 18:50:00,2025-01-03 16:33:00,DEP,Noise,Noise: Construction Before/After Hours (NM1),Manhattan,10032.0,Closed,Online,0
63595627,2025-01-02 06:17:00,2025-01-09 08:00:00,DEP,Noise,Noise: Construction Before/After Hours (NM1),Manhattan,10032.0,Closed,Phone,7
63595628,2025-01-02 22:44:00,2025-01-03 17:15:00,DEP,Noise,Noise: Construction Before/After Hours (NM1),Queens,11435.0,Closed,Online,0
63595634,2025-01-02 05:50:00,2025-01-03 05:31:00,DEP,Noise,Noise: Construction Before/After Hours (NM1),Manhattan,10032.0,Closed,Online,0
63595635,2025-01-02 22:32:00,2025-01-03 16:36:00,DEP,Noise,Noise: Construction Before/After Hours (NM1),Manhattan,10028.0,Closed,Online,0
63595637,2025-01-02 19:26:00,2025-01-03 17:15:00,DEP,Noise,Noise: Construction Before/After Hours (NM1),Manhattan,10036.0,Closed,Online,0
63595639,2025-01-02 14:50:00,2025-01-02 15:00:00,DEP,Water System,Dirty Water (WE),Brooklyn,11237.0,Closed,Phone,0
63595642,2025-01-02 17:02:00,2025-01-02 17:41:00,DEP,Water System,Possible Water Main Break (Use Comments) (WA1),Queens,11417.0,Closed,Phone,0
63595650,2025-01-02 16:26:00,2025-01-02 23:15:00,DEP,Water System,Leak (Use Comments) (WA2),Brooklyn,11209.0,Closed,Phone,0
63595651,2025-01-02 13:50:00,2025-01-02 14:00:00,DEP,Water System,Dirty Water (WE),Queens,11385.0,Closed,Phone,0
63595653,2025-01-02 21:56:00,2025-02-25 10:05:00,DEP,Water System,Dirty Water (WE),Queens,11375.0,Closed,Online,53
63595654,2025-01-02 17:50:00,2025-01-03 20:45:00,DEP,Water System,Dirty Water (WE),Brooklyn,11206.0,Closed,Phone,1
63595659,2025-01-02 19:41:00,2025-01-03 11:10:00,DEP,Water System,Dirty Water (WE),Bronx,10457.0,Closed,Online,0
63595660,2025-01-02 08:44:00,2025-01-03 21:55:00,DEP,Water System,Hydrant Leaking (WC1),Brooklyn,11211.0,Closed,Mobile,1
63595661,2025-01-02 22:29:00,2025-01-03 20:55:00,DEP,Water System,Dirty Water (WE),Brooklyn,11214.0,Closed,Phone,0
63595662,2025-01-02 17:59:00,2025-01-03 00:50:00,DEP,Water System,Dirty Water (WE),Manhattan,10025.0,Closed,Online,0
63595663,2025-01-02 09:17:00,2025-01-13 12:30:00,DEP,Water System,Hydrant Leaking (WC1),Queens,11101.0,Closed,Online,11
63595766,2025-01-02 13:05:00,2025-01-02 13:09:00,DEP,Water System,Excessive Water In Basement (WEFB),Brooklyn,11220.0,Closed,Phone,0
63595783,2025-01-02 10:05:00,2025-01-03 12:00:00,DEP,Air Quality,"Air: Odor/Fumes, Vehicle Idling (AD3)",Manhattan,10025.0,Closed,Phone,1
63595784,2025-01-02 09:08:00,2025-01-03 13:30:00,DEP,Air Quality,"Air: Odor/Fumes, Vehicle Idling (AD3)",Manhattan,10013.0,Closed,Phone,1
63595811,2025-01-02 10:20:00,2025-01-02 10:24:00,DEP,Water System,Hydrant Leaking (WC1),Queens,11373.0,Closed,Phone,0
63595826,2025-01-02 11:08:00,2025-01-03 09:30:00,DEP,Water System,Possible Water Main Break (Use Comments) (WA1),Bronx,10455.0,Closed,Phone,0
63595910,2025-01-02 16:38:00,2025-01-06 08:44:00,DEP,Lead,Lead Kit Request (Residential) (L10),Manhattan,10035.0,Closed,Online,3
63595911,2025-01-02 16:32:00,2025-01-06 08:44:00,DEP,Lead,Lead Kit Request (Residential) (L10),Brooklyn,11220.0,Closed,Online,3
63595914,2025-01-02 06:44:00,2025-01-08 09:57:00,DEP,Noise,Noise: air condition/ventilation equipment (NV1),Manhattan,10001.0,Closed,Online,6
63595919,2025-01-02 16:08:00,2025-01-06 08:44:00,DEP,Lead,Lead Kit Request (Residential) (L10),Queens,11354.0,Closed,Online,3
63595920,2025-01-02 10:56:00,2025-01-06 08:43:00,DEP,Lead,Lead Kit Request (Residential) (L10),Manhattan,10033.0,Closed,Online,3
63595926,2025-01-02 20:32:00,2025-01-06 08:45:00,DEP,Lead,Lead Kit Request (Residential) (L10),Brooklyn,11215.0,Closed,Online,3
63595927,2025-01-02 18:05:00,2025-01-06 08:45:00,DEP,Lead,Lead Kit Request (Residential) (L10),Manhattan,10025.0,Closed,Online,3
63595955,2025-01-02 07:53:00,2025-01-03 08:30:00,DEP,Noise,Noise: Construction Equipment (NC1),Brooklyn,11238.0,Closed,Online,1
63595957,2025-01-02 10:56:00,2025-01-03 13:30:00,DEP,Noise,Noise: Jack Hammering (NC2),Brooklyn,11212.0,Closed,Online,1
63595958,2025-01-02 08:56:00,2025-01-07 15:00:00,DEP,Noise,Noise: Jack Hammering (NC2),Manhattan,10040.0,Closed,Online,5
63595959,2025-01-02 00:17:00,2025-01-03 20:30:00,DEP,Noise,Noise: Jack Hammering (NC2),Manhattan,10002.0,Closed,Online,1
63595980,2025-01-02 16:50:00,2025-01-02 17:11:00,DEP,Sewer,Manhole Overflow (Use Comments) (SA1),Queens,11378.0,Closed,Online,0
63595981,2025-01-02 23:44:00,2025-01-03 16:36:00,DEP,Noise,Noise: Construction Before/After Hours (NM1),Manhattan,10028.0,Closed,Phone,0
63595982,2025-01-02 15:02:00,2025-01-02 15:02:00,DEP,Water System,Dirty Water (WE),Brooklyn,11237.0,Closed,Phone,0
63595999,2025-01-02 21:23:00,2025-01-02 21:23:00,DEP,Water System,Hydrant Running (WC3),Brooklyn,11237.0,Closed,Online,0
63596013,2025-01-02 09:32:00,2025-01-02 09:32:00,DEP,Water System,Leak (Use Comments) (WA2),Manhattan,10013.0,Closed,Phone,0
63596025,2025-01-02 13:26:00,2025-01-03 08:01:00,DEP,Water System,Dirty Water (WE),Brooklyn,11237.0,Closed,Phone,0
63596044,2025-01-02 15:23:00,2025-01-02 22:05:00,DEP,Water System,Leak (Use Comments) (WA2),Staten Island,10305.0,Closed,Phone,0
63596050,2025-01-02 09:32:00,2025-01-14 09:35:00,DEP,Water System,Leak (Use Comments) (WA2),Queens,11378.0,Closed,Phone,12
63596531,2025-01-02 05:32:00,2025-01-03 17:18:00,DEP,Noise,Noise:  lawn care equipment (NCL),Manhattan,10040.0,Closed,Online,1
63597389,2025-01-02 19:17:00,2025-01-06 10:12:00,DEP,Sewer,RAIN GARDEN DEBRIS (GIRGD),Queens,11355.0,Closed,Online,3
63597425,2025-01-02 19:59:00,2025-01-07 11:01:00,DEP,Noise,"Noise, Barking Dog (NR5)",Bronx,10467.0,Closed,Online,4
63597432,2025-01-02 14:32:00,2025-01-03 07:50:00,DEP,Sewer,Catch Basin Search (SC2),Bronx,10467.0,Closed,Phone,0
63597434,2025-01-02 12:44:00,2025-01-02 13:20:00,DEP,Water Conservation,Water Meter Broken/Leaking - Private Residence (CMR),Brooklyn,11230.0,Closed,Phone,0
63597435,2025-01-02 09:26:00,2025-01-07 13:54:00,DEP,Noise,"Noise, Barking Dog (NR5)",Queens,11385.0,Closed,Online,5
63597436,2025-01-02 17:02:00,2025-01-02 17:05:00,DEP,Noise,Noise: Alarms (NR3),Queens,11366.0,Closed,Online,0
63597437,2025-01-02 15:47:00,2025-01-02 17:05:00,DEP,Noise,Noise: Alarms (NR3),Queens,11366.0,Closed,Online,0
63597438,2025-01-02 20:53:00,2025-01-02 22:13:00,DEP,Water System,Hydrant Running Full (WA4),Queens,11370.0,Closed,Phone,0
63597686,2025-01-02 00:35:00,2025-01-07 10:58:00,DEP,Water Quality,"Taste/Odor, Musty/Stale (QA4)",Manhattan,10016.0,Closed,Online,5
63597691,2025-01-02 16:47:00,2025-01-02 16:47:00,DEP,Sewer,Sewer Backup (Use Comments) (SA),Brooklyn,11209.0,Closed,Phone,0
63597692,2025-01-02 12:50:00,2025-01-02 13:20:00,DEP,Sewer,Sewer Backup (Use Comments) (SA),Brooklyn,11231.0,Closed,Phone,0
63597693,2025-01-02 11:17:00,2025-01-03 08:20:00,DEP,Sewer,Catch Basin Clogged/Flooding (Use Comments) (SC),Staten Island,10309.0,Closed,Online,0
63597694,2025-01-02 08:35:00,2025-01-02 15:30:00,DEP,Industrial Waste,Wastewater Into Catch Basin (IEB),Bronx,10461.0,Closed,Phone,0
63597695,2025-01-02 23:20:00,2025-01-03 18:45:00,DEP,Noise,Noise: Alarms (NR3),Queens,11412.0,Closed,Online,0
63597696,2025-01-02 14:11:00,2025-01-02 14:41:00,DEP,Water Conservation,Water Meter Broken/Leaking - Other (CMO),Queens,11413.0,Closed,Phone,0
63597697,2025-01-02 19:17:00,2025-01-02 19:34:00,DEP,Water System,Hydrant Leaking (WC1),Bronx,10471.0,Closed,Phone,0
63597698,2025-01-02 16:32:00,2025-01-03 11:05:00,DEP,Water System,Hydrant Running (WC3),Bronx,10465.0,Closed,Online,0
63597699,2025-01-02 11:05:00,2025-01-02 11:12:00,DEP,Water System,Hydrant Leaking (WC1),Queens,11373.0,Closed,Online,0
63597701,2025-01-02 15:50:00,2025-01-07 09:20:00,DEP,Water System,Possible Water Main Break (Use Comments) (WA1),Brooklyn,11236.0,Closed,Phone,4
63597734,2025-01-02 07:53:00,2025-01-02 11:45:00,DEP,Sewer,Sewer Backup (Use Comments) (SA),Queens,11691.0,Closed,Phone,0
63597747,2025-01-02 20:11:00,2025-01-02 21:20:00,DEP,Water System,Possible Water Main Break (Use Comments) (WA1),Queens,11385.0,Closed,Online,0
63597758,2025-01-02 05:35:00,2025-01-03 06:00:00,DEP,Noise,Noise: Construction Before/After Hours (NM1),Staten Island,10312.0,Closed,Phone,1
63597762,2025-01-02 14:23:00,2025-01-06 08:44:00,DEP,Lead,Lead Kit Request (Residential) (L10),Brooklyn,11215.0,Closed,Online,3
63597763,2025-01-02 13:38:00,2025-01-06 08:44:00,DEP,Lead,Lead Kit Request (Residential) (L10),Queens,11368.0,Closed,Online,3
63597764,2025-01-02 11:23:00,2025-01-06 08:43:00,DEP,Lead,Lead Kit Request (Residential) (L10),Brooklyn,11208.0,Closed,Online,3
63597765,2025-01-02 09:23:00,2025-01-06 08:43:00,DEP,Lead,Lead Kit Request (Residential) (L10),Queens,11385.0,Closed,Online,3
63597766,2025-01-02 09:11:00,2025-01-06 08:43:00,DEP,Lead,Lead Kit Request (Residential) (L10),Manhattan,10032.0,Closed,Online,3
63597769,2025-01-02 12:50:00,2025-01-06 08:43:00,DEP,Lead,Lead Kit Request (Residential) (L10),Brooklyn,11215.0,Closed,Online,3
63597774,2025-01-02 16:17:00,2025-01-06 08:45:00,DEP,Lead,Lead Kit Request (Residential) (L10),Queens,11385.0,Closed,Online,3
63597800,2025-01-02 18:05:00,2025-01-07 13:45:00,DEP,Air Quality,"Air: Dust, Construction/Demolition (AE4)",Brooklyn,11231.0,Closed,Online,4
63597814,2025-01-02 23:14:00,2025-01-06 08:45:00,DEP,Lead,Lead Kit Request (Residential) (L10),Queens,11414.0,Closed,Online,3
63597831,2025-01-02 09:05:00,2025-01-07 16:00:00,DEP,Noise,Noise: Jack Hammering (NC2),Manhattan,10034.0,Closed,Phone,5
63597837,2025-01-02 23:56:00,2025-01-03 16:33:00,DEP,Noise,Noise: Construction Before/After Hours (NM1),Manhattan,10032.0,Closed,Online,0
63597838,2025-01-02 12:47:00,2025-01-02 13:43:00,DEP,Water Conservation,Water Meter Broken/Leaking - Private Residence (CMR),Bronx,10466.0,Closed,Phone,0
63597839,2025-01-02 22:02:00,2025-01-03 20:45:00,DEP,Noise,Noise: Construction Equipment (NC1),Brooklyn,11214.0,Closed,Online,0
63597840,2025-01-02 23:20:00,2025-01-07 18:45:00,DEP,Noise,Noise: Construction Before/After Hours (NM1),Queens,11435.0,Closed,Online,4
63597841,2025-01-02 16:50:00,2025-01-02 19:30:00,DEP,Sewer,Sewer Backup (Use Comments) (SA),Queens,11423.0,Closed,Phone,0
63597842,2025-01-02 09:14:00,2025-01-02 11:15:00,DEP,Sewer,Sewer Backup (Use Comments) (SA),Brooklyn,11224.0,Closed,Phone,0
63597843,2025-01-02 20:26:00,2025-01-02 22:30:00,DEP,Sewer,Sewer Backup (Use Comments) (SA),Staten Island,10308.0,Closed,Online,0
63597846,2025-01-02 23:38:00,2025-01-03 23:00:00,DEP,Noise,Noise: Construction Before/After Hours (NM1),Manhattan,10019.0,Closed,Phone,0
63597847,2025-01-02 20:08:00,2025-01-02 21:35:00,DEP,Sewer,Sewer Backup (Use Comments) (SA),Queens,11426.0,Closed,Phone,0
63597848,2025-01-02 18:05:00,2025-01-02 20:05:00,DEP,Sewer,Sewer Backup (Use Comments) (SA),Queens,11379.0,Closed,Phone,0
63597850,2025-01-02 16:32:00,2025-01-02 17:00:00,DEP,Water System,Dirty Water (WE),Brooklyn,11206.0,Closed,Phone,0
63597853,2025-01-02 15:11:00,2025-01-02 15:20:00,DEP,Water System,Dirty Water (WE),Brooklyn,11237.0,Closed,Online,0
63597854,2025-01-02 21:08:00,2025-01-10 01:15:00,DEP,Noise,Noise: Construction Before/After Hours (NM1),Manhattan,10040.0,Closed,Phone,7
63597855,2025-01-02 14:53:00,2025-01-02 15:00:00,DEP,Water System,Dirty Water (WE),Brooklyn,11237.0,Closed,Online,0
63597859,2025-01-02 14:23:00,2025-01-04 12:15:00,DEP,Water System,Hydrant Defective (WC2),Staten Island,10308.0,Closed,Online,1
63597863,2025-01-02 13:17:00,2025-01-02 13:17:00,DEP,Water System,Hydrant Running (WC3),Manhattan,10002.0,Closed,Phone,0
63597877,2025-01-02 15:35:00,2025-02-25 10:05:00,DEP,Water System,Dirty Water (WE),Queens,11102.0,Closed,Online,53
63597880,2025-01-02 13:17:00,2025-01-02 13:30:00,DEP,Water System,Dirty Water (WE),Queens,11385.0,Closed,Online,0
63597882,2025-01-02 09:11:00,2025-01-03 21:05:00,DEP,Water System,Dirty Water (WE),Bronx,10458.0,Closed,Phone,1
63597883,2025-01-02 13:50:00,2025-01-05 09:00:00,DEP,Water System,Leak (Use Comments) (WA2),Queens,11105.0,Closed,Phone,2
63597894,2025-01-02 17:38:00,2025-01-08 19:45:00,DEP,Water System,Leak (Use Comments) (WA2),Queens,11435.0,Closed,Phone,6
63597909,2025-01-02 11:29:00,2025-01-02 13:35:00,DEP,Sewer,Sewer Backup (Use Comments) (SA),Staten Island,10303.0,Closed,Phone,0
63597926,2025-01-02 07:56:00,2025-01-15 09:30:00,DEP,Water System,Hydrant Defective (WC2),Queens,11374.0,Closed,Phone,13
63597962,2025-01-02 21:38:00,2025-01-02 22:34:00,DEP,Water System,No Water (WNW),Queens,11370.0,Closed,Phone,0
63597965,2025-01-02 14:20:00,2025-01-02 17:20:00,DEP,Water System,Leak (Use Comments) (WA2),Manhattan,10036.0,Closed,Online,0
63597966,2025-01-02 22:38:00,2025-01-03 23:00:00,DEP,Water System,Leak (Use Comments) (WA2),Manhattan,10013.0,Closed,Phone,1
63597979,2025-01-02 19:08:00,2025-01-02 19:08:00,DEP,Water System,Possible Water Main Break (Use Comments) (WA1),Brooklyn,11234.0,Closed,Phone,0
63599272,2025-01-02 20:17:00,2025-01-07 13:58:00,DEP,Noise,"Noise, Barking Dog (NR5)",Queens,11434.0,Closed,Phone,4
63599290,2025-01-02 20:59:00,2025-01-06 15:58:00,DEP,Noise,"Noise, Barking Dog (NR5)",Manhattan,10003.0,Closed,Online,3
63599291,2025-01-02 02:20:00,2025-01-03 07:30:00,DEP,Sewer,Catch Basin Search (SC2),Bronx,10472.0,Closed,Phone,1
63599296,2025-01-02 12:23:00,2025-01-05 11:20:00,DEP,Water System,Excessive Water In Basement (WEFB),Queens,11385.0,Closed,Phone,2
63599359,2025-01-02 15:14:00,2025-01-23 15:45:00,DEP,Noise,Noise: air condition/ventilation equipment (NV1),Manhattan,10014.0,Closed,Online,21
63599527,2025-01-02 08:02:00,2025-01-06 12:30:00,DEP,Noise,Noise: Jack Hammering (NC2),Queens,11101.0,Closed,Online,4
63599543,2025-01-02 10:56:00,2025-01-03 05:14:00,DEP,Air Quality,"Air: Odor/Fumes, Vehicle Idling (AD3)",Manhattan,10036.0,Closed,Online,0
63599544,2025-01-02 08:14:00,2025-01-03 05:14:00,DEP,Air Quality,"Air: Odor/Fumes, Vehicle Idling (AD3)",Manhattan,10036.0,Closed,Online,0
63599547,2025-01-02 03:44:00,2025-01-02 10:25:00,DEP,Sewer,Catch Basin Clogged/Flooding (Use Comments) (SC),Manhattan,10018.0,Closed,Online,0
63599548,2025-01-02 15:35:00,2025-01-02 15:56:00,DEP,Water Conservation,Water Meter Broken/Leaking - Other (CMO),Brooklyn,11215.0,Closed,Phone,0
63599555,2025-01-02 11:14:00,2025-01-02 18:30:00,DEP,Noise,Noise: Construction Equipment (NC1),Brooklyn,11229.0,Closed,Online,0
63599556,2025-01-02 18:44:00,2025-01-02 19:10:00,DEP,Water System,Hydrant Running (WC3),Brooklyn,11237.0,Closed,Mobile,0
63599558,2025-01-02 15:35:00,2025-01-02 15:35:00,DEP,Water System,Hydrant Defective (WC2),Manhattan,10013.0,Closed,Online,0
63599559,2025-01-02 12:26:00,2025-01-03 22:10:00,DEP,Water System,Hydrant Running (WC3),Bronx,10473.0,Closed,Online,1
63599560,2025-01-02 09:29:00,2025-01-06 05:10:00,DEP,Water System,Hydrant Running (WC3),Queens,11433.0,Closed,Phone,3
63599566,2025-01-02 12:59:00,2025-01-04 10:35:00,DEP,Water System,Possible Water Main Break (Use Comments) (WA1),Queens,11106.0,Closed,Phone,1
63599654,2025-01-02 11:05:00,2025-01-02 11:30:00,DEP,Water Conservation,Water Meter Broken/Leaking - Private Residence (CMR),Bronx,10460.0,Closed,Phone,0
63599655,2025-01-02 22:17:00,2025-01-03 23:45:00,DEP,Noise,Noise: Construction Before/After Hours (NM1),Manhattan,10036.0,Closed,Online,1
63599667,2025-01-02 21:17:00,2025-01-03 20:50:00,DEP,Water System,Dirty Water (WE),Brooklyn,11209.0,Closed,Phone,0
63599668,2025-01-02 19:26:00,2025-01-03 08:03:00,DEP,Water System,Dirty Water (WE),Brooklyn,11237.0,Closed,Online,0
63599669,2025-01-02 13:41:00,2025-01-30 11:25:00,DEP,Water System,Hydrant Leaking (WC1),Bronx,10465.0,Closed,Online,27
63599670,2025-01-02 14:59:00,2025-01-02 15:00:00,DEP,Water System,Dirty Water (WE),Brooklyn,11237.0,Closed,Online,0
63599671,2025-01-02 11:56:00,2025-01-02 13:45:00,DEP,Water System,Dirty Water (WE),Brooklyn,11237.0,Closed,Phone,0
63599684,2025-01-02 12:35:00,2025-01-02 21:00:00,DEP,Water System,Hydrant Leaking (WC1),Staten Island,10312.0,Closed,Mobile,0
63599686,2025-01-02 12:56:00,2025-01-02 13:30:00,DEP,Water System,Dirty Water (WE),Queens,11385.0,Closed,Online,0
63599695,2025-01-02 22:11:00,2025-02-25 10:05:00,DEP,Water System,Dirty Water (WE),Queens,11385.0,Closed,Phone,53
63599699,2025-01-02 17:35:00,2025-01-02 21:00:00,DEP,Noise,Noise: Construction Before/After Hours (NM1),Brooklyn,11208.0,Closed,Online,0
63599700,2025-01-02 10:08:00,2025-01-03 11:00:00,DEP,Noise,Noise: Construction Before/After Hours (NM1),Queens,11101.0,Closed,Online,1
63599706,2025-01-02 06:11:00,2025-01-02 12:30:00,DEP,Hazardous Materials,Chemical Odor (HD1),Brooklyn,11213.0,Closed,Online,0
63599707,2025-01-02 16:35:00,2025-01-06 08:44:00,DEP,Lead,Lead Kit Request (Residential) (L10),Manhattan,10001.0,Closed,Online,3
63599709,2025-01-02 09:20:00,2025-01-06 08:43:00,DEP,Lead,Lead Kit Request (Residential) (L10),Brooklyn,11225.0,Closed,Online,3
63599711,2025-01-02 09:14:00,2025-01-06 08:43:00,DEP,Lead,Lead Kit Request (Residential) (L10),Queens,11373.0,Closed,Online,3
63599715,2025-01-02 13:35:00,2025-01-03 08:02:00,DEP,Water System,Dirty Water (WE),Brooklyn,11237.0,Closed,Online,0
63599718,2025-01-02 10:20:00,2025-01-02 17:00:00,DEP,Noise,Noise: Construction Equipment (NC1),Brooklyn,11222.0,Closed,Online,0
63599728,2025-01-02 14:44:00,2025-01-03 13:00:00,DEP,Noise,Noise: Construction Equipment (NC1),Manhattan,10024.0,Closed,Online,0
63599732,2025-01-02 11:11:00,2025-01-02 14:05:00,DEP,Sewer,Sewer Backup (Use Comments) (SA),Staten Island,10310.0,Closed,Phone,0
63599741,2025-01-02 07:14:00,2025-01-02 09:50:00,DEP,Sewer,Sewer Backup (Use Comments) (SA),Staten Island,10310.0,Closed,Online,0
63599754,2025-01-02 10:44:00,2025-01-02 11:10:00,DEP,Water System,Hydrant Running (WC3),Queens,11434.0,Closed,Phone,0
63599759,2025-01-02 17:23:00,2025-01-02 17:23:00,DEP,Water System,Leak (Use Comments) (WA2),Brooklyn,11234.0,Closed,Online,0
63599765,2025-01-02 14:44:00,2025-01-06 08:44:00,DEP,Lead,Lead Kit Request (Residential) (L10),Queens,11101.0,Closed,Phone,3
63599766,2025-01-02 10:26:00,2025-01-28 16:50:00,DEP,Water System,Hydrant Defective (WC2),Queens,11413.0,Closed,Online,26
63599768,2025-01-02 12:35:00,2025-01-02 12:48:00,DEP,Water System,Leak (Use Comments) (WA2),Brooklyn,11220.0,Closed,Phone,0
63599772,2025-01-02 13:35:00,2025-01-02 13:58:00,DEP,Water System,Leak (Use Comments) (WA2),Bronx,10469.0,Closed,Phone,0
63599782,2025-01-02 13:08:00,2025-01-06 08:44:00,DEP,Lead,Lead Kit Request (Residential) (L10),Bronx,10459.0,Closed,Phone,3
63599802,2025-01-02 09:41:00,2025-01-03 14:00:00,DEP,Noise,Noise: Construction Equipment (NC1),Manhattan,10024.0,Closed,Online,1
63599811,2025-01-02 16:59:00,2025-01-21 13:15:00,DEP,Water System,Leak (Use Comments) (WA2),Staten Island,10305.0,Closed,Online,18
63599813,2025-01-02 15:47:00,2025-01-06 08:44:00,DEP,Lead,Lead Kit Request (Residential) (L10),Queens,11357.0,Closed,Online,3
63599832,2025-01-02 23:05:00,2025-01-06 08:45:00,DEP,Lead,Lead Kit Request (Residential) (L10),Manhattan,10128.0,Closed,Online,3
63599834,2025-01-02 20:50:00,2025-01-06 08:45:00,DEP,Lead,Lead Kit Request (Residential) (L10),Bronx,10472.0,Closed,Online,3
63601019,2025-01-02 09:35:00,2025-01-03 17:00:00,DEP,Noise,Noise: Construction Equipment (NC1),Brooklyn,11212.0,Closed,Online,1
63601073,2025-01-02 14:50:00,2025-01-03 18:55:00,DEP,Water System,LOW WATER PRESSURE - WLWP,Brooklyn,11203.0,Closed,Online,1
63601091,2025-01-02 13:20:00,2025-01-07 14:11:00,DEP,Noise,"Noise, Barking Dog (NR5)",Queens,11358.0,Closed,Online,5
63601092,2025-01-02 05:23:00,2025-01-07 11:05:00,DEP,Noise,"Noise, Barking Dog (NR5)",Bronx,10456.0,Closed,Phone,5
63601093,2025-01-02 08:23:00,2025-01-07 12:11:00,DEP,Noise,"Noise, Barking Dog (NR5)",Brooklyn,11206.0,Closed,Online,5
63601094,2025-01-02 17:53:00,2025-01-07 09:19:00,DEP,Noise,"Noise, Barking Dog (NR5)",Manhattan,10029.0,Closed,Online,4
63601112,2025-01-02 15:38:00,2025-01-02 21:15:00,DEP,Noise,Noise: Alarms (NR3),Brooklyn,11209.0,Closed,Online,0
63601119,2025-01-02 16:17:00,2025-01-06 09:45:00,DEP,Sewer,Catch Basin Search (SC2),Bronx,10467.0,Closed,Phone,3
63601168,2025-01-02 17:50:00,2025-01-09 11:45:00,DEP,Noise,"Noise, Barking Dog (NR5)",Manhattan,10025.0,Closed,Online,6
63601243,2025-01-02 18:50:00,2025-01-09 10:05:00,DEP,Water System,No Water (WNW),Brooklyn,11203.0,Closed,Phone,6
63601244,2025-01-02 20:20:00,2025-01-03 17:06:00,DEP,Noise,Noise: air condition/ventilation equipment (NV1),Brooklyn,11215.0,Closed,Online,0
63601390,2025-01-02 11:20:00,2025-01-02 19:45:00,DEP,Air Quality,"Air: Odor/Fumes, Vehicle Idling (AD3)",Brooklyn,11209.0,Closed,Phone,0
63601391,2025-01-02 16:02:00,2025-01-06 10:00:00,DEP,Sewer,Catch Basin Clogged/Flooding (Use Comments) (SC),Brooklyn,11201.0,Closed,Phone,3
63601392,2025-01-02 15:05:00,2025-01-03 10:35:00,DEP,Sewer,Catch Basin Clogged/Flooding (Use Comments) (SC),Brooklyn,11223.0,Closed,Online,0
63601393,2025-01-02 10:05:00,2025-01-02 13:45:00,DEP,Sewer,Sewer Backup (Use Comments) (SA),Queens,11427.0,Closed,Phone,0
63601416,2025-01-02 10:53:00,2025-01-03 05:14:00,DEP,Air Quality,"Air: Odor/Fumes, Vehicle Idling (AD3)",Manhattan,10036.0,Closed,Online,0
63601513,2025-01-02 10:47:00,2025-01-03 15:15:00,DEP,Air Quality,"Air: Odor/Fumes, Vehicle Idling (AD3)",Brooklyn,11222.0,Closed,Phone,1
63601514,2025-01-02 09:11:00,2025-01-08 06:04:00,DEP,Air Quality,"Air: Odor/Fumes, Vehicle Idling (AD3)",Queens,11385.0,Closed,Phone,5
63601528,2025-01-02 23:08:00,2025-01-04 00:45:00,DEP,Noise,Noise: Construction Before/After Hours (NM1),Manhattan,10002.0,Closed,Online,1
63601529,2025-01-02 14:17:00,2025-01-02 14:17:00,DEP,Water System,Dirty Water (WE),Brooklyn,11237.0,Closed,Online,0
63601530,2025-01-02 13:14:00,2025-01-02 13:14:00,DEP,Water System,Dirty Water (WE),Brooklyn,11237.0,Closed,Phone,0
63601531,2025-01-02 23:26:00,2025-01-03 16:36:00,DEP,Noise,Noise: Construction Before/After Hours (NM1),Manhattan,10028.0,Closed,Online,0
63601532,2025-01-02 23:14:00,2025-01-03 16:33:00,DEP,Noise,Noise: Construction Before/After Hours (NM1),Manhattan,10032.0,Closed,Online,0
63601534,2025-01-02 14:02:00,2025-01-02 14:02:00,DEP,Water System,Dirty Water (WE),Brooklyn,11237.0,Closed,Online,0
63601539,2025-01-02 16:38:00,2025-02-25 10:05:00,DEP,Water System,Dirty Water (WE),Queens,11385.0,Closed,Online,53
63601555,2025-01-02 23:59:00,2025-01-03 16:33:00,DEP,Noise,Noise: Construction Before/After Hours (NM1),Manhattan,10032.0,Closed,Online,0
63601566,2025-01-02 18:08:00,2025-01-03 02:00:00,DEP,Noise,Noise: Construction Before/After Hours (NM1),Brooklyn,11209.0,Closed,Online,0
63601578,2025-01-02 13:56:00,2025-01-02 14:25:00,DEP,Water System,Dirty Water (WE),Queens,11385.0,Closed,Phone,0
63601579,2025-01-02 13:23:00,2025-01-02 13:45:00,DEP,Water System,Dirty Water (WE),Queens,11385.0,Closed,Phone,0
63601683,2025-01-02 11:23:00,2025-01-03 15:00:00,DEP,Noise,Noise: Construction Equipment (NC1),Brooklyn,11236.0,Closed,Online,1
63601691,2025-01-02 23:59:00,2025-01-03 08:04:00,DEP,Water System,Dirty Water (WE),Brooklyn,11237.0,Closed,Online,0
63601694,2025-01-02 13:02:00,2025-01-02 13:02:00,DEP,Sewer,Catch Basin Sunken/Damaged/Raised (SC1),Manhattan,10035.0,Closed,Phone,0
63601696,2025-01-02 14:56:00,2025-01-02 17:20:00,DEP,Sewer,Sewer Backup (Use Comments) (SA),Queens,11691.0,Closed,Phone,0
63601707,2025-01-02 15:35:00,2025-03-18 12:45:00,DEP,Water System,Hydrant Defective (WC2),Bronx,10452.0,Closed,Online,74
63601711,2025-01-02 12:23:00,2025-01-06 08:43:00,DEP,Lead,Lead Kit Request (Residential) (L10),Brooklyn,11215.0,Closed,Online,3
63601715,2025-01-02 09:17:00,2025-01-03 05:32:00,DEP,Noise,Noise: Jack Hammering (NC2),Manhattan,10034.0,Closed,Phone,0
63601727,2025-01-02 09:56:00,2025-01-02 12:30:00,DEP,Sewer,Sewer Backup (Use Comments) (SA),Brooklyn,11204.0,Closed,Phone,0
63601731,2025-01-02 13:11:00,2025-01-06 08:44:00,DEP,Lead,Lead Kit Request (Residential) (L10),Queens,11423.0,Closed,Online,3
63601732,2025-01-02 10:02:00,2025-01-06 08:43:00,DEP,Lead,Lead Kit Request (Residential) (L10),Manhattan,10009.0,Closed,Online,3
63601736,2025-01-02 16:02:00,2025-01-03 09:10:00,DEP,Water System,Leak (Use Comments) (WA2),Queens,11422.0,Closed,Phone,0
63601737,2025-01-02 11:26:00,2025-01-08 14:20:00,DEP,Water System,Leak (Use Comments) (WA2),Queens,11378.0,Closed,Phone,6
63601738,2025-01-02 14:44:00,2025-01-02 14:50:00,DEP,Water System,Possible Water Main Break (Use Comments) (WA1),Queens,11379.0,Closed,Phone,0
63601745,2025-01-02 21:20:00,2025-01-02 22:27:00,DEP,Water System,Possible Water Main Break (Use Comments) (WA1),Queens,11370.0,Closed,Online,0
63601755,2025-01-02 15:17:00,2025-01-02 18:10:00,DEP,Sewer,Manhole Overflow (Use Comments) (SA1),Staten Island,10305.0,Closed,Phone,0
63601764,2025-01-02 15:14:00,2025-01-28 18:00:00,DEP,Water System,Leak (Use Comments) (WA2),Queens,11373.0,Closed,Phone,26
63601766,2025-01-02 10:20:00,2025-01-02 12:10:00,DEP,Sewer,Street Flooding (SJ),Brooklyn,11207.0,Closed,Online,0
63601774,2025-01-02 15:20:00,2025-01-02 15:55:00,DEP,Water System,Possible Water Main Break (Use Comments) (WA1),Bronx,10466.0,Closed,Online,0
63601786,2025-01-02 15:32:00,2025-01-21 15:30:00,DEP,Water System,Leak (Use Comments) (WA2),Brooklyn,11216.0,Closed,Phone,18
63601787,2025-01-02 14:53:00,2025-01-13 13:50:00,DEP,Water System,Leak (Use Comments) (WA2),Brooklyn,11236.0,Closed,Phone,10
63601788,2025-01-02 11:26:00,2025-01-02 12:25:00,DEP,Water System,Leak (Use Comments) (WA2),Brooklyn,11231.0,Closed,Phone,0
63601795,2025-01-02 07:32:00,2025-01-02 08:00:00,DEP,Water System,Possible Water Main Break (Use Comments) (WA1),Bronx,10469.0,Closed,Online,0
63601797,2025-01-02 13:11:00,2025-01-02 15:00:00,DEP,Sewer,Street Flooding (SJ),Staten Island,10310.0,Closed,Phone,0
63601800,2025-01-02 10:56:00,2025-01-03 08:40:00,DEP,Sewer,Street Flooding (SJ),Staten Island,10314.0,Closed,Online,0
63601813,2025-01-02 21:11:00,2025-01-02 21:20:00,DEP,Water System,No Water (WNW),Queens,11370.0,Closed,Phone,0
63601823,2025-01-02 12:23:00,2025-01-02 12:23:00,DEP,Water System,Possible Water Main Break (Use Comments) (WA1),Brooklyn,11234.0,Closed,Phone,0
63602941,2025-01-02 14:29:00,2025-01-02 20:00:00,DEP,Water System,LOW WATER PRESSURE - WLWP,Staten Island,10304.0,Closed,Online,0
63602953,2025-01-02 12:23:00,2025-01-02 19:40:00,DEP,Water System,No Water (WNW),Queens,11354.0,Closed,Phone,0
63602973,2025-01-02 15:38:00,2025-01-10 08:30:00,DEP,Noise,"Noise, Barking Dog (NR5)",Manhattan,10128.0,Closed,Online,7
63602974,2025-01-02 13:38:00,2025-01-07 09:20:00,DEP,Noise,"Noise, Barking Dog (NR5)",Manhattan,10033.0,Closed,Online,4
63602983,2025-01-02 11:44:00,2025-01-02 11:44:00,DEP,Water System,Hydrant Running Full (WA4),Manhattan,10031.0,Closed,Mobile,0
63603192,2025-01-02 13:41:00,2025-01-03 12:00:00,DEP,Noise,Noise: Alarms (NR3),Brooklyn,11216.0,Closed,Online,0
63603193,2025-01-02 08:29:00,2025-01-02 08:36:00,DEP,Water System,Hydrant Leaking (WC1),Queens,11418.0,Closed,Mobile,0
63603194,2025-01-02 12:38:00,2025-01-02 17:00:00,DEP,Water System,Possible Water Main Break (Use Comments) (WA1),Queens,11364.0,Closed,Online,0
63603223,2025-01-02 07:53:00,2025-01-02 10:30:00,DEP,Sewer,Catch Basin Clogged/Flooding (Use Comments) (SC),Staten Island,10314.0,Closed,Online,0
63603231,2025-01-02 11:14:00,2025-01-02 15:44:00,DEP,Water Conservation,Water Meter Broken/Leaking - Other (CMO),Queens,11422.0,Closed,Online,0
63603234,2025-01-02 14:56:00,2025-01-09 14:00:00,DEP,Water System,Hydrant Running (WC3),Queens,11362.0,Closed,Phone,6
63603237,2025-01-02 08:26:00,2025-01-02 10:15:00,DEP,Sewer,Sewer Backup (Use Comments) (SA),Queens,11426.0,Closed,Phone,0
63603239,2025-01-02 10:11:00,2025-01-03 10:10:00,DEP,Water System,Hydrant Running (WC3),Bronx,10455.0,Closed,Online,0
63603240,2025-01-02 18:38:00,2025-01-02 19:46:00,DEP,Water System,Hydrant Leaking (WC1),Queens,11374.0,Closed,Phone,0
63603299,2025-01-02 16:20:00,2025-01-03 20:40:00,DEP,Water System,Dirty Water (WE),Brooklyn,11211.0,Closed,Phone,1
63603300,2025-01-02 20:26:00,2025-01-03 08:04:00,DEP,Water System,Dirty Water (WE),Brooklyn,11237.0,Closed,Online,0
63603382,2025-01-02 14:38:00,2025-01-03 00:45:00,DEP,Noise,Noise: Alarms (NR3),Brooklyn,11219.0,Closed,Online,0
63603383,2025-01-02 22:29:00,2025-01-03 16:36:00,DEP,Noise,Noise: Construction Before/After Hours (NM1),Manhattan,10028.0,Closed,Online,0
63603384,2025-01-02 18:59:00,2025-01-03 16:33:00,DEP,Noise,Noise: Construction Before/After Hours (NM1),Manhattan,10032.0,Closed,Online,0
63603391,2025-01-02 13:53:00,2025-01-02 14:00:00,DEP,Water System,Dirty Water (WE),Queens,11385.0,Closed,Phone,0
63603392,2025-01-02 14:23:00,2025-01-02 14:23:00,DEP,Water System,Dirty Water (WE),Brooklyn,11237.0,Closed,Phone,0
63603393,2025-01-02 13:29:00,2025-01-02 13:53:00,DEP,Water System,Dirty Water (WE),Brooklyn,11237.0,Closed,Phone,0
63603399,2025-01-02 22:53:00,2025-01-04 02:00:00,DEP,Noise,Noise: Construction Before/After Hours (NM1),Queens,11433.0,Closed,Online,1
63603402,2025-01-02 13:11:00,2025-01-02 13:30:00,DEP,Water System,Dirty Water (WE),Queens,11385.0,Closed,Phone,0
63603403,2025-01-02 21:14:00,2025-02-25 10:05:00,DEP,Water System,Dirty Water (WE),Queens,11370.0,Closed,Phone,53
63603407,2025-01-02 13:47:00,2025-01-03 08:02:00,DEP,Water System,Dirty Water (WE),Brooklyn,11237.0,Closed,Phone,0
63603408,2025-01-02 09:50:00,2025-01-23 19:10:00,DEP,Water System,Dirty Water (WE),Bronx,10467.0,Closed,Phone,21
63603456,2025-01-02 17:50:00,2025-01-06 08:45:00,DEP,Lead,Lead Kit Request (Residential) (L10),Bronx,10453.0,Closed,Online,3
63603457,2025-01-02 10:50:00,2025-01-06 08:43:00,DEP,Lead,Lead Kit Request (Residential) (L10),Brooklyn,11216.0,Closed,Phone,3
63603473,2025-01-02 21:53:00,2025-01-06 08:45:00,DEP,Lead,Lead Kit Request (Residential) (L10),Manhattan,10009.0,Closed,Online,3
63603474,2025-01-02 18:14:00,2025-01-06 08:45:00,DEP,Lead,Lead Kit Request (Residential) (L10),Brooklyn,11215.0,Closed,Online,3
63603495,2025-01-02 07:17:00,2025-01-07 10:00:00,DEP,Noise,Noise: Construction Equipment (NC1),Manhattan,10032.0,Closed,Online,5
63603512,2025-01-02 21:32:00,2025-01-03 00:30:00,DEP,Sewer,Sewer Backup (Use Comments) (SA),Queens,11412.0,Closed,Online,0
63603554,2025-01-02 16:32:00,2025-01-06 08:44:00,DEP,Lead,Lead Kit Request (Residential) (L10),Brooklyn,11201.0,Closed,Online,3
63603559,2025-01-02 09:35:00,2025-01-02 21:00:00,DEP,Water System,Leak (Use Comments) (WA2),Queens,11367.0,Closed,Phone,0
63603561,2025-01-02 15:02:00,2025-01-02 15:10:00,DEP,Water System,Possible Water Main Break (Use Comments) (WA1),Queens,11106.0,Closed,Online,0
63603562,2025-01-02 20:05:00,2025-01-02 20:35:00,DEP,Water System,Possible Water Main Break (Use Comments) (WA1),Queens,11379.0,Closed,Phone,0
63603563,2025-01-02 09:44:00,2025-01-06 08:43:00,DEP,Lead,Lead Kit Request (Residential) (L10),Manhattan,10012.0,Closed,Phone,3
63603572,2025-01-02 11:47:00,2025-01-03 11:15:00,DEP,Noise,Noise: Jack Hammering (NC2),Brooklyn,11201.0,Closed,Online,0
63603576,2025-01-02 18:14:00,2025-01-03 15:45:00,DEP,Air Quality,"Air: Odor/Fumes, Restaurant (AD2)",Manhattan,10002.0,Closed,Online,0
63603598,2025-01-02 20:26:00,2025-01-02 22:15:00,DEP,Sewer,Sewer Backup (Use Comments) (SA),Queens,11434.0,Closed,Phone,0
63603600,2025-01-02 14:47:00,2025-01-03 09:46:00,DEP,Lead,Lead Kit Request (Residential) (L10),Queens,11101.0,Closed,Phone,0
63603602,2025-01-02 13:26:00,2025-01-06 08:44:00,DEP,Lead,Lead Kit Request (Residential) (L10),Bronx,10452.0,Closed,Online,3
63603603,2025-01-02 11:11:00,2025-01-06 08:43:00,DEP,Lead,Lead Kit Request (Residential) (L10),Brooklyn,11238.0,Closed,Online,3
63603604,2025-01-02 10:08:00,2025-01-06 08:43:00,DEP,Lead,Lead Kit Request (Residential) (L10),Brooklyn,11229.0,Closed,Phone,3
63603605,2025-01-02 21:20:00,2025-01-02 21:20:00,DEP,Water System,Leak (Use Comments) (WA2),Brooklyn,11208.0,Closed,Phone,0
63603606,2025-01-02 12:35:00,2025-01-02 14:40:00,DEP,Sewer,Sewer Backup (Use Comments) (SA),Brooklyn,11236.0,Closed,Online,0
63603607,2025-01-02 12:26:00,2025-01-02 13:45:00,DEP,Sewer,Sewer Backup (Use Comments) (SA),Brooklyn,11234.0,Closed,Phone,0
63603608,2025-01-02 00:08:00,2025-01-02 11:45:00,DEP,Sewer,Sewer Backup (Use Comments) (SA),Staten Island,10312.0,Closed,Online,0
63603613,2025-01-02 19:53:00,2025-01-06 08:45:00,DEP,Lead,Lead Kit Request (Residential) (L10),Manhattan,10280.0,Closed,Online,3
63603620,2025-01-02 14:35:00,2025-01-03 13:00:00,DEP,Air Quality,"Air: Smoke, Chimney or vent (AS1)",Queens,11104.0,Closed,Online,0
63603622,2025-01-02 10:44:00,2025-01-02 19:00:00,DEP,Water System,Leak (Use Comments) (WA2),Staten Island,10312.0,Closed,Phone,0
63603637,2025-01-02 14:38:00,2025-01-02 21:20:00,DEP,Water System,Leak (Use Comments) (WA2),Brooklyn,11229.0,Closed,Phone,0
63603638,2025-01-02 08:41:00,2025-01-03 08:40:00,DEP,Water System,Leak (Use Comments) (WA2),Queens,11364.0,Closed,Phone,0
63603654,2025-01-02 17:56:00,2025-01-02 17:56:00,DEP,Water System,Possible Water Main Break (Use Comments) (WA1),Brooklyn,11234.0,Closed,Phone,0
63603655,2025-01-02 22:08:00,2025-01-06 10:01:00,DEP,Water Quality,"Taste/Odor, Bitter/Metallic (QA3)",Queens,11370.0,Closed,Phone,3
63604669,2025-01-02 09:23:00,2025-01-06 11:45:00,DEP,Noise,Noise: Construction Equipment (NC1),Queens,11101.0,Closed,Online,4
63604683,2025-01-02 12:38:00,2025-01-03 13:30:00,DEP,Noise,Noise: Construction Equipment (NC1),Brooklyn,11224.0,Closed,Phone,1
63604739,2025-01-02 18:44:00,2025-01-03 13:40:00,DEP,Industrial Waste,Wastewater Into Catch Basin (IEB),Queens,11356.0,Closed,Phone,0
63604746,2025-01-02 23:02:00,2025-01-07 11:01:00,DEP,Noise,"Noise, Barking Dog (NR5)",Bronx,10467.0,Closed,Online,4
63604752,2025-01-02 18:35:00,2025-01-02 19:23:00,DEP,Water System,Hydrant Running Full (WA4),Staten Island,10312.0,Closed,Mobile,0
63604765,2025-01-02 02:20:00,2025-01-03 17:11:00,DEP,Noise,Noise: air condition/ventilation equipment (NV1),Brooklyn,11215.0,Closed,Phone,1
63604774,2025-01-02 01:26:00,2025-01-02 13:30:00,DEP,Air Quality,"Air: Odor/Fumes, Restaurant (AD2)",Brooklyn,11213.0,Closed,Phone,0
63604775,2025-01-02 11:32:00,2025-01-08 16:00:00,DEP,Noise,"Noise, Barking Dog (NR5)",Queens,11421.0,Closed,Online,6
63604815,2025-01-02 01:35:00,2025-01-02 12:03:00,DEP,Noise,Noise: Alarms (NR3),Manhattan,10032.0,Closed,Online,0
63604877,2025-01-02 19:41:00,2025-01-29 21:30:00,DEP,Noise,Noise: air condition/ventilation equipment (NV1),Manhattan,10012.0,Closed,Phone,27
63605044,2025-01-02 21:29:00,2025-01-07 14:00:00,DEP,Noise,Noise:  lawn care equipment (NCL),Brooklyn,11214.0,Closed,Online,4
63605049,2025-01-02 15:26:00,2025-01-03 13:00:00,DEP,Water System,Hydrant Running (WC3),Bronx,10471.0,Closed,Online,0
63605093,2025-01-02 14:35:00,2025-01-03 18:30:00,DEP,Noise,Noise: Alarms (NR3),Brooklyn,11219.0,Closed,Online,1
63605094,2025-01-02 17:56:00,2025-01-03 09:19:00,DEP,Noise,Noise: Alarms (NR3),Queens,11366.0,Closed,Online,0
63605096,2025-01-02 20:20:00,2025-01-04 13:10:00,DEP,Sewer,Catch Basin Clogged/Flooding (Use Comments) (SC),Bronx,10467.0,Closed,Online,1
63605097,2025-01-02 14:47:00,2025-01-02 16:00:00,DEP,Sewer,Manhole Cover Missing (Emergency) (SA3),Brooklyn,11229.0,Closed,Phone,0
63605099,2025-01-02 16:41:00,2025-01-14 09:00:00,DEP,Water System,Possible Water Main Break (Use Comments) (WA1),Brooklyn,11215.0,Closed,Phone,11
63605119,2025-01-02 15:32:00,2025-01-04 09:35:00,DEP,Sewer,Catch Basin Clogged/Flooding (Use Comments) (SC),Queens,11369.0,Closed,Phone,1
63605128,2025-01-02 09:53:00,2025-01-03 15:00:00,DEP,Air Quality,"Air: Odor/Fumes, Vehicle Idling (AD3)",Manhattan,10009.0,Closed,Online,1
63605130,2025-01-02 08:29:00,2025-01-02 14:00:00,DEP,Noise,Noise: Construction Equipment (NC1),Bronx,10456.0,Closed,Online,0
63605140,2025-01-02 16:53:00,2025-01-02 17:55:00,DEP,Water System,Hydrant Leaking (WC1),Queens,11432.0,Closed,Mobile,0
63605141,2025-01-02 08:44:00,2025-01-02 12:35:00,DEP,Sewer,Sewer Backup (Use Comments) (SA),Queens,11411.0,Closed,Phone,0
63605142,2025-01-02 08:02:00,2025-01-02 08:24:00,DEP,Water System,Hydrant Defective (WC2),Queens,11374.0,Closed,Phone,0
63605155,2025-01-02 07:47:00,2025-01-07 07:00:00,DEP,Noise,Noise: Construction Before/After Hours (NM1),Bronx,10465.0,Closed,Online,4
63605156,2025-01-02 05:29:00,2025-01-10 22:00:00,DEP,Noise,Noise: Construction Before/After Hours (NM1),Manhattan,10032.0,Closed,Phone,8
63605157,2025-01-02 22:50:00,2025-01-03 09:22:00,DEP,Noise,Noise: Construction Before/After Hours (NM1),Queens,11435.0,Closed,Online,0
63605158,2025-01-02 19:59:00,2025-01-03 17:14:00,DEP,Noise,Noise: Construction Before/After Hours (NM1),Queens,11433.0,Closed,Phone,0
63605164,2025-01-02 19:08:00,2025-01-03 17:15:00,DEP,Noise,Noise: Construction Before/After Hours (NM1),Queens,11435.0,Closed,Online,0
63605165,2025-01-02 18:26:00,2025-01-08 20:00:00,DEP,Noise,Noise: Construction Before/After Hours (NM1),Bronx,10471.0,Closed,Online,6
63605183,2025-01-02 16:11:00,2025-01-24 10:10:00,DEP,Water System,Dirty Water (WE),Bronx,10473.0,Closed,Phone,21
63605184,2025-01-02 15:29:00,2025-01-03 20:35:00,DEP,Water System,Dirty Water (WE),Brooklyn,11206.0,Closed,Phone,1
63605186,2025-01-02 15:05:00,2025-02-25 10:05:00,DEP,Water System,Dirty Water (WE),Queens,11385.0,Closed,Phone,53
63605203,2025-01-02 14:32:00,2025-01-03 20:30:00,DEP,Water System,Dirty Water (WE),Brooklyn,11206.0,Closed,Online,1
63605204,2025-01-02 23:44:00,2025-01-03 21:00:00,DEP,Water System,Dirty Water (WE),Brooklyn,11219.0,Closed,Phone,0
63605234,2025-01-02 20:26:00,2025-01-02 21:55:00,DEP,Plant,Plants- Odor Related Problems (PO1),Queens,11694.0,Closed,Online,0
63605251,2025-01-02 11:47:00,2025-01-08 06:30:00,DEP,Noise,Noise: Construction Before/After Hours (NM1),Manhattan,10036.0,Closed,Online,5
63605252,2025-01-02 08:26:00,2025-01-03 05:31:00,DEP,Noise,Noise: Construction Before/After Hours (NM1),Manhattan,10032.0,Closed,Online,0
63605273,2025-01-02 13:50:00,2025-01-03 08:03:00,DEP,Water System,Dirty Water (WE),Brooklyn,11237.0,Closed,Phone,0
63605274,2025-01-02 11:23:00,2025-01-03 20:25:00,DEP,Water System,Dirty Water (WE),Brooklyn,11211.0,Closed,Phone,1
63605283,2025-01-02 06:02:00,2025-01-03 05:31:00,DEP,Noise,Noise: Construction Before/After Hours (NM1),Manhattan,10032.0,Closed,Online,0
63605284,2025-01-02 15:35:00,2025-01-08 14:01:00,DEP,Water Conservation,Water Meter Broken/Leaking - Private Residence (CMR),Staten Island,10312.0,Closed,Online,5
63605285,2025-01-02 12:11:00,2025-01-06 11:34:00,DEP,Water Conservation,Water Meter Broken/Leaking - Private Residence (CMR),Staten Island,10308.0,Closed,Phone,3
63605292,2025-01-02 19:08:00,2025-01-03 23:15:00,DEP,Noise,Noise: Construction Before/After Hours (NM1),Queens,11101.0,Closed,Online,1
63605295,2025-01-02 09:23:00,2025-01-02 12:12:00,DEP,Water System,Dirty Water (WE),Bronx,10463.0,Closed,Phone,0
63605322,2025-01-02 19:32:00,2025-01-04 03:00:00,DEP,Water System,Hydrant Leaking (WC1),Brooklyn,11206.0,Closed,Mobile,1
63605349,2025-01-02 10:02:00,2025-01-16 15:30:00,DEP,Water System,Leak (Use Comments) (WA2),Manhattan,10016.0,Closed,Online,14
63605379,2025-01-02 19:20:00,2025-01-06 08:45:00,DEP,Lead,Lead Kit Request (Residential) (L10),Brooklyn,11201.0,Closed,Online,3
63605414,2025-01-02 10:50:00,2026-07-17 12:00:00,DEP,Water System,Hydrant Defective (WC2),Brooklyn,11211.0,Closed,Online,561
63605451,2025-01-02 13:17:00,2025-01-02 13:25:00,DEP,Water System,Possible Water Main Break (Use Comments) (WA1),Queens,11433.0,Closed,Phone,0
63605458,2025-01-02 18:20:00,2025-01-06 10:45:00,DEP,Air Quality,"Air: Odor/Fumes, Restaurant (AD2)",Manhattan,10002.0,Closed,Online,3
63605461,2025-01-02 16:23:00,2025-01-06 08:44:00,DEP,Lead,Lead Kit Request (Residential) (L10),Manhattan,10028.0,Closed,Online,3
63605469,2025-01-02 06:47:00,2025-01-03 07:00:00,DEP,Noise,Noise: Construction Before/After Hours (NM1),Brooklyn,11238.0,Closed,Online,1
63605471,2025-01-02 14:14:00,2025-01-02 17:00:00,DEP,Hazardous Materials,Chemical Odor (HD1),Queens,11364.0,Closed,Online,0
63605472,2025-01-02 12:50:00,2025-01-03 15:20:00,DEP,Noise,Noise: Jack Hammering (NC2),Manhattan,10028.0,Closed,Online,1
63605473,2025-01-02 20:32:00,2025-01-06 08:45:00,DEP,Lead,Lead Kit Request (Residential) (L10),Brooklyn,11230.0,Closed,Online,3
63605474,2025-01-02 16:29:00,2025-01-06 08:44:00,DEP,Lead,Lead Kit Request (Residential) (L10),Brooklyn,11215.0,Closed,Online,3
63605475,2025-01-02 11:35:00,2025-01-06 08:43:00,DEP,Lead,Lead Kit Request (Residential) (L10),Manhattan,10040.0,Closed,Online,3
63605476,2025-01-02 11:23:00,2025-01-06 08:43:00,DEP,Lead,Lead Kit Request (Residential) (L10),Queens,11436.0,Closed,Phone,3
63605477,2025-01-02 08:29:00,2025-01-02 10:10:00,DEP,Sewer,Sewer Backup (Use Comments) (SA),Brooklyn,11236.0,Closed,Phone,0
63605479,2025-01-02 21:26:00,2025-01-02 22:30:00,DEP,Sewer,Sewer Backup (Use Comments) (SA),Queens,11411.0,Closed,Phone,0
63605480,2025-01-02 09:29:00,2025-01-03 11:45:00,DEP,Noise,Noise: Construction Equipment (NC1),Manhattan,10003.0,Closed,Online,1
63605491,2025-01-02 00:14:00,2025-01-07 10:20:00,DEP,Water Quality,"Taste/Odor, Chlorine (QA1)",Manhattan,10016.0,Closed,Online,5
63605493,2025-01-02 21:29:00,2025-01-03 11:15:00,DEP,Sewer,Culvert Blocked/Needs Cleaning (SE),Queens,11358.0,Closed,Online,0
63605494,2025-01-02 13:05:00,2025-01-02 19:00:00,DEP,Sewer,Sewer Backup (Use Comments) (SA),Queens,11427.0,Closed,Phone,0
63605495,2025-01-02 18:56:00,2025-01-02 19:20:00,DEP,Sewer,Sewer Backup (Use Comments) (SA),Manhattan,10005.0,Closed,Online,0
63605496,2025-01-02 13:08:00,2025-01-02 13:30:00,DEP,Water System,Leak (Use Comments) (WA2),Queens,11435.0,Closed,Phone,0
63605499,2025-01-02 06:53:00,2025-01-02 14:50:00,DEP,Water System,Leak (Use Comments) (WA2),Brooklyn,11234.0,Closed,Online,0
63605504,2025-01-02 16:08:00,2025-01-02 16:08:00,DEP,Water System,Possible Water Main Break (Use Comments) (WA1),Brooklyn,11214.0,Closed,Phone,0
63605505,2025-01-02 15:50:00,2025-01-02 16:11:00,DEP,Water System,Possible Water Main Break (Use Comments) (WA1),Queens,11436.0,Closed,Phone,0
63605512,2025-01-02 17:23:00,2025-01-02 17:23:00,DEP,Water System,Possible Water Main Break (Use Comments) (WA1),Brooklyn,11220.0,Closed,Phone,0
63605514,2025-01-02 11:17:00,2025-01-02 11:28:00,DEP,Water System,Possible Water Main Break (Use Comments) (WA1),Queens,11379.0,Closed,Phone,0
63606458,2025-01-02 02:02:00,2025-01-02 18:35:00,DEP,Noise,Noise: air condition/ventilation equipment (NV1),Bronx,10458.0,Closed,Phone,0
63606473,2025-01-02 14:11:00,2025-01-02 14:11:00,DEP,Water System,LOW WATER PRESSURE - WLWP,Brooklyn,11218.0,Closed,Online,0
63606559,2025-01-02 09:02:00,2025-01-02 17:09:00,DEP,Air Quality,"Air: Smoke, Chimney or vent (AS1)",Queens,11364.0,Closed,Online,0
63606619,2025-01-02 08:41:00,2025-01-02 17:09:00,DEP,Air Quality,"Air: Smoke, Chimney or vent (AS1)",Queens,11364.0,Closed,Online,0
63606656,2025-01-02 11:59:00,2025-01-07 09:55:00,DEP,Noise,"Noise, Barking Dog (NR5)",Manhattan,10027.0,Closed,Online,4
63606660,2025-01-02 21:11:00,2025-01-02 21:11:00,DEP,Water System,Hydrant Running Full (WA4),Brooklyn,11237.0,Closed,Phone,0
63606730,2025-01-02 11:59:00,2025-01-07 11:41:00,DEP,Noise,"Noise, Barking Dog (NR5)",Bronx,10467.0,Closed,Phone,4
63606766,2025-01-02 15:23:00,2025-01-03 15:45:00,DEP,Sewer,Catch Basin Search (SC2),Brooklyn,11206.0,Closed,Online,1
63606983,2025-01-02 07:56:00,2025-01-03 14:15:00,DEP,Noise,Noise: Jack Hammering (NC2),Brooklyn,11222.0,Closed,Online,1
63607000,2025-01-02 08:32:00,2025-01-02 15:30:00,DEP,Industrial Waste,Wastewater Into Catch Basin (IEB),Bronx,10461.0,Closed,Phone,0
63607001,2025-01-02 12:50:00,2025-01-07 15:45:00,DEP,Noise,Noise: Alarms (NR3),Brooklyn,11222.0,Closed,Online,5
63607006,2025-01-02 12:17:00,2025-01-03 06:25:00,DEP,Water System,Hydrant Running (WC3),Brooklyn,11205.0,Closed,Phone,0
63607007,2025-01-02 08:53:00,2025-01-03 10:40:00,DEP,Water System,Hydrant Running (WC3),Brooklyn,11230.0,Closed,Phone,1
63607041,2025-01-02 10:44:00,2025-01-02 14:15:00,DEP,Sewer,Sewer Backup (Use Comments) (SA),Queens,11432.0,Closed,Phone,0
63607052,2025-01-02 16:50:00,2025-01-03 14:00:00,DEP,Water System,Hydrant Running (WC3),Bronx,10467.0,Closed,Online,0
63607053,2025-01-02 12:59:00,2025-01-02 17:15:00,DEP,Water System,Leak (Use Comments) (WA2),Queens,11411.0,Closed,Phone,0
63607054,2025-01-02 18:08:00,2025-01-03 13:10:00,DEP,Noise,Noise: Alarms (NR3),Manhattan,10029.0,Closed,Online,0
63607055,2025-01-02 12:23:00,2025-01-03 16:50:00,DEP,Sewer,Catch Basin Clogged/Flooding (Use Comments) (SC),Staten Island,10306.0,Closed,Online,1
63607062,2025-01-02 08:14:00,2025-01-02 08:25:00,DEP,Water System,Hydrant Leaking (WC1),Queens,11432.0,Closed,Mobile,0
63607154,2025-01-02 15:17:00,2025-01-02 16:05:00,DEP,Water System,Dirty Water (WE),Brooklyn,11237.0,Closed,Online,0
63607155,2025-01-02 13:38:00,2025-01-02 13:44:00,DEP,Water System,Dirty Water (WE),Brooklyn,11237.0,Closed,Phone,0
63607168,2025-01-02 14:56:00,2025-02-25 10:05:00,DEP,Water System,Dirty Water (WE),Queens,11429.0,Closed,Phone,53
63607169,2025-01-02 13:47:00,2025-01-02 14:00:00,DEP,Water System,Dirty Water (WE),Queens,11385.0,Closed,Phone,0
63607192,2025-01-02 23:11:00,2025-01-03 22:45:00,DEP,Noise,Noise: Construction Before/After Hours (NM1),Manhattan,10009.0,Closed,Phone,0
63607208,2025-01-02 12:11:00,2025-01-03 09:50:00,DEP,Water System,Hydrant Leaking (WC1),Bronx,10454.0,Closed,Phone,0
63607212,2025-01-02 12:17:00,2025-01-06 08:43:00,DEP,Lead,Lead Kit Request (Residential) (L10),Queens,11365.0,Closed,Online,3
63607234,2025-01-02 21:50:00,2025-01-03 16:33:00,DEP,Noise,Noise: Construction Before/After Hours (NM1),Manhattan,10032.0,Closed,Online,0
63607235,2025-01-02 18:59:00,2025-01-03 09:22:00,DEP,Noise,Noise: Construction Before/After Hours (NM1),Queens,11435.0,Closed,Online,0
63607255,2025-01-02 14:14:00,2025-01-02 14:25:00,DEP,Water System,Dirty Water (WE),Queens,11385.0,Closed,Online,0
63607257,2025-01-02 13:35:00,2025-01-02 13:41:00,DEP,Water System,Leak (Use Comments) (WA2),Brooklyn,11213.0,Closed,Phone,0
63607299,2025-01-02 12:38:00,2025-01-06 08:44:00,DEP,Lead,Lead Kit Request (Residential) (L10),Brooklyn,11201.0,Closed,Online,3
63607300,2025-01-02 07:38:00,2025-01-06 08:43:00,DEP,Lead,Lead Kit Request (Residential) (L10),Queens,11357.0,Closed,Online,4
63607301,2025-01-02 02:41:00,2025-01-03 14:22:00,DEP,Lead,Lead Kit Request (Residential) (L10),Brooklyn,11222.0,Closed,Online,1
63607305,2025-01-02 15:53:00,2025-01-04 01:45:00,DEP,Noise,Noise: Construction Equipment (NC1),Brooklyn,11215.0,Closed,Online,1
63607307,2025-01-02 12:26:00,2025-01-02 14:55:00,DEP,Sewer,Sewer Backup (Use Comments) (SA),Queens,11361.0,Closed,Phone,0
63607318,2025-01-02 21:23:00,2025-01-03 10:30:00,DEP,Sewer,Street Flooding (SJ),Brooklyn,11238.0,Closed,Online,0
63607340,2025-01-02 17:56:00,2025-01-03 09:00:00,DEP,Asbestos,Asbestos Complaint (B1),Brooklyn,11205.0,Closed,Phone,0
63607343,2025-01-02 14:17:00,2025-01-06 08:44:00,DEP,Lead,Lead Kit Request (Residential) (L10),Bronx,10471.0,Closed,Online,3
63607351,2025-01-02 10:20:00,2025-01-02 12:00:00,DEP,Water System,Leak (Use Comments) (WA2),Brooklyn,11232.0,Closed,Phone,0
63607353,2025-01-02 23:38:00,2025-01-06 08:45:00,DEP,Lead,Lead Kit Request (Residential) (L10),Queens,11363.0,Closed,Online,3
63607355,2025-01-02 20:35:00,2025-01-06 08:45:00,DEP,Lead,Lead Kit Request (Residential) (L10),Brooklyn,11221.0,Closed,Online,3
63607360,2025-01-02 08:02:00,2025-01-02 17:00:00,DEP,Water System,Leak (Use Comments) (WA2),Staten Island,10312.0,Closed,Phone,0
63607367,2025-01-02 14:35:00,2025-01-08 12:30:00,DEP,Sewer,Catch Basin Sunken/Damaged/Raised (SC1),Staten Island,10312.0,Closed,Online,5
63607368,2025-01-02 16:08:00,2025-01-02 19:00:00,DEP,Sewer,Sewer Backup (Use Comments) (SA),Staten Island,10306.0,Closed,Phone,0
63607369,2025-01-02 18:11:00,2025-01-02 18:30:00,DEP,Sewer,Street Flooding (SJ),Manhattan,10009.0,Closed,Online,0
63607377,2025-01-02 12:02:00,2025-02-20 12:30:00,DEP,Water System,Hydrant Knocked Over/Missing (WC),Queens,11101.0,Closed,Online,49
63607399,2025-01-02 14:11:00,2025-01-06 08:44:00,DEP,Lead,Lead Kit Request (Residential) (L10),Queens,11373.0,Closed,Online,3
63607401,2025-01-02 12:05:00,2025-01-06 08:44:00,DEP,Lead,Lead Kit Request (Residential) (L10),Brooklyn,11233.0,Closed,Phone,3
63607411,2025-01-02 11:47:00,2025-01-06 08:43:00,DEP,Lead,Lead Kit Request (Residential) (L10),Brooklyn,11215.0,Closed,Phone,3
63607413,2025-01-02 22:32:00,2025-01-06 08:45:00,DEP,Lead,Lead Kit Request (Residential) (L10),Manhattan,10065.0,Closed,Online,3
63607414,2025-01-02 20:35:00,2025-01-06 08:45:00,DEP,Lead,Lead Kit Request (Residential) (L10),Brooklyn,11220.0,Closed,Online,3
63607423,2025-01-02 15:26:00,2025-01-03 17:00:00,DEP,Noise,Noise: Construction Equipment (NC1),Queens,11354.0,Closed,Phone,1
63607440,2025-01-02 20:23:00,2025-01-02 21:55:00,DEP,Sewer,Sewer Backup (Use Comments) (SA),Queens,11385.0,Closed,Phone,0
63607460,2025-01-02 15:26:00,2025-01-02 15:44:00,DEP,Water System,Possible Water Main Break (Use Comments) (WA1),Queens,11367.0,Closed,Online,0
63607462,2025-01-02 09:53:00,2025-01-02 09:57:00,DEP,Water System,Possible Water Main Break (Use Comments) (WA1),Queens,11421.0,Closed,Phone,0
63607547,2025-01-02 12:59:00,2025-01-15 07:45:00,DEP,Water Quality,"Taste/Odor, Musty/Stale (QA4)",Queens,11375.0,Closed,Online,12
63608496,2025-01-02 07:53:00,2025-01-02 11:15:00,DEP,Noise,Noise: Construction Equipment (NC1),Brooklyn,11222.0,Closed,Online,0
63608531,2025-01-02 18:14:00,2025-01-04 20:45:00,DEP,Water System,LOW WATER PRESSURE - WLWP,Queens,11368.0,Closed,Phone,2
63608619,2025-01-02 18:02:00,2025-01-03 09:20:00,DEP,Noise,Noise: Alarms (NR3),Queens,11366.0,Closed,Online,0
63608640,2025-01-02 19:32:00,2025-01-06 08:45:00,DEP,Lead,Lead Kit Request (Residential) (L10),Manhattan,10013.0,Closed,Phone,3
63608641,2025-01-02 18:02:00,2025-01-06 08:45:00,DEP,Lead,Lead Kit Request (Residential) (L10),Brooklyn,11212.0,Closed,Phone,3
63608646,2025-01-02 14:53:00,2025-01-09 13:00:00,DEP,Water System,Possible Water Main Break (Use Comments) (WA1),Brooklyn,11220.0,Closed,Online,6
63608650,2025-01-02 23:29:00,2025-01-03 16:36:00,DEP,Noise,Noise: Construction Before/After Hours (NM1),Manhattan,10028.0,Closed,Phone,0
63608652,2025-01-02 14:38:00,2025-01-02 14:38:00,DEP,Water System,Dirty Water (WE),Brooklyn,11237.0,Closed,Phone,0
63608653,2025-01-02 14:11:00,2025-01-02 14:11:00,DEP,Water System,Dirty Water (WE),Brooklyn,11237.0,Closed,Online,0
63608654,2025-01-02 13:56:00,2025-01-02 13:56:00,DEP,Water System,Dirty Water (WE),Brooklyn,11237.0,Closed,Online,0
63608659,2025-01-02 17:50:00,2025-02-25 10:05:00,DEP,Water System,Dirty Water (WE),Queens,11385.0,Closed,Online,53
63608660,2025-01-02 13:59:00,2025-01-06 12:21:00,DEP,Water System,Dirty Water (WE),Queens,11385.0,Closed,Phone,3
63608676,2025-01-02 01:50:00,2025-01-23 13:00:00,DEP,Noise,Noise: air condition/ventilation equipment (NV1),Manhattan,10018.0,Closed,Online,21
63608683,2025-01-02 10:44:00,2025-01-03 17:00:00,DEP,Air Quality,"Air: Odor/Fumes, Vehicle Idling (AD3)",Brooklyn,11236.0,Closed,Phone,1
63608689,2025-01-02 13:44:00,2025-01-07 12:47:00,DEP,Noise,"Noise, Barking Dog (NR5)",Brooklyn,11201.0,Closed,Online,4
63608697,2025-01-02 11:47:00,2025-01-03 08:30:00,DEP,Sewer,Catch Basin Clogged/Flooding (Use Comments) (SC),Brooklyn,11210.0,Closed,Phone,0
63608700,2025-01-02 09:08:00,2025-01-09 13:00:00,DEP,Noise,"Noise, Barking Dog (NR5)",Bronx,10472.0,Closed,Phone,7
63608709,2025-01-02 08:41:00,2025-01-03 14:30:00,DEP,Air Quality,"Air: Odor/Fumes, Vehicle Idling (AD3)",Brooklyn,11220.0,Closed,Online,1
63608839,2025-01-02 22:17:00,2025-01-03 16:33:00,DEP,Noise,Noise: Construction Before/After Hours (NM1),Manhattan,10032.0,Closed,Online,0
63608840,2025-01-02 19:59:00,2025-01-15 02:30:00,DEP,Noise,Noise: Construction Before/After Hours (NM1),Bronx,10455.0,Closed,Online,12
63608850,2025-01-02 18:11:00,2025-01-03 12:30:00,DEP,Noise,Noise: Construction Equipment (NC1),Manhattan,10029.0,Closed,Online,0
63608965,2025-01-02 10:38:00,2025-01-07 08:00:00,DEP,Noise,Noise:  lawn care equipment (NCL),Manhattan,10025.0,Closed,Online,4
63608966,2025-01-02 23:08:00,2025-01-10 02:00:00,DEP,Noise,Noise:  lawn care equipment (NCL),Staten Island,10309.0,Closed,Online,7
63608985,2025-01-02 10:29:00,2025-01-02 19:50:00,DEP,Industrial Waste,Wastewater Into Catch Basin (IEB),Queens,11104.0,Closed,Phone,0
63608994,2025-01-02 14:11:00,2025-01-06 08:44:00,DEP,Lead,Lead Kit Request (Residential) (L10),Manhattan,10016.0,Closed,Online,3
63608996,2025-01-02 12:44:00,2025-01-06 08:44:00,DEP,Lead,Lead Kit Request (Residential) (L10),Brooklyn,11235.0,Closed,Phone,3
63608998,2025-01-02 12:17:00,2025-01-06 08:44:00,DEP,Lead,Lead Kit Request (Residential) (L10),Queens,11385.0,Closed,Online,3
63609000,2025-01-02 11:29:00,2025-01-06 08:43:00,DEP,Lead,Lead Kit Request (Residential) (L10),Brooklyn,11230.0,Closed,Online,3
63609007,2025-01-02 10:59:00,2025-01-06 08:43:00,DEP,Lead,Lead Kit Request (Residential) (L10),Queens,11422.0,Closed,Online,3
63609009,2025-01-02 09:38:00,2025-01-06 08:43:00,DEP,Lead,Lead Kit Request (Residential) (L10),Queens,11103.0,Closed,Online,3
63609017,2025-01-02 10:32:00,2025-01-03 10:45:00,DEP,Noise,Noise: Construction Equipment (NC1),Manhattan,10010.0,Closed,Phone,1
63609024,2025-01-02 15:29:00,2025-01-02 18:15:00,DEP,Sewer,Sewer Backup (Use Comments) (SA),Queens,11366.0,Closed,Phone,0
63609032,2025-01-02 07:59:00,2025-01-09 13:15:00,DEP,Sewer,Street Flooding (SJ),Queens,11414.0,Closed,Online,7
63609044,2025-01-02 22:41:00,2025-01-02 23:01:00,DEP,Water System,Possible Water Main Break (Use Comments) (WA1),Queens,11367.0,Closed,Phone,0
63609065,2025-01-02 07:20:00,2025-01-02 09:35:00,DEP,Sewer,Sewer Backup (Use Comments) (SA),Queens,11427.0,Closed,Phone,0
63609066,2025-01-02 23:20:00,2025-01-03 19:20:00,DEP,Water System,Possible Water Main Break (Use Comments) (WA1),Staten Island,10312.0,Closed,Online,0
63609072,2025-01-02 14:44:00,2025-01-02 14:52:00,DEP,Water System,Excessive Water In Basement (WEFB),Queens,11412.0,Closed,Online,0
63609085,2025-01-02 15:44:00,2025-01-02 15:44:00,DEP,Sewer,Sewer Backup (Use Comments) (SA),Brooklyn,11209.0,Closed,Phone,0
63609086,2025-01-02 09:35:00,2025-01-02 09:51:00,DEP,Water System,Hydrant Leaking (WC1),Queens,11354.0,Closed,Online,0
63609087,2025-01-02 16:14:00,2025-01-09 18:55:00,DEP,Water System,Hydrant Running (WC3),Queens,11373.0,Closed,Phone,7
63609205,2025-01-02 23:32:00,2025-01-03 16:38:00,DEP,Noise,Noise: Construction Before/After Hours (NM1),Manhattan,10028.0,Closed,Online,0
63609206,2025-01-02 23:17:00,2025-01-03 23:45:00,DEP,Noise,Noise: Construction Before/After Hours (NM1),Manhattan,10002.0,Closed,Phone,1
63609207,2025-01-02 22:47:00,2025-01-03 09:23:00,DEP,Noise,Noise: Construction Before/After Hours (NM1),Queens,11435.0,Closed,Online,0
63609208,2025-01-02 21:17:00,2025-01-03 01:45:00,DEP,Noise,Noise: Construction Before/After Hours (NM1),Queens,11436.0,Closed,Online,0
63609231,2025-01-02 09:50:00,2025-01-07 21:00:00,DEP,Water System,Hydrant Leaking (WC1),Bronx,10461.0,Closed,Online,5
63609243,2025-01-02 13:41:00,2025-01-03 12:15:00,DEP,Air Quality,"Air: Dust, Construction/Demolition (AE4)",Brooklyn,11231.0,Closed,Online,0
63609264,2025-01-02 06:26:00,2025-01-08 07:30:00,DEP,Noise,Noise: Construction Before/After Hours (NM1),Queens,11363.0,Closed,Online,6
63609265,2025-01-02 05:20:00,2025-01-03 01:32:00,DEP,Noise,Noise: Construction Before/After Hours (NM1),Manhattan,10032.0,Closed,Online,0
63609266,2025-01-02 21:05:00,2025-01-03 16:33:00,DEP,Noise,Noise: Construction Before/After Hours (NM1),Manhattan,10032.0,Closed,Online,0
63609283,2025-01-02 18:29:00,2025-02-25 10:05:00,DEP,Water System,Dirty Water (WE),Queens,11375.0,Closed,Online,53
63609284,2025-01-02 20:05:00,2025-01-04 05:45:00,DEP,Water System,Hydrant Leaking (WC1),Brooklyn,11237.0,Closed,Online,1
63609290,2025-01-02 09:26:00,2025-01-03 09:27:00,DEP,Water Conservation,Illegal Use Of A Hydrant (CIN),Queens,11363.0,Closed,Online,1
63609396,2025-01-02 10:14:00,2025-01-06 08:43:00,DEP,Lead,Lead Kit Request (Residential) (L10),Staten Island,10305.0,Closed,Online,3
63609397,2025-01-02 09:44:00,2025-01-06 08:43:00,DEP,Lead,Lead Kit Request (Residential) (L10),Queens,11434.0,Closed,Online,3
63609410,2025-01-02 21:17:00,2025-01-06 08:45:00,DEP,Lead,Lead Kit Request (Residential) (L10),Queens,11385.0,Closed,Online,3
63609425,2025-01-02 08:23:00,2025-01-07 12:45:00,DEP,Noise,Noise: Construction Equipment (NC1),Queens,11363.0,Closed,Online,5
63609444,2025-01-02 14:32:00,2025-01-02 17:55:00,DEP,Sewer,Sewer Backup (Use Comments) (SA),Brooklyn,11209.0,Closed,Phone,0
63609461,2025-01-02 17:44:00,2025-01-02 21:09:00,DEP,Industrial Waste,Waterway-Color (IHD),Brooklyn,11235.0,Closed,Online,0
63609473,2025-01-02 05:53:00,2025-01-02 06:58:00,DEP,Water System,Leak (Use Comments) (WA2),Queens,11377.0,Closed,Online,0
63609479,2025-01-02 14:50:00,2025-01-06 08:44:00,DEP,Lead,Lead Kit Request (Residential) (L10),Brooklyn,11209.0,Closed,Phone,3
63609480,2025-01-02 13:32:00,2025-01-06 08:44:00,DEP,Lead,Lead Kit Request (Residential) (L10),Brooklyn,11206.0,Closed,Online,3
63609481,2025-01-02 12:20:00,2025-01-06 08:43:00,DEP,Lead,Lead Kit Request (Residential) (L10),Manhattan,10026.0,Closed,Online,3
63609482,2025-01-02 01:20:00,2025-01-03 14:22:00,DEP,Lead,Lead Kit Request (Residential) (L10),Bronx,10469.0,Closed,Online,1
63609488,2025-01-02 13:44:00,2025-01-02 13:50:00,DEP,Water System,Possible Water Main Break (Use Comments) (WA1),Queens,11367.0,Closed,Phone,0
63609499,2025-01-02 19:35:00,2025-01-03 09:44:00,DEP,Lead,Lead Kit Request (Residential) (L10),Manhattan,10013.0,Closed,Phone,0
63609518,2025-01-02 20:08:00,2025-01-02 22:40:00,DEP,Sewer,Sewer Backup (Use Comments) (SA),Brooklyn,11208.0,Closed,Phone,0
63609520,2025-01-02 15:05:00,2025-01-02 15:59:00,DEP,Sewer,Street Flooding (SJ),Bronx,10465.0,Closed,Phone,0
63609529,2025-01-02 08:32:00,2025-01-02 19:35:00,DEP,Water System,Hydrant Defective (WC2),Bronx,10458.0,Closed,Phone,0
63609542,2025-01-02 08:50:00,2025-01-02 08:58:00,DEP,Water System,Leak (Use Comments) (WA2),Queens,11427.0,Closed,Phone,0
63609551,2025-01-02 21:53:00,2025-01-07 12:45:00,DEP,Water System,Leak (Use Comments) (WA2),Brooklyn,11237.0,Closed,Phone,4
63609552,2025-01-02 19:11:00,2025-01-04 16:45:00,DEP,Water System,Leak (Use Comments) (WA2),Queens,11364.0,Closed,Phone,1
63609859,2025-01-02 08:11:00,2025-01-03 08:00:00,DEP,Noise,Noise:  lawn care equipment (NCL),Queens,11432.0,Closed,Online,0
63610524,2025-01-03 13:17:00,2025-01-13 09:20:00,DEP,Water System,Excessive Water In Basement (WEFB),Brooklyn,11220.0,Closed,Phone,9
63610651,2025-01-03 12:26:00,2025-01-03 13:40:00,DEP,Hazardous Materials,"Oil Spill On Street, Large (HQL)",Brooklyn,11204.0,Closed,Phone,0
63610729,2025-01-03 03:08:00,2025-01-03 21:45:00,DEP,Noise,Noise: Construction Before/After Hours (NM1),Manhattan,10028.0,Closed,Online,0
63610753,2025-01-03 01:56:00,2025-01-04 02:00:00,DEP,Noise,Noise: Construction Before/After Hours (NM1),Brooklyn,11211.0,Closed,Online,1
63610888,2025-01-03 12:29:00,2025-01-06 12:45:00,DEP,Air Quality,"Air: Odor/Fumes, Restaurant (AD2)",Manhattan,10019.0,Closed,Online,3
63610889,2025-01-03 04:35:00,2025-01-03 05:14:00,DEP,Air Quality,"Air: Odor/Fumes, Vehicle Idling (AD3)",Manhattan,10001.0,Closed,Phone,0
63610906,2025-01-03 11:20:00,2025-01-03 12:35:00,DEP,Hazardous Materials,Chemical Odor (HD1),Staten Island,10304.0,Closed,Phone,0
63610912,2025-01-03 14:38:00,2025-01-06 12:36:00,DEP,Lead,Lead Kit Request (Residential) (L10),Brooklyn,11238.0,Closed,Online,2
63610913,2025-01-03 14:38:00,2025-01-06 12:35:00,DEP,Lead,Lead Kit Request (Residential) (L10),Brooklyn,11238.0,Closed,Online,2
63610916,2025-01-03 14:29:00,2025-01-06 12:36:00,DEP,Lead,Lead Kit Request (Residential) (L10),Manhattan,10016.0,Closed,Online,2
63610929,2025-01-03 08:29:00,2025-01-06 08:45:00,DEP,Lead,Lead Kit Request (Residential) (L10),Manhattan,10032.0,Closed,Online,3
63610969,2025-01-03 12:26:00,2025-01-06 12:35:00,DEP,Lead,Lead Kit Request (Residential) (L10),Queens,11365.0,Closed,Phone,3
63611006,2025-01-03 12:02:00,2025-01-06 12:35:00,DEP,Lead,Lead Kit Request (Residential) (L10),Queens,11375.0,Closed,Online,3
63611230,2025-01-03 23:08:00,2025-01-07 13:01:00,DEP,Noise,"Noise, Barking Dog (NR5)",Brooklyn,11207.0,Closed,Online,3
63611249,2025-01-03 13:17:00,2025-01-07 08:53:00,DEP,Noise,"Noise, Barking Dog (NR5)",Manhattan,10027.0,Closed,Online,3
63611315,2025-01-03 18:26:00,2025-01-07 15:06:00,DEP,Noise,"Noise, Barking Dog (NR5)",Staten Island,10301.0,Closed,Online,3
63611330,2025-01-03 13:23:00,2025-01-07 12:27:00,DEP,Noise,"Noise, Barking Dog (NR5)",Brooklyn,11216.0,Closed,Online,3
63611344,2025-01-03 07:29:00,2025-01-09 16:45:00,DEP,Noise,"Noise, Barking Dog (NR5)",Bronx,10465.0,Closed,Online,6
63611404,2025-01-03 01:32:00,2025-01-03 16:36:00,DEP,Noise,Noise: Construction Before/After Hours (NM1),Manhattan,10028.0,Closed,Online,0
63611406,2025-01-03 22:41:00,2025-01-08 00:30:00,DEP,Noise,Noise: Construction Before/After Hours (NM1),Manhattan,10002.0,Closed,Online,4
63611407,2025-01-03 22:26:00,2025-01-07 00:00:00,DEP,Noise,Noise: Construction Before/After Hours (NM1),Brooklyn,11215.0,Closed,Phone,3
63611408,2025-01-03 07:32:00,2025-01-06 09:45:00,DEP,Noise,Noise: Construction Equipment (NC1),Manhattan,10023.0,Closed,Online,3
63611409,2025-01-03 05:11:00,2025-01-07 02:00:00,DEP,Noise,Noise: Construction Before/After Hours (NM1),Brooklyn,11225.0,Closed,Online,3
63611415,2025-01-03 21:53:00,2025-01-06 15:23:00,DEP,Noise,Noise: Construction Before/After Hours (NM1),Manhattan,10028.0,Closed,Online,2
63611423,2025-01-03 21:53:00,2025-01-10 23:00:00,DEP,Noise,Noise: Construction Before/After Hours (NM1),Manhattan,10030.0,Closed,Online,7
63611463,2025-01-03 22:20:00,2025-01-07 02:38:00,DEP,Noise,Noise: Construction Equipment (NC1),Manhattan,10014.0,Closed,Online,3
63611464,2025-01-03 08:14:00,2025-01-06 07:30:00,DEP,Noise,Noise: Jack Hammering (NC2),Queens,11101.0,Closed,Online,2
63611465,2025-01-03 14:08:00,2025-01-06 14:00:00,DEP,Noise,Noise: Construction Equipment (NC1),Queens,11419.0,Closed,Phone,2
63611496,2025-01-03 00:05:00,2025-01-06 10:50:00,DEP,Sewer,Catch Basin Sunken/Damaged/Raised (SC1),Brooklyn,11218.0,Closed,Phone,3
63611500,2025-01-03 14:05:00,2025-01-04 08:30:00,DEP,Sewer,Catch Basin Search (SC2),Queens,11426.0,Closed,Phone,0
63611527,2025-01-03 15:44:00,2025-01-03 18:13:00,DEP,Sewer,Manhole Overflow (Use Comments) (SA1),Queens,11358.0,Closed,Online,0
63611585,2025-01-03 10:56:00,2025-01-03 12:55:00,DEP,Sewer,Sewer Backup (Use Comments) (SA),Queens,11422.0,Closed,Phone,0
63611592,2025-01-03 22:47:00,2025-01-04 05:35:00,DEP,Sewer,Street Flooding (SJ),Queens,11102.0,Closed,Online,0
63611597,2025-01-03 14:02:00,2025-01-03 17:45:00,DEP,Sewer,Sewer Backup (Use Comments) (SA),Brooklyn,11204.0,Closed,Phone,0
63611635,2025-01-03 14:26:00,2025-01-03 14:26:00,DEP,Water System,Dirty Water (WE),Manhattan,10025.0,Closed,Phone,0
63611700,2025-01-03 21:56:00,2025-02-27 05:34:00,DEP,Water System,Dirty Water (WE),Queens,11367.0,Closed,Phone,54
63611706,2025-01-03 17:11:00,2025-01-07 08:58:00,DEP,Water System,Dirty Water (WE),Staten Island,10314.0,Closed,Phone,3
63611712,2025-01-03 15:59:00,2025-01-06 17:35:00,DEP,Water System,Dirty Water (WE),Brooklyn,11204.0,Closed,Phone,3
63611716,2025-01-03 14:29:00,2025-02-25 10:05:00,DEP,Water System,Dirty Water (WE),Queens,11413.0,Closed,Phone,52
63611729,2025-01-03 09:20:00,2025-02-04 13:15:00,DEP,Water System,Hydrant Defective (WC2),Bronx,10453.0,Closed,Phone,32
63611746,2025-01-03 04:08:00,2025-01-03 07:55:00,DEP,Water System,Hydrant Running Full (WA4),Brooklyn,11220.0,Closed,Phone,0
63611748,2025-01-03 17:29:00,2025-01-03 19:53:00,DEP,Water System,Leak (Use Comments) (WA2),Queens,11414.0,Closed,Phone,0
63611749,2025-01-03 16:14:00,2025-01-10 19:13:00,DEP,Noise,Noise: air condition/ventilation equipment (NV1),Manhattan,10012.0,Closed,Online,7
63611751,2025-01-03 17:38:00,2025-01-03 19:04:00,DEP,Water System,Possible Water Main Break (Use Comments) (WA1),Queens,11412.0,Closed,Phone,0
63611752,2025-01-03 15:26:00,2025-01-03 15:47:00,DEP,Water System,Possible Water Main Break (Use Comments) (WA1),Queens,11417.0,Closed,Phone,0
63611754,2025-01-03 15:41:00,2025-01-04 02:20:00,DEP,Water System,Hydrant Running (WC3),Brooklyn,11237.0,Closed,Phone,0
63611755,2025-01-03 15:41:00,2025-01-09 20:45:00,DEP,Water System,Hydrant Running Full (WA4),Queens,11417.0,Closed,Mobile,6
63611756,2025-01-03 06:08:00,2025-01-30 10:40:00,DEP,Water System,Hydrant Leaking (WC1),Bronx,10465.0,Closed,Online,27
63611758,2025-01-03 22:17:00,2025-01-07 16:22:00,DEP,Noise,Noise: air condition/ventilation equipment (NV1),Manhattan,10024.0,Closed,Online,3
63611759,2025-01-03 10:05:00,2025-01-08 10:06:00,DEP,Noise,Noise: air condition/ventilation equipment (NV1),Manhattan,10019.0,Closed,Online,5
63611760,2025-01-03 15:29:00,2025-01-03 17:15:00,DEP,Water System,Leak (Use Comments) (WA2),Brooklyn,11234.0,Closed,Phone,0
63611767,2025-01-03 15:35:00,2025-01-03 15:55:00,DEP,Water System,No Water (WNW),Staten Island,10304.0,Closed,Online,0
63611768,2025-01-03 08:41:00,2025-01-03 09:00:00,DEP,Water System,Hydrant Running Full (WA4),Queens,11102.0,Closed,Online,0
63611776,2025-01-03 07:59:00,2025-01-03 08:20:00,DEP,Water System,Possible Water Main Break (Use Comments) (WA1),Queens,11368.0,Closed,Phone,0
63611777,2025-01-03 14:23:00,2025-01-10 19:11:00,DEP,Noise,Noise: air condition/ventilation equipment (NV1),Manhattan,10033.0,Closed,Phone,7
63611801,2025-01-03 14:47:00,2025-01-03 14:59:00,DEP,Water System,Possible Water Main Break (Use Comments) (WA1),Brooklyn,11234.0,Closed,Phone,0
63611802,2025-01-03 01:44:00,2025-01-03 05:20:00,DEP,Water System,Possible Water Main Break (Use Comments) (WA1),Brooklyn,11220.0,Closed,Phone,0
63611917,2025-01-03 18:38:00,2025-01-06 07:34:00,DEP,Water Quality,Clear Water With Other Particles (Use Comments) (QEZ),Bronx,10473.0,Closed,Online,2
63612138,2025-01-03 14:08:00,2025-01-06 11:09:00,DEP,Sewer,RAIN GARDEN DEBRIS (GIRGD),Brooklyn,11236.0,Closed,Phone,2
63613209,2025-01-03 14:53:00,2025-01-06 12:35:00,DEP,Lead,Lead Kit Request (Residential) (L10),Brooklyn,11234.0,Closed,Phone,2
63613213,2025-01-03 21:47:00,2025-01-06 15:23:00,DEP,Noise,Noise: Construction Before/After Hours (NM1),Manhattan,10028.0,Closed,Online,2
63613214,2025-01-03 08:20:00,2025-01-06 14:44:00,DEP,Noise,Noise: Construction Equipment (NC1),Manhattan,10028.0,Closed,Online,3
63613215,2025-01-03 00:53:00,2025-01-06 12:04:00,DEP,Water Quality,unknown odor/taste in drinking water (QA6),Queens,11370.0,Closed,Online,3
63613216,2025-01-03 23:05:00,2025-01-06 15:23:00,DEP,Noise,Noise: Construction Before/After Hours (NM1),Manhattan,10028.0,Closed,Online,2
63613217,2025-01-03 16:59:00,2025-01-06 16:00:00,DEP,Air Quality,"Air: Odor/Fumes, Vehicle Idling (AD3)",Queens,11377.0,Closed,Online,2
63613218,2025-01-03 09:20:00,2025-01-06 08:30:00,DEP,Noise,Noise: Construction Equipment (NC1),Queens,11106.0,Closed,Online,2
63613219,2025-01-03 08:26:00,2025-01-08 15:00:00,DEP,Noise,Noise: Construction Equipment (NC1),Manhattan,10030.0,Closed,Online,5
63613220,2025-01-03 08:26:00,2025-01-06 09:50:00,DEP,Noise,Noise: Jack Hammering (NC2),Manhattan,10022.0,Closed,Phone,3
63613221,2025-01-03 00:14:00,2025-01-06 08:45:00,DEP,Lead,Lead Kit Request (Residential) (L10),Manhattan,10016.0,Closed,Online,3
63613222,2025-01-03 22:02:00,2025-01-07 16:23:00,DEP,Noise,Noise: air condition/ventilation equipment (NV1),Queens,11365.0,Closed,Online,3
63613224,2025-01-03 08:11:00,2025-01-03 10:00:00,DEP,Sewer,Sewer Backup (Use Comments) (SA),Queens,11419.0,Closed,Phone,0
63613225,2025-01-03 14:44:00,2025-01-03 16:35:00,DEP,Sewer,Sewer Backup (Use Comments) (SA),Queens,11434.0,Closed,Phone,0
63613227,2025-01-03 04:17:00,2025-01-07 11:35:00,DEP,Noise,"Noise, Barking Dog (NR5)",Bronx,10458.0,Closed,Phone,4
63613228,2025-01-03 14:32:00,2025-01-03 19:00:00,DEP,Sewer,Sewer Backup (Use Comments) (SA),Staten Island,10314.0,Closed,Phone,0
63613229,2025-01-03 13:44:00,2025-01-03 14:15:00,DEP,Sewer,Street Flooding (SJ),Bronx,10473.0,Closed,Phone,0
63613230,2025-01-03 12:08:00,2025-01-04 04:30:00,DEP,Noise,Noise: Alarms (NR3),Queens,11366.0,Closed,Online,0
63613232,2025-01-03 23:47:00,2025-01-06 06:08:00,DEP,Noise,Noise: Alarms (NR3),Manhattan,10032.0,Closed,Online,2
63613233,2025-01-03 09:41:00,2025-02-25 10:05:00,DEP,Water System,Dirty Water (WE),Queens,11413.0,Closed,Phone,53
63613234,2025-01-03 08:44:00,2025-02-25 10:05:00,DEP,Water System,Dirty Water (WE),Queens,11435.0,Closed,Online,53
63613235,2025-01-03 23:23:00,2025-01-06 15:23:00,DEP,Noise,Noise: Construction Before/After Hours (NM1),Manhattan,10028.0,Closed,Online,2
63613236,2025-01-03 23:32:00,2025-01-06 15:23:00,DEP,Noise,Noise: Construction Before/After Hours (NM1),Manhattan,10028.0,Closed,Phone,2
63613237,2025-01-03 07:38:00,2025-01-07 21:30:00,DEP,Noise,Noise: Construction Before/After Hours (NM1),Manhattan,10009.0,Closed,Online,4
63613238,2025-01-03 22:32:00,2025-01-07 21:45:00,DEP,Water System,Hydrant Leaking (WC1),Bronx,10465.0,Closed,Mobile,3
63613239,2025-01-03 02:26:00,2025-01-03 04:00:00,DEP,Noise,Noise: Construction Before/After Hours (NM1),Queens,11364.0,Closed,Online,0
63613240,2025-01-03 20:50:00,2025-01-06 23:00:00,DEP,Noise,Noise: Construction Equipment (NC1),Queens,11106.0,Closed,Phone,3
63613241,2025-01-03 07:23:00,2025-01-07 06:30:00,DEP,Noise,Noise: Construction Before/After Hours (NM1),Manhattan,10016.0,Closed,Online,3
63613242,2025-01-03 14:29:00,2025-01-07 09:00:00,DEP,Noise,Noise: Construction Equipment (NC1),Manhattan,10003.0,Closed,Phone,3
63613243,2025-01-03 22:59:00,2025-01-06 15:23:00,DEP,Noise,Noise: Jack Hammering (NC2),Manhattan,10028.0,Closed,Online,2
63613244,2025-01-03 07:17:00,2025-01-11 14:00:00,DEP,Water System,Hydrant Running (WC3),Queens,11105.0,Closed,Phone,8
63613245,2025-01-03 09:41:00,2025-01-03 09:41:00,DEP,Water System,Leak (Use Comments) (WA2),Manhattan,10031.0,Closed,Phone,0
63613246,2025-01-03 23:29:00,2025-01-06 17:36:00,DEP,Noise,Noise: air condition/ventilation equipment (NV1),Manhattan,10028.0,Closed,Phone,2
63613247,2025-01-03 10:38:00,2025-01-18 12:30:00,DEP,Water System,Possible Water Main Break (Use Comments) (WA1),Queens,11436.0,Closed,Phone,15
63613248,2025-01-03 12:47:00,2025-01-03 13:05:00,DEP,Sewer,Sewer Backup (Use Comments) (SA),Bronx,10470.0,Closed,Phone,0
63613249,2025-01-03 19:11:00,2025-01-15 08:39:00,DEP,Water Quality,"Taste/Odor, Chemical (QA2)",Brooklyn,11206.0,Closed,Online,11
63613251,2025-01-03 15:32:00,2025-01-06 16:45:00,DEP,Water Conservation,Water Meter Broken/Leaking - Other (CMO),Brooklyn,11201.0,Closed,Online,3
63613252,2025-01-03 17:44:00,2025-01-03 21:45:00,DEP,Sewer,Sewer Backup (Use Comments) (SA),Queens,11429.0,Closed,Phone,0
63613276,2025-01-03 13:53:00,2025-01-04 01:35:00,DEP,Water System,Hydrant Running (WC3),Brooklyn,11216.0,Closed,Mobile,0
63613277,2025-01-03 08:35:00,2025-01-12 13:45:00,DEP,Water System,Hydrant Running (WC3),Queens,11419.0,Closed,Mobile,9
63613278,2025-01-03 18:23:00,2025-01-06 14:30:00,DEP,Water System,Hydrant Leaking (WC1),Manhattan,10016.0,Closed,Mobile,2
63613304,2025-01-03 15:11:00,2025-01-03 15:20:00,DEP,Water System,Leak (Use Comments) (WA2),Queens,11417.0,Closed,Phone,0
63613305,2025-01-03 10:02:00,2025-01-03 10:05:00,DEP,Water System,Leak (Use Comments) (WA2),Brooklyn,11205.0,Closed,Phone,0
63613313,2025-01-03 22:20:00,2025-01-03 22:26:00,DEP,Water System,Possible Water Main Break (Use Comments) (WA1),Brooklyn,11234.0,Closed,Phone,0
63613314,2025-01-03 14:32:00,2025-01-03 14:56:00,DEP,Water System,Possible Water Main Break (Use Comments) (WA1),Brooklyn,11201.0,Closed,Online,0
63613315,2025-01-03 07:32:00,2025-01-03 07:35:00,DEP,Water System,Leak (Use Comments) (WA2),Queens,11364.0,Closed,Phone,0
63613316,2025-01-03 11:08:00,2025-01-03 11:20:00,DEP,Water System,Leak (Use Comments) (WA2),Queens,11421.0,Closed,Phone,0
63613317,2025-01-03 09:47:00,2025-01-14 12:00:00,DEP,Water System,Leak (Use Comments) (WA2),Queens,11354.0,Closed,Phone,11
63613327,2025-01-03 14:44:00,2025-02-20 08:00:00,DEP,Water System,Possible Water Main Break (Use Comments) (WA1),Brooklyn,11208.0,Closed,Phone,47
63613328,2025-01-03 18:26:00,2025-01-06 07:33:00,DEP,Water Quality,"Cloudy Or Milky, Other (Use Comments) (QBZ)",Bronx,10473.0,Closed,Online,2
63613329,2025-01-03 15:20:00,2025-01-06 10:20:00,DEP,Water System,Leak (Use Comments) (WA2),Queens,11413.0,Closed,Online,2
63614753,2025-01-03 03:59:00,2025-01-03 21:30:00,DEP,Noise,Noise: Alarms (NR3),Manhattan,10025.0,Closed,Online,0
63614754,2025-01-03 19:50:00,2025-01-06 06:08:00,DEP,Air Quality,"Air: Odor/Fumes, Vehicle Idling (AD3)",Manhattan,10026.0,Closed,Online,2
63614755,2025-01-03 15:47:00,2025-01-07 10:30:00,DEP,Air Quality,"Air: Odor/Fumes, Vehicle Idling (AD3)",Manhattan,10024.0,Closed,Online,3
63614756,2025-01-03 14:14:00,2025-01-06 12:36:00,DEP,Lead,Lead Kit Request (Residential) (L10),Brooklyn,11216.0,Closed,Online,2
63614757,2025-01-03 13:38:00,2025-01-06 12:35:00,DEP,Lead,Lead Kit Request (Residential) (L10),Brooklyn,11231.0,Closed,Phone,2
63614759,2025-01-03 18:08:00,2025-01-06 11:32:00,DEP,Water Quality,"Oil, Grease In Water (QD1)",Bronx,10473.0,Closed,Online,2
63614760,2025-01-03 14:02:00,2025-01-09 15:07:00,DEP,Lead,Lead Kit Request (Residential) (L10),Staten Island,10304.0,Closed,Phone,6
63614761,2025-01-03 09:53:00,2025-01-06 12:35:00,DEP,Lead,Lead Kit Request (Residential) (L10),Brooklyn,11209.0,Closed,Online,3
63614762,2025-01-03 08:41:00,2025-01-06 08:45:00,DEP,Lead,Lead Kit Request (Residential) (L10),Queens,11435.0,Closed,Online,3
63614763,2025-01-03 01:20:00,2025-01-03 20:00:00,DEP,Noise,Noise: Construction Before/After Hours (NM1),Manhattan,10016.0,Closed,Online,0
63614764,2025-01-03 15:20:00,2025-01-06 15:23:00,DEP,Noise,Noise: Jack Hammering (NC2),Manhattan,10028.0,Closed,Online,3
63614765,2025-01-03 13:32:00,2025-01-09 10:00:00,DEP,Water System,Excessive Water In Basement (WEFB),Brooklyn,11208.0,Closed,Phone,5
63614766,2025-01-03 12:17:00,2025-01-07 13:08:00,DEP,Noise,"Noise, Barking Dog (NR5)",Brooklyn,11230.0,Closed,Phone,4
63614767,2025-01-03 13:29:00,2025-01-08 08:05:00,DEP,Sewer,Catch Basin Search (SC2),Queens,11356.0,Closed,Phone,4
63614768,2025-01-03 10:20:00,2025-01-06 12:00:00,DEP,Air Quality,"Air: Odor/Fumes, Vehicle Idling (AD3)",Manhattan,10024.0,Closed,Online,3
63614769,2025-01-03 17:14:00,2025-01-06 12:36:00,DEP,Lead,Lead Kit Request (Residential) (L10),Brooklyn,11222.0,Closed,Online,2
63614770,2025-01-03 14:29:00,2025-01-06 12:35:00,DEP,Lead,Lead Kit Request (Residential) (L10),Staten Island,10314.0,Closed,Phone,2
63614771,2025-01-03 09:53:00,2025-01-06 12:35:00,DEP,Lead,Lead Kit Request (Residential) (L10),Queens,11373.0,Closed,Online,3
63614774,2025-01-03 13:59:00,2025-01-06 12:35:00,DEP,Lead,Lead Kit Request (Residential) (L10),Brooklyn,11225.0,Closed,Online,2
63614776,2025-01-03 21:23:00,2025-01-07 02:38:00,DEP,Noise,Noise: Construction Before/After Hours (NM1),Manhattan,10014.0,Closed,Online,3
63614777,2025-01-03 04:41:00,2025-01-08 04:00:00,DEP,Noise,Noise: Construction Before/After Hours (NM1),Brooklyn,11212.0,Closed,Phone,4
63614778,2025-01-03 12:41:00,2025-01-08 07:00:00,DEP,Noise,Noise: Construction Before/After Hours (NM1),Brooklyn,11206.0,Closed,Online,4
63614779,2025-01-03 18:29:00,2025-01-06 19:45:00,DEP,Noise,Noise: Construction Equipment (NC1),Queens,11366.0,Closed,Online,3
63614780,2025-01-03 23:56:00,2025-01-06 06:08:00,DEP,Noise,Noise: Alarms (NR3),Manhattan,10019.0,Closed,Online,2
63614781,2025-01-03 21:50:00,2025-01-06 06:08:00,DEP,Noise,Noise: Alarms (NR3),Manhattan,10040.0,Closed,Online,2
63614783,2025-01-03 00:02:00,2025-01-03 16:36:00,DEP,Noise,Noise: Construction Before/After Hours (NM1),Manhattan,10028.0,Closed,Online,0
63614784,2025-01-03 23:20:00,2025-01-07 20:56:00,DEP,Noise,Noise: Construction Before/After Hours (NM1),Manhattan,10033.0,Closed,Phone,3
63614785,2025-01-03 01:47:00,2025-01-03 16:36:00,DEP,Noise,Noise: Construction Before/After Hours (NM1),Manhattan,10028.0,Closed,Online,0
63614786,2025-01-03 13:35:00,2025-01-03 16:00:00,DEP,Sewer,Catch Basin Clogged/Flooding (Use Comments) (SC),Brooklyn,11210.0,Closed,Online,0
63614787,2025-01-03 22:53:00,2025-01-06 15:23:00,DEP,Noise,Noise: Construction Equipment (NC1),Manhattan,10028.0,Closed,Online,2
63614788,2025-01-03 07:35:00,2025-01-06 12:00:00,DEP,Noise,Noise: Jack Hammering (NC2),Manhattan,10028.0,Closed,Online,3
63614789,2025-01-03 10:26:00,2025-01-03 10:26:00,DEP,Water System,Leak (Use Comments) (WA2),Manhattan,10019.0,Closed,Phone,0
63614790,2025-01-03 09:26:00,2025-01-03 10:30:00,DEP,Water System,Leak (Use Comments) (WA2),Staten Island,10310.0,Closed,Phone,0
63614791,2025-01-03 11:44:00,2025-01-03 11:51:00,DEP,Water System,Leak (Use Comments) (WA2),Brooklyn,11234.0,Closed,Phone,0
63614792,2025-01-03 16:08:00,2025-01-07 20:40:00,DEP,Water System,Dirty Water (WE),Brooklyn,11211.0,Closed,Online,4
63614793,2025-01-03 10:17:00,2025-01-03 14:00:00,DEP,Sewer,Sewer Odor (SA2),Queens,11421.0,Closed,Online,0
63614794,2025-01-03 12:08:00,2025-01-04 11:35:00,DEP,Water System,Hydrant Leaking (WC1),Staten Island,10304.0,Closed,Phone,0
63614799,2025-01-03 19:41:00,2025-01-03 19:58:00,DEP,Water System,Leak (Use Comments) (WA2),Brooklyn,11234.0,Closed,Online,0
63614801,2025-01-03 09:05:00,2025-01-03 09:06:00,DEP,Water System,Leak (Use Comments) (WA2),Brooklyn,11234.0,Closed,Phone,0
63614802,2025-01-03 08:32:00,2025-01-03 08:45:00,DEP,Water System,Leak (Use Comments) (WA2),Staten Island,10304.0,Closed,Online,0
63614807,2025-01-03 14:05:00,2025-01-03 14:15:00,DEP,Water System,Hydrant Running (WC3),Queens,11370.0,Closed,Phone,0
63614808,2025-01-03 09:50:00,2025-01-07 12:25:00,DEP,Water System,Hydrant Knocked Over/Missing (WC),Manhattan,10026.0,Closed,Online,4
63614809,2025-01-03 22:02:00,2025-01-03 22:07:00,DEP,Water System,Possible Water Main Break (Use Comments) (WA1),Queens,11433.0,Closed,Phone,0
63614819,2025-01-03 21:17:00,2025-01-04 14:34:00,DEP,Water System,Possible Water Main Break (Use Comments) (WA1),Bronx,10468.0,Closed,Phone,0
63614820,2025-01-03 12:17:00,2025-01-04 04:33:00,DEP,Air Quality,"Air: Smoke, Vehicular (AA4)",Queens,11366.0,Closed,Online,0
63614831,2025-01-03 17:02:00,2025-01-03 18:54:00,DEP,Water System,Leak (Use Comments) (WA2),Queens,11368.0,Closed,Phone,0
63614841,2025-01-03 10:17:00,2025-01-03 19:00:00,DEP,Water System,Leak (Use Comments) (WA2),Staten Island,10312.0,Closed,Phone,0
63614842,2025-01-03 11:17:00,2025-01-15 21:00:00,DEP,Water System,Leak (Use Comments) (WA2),Queens,11369.0,Closed,Online,12
63614843,2025-01-03 22:11:00,2025-01-03 22:11:00,DEP,Water System,Possible Water Main Break (Use Comments) (WA1),Manhattan,10024.0,Closed,Phone,0
63614858,2025-01-03 21:47:00,2025-01-03 22:01:00,DEP,Water System,Possible Water Main Break (Use Comments) (WA1),Queens,11419.0,Closed,Online,0
63614859,2025-01-03 08:23:00,2025-01-22 10:15:00,DEP,Water System,Leak (Use Comments) (WA2),Queens,11358.0,Closed,Phone,19
63614860,2025-01-03 15:05:00,2025-01-07 07:06:00,DEP,Water Conservation,"Wasting Faucets,Sinks,Flushometer,Urinal,Etc. - Private Residence (CWR)",Queens,11413.0,Closed,Online,3
63615146,2025-01-03 13:44:00,2025-01-06 10:22:00,DEP,Water Quality,"No Sampling Required, Requested Information (QG2)",Queens,11432.0,Closed,Phone,2
63616274,2025-01-03 08:38:00,2025-01-03 10:55:00,DEP,Water System,Excessive Water In Basement (WEFB),Brooklyn,11233.0,Closed,Online,0
63616276,2025-01-03 10:08:00,2025-01-16 11:30:00,DEP,Water System,Hydrant Leaking (WC1),Manhattan,10013.0,Closed,Mobile,13
63616277,2025-01-03 00:05:00,2025-01-04 02:30:00,DEP,Noise,Noise: Alarms (NR3),Brooklyn,11216.0,Closed,Phone,1
63616278,2025-01-03 12:26:00,2025-01-03 13:40:00,DEP,Hazardous Materials,Chemical Odor (HD1),Queens,11364.0,Closed,Online,0
63616281,2025-01-03 12:26:00,2025-01-06 16:00:00,DEP,Air Quality,"Air: Smoke, Chimney or vent (AS1)",Manhattan,10002.0,Closed,Online,3
63616282,2025-01-03 19:56:00,2025-01-06 12:36:00,DEP,Lead,Lead Kit Request (Residential) (L10),Queens,11385.0,Closed,Online,2
63616283,2025-01-03 10:11:00,2025-01-06 12:35:00,DEP,Lead,Lead Kit Request (Residential) (L10),Staten Island,10301.0,Closed,Phone,3
63616284,2025-01-03 09:29:00,2025-01-06 12:35:00,DEP,Lead,Lead Kit Request (Residential) (L10),Staten Island,10307.0,Closed,Online,3
63616285,2025-01-03 12:20:00,2025-01-06 12:35:00,DEP,Lead,Lead Kit Request (Residential) (L10),Brooklyn,11217.0,Closed,Online,3
63616288,2025-01-03 18:29:00,2025-01-07 14:04:00,DEP,Noise,"Noise, Barking Dog (NR5)",Queens,11105.0,Closed,Online,3
63616289,2025-01-03 14:02:00,2025-01-07 11:07:00,DEP,Noise,"Noise, Barking Dog (NR5)",Bronx,10462.0,Closed,Online,3
63616292,2025-01-03 08:26:00,2025-01-07 12:11:00,DEP,Noise,"Noise, Barking Dog (NR5)",Brooklyn,11206.0,Closed,Online,4
63616293,2025-01-03 09:29:00,2025-01-04 04:30:00,DEP,Noise,Noise: Alarms (NR3),Queens,11366.0,Closed,Online,0
63616294,2025-01-03 09:23:00,2025-01-04 04:29:00,DEP,Noise,Noise: Alarms (NR3),Queens,11366.0,Closed,Online,0
63616296,2025-01-03 08:44:00,2025-01-04 01:00:00,DEP,Noise,Noise: Manufacturing Noise (NK1),Brooklyn,11231.0,Closed,Online,0
63616297,2025-01-03 13:47:00,2025-01-07 10:30:00,DEP,Air Quality,"Air: Odor/Fumes, Vehicle Idling (AD3)",Brooklyn,11216.0,Closed,Online,3
63616298,2025-01-03 17:32:00,2025-01-06 15:00:00,DEP,Noise,Noise: Construction Before/After Hours (NM1),Bronx,10460.0,Closed,Online,2
63616299,2025-01-03 05:26:00,2025-01-08 19:30:00,DEP,Noise,Noise: Construction Before/After Hours (NM1),Bronx,10467.0,Closed,Phone,5
63616300,2025-01-03 02:20:00,2025-01-08 04:00:00,DEP,Noise,Noise: Construction Before/After Hours (NM1),Queens,11422.0,Closed,Online,5
63616302,2025-01-03 17:35:00,2025-01-06 09:12:00,DEP,Lead,Lead Kit Request (Residential) (L10),Bronx,10453.0,Closed,Online,2
63616303,2025-01-03 08:50:00,2025-01-08 11:45:00,DEP,Air Quality,"Air: Odor/Fumes, Vehicle Idling (AD3)",Manhattan,10037.0,Closed,Online,5
63616305,2025-01-03 10:29:00,2025-01-06 12:35:00,DEP,Lead,Lead Kit Request (Residential) (L10),Brooklyn,11215.0,Closed,Phone,3
63616306,2025-01-03 11:32:00,2025-01-06 12:35:00,DEP,Lead,Lead Kit Request (Residential) (L10),Brooklyn,11217.0,Closed,Online,3
63616307,2025-01-03 02:08:00,2025-01-03 17:20:00,DEP,Noise,Noise: Jack Hammering (NC2),Manhattan,10009.0,Closed,Online,0
63616309,2025-01-03 11:11:00,2025-01-06 12:35:00,DEP,Lead,Lead Kit Request (Residential) (L10),Brooklyn,11205.0,Closed,Phone,3
63616312,2025-01-03 11:44:00,2025-01-03 14:15:00,DEP,Sewer,Manhole Overflow (Use Comments) (SA1),Brooklyn,11229.0,Closed,Phone,0
63616314,2025-01-03 17:11:00,2025-01-03 19:20:00,DEP,Sewer,Sewer Backup (Use Comments) (SA),Queens,11432.0,Closed,Phone,0
63616315,2025-01-03 17:05:00,2025-01-03 19:50:00,DEP,Sewer,Sewer Backup (Use Comments) (SA),Queens,11420.0,Closed,Phone,0
63616317,2025-01-03 14:11:00,2025-01-04 08:40:00,DEP,Sewer,Catch Basin Search (SC2),Queens,11432.0,Closed,Phone,0
63616318,2025-01-03 15:02:00,2025-01-03 15:20:00,DEP,Water System,Hydrant Defective (WC2),Queens,11412.0,Closed,Online,0
63616319,2025-01-03 08:53:00,2025-01-03 09:00:00,DEP,Water System,Leak (Use Comments) (WA2),Queens,11369.0,Closed,Phone,0
63616320,2025-01-03 13:23:00,2025-01-15 20:35:00,DEP,Water System,Leak (Use Comments) (WA2),Queens,11691.0,Closed,Phone,12
63616321,2025-01-03 16:44:00,2025-01-10 16:20:00,DEP,Sewer,Manhole Cover Missing (Emergency) (SA3),Manhattan,10022.0,Closed,Phone,6
63616322,2025-01-03 02:29:00,2025-01-03 03:15:00,DEP,Sewer,Sewer Backup (Use Comments) (SA),Brooklyn,11236.0,Closed,Online,0
63616325,2025-01-03 11:08:00,2025-02-05 07:00:00,DEP,Water System,Leak (Use Comments) (WA2),Queens,11428.0,Closed,Phone,32
63616326,2025-01-03 12:17:00,2025-01-04 04:32:00,DEP,Air Quality,"Air: Smoke, Vehicular (AA4)",Queens,11366.0,Closed,Online,0
63616333,2025-01-03 12:17:00,2025-01-04 04:33:00,DEP,Air Quality,"Air: Smoke, Vehicular (AA4)",Queens,11365.0,Closed,Online,0
63616334,2025-01-03 08:47:00,2025-01-03 09:00:00,DEP,Water System,Leak (Use Comments) (WA2),Queens,11001.0,Closed,Phone,0
63616340,2025-01-03 10:47:00,2025-01-05 12:15:00,DEP,Water System,Dirty Water (WE),Staten Island,10314.0,Closed,Online,2
63616347,2025-01-03 08:35:00,2025-01-03 08:40:00,DEP,Water System,Possible Water Main Break (Use Comments) (WA1),Queens,11364.0,Closed,Phone,0
63616367,2025-01-03 13:29:00,2025-01-04 00:50:00,DEP,Water System,Hydrant Running (WC3),Brooklyn,11221.0,Closed,Mobile,0
63616383,2025-01-03 14:02:00,2025-01-03 21:30:00,DEP,Water System,Leak (Use Comments) (WA2),Staten Island,10301.0,Closed,Phone,0
63616484,2025-01-03 15:56:00,2025-01-08 13:30:00,DEP,Noise,Noise: Construction Equipment (NC1),Brooklyn,11218.0,Closed,Online,4
63616518,2025-01-03 21:14:00,2025-01-04 01:55:00,DEP,Water System,LOW WATER PRESSURE - WLWP,Brooklyn,11218.0,Closed,Online,0
63616531,2025-01-03 08:29:00,2025-01-03 11:30:00,DEP,Noise,Noise: Jack Hammering (NC2),Queens,11103.0,Closed,Online,0
63616554,2025-01-03 11:08:00,2025-01-16 09:47:00,DEP,Sewer,RAIN GARDEN DEBRIS (GIRGD),Queens,11418.0,Closed,Online,12
63616573,2025-01-03 11:20:00,2025-01-16 09:48:00,DEP,Sewer,RAIN GARDEN DEBRIS (GIRGD),Queens,11418.0,Closed,Online,12
63616603,2025-01-03 10:20:00,2025-01-06 10:27:00,DEP,Sewer,RAIN GARDEN DEBRIS (GIRGD),Brooklyn,11236.0,Closed,Online,3
63617822,2025-01-03 15:02:00,2025-01-28 17:55:00,DEP,Noise,Noise: air condition/ventilation equipment (NV1),Queens,11372.0,Closed,Online,25
63617829,2025-01-03 14:47:00,2025-01-06 06:08:00,DEP,Air Quality,"Air: Odor/Fumes, Vehicle Idling (AD3)",Manhattan,10036.0,Closed,Online,2
63617830,2025-01-03 19:47:00,2025-01-06 12:36:00,DEP,Lead,Lead Kit Request (Residential) (L10),Queens,11412.0,Closed,Online,2
63617831,2025-01-03 08:53:00,2025-01-06 08:46:00,DEP,Lead,Lead Kit Request (Residential) (L10),Brooklyn,11249.0,Closed,Online,2
63617832,2025-01-03 23:14:00,2025-01-07 10:02:00,DEP,Noise,"Noise, Barking Dog (NR5)",Manhattan,10001.0,Closed,Online,3
63617834,2025-01-03 08:50:00,2025-03-14 10:00:00,DEP,Water Quality,"Taste/Odor, Chlorine (QA1)",Staten Island,10312.0,Closed,Online,70
63617835,2025-01-03 01:44:00,2025-01-03 05:14:00,DEP,Air Quality,"Air: Odor/Fumes, Vehicle Idling (AD3)",Manhattan,10016.0,Closed,Online,0
63617836,2025-01-03 00:32:00,2025-01-03 16:33:00,DEP,Noise,Noise: Construction Before/After Hours (NM1),Manhattan,10032.0,Closed,Phone,0
63617837,2025-01-03 23:26:00,2025-01-04 02:00:00,DEP,Noise,Noise: Construction Before/After Hours (NM1),Staten Island,10302.0,Closed,Online,0
63617838,2025-01-03 23:20:00,2025-01-06 15:23:00,DEP,Noise,Noise: Construction Before/After Hours (NM1),Manhattan,10028.0,Closed,Phone,2
63617839,2025-01-03 16:38:00,2025-01-09 14:00:00,DEP,Noise,"Noise, Barking Dog (NR5)",Brooklyn,11215.0,Closed,Online,5
63617840,2025-01-03 09:47:00,2025-01-03 11:30:00,DEP,Hazardous Materials,Chemical Odor (HD1),Brooklyn,11201.0,Closed,Online,0
63617841,2025-01-03 11:53:00,2025-01-03 13:10:00,DEP,Hazardous Materials,Chemical Odor (HD1),Queens,11364.0,Closed,Online,0
63617842,2025-01-03 14:47:00,2025-01-06 12:35:00,DEP,Lead,Lead Kit Request (Residential) (L10),Brooklyn,11220.0,Closed,Online,2
63617843,2025-01-03 07:44:00,2025-01-06 08:45:00,DEP,Lead,Lead Kit Request (Residential) (L10),Manhattan,10011.0,Closed,Online,3
63617844,2025-01-03 19:41:00,2025-01-07 02:43:00,DEP,Noise,Noise: Construction Before/After Hours (NM1),Brooklyn,11223.0,Closed,Online,3
63617845,2025-01-03 02:20:00,2025-01-07 00:00:00,DEP,Noise,Noise: Construction Before/After Hours (NM1),Queens,11422.0,Closed,Online,3
63617847,2025-01-03 04:26:00,2025-01-06 08:45:00,DEP,Water Quality,"Taste/Odor, Sewer (QA5)",Manhattan,10034.0,Closed,Phone,3
63617848,2025-01-03 12:47:00,2025-01-06 12:35:00,DEP,Lead,Lead Kit Request (Residential) (L10),Brooklyn,11228.0,Closed,Phone,2
63617849,2025-01-03 02:56:00,2025-01-03 22:30:00,DEP,Noise,Noise: Construction Before/After Hours (NM1),Manhattan,10003.0,Closed,Phone,0
63617850,2025-01-03 09:29:00,2025-01-07 12:56:00,DEP,Noise,"Noise, Barking Dog (NR5)",Brooklyn,11225.0,Closed,Online,4
63617851,2025-01-03 02:17:00,2025-01-03 22:00:00,DEP,Noise,Noise: Construction Before/After Hours (NM1),Queens,11422.0,Closed,Online,0
63617852,2025-01-03 15:20:00,2025-01-03 22:00:00,DEP,Sewer,Sewer Backup (Use Comments) (SA),Brooklyn,11206.0,Closed,Phone,0
63617853,2025-01-03 14:26:00,2025-01-06 12:36:00,DEP,Lead,Lead Kit Request (Residential) (L10),Bronx,10458.0,Closed,Phone,2
63617854,2025-01-03 08:26:00,2025-01-06 08:45:00,DEP,Lead,Lead Kit Request (Residential) (L10),Brooklyn,11210.0,Closed,Online,3
63617855,2025-01-03 10:53:00,2025-01-06 12:35:00,DEP,Lead,Lead Kit Request (Residential) (L10),Manhattan,10019.0,Closed,Online,3
63617856,2025-01-03 13:17:00,2025-01-03 13:27:00,DEP,Water Conservation,Water Meter Broken/Leaking - Other (CMO),Brooklyn,11201.0,Closed,Online,0
63617857,2025-01-03 23:17:00,2025-01-07 13:02:00,DEP,Noise,"Noise, Barking Dog (NR5)",Brooklyn,11207.0,Closed,Online,3
63617859,2025-01-03 23:26:00,2025-01-06 15:23:00,DEP,Noise,Noise: Construction Before/After Hours (NM1),Manhattan,10028.0,Closed,Phone,2
63617860,2025-01-03 22:56:00,2025-01-07 02:42:00,DEP,Noise,Noise: Construction Before/After Hours (NM1),Brooklyn,11215.0,Closed,Online,3
63617861,2025-01-03 10:23:00,2025-01-07 10:15:00,DEP,Noise,Noise: Construction Before/After Hours (NM1),Queens,11354.0,Closed,Online,3
63617862,2025-01-03 02:26:00,2025-01-08 02:00:00,DEP,Noise,Noise: Construction Before/After Hours (NM1),Queens,11418.0,Closed,Online,4
63617863,2025-01-03 14:29:00,2025-01-05 12:45:00,DEP,Water System,Dirty Water (WE),Staten Island,10314.0,Closed,Online,1
63617864,2025-01-03 02:23:00,2025-01-04 01:00:00,DEP,Noise,Noise: Construction Before/After Hours (NM1),Queens,11375.0,Closed,Online,0
63617865,2025-01-03 02:23:00,2025-01-03 21:00:00,DEP,Noise,Noise: Construction Before/After Hours (NM1),Queens,11411.0,Closed,Online,0
63617866,2025-01-03 18:11:00,2025-01-03 21:00:00,DEP,Sewer,Sewer Backup (Use Comments) (SA),Queens,11429.0,Closed,Online,0
63617867,2025-01-03 01:50:00,2025-01-09 21:45:00,DEP,Noise,Noise: Construction Before/After Hours (NM1),Brooklyn,11211.0,Closed,Online,6
63617868,2025-01-03 23:29:00,2025-01-06 15:23:00,DEP,Noise,Noise: Jack Hammering (NC2),Manhattan,10028.0,Closed,Online,2
63617869,2025-01-03 09:59:00,2025-01-03 11:15:00,DEP,Sewer,Sewer Backup (Use Comments) (SA),Brooklyn,11234.0,Closed,Phone,0
63617870,2025-01-03 14:41:00,2025-01-06 07:48:00,DEP,Water Conservation,Water Meter Broken/Leaking - Private Residence (CMR),Brooklyn,11203.0,Closed,Phone,2
63617878,2025-01-03 14:02:00,2025-01-03 15:15:00,DEP,Sewer,Manhole Cover Missing (Emergency) (SA3),Manhattan,10005.0,Closed,Phone,0
63617879,2025-01-03 16:59:00,2025-01-03 18:30:00,DEP,Sewer,Sewer Backup (Use Comments) (SA),Staten Island,10305.0,Closed,Phone,0
63617880,2025-01-03 09:59:00,2025-01-03 12:15:00,DEP,Sewer,Sewer Backup (Use Comments) (SA),Brooklyn,11236.0,Closed,Phone,0
63617881,2025-01-03 08:23:00,2025-01-03 09:40:00,DEP,Sewer,Sewer Backup (Use Comments) (SA),Queens,11372.0,Closed,Phone,0
63617890,2025-01-03 08:29:00,2025-01-10 12:10:00,DEP,Water System,Hydrant Running (WC3),Queens,11417.0,Closed,Phone,7
63617901,2025-01-03 23:32:00,2025-01-03 23:32:00,DEP,Water System,Hydrant Running Full (WA4),Manhattan,10024.0,Closed,Mobile,0
63617902,2025-01-03 20:05:00,2025-01-03 20:10:00,DEP,Water System,Leak (Use Comments) (WA2),Brooklyn,11205.0,Closed,Phone,0
63617903,2025-01-03 08:56:00,2025-01-03 09:00:00,DEP,Water System,Leak (Use Comments) (WA2),Queens,11435.0,Closed,Phone,0
63617904,2025-01-03 08:26:00,2025-01-03 08:26:00,DEP,Water System,Leak (Use Comments) (WA2),Manhattan,10009.0,Closed,Phone,0
63617905,2025-01-03 12:38:00,2025-01-03 14:20:00,DEP,Sewer,Sewer Backup (Use Comments) (SA),Staten Island,10312.0,Closed,Phone,0
63617906,2025-01-03 12:32:00,2025-02-25 10:05:00,DEP,Water System,Dirty Water (WE),Queens,11385.0,Closed,Online,52
63617915,2025-01-03 10:41:00,2025-01-03 10:49:00,DEP,Water System,Leak (Use Comments) (WA2),Brooklyn,11234.0,Closed,Phone,0
63617916,2025-01-03 22:14:00,2025-01-03 22:14:00,DEP,Water System,Possible Water Main Break (Use Comments) (WA1),Manhattan,10024.0,Closed,Phone,0
63617917,2025-01-03 19:26:00,2025-01-03 19:50:00,DEP,Water System,Possible Water Main Break (Use Comments) (WA1),Queens,11379.0,Closed,Phone,0
63617918,2025-01-03 16:50:00,2025-01-03 16:59:00,DEP,Water System,Possible Water Main Break (Use Comments) (WA1),Brooklyn,11236.0,Closed,Phone,0
63617932,2025-01-03 16:11:00,2025-02-25 10:05:00,DEP,Water System,Dirty Water (WE),Queens,11357.0,Closed,Phone,52
63617933,2025-01-03 16:08:00,2025-01-07 09:05:00,DEP,Water System,Dirty Water (WE),Staten Island,10314.0,Closed,Online,3
63617934,2025-01-03 18:53:00,2025-01-03 19:43:00,DEP,Water System,Leak (Use Comments) (WA2),Queens,11375.0,Closed,Online,0
63617949,2025-01-03 10:38:00,2025-01-03 11:40:00,DEP,Water System,Leak (Use Comments) (WA2),Manhattan,10028.0,Closed,Online,0
63617960,2025-01-03 08:23:00,2025-01-03 08:35:00,DEP,Water System,Leak (Use Comments) (WA2),Queens,11363.0,Closed,Phone,0
63617961,2025-01-03 23:11:00,2025-01-04 11:55:00,DEP,Water System,Leak (Use Comments) (WA2),Staten Island,10306.0,Closed,Online,0
63617975,2025-01-03 18:47:00,2025-01-14 12:20:00,DEP,Water System,Leak (Use Comments) (WA2),Queens,11375.0,Closed,Phone,10
63618129,2025-01-03 15:56:00,2025-01-04 13:30:00,DEP,Water System,LOW WATER PRESSURE - WLWP,Bronx,10472.0,Closed,Phone,0
63619347,2025-01-03 23:17:00,2025-01-09 20:45:00,DEP,Noise,Noise: air condition/ventilation equipment (NV1),Brooklyn,11207.0,Closed,Online,5
63619355,2025-01-03 08:56:00,2025-01-07 17:47:00,DEP,Noise,Noise: air condition/ventilation equipment (NV1),Manhattan,10033.0,Closed,Online,4
63619356,2025-01-03 12:53:00,2025-01-28 11:00:00,DEP,Noise,Noise: air condition/ventilation equipment (NV1),Manhattan,10018.0,Closed,Online,24
63619357,2025-01-03 12:11:00,2025-01-24 11:00:00,DEP,Noise,Noise: air condition/ventilation equipment (NV1),Manhattan,10128.0,Closed,Phone,20
63619358,2025-01-03 11:56:00,2025-01-10 18:54:00,DEP,Noise,Noise: air condition/ventilation equipment (NV1),Manhattan,10025.0,Closed,Online,7
63619359,2025-01-03 10:02:00,2025-01-14 08:45:00,DEP,Water System,Excessive Water In Basement (WEFB),Brooklyn,11205.0,Closed,Phone,10
63619360,2025-01-03 19:50:00,2025-01-07 13:30:00,DEP,Noise,Noise: Construction Before/After Hours (NM1),Brooklyn,11214.0,Closed,Phone,3
63619361,2025-01-03 08:29:00,2025-01-06 16:00:00,DEP,Air Quality,"Air: Odor/Fumes, Vehicle Idling (AD3)",Staten Island,10301.0,Closed,Phone,3
63619362,2025-01-03 20:32:00,2025-01-06 12:36:00,DEP,Lead,Lead Kit Request (Residential) (L10),Brooklyn,11223.0,Closed,Online,2
63619363,2025-01-03 12:20:00,2025-01-06 12:35:00,DEP,Lead,Lead Kit Request (Residential) (L10),Manhattan,10016.0,Closed,Online,3
63619365,2025-01-03 21:02:00,2025-01-08 18:30:00,DEP,Noise,"Noise, Barking Dog (NR5)",Brooklyn,11219.0,Closed,Online,4
63619366,2025-01-03 05:02:00,2025-01-07 11:03:00,DEP,Noise,"Noise, Barking Dog (NR5)",Bronx,10467.0,Closed,Online,4
63619367,2025-01-03 18:41:00,2025-01-07 15:30:00,DEP,Air Quality,"Air: Odor/Fumes, Restaurant (AD2)",Brooklyn,11238.0,Closed,Online,3
63619368,2025-01-03 09:29:00,2025-01-04 04:29:00,DEP,Noise,Noise: Alarms (NR3),Queens,11366.0,Closed,Online,0
63619369,2025-01-03 11:05:00,2025-01-06 12:35:00,DEP,Lead,Lead Kit Request (Residential) (L10),Bronx,10472.0,Closed,Phone,3
63619370,2025-01-03 10:35:00,2025-01-03 11:50:00,DEP,Hazardous Materials,Chemical Odor (HD1),Queens,11364.0,Closed,Online,0
63619371,2025-01-03 11:59:00,2025-01-06 12:35:00,DEP,Lead,Lead Kit Request (Residential) (L10),Brooklyn,11225.0,Closed,Online,3
63619372,2025-01-03 17:05:00,2025-01-06 12:36:00,DEP,Lead,Lead Kit Request (Residential) (L10),Queens,11004.0,Closed,Online,2
63619373,2025-01-03 16:17:00,2025-01-06 12:36:00,DEP,Lead,Lead Kit Request (Residential) (L10),Brooklyn,11215.0,Closed,Online,2
63619374,2025-01-03 13:44:00,2025-01-09 07:00:00,DEP,Noise,Noise: Construction Before/After Hours (NM1),Brooklyn,11226.0,Closed,Online,5
63619375,2025-01-03 17:20:00,2025-01-06 18:04:00,DEP,Noise,Noise: Construction Equipment (NC1),Bronx,10460.0,Closed,Online,3
63619376,2025-01-03 10:53:00,2025-01-06 16:30:00,DEP,Noise,Noise: Construction Equipment (NC1),Bronx,10473.0,Closed,Online,3
63619377,2025-01-03 00:41:00,2025-01-06 15:54:00,DEP,Noise,"Noise, Barking Dog (NR5)",Manhattan,10032.0,Closed,Phone,3
63619379,2025-01-03 19:44:00,2025-01-06 06:08:00,DEP,Noise,Noise: Alarms (NR3),Queens,11414.0,Closed,Online,2
63619380,2025-01-03 11:44:00,2025-01-03 13:15:00,DEP,Sewer,Street Flooding (SJ),Queens,11358.0,Closed,Online,0
63619381,2025-01-03 07:23:00,2025-01-06 11:00:00,DEP,Noise,Noise: Construction Equipment (NC1),Manhattan,10021.0,Closed,Online,3
63619382,2025-01-03 08:14:00,2025-01-06 15:58:00,DEP,Noise,Noise: Construction Equipment (NC1),Manhattan,10016.0,Closed,Online,3
63619383,2025-01-03 07:08:00,2025-01-07 08:00:00,DEP,Noise,Noise: Construction Before/After Hours (NM1),Brooklyn,11207.0,Closed,Phone,4
63619385,2025-01-03 07:59:00,2025-01-04 03:45:00,DEP,Sewer,Catch Basin Clogged/Flooding (Use Comments) (SC),Queens,11426.0,Closed,Phone,0
63619386,2025-01-03 07:02:00,2025-01-08 16:45:00,DEP,Noise,Noise: Construction Equipment (NC1),Brooklyn,11211.0,Closed,Online,5
63619387,2025-01-03 23:11:00,2025-01-06 15:23:00,DEP,Noise,Noise: Construction Before/After Hours (NM1),Manhattan,10028.0,Closed,Phone,2
63619388,2025-01-03 06:26:00,2025-01-08 06:30:00,DEP,Noise,Noise: Construction Before/After Hours (NM1),Brooklyn,11238.0,Closed,Online,5
63619389,2025-01-03 12:35:00,2025-01-04 00:35:00,DEP,Water System,Dirty Water (WE),Manhattan,10003.0,Closed,Online,0
63619390,2025-01-03 20:29:00,2025-01-06 10:10:00,DEP,Sewer,Catch Basin Search (SC2),Manhattan,10014.0,Closed,Phone,2
63619391,2025-01-03 17:32:00,2025-01-09 09:25:00,DEP,Sewer,Catch Basin Sunken/Damaged/Raised (SC1),Queens,11358.0,Closed,Phone,5
63619393,2025-01-03 12:50:00,2025-01-04 09:35:00,DEP,Sewer,Catch Basin Clogged/Flooding (Use Comments) (SC),Queens,11361.0,Closed,Phone,0
63619394,2025-01-03 09:29:00,2025-01-07 11:00:00,DEP,Noise,Noise: Construction Equipment (NC1),Manhattan,10025.0,Closed,Phone,4
63619395,2025-01-03 22:41:00,2025-01-05 11:15:00,DEP,Sewer,Catch Basin Clogged/Flooding (Use Comments) (SC),Brooklyn,11211.0,Closed,Online,1
63619396,2025-01-03 14:11:00,2025-01-12 13:10:00,DEP,Water System,Hydrant Leaking (WC1),Queens,11385.0,Closed,Online,8
63619397,2025-01-03 15:35:00,2025-01-04 11:40:00,DEP,Sewer,Catch Basin Clogged/Flooding (Use Comments) (SC),Queens,11379.0,Closed,Phone,0
63619398,2025-01-03 08:08:00,2025-01-03 14:15:00,DEP,Sewer,Catch Basin Clogged/Flooding (Use Comments) (SC),Brooklyn,11235.0,Closed,Phone,0
63619400,2025-01-03 13:23:00,2025-01-03 14:40:00,DEP,Sewer,Sewer Backup (Use Comments) (SA),Queens,11432.0,Closed,Phone,0
63619401,2025-01-03 14:02:00,2025-01-03 14:15:00,DEP,Water System,Leak (Use Comments) (WA2),Queens,11429.0,Closed,Phone,0
63619402,2025-01-03 13:44:00,2025-01-05 18:00:00,DEP,Water System,Leak (Use Comments) (WA2),Queens,11385.0,Closed,Online,2
63619403,2025-01-03 10:23:00,2025-01-03 11:00:00,DEP,Water System,Hydrant Defective (WC2),Queens,11101.0,Closed,Phone,0
63619404,2025-01-03 06:38:00,2025-01-03 06:38:00,DEP,Water System,Hydrant Defective (WC2),Manhattan,10013.0,Closed,Phone,0
63619405,2025-01-03 16:38:00,2025-01-03 18:48:00,DEP,Water System,Hydrant Leaking (WC1),Queens,11427.0,Closed,Mobile,0
63619406,2025-01-03 18:50:00,2025-02-26 10:05:00,DEP,Water System,Dirty Water (WE),Queens,11422.0,Closed,Phone,53
63619407,2025-01-03 21:26:00,2025-01-04 06:20:00,DEP,Water System,Hydrant Leaking (WC1),Brooklyn,11221.0,Closed,Phone,0
63619408,2025-01-03 08:50:00,2025-01-03 10:35:00,DEP,Water System,Possible Water Main Break (Use Comments) (WA1),Bronx,10469.0,Closed,Online,0
63619409,2025-01-03 07:23:00,2025-01-03 07:35:00,DEP,Water System,Hydrant Running Full (WA4),Queens,11105.0,Closed,Phone,0
63619410,2025-01-03 23:56:00,2025-01-04 00:46:00,DEP,Water System,Leak (Use Comments) (WA2),Queens,11435.0,Closed,Phone,0
63619411,2025-01-03 13:59:00,2025-01-03 14:10:00,DEP,Water Conservation,Illegal Use Of A Hydrant (CIN),Bronx,10465.0,Closed,Online,0
63619412,2025-01-03 12:32:00,2025-01-04 11:31:00,DEP,Water Conservation,Illegal Use Of A Hydrant (CIN),Queens,11419.0,Closed,Phone,0
63619417,2025-01-03 11:02:00,2025-01-07 05:10:00,DEP,Water System,Leak (Use Comments) (WA2),Queens,11435.0,Closed,Phone,3
63619418,2025-01-03 12:17:00,2025-01-03 21:15:00,DEP,Water System,Possible Water Main Break (Use Comments) (WA1),Queens,11421.0,Closed,Online,0
63619419,2025-01-03 16:50:00,2025-01-08 03:35:00,DEP,Water System,Hydrant Leaking (WC1),Brooklyn,11223.0,Closed,Phone,4
63619457,2025-01-03 11:05:00,2025-01-03 21:50:00,DEP,Water System,Leak (Use Comments) (WA2),Brooklyn,11237.0,Closed,Phone,0
63619458,2025-01-03 11:53:00,2025-01-03 12:00:00,DEP,Water System,Possible Water Main Break (Use Comments) (WA1),Queens,11419.0,Closed,Phone,0
63619586,2025-01-03 14:08:00,2025-01-04 10:40:00,DEP,Water System,LOW WATER PRESSURE - WLWP,Staten Island,10305.0,Closed,Online,0
63619668,2025-01-03 11:26:00,2025-01-16 09:48:00,DEP,Sewer,RAIN GARDEN DEBRIS (GIRGD),Queens,11416.0,Closed,Online,12
63620868,2025-01-03 11:56:00,2025-01-09 11:45:00,DEP,Air Quality,"Air: Odor/Fumes, Dry Cleaners (AD1)",Brooklyn,11201.0,Closed,Online,5
63620877,2025-01-03 11:41:00,2025-01-03 12:30:00,DEP,Water System,No Water (WNW),Manhattan,10003.0,Closed,Phone,0
63620878,2025-01-03 10:50:00,2025-01-13 11:30:00,DEP,Noise,Noise: air condition/ventilation equipment (NV1),Queens,11434.0,Closed,Phone,10
63620879,2025-01-03 10:23:00,2025-01-03 11:04:00,DEP,Water System,No Water (WNW),Staten Island,10314.0,Closed,Online,0
63620881,2025-01-03 19:05:00,2025-01-06 15:00:00,DEP,Air Quality,"Air: Odor, Nail Salon (AD8)",Queens,11105.0,Closed,Online,2
63620883,2025-01-03 16:59:00,2025-01-21 09:35:00,DEP,Water System,Excessive Water In Basement (WEFB),Brooklyn,11215.0,Closed,Phone,17
63620884,2025-01-03 05:35:00,2025-01-09 07:45:00,DEP,Noise,"Noise, Other Animals (NR6)",Bronx,10458.0,Closed,Online,6
63620885,2025-01-03 10:29:00,2025-01-06 12:35:00,DEP,Lead,Lead Kit Request (Residential) (L10),Manhattan,10021.0,Closed,Online,3
63620886,2025-01-03 21:56:00,2025-01-06 12:36:00,DEP,Lead,Lead Kit Request (Residential) (L10),Staten Island,10301.0,Closed,Online,2
63620887,2025-01-03 08:17:00,2025-01-06 08:46:00,DEP,Lead,Lead Kit Request (Residential) (L10),Manhattan,10002.0,Closed,Online,3
63620888,2025-01-03 01:38:00,2025-01-06 08:45:00,DEP,Lead,Lead Kit Request (Residential) (L10),Brooklyn,11228.0,Closed,Online,3
63620889,2025-01-03 13:02:00,2025-01-06 12:35:00,DEP,Lead,Lead Kit Request (Residential) (L10),Staten Island,10302.0,Closed,Phone,2
63620892,2025-01-03 00:59:00,2025-01-29 22:15:00,DEP,Noise,Noise: air condition/ventilation equipment (NV1),Manhattan,10031.0,Closed,Phone,26
63620896,2025-01-03 22:44:00,2025-01-06 06:08:00,DEP,Noise,Noise: Alarms (NR3),Manhattan,10032.0,Closed,Online,2
63620897,2025-01-03 14:41:00,2025-01-06 12:36:00,DEP,Lead,Lead Kit Request (Residential) (L10),Brooklyn,11233.0,Closed,Online,2
63620898,2025-01-03 08:47:00,2025-01-06 08:45:00,DEP,Lead,Lead Kit Request (Residential) (L10),Staten Island,10312.0,Closed,Online,2
63620899,2025-01-03 13:17:00,2025-01-06 14:29:00,DEP,Lead,Lead Kit Request (Residential) (L10),Queens,11419.0,Closed,Phone,3
63620900,2025-01-03 00:14:00,2025-01-03 16:33:00,DEP,Noise,Noise: Construction Before/After Hours (NM1),Manhattan,10032.0,Closed,Online,0
63620901,2025-01-03 23:59:00,2025-01-06 23:30:00,DEP,Noise,Noise: Construction Before/After Hours (NM1),Manhattan,10014.0,Closed,Phone,2
63620902,2025-01-03 23:47:00,2025-01-06 15:23:00,DEP,Noise,Noise: Construction Before/After Hours (NM1),Manhattan,10028.0,Closed,Online,2
63620903,2025-01-03 23:08:00,2025-01-06 20:45:00,DEP,Noise,Noise: Construction Before/After Hours (NM1),Queens,11418.0,Closed,Phone,2
63620904,2025-01-03 21:17:00,2025-01-11 04:00:00,DEP,Noise,Noise: Construction Before/After Hours (NM1),Brooklyn,11223.0,Closed,Online,7
63620905,2025-01-03 16:47:00,2025-01-03 22:30:00,DEP,Sewer,Sewer Odor (SA2),Brooklyn,11216.0,Closed,Online,0
63620906,2025-01-03 05:50:00,2025-01-04 00:15:00,DEP,Noise,Noise: Construction Before/After Hours (NM1),Brooklyn,11201.0,Closed,Online,0
63620907,2025-01-03 09:05:00,2025-01-03 13:00:00,DEP,Noise,Noise: Alarms (NR3),Queens,11434.0,Closed,Online,0
63620908,2025-01-03 07:11:00,2025-01-07 18:00:00,DEP,Noise,Noise: Private Carting Noise (NQ1),Manhattan,10013.0,Closed,Online,4
63620909,2025-01-03 22:59:00,2025-01-08 09:25:00,DEP,Sewer,Catch Basin Clogged/Flooding (Use Comments) (SC),Queens,11105.0,Closed,Phone,4
63620910,2025-01-03 07:44:00,2025-01-09 11:15:00,DEP,Sewer,Street Flooding (SJ),Queens,11434.0,Closed,Online,6
63620912,2025-01-03 11:20:00,2025-01-03 15:30:00,DEP,Sewer,Catch Basin Clogged/Flooding (Use Comments) (SC),Brooklyn,11234.0,Closed,Phone,0
63620913,2025-01-03 11:35:00,2025-01-04 11:05:00,DEP,Sewer,Culvert Blocked/Needs Cleaning (SE),Queens,11373.0,Closed,Online,0
63620914,2025-01-03 08:59:00,2025-01-07 13:00:00,DEP,Noise,Noise: Alarms (NR3),Brooklyn,11218.0,Closed,Phone,4
63620915,2025-01-03 01:26:00,2025-01-03 19:45:00,DEP,Noise,Noise: Construction Before/After Hours (NM1),Manhattan,10004.0,Closed,Online,0
63620916,2025-01-03 14:29:00,2025-01-06 12:45:00,DEP,Air Quality,"Air: Odor/Fumes, Vehicle Idling (AD3)",Manhattan,10036.0,Closed,Phone,2
63620917,2025-01-03 09:20:00,2025-01-06 12:35:00,DEP,Lead,Lead Kit Request (Residential) (L10),Manhattan,10031.0,Closed,Online,3
63620918,2025-01-03 13:59:00,2025-01-13 09:00:00,DEP,Water System,Hydrant Running Full (WA4),Queens,11370.0,Closed,Phone,9
63620919,2025-01-03 13:17:00,2025-01-08 01:00:00,DEP,Noise,Noise: Private Carting Noise (NQ1),Brooklyn,11201.0,Closed,Online,4
63620920,2025-01-03 09:50:00,2025-01-03 09:50:00,DEP,Water System,Leak (Use Comments) (WA2),Brooklyn,11210.0,Closed,Phone,0
63620922,2025-01-03 07:08:00,2025-01-03 10:13:00,DEP,Noise,Noise: Alarms (NR3),Queens,11372.0,Closed,Online,0
63620925,2025-01-03 10:35:00,2025-01-03 13:45:00,DEP,Sewer,Manhole Overflow (Use Comments) (SA1),Brooklyn,11235.0,Closed,Phone,0
63620926,2025-01-03 11:53:00,2025-01-03 14:05:00,DEP,Sewer,Sewer Backup (Use Comments) (SA),Queens,11413.0,Closed,Online,0
63620927,2025-01-03 21:14:00,2025-01-06 06:08:00,DEP,Noise,Noise: Alarms (NR3),Staten Island,10302.0,Closed,Online,2
63620928,2025-01-03 21:53:00,2025-01-06 15:23:00,DEP,Noise,Noise: Construction Before/After Hours (NM1),Manhattan,10075.0,Closed,Online,2
63620929,2025-01-03 11:11:00,2025-01-08 07:45:00,DEP,Noise,Noise: Construction Equipment (NC1),Brooklyn,11231.0,Closed,Online,4
63620933,2025-01-03 20:08:00,2025-01-04 11:50:00,DEP,Sewer,Street Flooding (SJ),Queens,11423.0,Closed,Online,0
63620934,2025-01-03 16:02:00,2025-01-07 09:00:00,DEP,Water System,Dirty Water (WE),Staten Island,10314.0,Closed,Online,3
63620935,2025-01-03 00:53:00,2025-01-10 17:25:00,DEP,Water System,Dirty Water (WE),Bronx,10454.0,Closed,Online,7
63620936,2025-01-03 12:38:00,2025-01-03 12:47:00,DEP,Water System,Possible Water Main Break (Use Comments) (WA1),Brooklyn,11216.0,Closed,Phone,0
63620943,2025-01-03 10:47:00,2025-01-03 10:52:00,DEP,Water System,Hydrant Knocked Over/Missing (WC),Queens,11418.0,Closed,Online,0
63620944,2025-01-03 09:20:00,2025-01-03 11:35:00,DEP,Sewer,Sewer Backup (Use Comments) (SA),Staten Island,10302.0,Closed,Phone,0
63620945,2025-01-03 13:14:00,2025-01-03 13:55:00,DEP,Water Conservation,Water Meter Broken/Leaking - Private Residence (CMR),Queens,11105.0,Closed,Phone,0
63620946,2025-01-03 07:23:00,2025-01-14 10:00:00,DEP,Sewer,Catch Basin Clogged/Flooding (Use Comments) (SC),Brooklyn,11238.0,Closed,Online,11
63620959,2025-01-03 22:23:00,2025-01-03 22:23:00,DEP,Water System,Possible Water Main Break (Use Comments) (WA1),Manhattan,10021.0,Closed,Phone,0
63620960,2025-01-03 07:56:00,2025-01-03 07:56:00,DEP,Water System,Possible Water Main Break (Use Comments) (WA1),Manhattan,10013.0,Closed,Phone,0
63620971,2025-01-03 12:20:00,2025-01-04 04:32:00,DEP,Air Quality,"Air: Smoke, Vehicular (AA4)",Queens,11366.0,Closed,Online,0
63620972,2025-01-03 13:41:00,2025-01-03 17:25:00,DEP,Water System,Dirty Water (WE),Manhattan,10025.0,Closed,Phone,0
63621137,2025-01-03 17:53:00,2025-01-04 11:10:00,DEP,Water System,LOW WATER PRESSURE - WLWP,Brooklyn,11236.0,Closed,Phone,0
63622420,2025-01-03 09:11:00,2025-01-03 12:30:00,DEP,Air Quality,"Air: Odor/Fumes, Vehicle Idling (AD3)",Queens,11103.0,Closed,Online,0
63622423,2025-01-03 15:17:00,2025-01-08 13:05:00,DEP,Water System,No Water (WNW),Queens,11413.0,Closed,Online,4
63622429,2025-01-03 08:47:00,2025-01-16 09:00:00,DEP,Noise,Noise: air condition/ventilation equipment (NV1),Brooklyn,11201.0,Closed,Online,13
63622432,2025-01-03 18:23:00,2025-01-04 01:15:00,DEP,Noise,Noise: Construction Before/After Hours (NM1),Brooklyn,11229.0,Closed,Phone,0
63622434,2025-01-03 16:59:00,2025-01-10 19:15:00,DEP,Noise,Noise: air condition/ventilation equipment (NV1),Manhattan,10019.0,Closed,Online,7
63622435,2025-01-03 11:26:00,2025-01-07 12:00:00,DEP,Air Quality,"Air: Odor/Fumes, Vehicle Idling (AD3)",Queens,11354.0,Closed,Online,4
63622436,2025-01-03 13:35:00,2025-01-06 12:35:00,DEP,Lead,Lead Kit Request (Residential) (L10),Queens,11368.0,Closed,Online,2
63622437,2025-01-03 15:26:00,2025-01-03 17:05:00,DEP,Water System,No Water (WNW),Brooklyn,11228.0,Closed,Phone,0
63622438,2025-01-03 13:08:00,2025-01-06 12:35:00,DEP,Lead,Lead Kit Request (Residential) (L10),Staten Island,10310.0,Closed,Online,2
63622439,2025-01-03 12:08:00,2025-01-07 14:03:00,DEP,Noise,"Noise, Barking Dog (NR5)",Queens,11412.0,Closed,Online,4
63622442,2025-01-03 22:17:00,2025-01-06 15:23:00,DEP,Noise,Noise: Construction Before/After Hours (NM1),Manhattan,10028.0,Closed,Online,2
63622443,2025-01-03 10:14:00,2025-01-06 15:23:00,DEP,Noise,Noise: Construction Before/After Hours (NM1),Manhattan,10075.0,Closed,Online,3
63622444,2025-01-03 10:38:00,2025-01-03 14:30:00,DEP,Asbestos,Asbestos Complaint (B1),Bronx,10458.0,Closed,Phone,0
63622446,2025-01-03 19:59:00,2025-01-08 02:00:00,DEP,Noise,Noise: Private Carting Noise (NQ1),Brooklyn,11220.0,Closed,Phone,4
63622447,2025-01-03 11:20:00,2025-01-03 13:15:00,DEP,Sewer,Sewer Backup (Use Comments) (SA),Queens,11422.0,Closed,Phone,0
63622448,2025-01-03 21:32:00,2025-01-06 12:36:00,DEP,Lead,Lead Kit Request (Residential) (L10),Manhattan,10003.0,Closed,Online,2
63622449,2025-01-03 18:53:00,2025-01-07 14:25:00,DEP,Noise,"Noise, Barking Dog (NR5)",Queens,11101.0,Closed,Online,3
63622450,2025-01-03 14:32:00,2025-01-07 12:55:00,DEP,Noise,"Noise, Barking Dog (NR5)",Brooklyn,11238.0,Closed,Online,3
63622451,2025-01-03 13:50:00,2025-01-03 16:15:00,DEP,Sewer,Sewer Backup (Use Comments) (SA),Brooklyn,11236.0,Closed,Phone,0
63622452,2025-01-03 16:56:00,2025-01-03 20:25:00,DEP,Sewer,Sewer Odor (SA2),Queens,11377.0,Closed,Phone,0
63622453,2025-01-03 11:50:00,2025-01-31 13:00:00,DEP,Water System,Leak (Use Comments) (WA2),Queens,11422.0,Closed,Phone,28
63622454,2025-01-03 13:02:00,2025-01-03 13:25:00,DEP,Water Conservation,Water Meter Broken/Leaking - Private Residence (CMR),Brooklyn,11206.0,Closed,Phone,0
63622455,2025-01-03 12:47:00,2025-01-03 12:49:00,DEP,Water System,Dirty Water (WE),Bronx,10466.0,Closed,Phone,0
63622456,2025-01-03 14:35:00,2025-02-25 10:05:00,DEP,Water System,Dirty Water (WE),Queens,11104.0,Closed,Online,52
63622457,2025-01-03 12:20:00,2025-01-03 23:00:00,DEP,Noise,Noise: Construction Before/After Hours (NM1),Manhattan,10019.0,Closed,Phone,0
63622458,2025-01-03 22:26:00,2025-01-06 15:23:00,DEP,Noise,Noise: Construction Before/After Hours (NM1),Manhattan,10028.0,Closed,Online,2
63622459,2025-01-03 13:26:00,2025-01-06 14:00:00,DEP,Noise,Noise: Construction Equipment (NC1),Manhattan,10014.0,Closed,Online,3
63622460,2025-01-03 22:50:00,2025-01-06 22:00:00,DEP,Noise,Noise: Construction Equipment (NC1),Bronx,10472.0,Closed,Online,2
63622461,2025-01-03 10:05:00,2025-01-08 17:45:00,DEP,Noise,Noise: Construction Equipment (NC1),Manhattan,10034.0,Closed,Phone,5
63622462,2025-01-03 09:29:00,2025-01-09 02:50:00,DEP,Water System,Hydrant Running Full (WA4),Queens,11102.0,Closed,Mobile,5
63622463,2025-01-03 08:29:00,2025-01-03 08:30:00,DEP,Water System,Leak (Use Comments) (WA2),Brooklyn,11220.0,Closed,Phone,0
63622464,2025-01-03 08:38:00,2025-01-14 07:44:00,DEP,Water System,Leak (Use Comments) (WA2),Brooklyn,11201.0,Closed,Online,10
63622465,2025-01-03 10:08:00,2025-01-06 10:14:00,DEP,Sewer,Sewer Backup (Use Comments) (SA),Staten Island,10302.0,Closed,Phone,3
63622466,2025-01-03 13:32:00,2025-01-04 09:40:00,DEP,Sewer,Street Flooding (SJ),Queens,11412.0,Closed,Phone,0
63622467,2025-01-03 01:41:00,2025-01-04 00:00:00,DEP,Noise,Noise: Alarms (NR3),Queens,11368.0,Closed,Online,0
63622468,2025-01-03 15:35:00,2025-01-06 12:36:00,DEP,Lead,Lead Kit Request (Residential) (L10),Brooklyn,11230.0,Closed,Online,2
63622470,2025-01-03 14:47:00,2025-01-06 17:10:00,DEP,Water System,Dirty Water (WE),Brooklyn,11219.0,Closed,Online,3
63622471,2025-01-03 12:56:00,2025-01-03 19:50:00,DEP,Water System,Dirty Water (WE),Bronx,10465.0,Closed,Phone,0
63622472,2025-01-03 12:35:00,2025-01-03 22:50:00,DEP,Water System,Dirty Water (WE),Bronx,10466.0,Closed,Phone,0
63622473,2025-01-03 10:41:00,2025-01-06 12:35:00,DEP,Lead,Lead Kit Request (Residential) (L10),Queens,11429.0,Closed,Online,3
63622474,2025-01-03 19:11:00,2025-01-06 06:08:00,DEP,Air Quality,"Air: Odor/Fumes, Vehicle Idling (AD3)",Queens,11369.0,Closed,Phone,2
63622475,2025-01-03 10:47:00,2025-01-07 11:00:00,DEP,Air Quality,"Air: Odor/Fumes, Vehicle Idling (AD3)",Brooklyn,11201.0,Closed,Online,4
63622481,2025-01-03 19:20:00,2025-01-06 06:08:00,DEP,Noise,Noise: Alarms (NR3),Brooklyn,11218.0,Closed,Online,2
63622483,2025-01-03 00:56:00,2025-01-07 14:57:00,DEP,Noise,"Noise, Barking Dog (NR5)",Staten Island,10312.0,Closed,Online,4
63622495,2025-01-03 09:20:00,2025-01-03 12:00:00,DEP,Water System,Leak (Use Comments) (WA2),Brooklyn,11220.0,Closed,Phone,0
63622496,2025-01-03 17:44:00,2025-01-03 19:32:00,DEP,Water System,Possible Water Main Break (Use Comments) (WA1),Queens,11364.0,Closed,Online,0
63622497,2025-01-03 22:53:00,2025-01-06 15:23:00,DEP,Noise,Noise: Construction Before/After Hours (NM1),Manhattan,10075.0,Closed,Online,2
63622498,2025-01-03 22:14:00,2025-01-06 15:23:00,DEP,Noise,Noise: Construction Before/After Hours (NM1),Manhattan,10075.0,Closed,Online,2
63622499,2025-01-03 07:59:00,2025-01-06 09:02:00,DEP,Noise,Noise: Construction Before/After Hours (NM1),Queens,11435.0,Closed,Online,3
63622505,2025-01-03 16:05:00,2025-01-04 09:10:00,DEP,Water System,Leak (Use Comments) (WA2),Bronx,10468.0,Closed,Phone,0
63622508,2025-01-03 17:35:00,2025-01-06 09:45:00,DEP,Sewer,Catch Basin Clogged/Flooding (Use Comments) (SC),Queens,11414.0,Closed,Phone,2
63622509,2025-01-03 10:32:00,2025-01-03 13:00:00,DEP,Sewer,Catch Basin Sunken/Damaged/Raised (SC1),Queens,11378.0,Closed,Phone,0
63622510,2025-01-03 02:17:00,2025-01-04 00:00:00,DEP,Noise,Noise: Construction Before/After Hours (NM1),Queens,11422.0,Closed,Online,0
63622511,2025-01-03 15:35:00,2025-01-04 00:00:00,DEP,Noise,Noise: Construction Equipment (NC1),Manhattan,10011.0,Closed,Phone,0
63622528,2025-01-03 06:14:00,2025-01-03 07:15:00,DEP,Sewer,Sewer Backup (Use Comments) (SA),Queens,11423.0,Closed,Phone,0
63622529,2025-01-03 14:08:00,2025-01-03 14:25:00,DEP,Sewer,Manhole Overflow (Use Comments) (SA1),Bronx,10454.0,Closed,Phone,0
63622545,2025-01-03 09:20:00,2025-01-03 09:25:00,DEP,Water Conservation,Water Meter Broken/Leaking - Other (CMO),Queens,11378.0,Closed,Phone,0
63622546,2025-01-03 10:23:00,2025-01-03 12:05:00,DEP,Sewer,Sewer Backup (Use Comments) (SA),Queens,11432.0,Closed,Online,0
63622556,2025-01-03 14:50:00,2025-01-06 17:30:00,DEP,Water System,Dirty Water (WE),Brooklyn,11219.0,Closed,Phone,3
63622557,2025-01-03 07:56:00,2025-01-03 07:56:00,DEP,Water System,Hydrant Leaking (WC1),Manhattan,10029.0,Closed,Online,0
63622558,2025-01-03 14:11:00,2025-01-03 18:10:00,DEP,Sewer,Sewer Odor (SA2),Staten Island,10306.0,Closed,Phone,0
63622566,2025-01-03 10:26:00,2025-01-03 22:15:00,DEP,Water System,Hydrant Leaking (WC1),Brooklyn,11211.0,Closed,Online,0
63622567,2025-01-03 07:11:00,2025-01-03 08:05:00,DEP,Water System,Hydrant Running (WC3),Brooklyn,11237.0,Closed,Online,0
63622569,2025-01-03 07:35:00,2025-01-03 07:35:00,DEP,Water System,Hydrant Running Full (WA4),Queens,11105.0,Closed,Phone,0
63622570,2025-01-03 18:56:00,2025-01-24 11:20:00,DEP,Water System,Dirty Water (WE),Bronx,10473.0,Closed,Online,20
63622571,2025-01-03 10:47:00,2025-01-07 08:59:00,DEP,Water System,Dirty Water (WE),Staten Island,10314.0,Closed,Phone,3
63622574,2025-01-03 21:32:00,2025-01-03 21:56:00,DEP,Water System,Possible Water Main Break (Use Comments) (WA1),Queens,11373.0,Closed,Phone,0
63622576,2025-01-03 17:23:00,2025-01-03 19:29:00,DEP,Water System,Leak (Use Comments) (WA2),Queens,11364.0,Closed,Phone,0
63622578,2025-01-03 10:11:00,2025-01-03 10:35:00,DEP,Water System,Possible Water Main Break (Use Comments) (WA1),Brooklyn,11205.0,Closed,Online,0
63622579,2025-01-03 08:47:00,2025-01-03 21:50:00,DEP,Water System,Possible Water Main Break (Use Comments) (WA1),Queens,11373.0,Closed,Online,0
63622582,2025-01-03 08:56:00,2025-01-21 11:05:00,DEP,Water System,Leak (Use Comments) (WA2),Staten Island,10303.0,Closed,Online,18
63622583,2025-01-03 19:50:00,2025-01-03 20:01:00,DEP,Water System,Possible Water Main Break (Use Comments) (WA1),Brooklyn,11236.0,Closed,Phone,0
63622584,2025-01-03 16:41:00,2025-01-03 18:43:00,DEP,Water System,Possible Water Main Break (Use Comments) (WA1),Queens,11364.0,Closed,Phone,0
63622585,2025-01-03 05:17:00,2025-01-03 17:03:00,DEP,Noise,Noise: air condition/ventilation equipment (NV1),Brooklyn,11211.0,Closed,Online,0
63622591,2025-01-03 15:20:00,2025-01-10 19:25:00,DEP,Water System,Leak (Use Comments) (WA2),Queens,11429.0,Closed,Phone,7
63622687,2025-01-03 10:23:00,2025-01-03 13:00:00,DEP,Water System,LOW WATER PRESSURE - WLWP,Brooklyn,11218.0,Closed,Phone,0
63622761,2025-01-04 11:32:00,2025-01-04 14:55:00,DEP,Industrial Waste,Waterway-Color (IHD),Staten Island,10302.0,Closed,Phone,0
63622790,2025-01-04 15:29:00,2025-01-07 17:40:00,DEP,Air Quality,"Air: Odor/Fumes, Restaurant (AD2)",Manhattan,10039.0,Closed,Online,3
63622797,2025-01-04 11:41:00,2025-01-04 11:41:00,DEP,Water System,Excessive Water In Basement (WEFB),Brooklyn,11220.0,Closed,Phone,0
63622800,2025-01-04 18:26:00,2025-01-04 22:00:00,DEP,Hazardous Materials,Chemical Odor (HD1),Manhattan,10002.0,Closed,Phone,0
63622805,2025-01-04 15:26:00,2025-01-08 12:00:00,DEP,Air Quality,"Air: Odor/Fumes, Restaurant (AD2)",Manhattan,10039.0,Closed,Online,3
63622825,2025-01-04 18:41:00,2025-01-06 14:27:00,DEP,Lead,Lead Kit Request (Residential) (L10),Manhattan,10025.0,Closed,Online,1
63622826,2025-01-04 16:26:00,2025-03-21 12:01:00,DEP,Lead,Lead Kit Request (Residential) (L10),Bronx,10472.0,Closed,Phone,75
63622832,2025-01-04 19:41:00,2025-01-06 14:27:00,DEP,Lead,Lead Kit Request (Residential) (L10),Staten Island,10303.0,Closed,Online,1
63622835,2025-01-04 14:35:00,2025-01-06 14:27:00,DEP,Lead,Lead Kit Request (Residential) (L10),Brooklyn,11225.0,Closed,Online,1
63622843,2025-01-04 23:41:00,2025-01-06 14:28:00,DEP,Lead,Lead Kit Request (Residential) (L10),Brooklyn,11213.0,Closed,Online,1
63622844,2025-01-04 22:17:00,2025-01-06 14:29:00,DEP,Lead,Lead Kit Request (Residential) (L10),Queens,11375.0,Closed,Online,1
63623010,2025-01-04 09:41:00,2025-01-11 16:00:00,DEP,Noise,Noise: Construction Before/After Hours (NM1),Brooklyn,11237.0,Closed,Online,7
63623020,2025-01-04 13:20:00,2025-01-11 10:30:00,DEP,Noise,Noise: Construction Before/After Hours (NM1),Manhattan,10009.0,Closed,Online,6
63623024,2025-01-04 14:41:00,2025-01-11 09:45:00,DEP,Noise,Noise: Construction Before/After Hours (NM1),Brooklyn,11201.0,Closed,Online,6
63623029,2025-01-04 08:05:00,2025-01-11 12:46:00,DEP,Noise,Noise: Construction Before/After Hours (NM1),Manhattan,10023.0,Closed,Online,7
63623034,2025-01-04 08:14:00,2025-01-11 14:45:00,DEP,Noise,Noise: Construction Before/After Hours (NM1),Queens,11374.0,Closed,Online,7
63623099,2025-01-04 08:59:00,2025-01-06 09:30:00,DEP,Sewer,Catch Basin Clogged/Flooding (Use Comments) (SC),Queens,11101.0,Closed,Phone,2
63623110,2025-01-04 13:05:00,2025-01-04 13:40:00,DEP,Sewer,Catch Basin Clogged/Flooding (Use Comments) (SC),Brooklyn,11201.0,Closed,Phone,0
63623149,2025-01-04 00:47:00,2025-01-04 02:35:00,DEP,Sewer,Sewer Backup (Use Comments) (SA),Queens,11420.0,Closed,Phone,0
63623228,2025-01-04 22:56:00,2025-01-06 13:30:00,DEP,Water System,Dirty Water (WE),Staten Island,10301.0,Closed,Online,1
63623229,2025-01-04 22:35:00,2025-01-06 17:20:00,DEP,Water System,Dirty Water (WE),Brooklyn,11223.0,Closed,Phone,1
63623262,2025-01-04 20:29:00,2025-01-04 20:37:00,DEP,Water System,Hydrant Leaking (WC1),Brooklyn,11220.0,Closed,Mobile,0
63623283,2025-01-04 21:20:00,2026-07-17 12:00:00,DEP,Water System,Hydrant Leaking (WC1),Brooklyn,11233.0,Closed,Mobile,558
63623285,2025-01-04 09:17:00,2025-01-05 08:50:00,DEP,Water System,Hydrant Leaking (WC1),Staten Island,10304.0,Closed,Phone,0
63623290,2025-01-04 10:05:00,2025-01-05 14:00:00,DEP,Water System,Leak (Use Comments) (WA2),Manhattan,10035.0,Closed,Phone,1
63623300,2025-01-04 13:53:00,2025-01-04 13:55:00,DEP,Water System,Hydrant Running (WC3),Queens,11373.0,Closed,Mobile,0
63623328,2025-01-04 12:08:00,2025-01-16 12:30:00,DEP,Water System,Leak (Use Comments) (WA2),Queens,11434.0,Closed,Phone,12
63623347,2025-01-04 12:05:00,2025-01-04 12:07:00,DEP,Water System,Possible Water Main Break (Use Comments) (WA1),Queens,11364.0,Closed,Phone,0
63623350,2025-01-04 00:23:00,2025-01-04 12:45:00,DEP,Water System,Hydrant Running Full (WA4),Staten Island,10312.0,Closed,Mobile,0
63623352,2025-01-04 10:50:00,2025-01-04 10:50:00,DEP,Water System,Leak (Use Comments) (WA2),Brooklyn,11234.0,Closed,Online,0
63623357,2025-01-04 15:44:00,2025-01-04 15:44:00,DEP,Water System,Leak (Use Comments) (WA2),Brooklyn,11216.0,Closed,Online,0
63623361,2025-01-04 01:11:00,2025-01-06 17:05:00,DEP,Water Conservation,Illegal Use Of A Hydrant (CIN),Brooklyn,11225.0,Closed,Online,2
63623373,2025-01-04 11:02:00,2025-02-13 14:40:00,DEP,Water System,Leak (Use Comments) (WA2),Queens,11429.0,Closed,Phone,40
63623381,2025-01-04 20:20:00,2025-02-27 21:00:00,DEP,Noise,Noise: air condition/ventilation equipment (NV1),Queens,11421.0,Closed,Online,54
63623412,2025-01-04 20:26:00,2025-01-04 20:28:00,DEP,Water System,Possible Water Main Break (Use Comments) (WA1),Queens,11369.0,Closed,Online,0
63623414,2025-01-04 12:23:00,2025-01-04 12:33:00,DEP,Water System,Possible Water Main Break (Use Comments) (WA1),Queens,11412.0,Closed,Online,0
63623415,2025-01-04 04:14:00,2025-01-04 08:11:00,DEP,Water System,Possible Water Main Break (Use Comments) (WA1),Bronx,10452.0,Closed,Phone,0
63623440,2025-01-04 10:47:00,2025-01-10 19:19:00,DEP,Noise,Noise: air condition/ventilation equipment (NV1),Manhattan,10010.0,Closed,Online,6
63624180,2025-01-04 06:17:00,2025-01-04 08:45:00,DEP,Water System,LOW WATER PRESSURE - WLWP,Staten Island,10304.0,Closed,Phone,0
63624338,2025-01-04 18:50:00,2025-01-06 14:27:00,DEP,Lead,Lead Kit Request (Residential) (L10),Manhattan,10128.0,Closed,Online,1
63624339,2025-01-04 18:05:00,2025-01-06 14:27:00,DEP,Lead,Lead Kit Request (Residential) (L10),Queens,11355.0,Closed,Online,1
63624340,2025-01-04 15:56:00,2025-01-06 14:27:00,DEP,Lead,Lead Kit Request (Residential) (L10),Manhattan,10037.0,Closed,Online,1
63624362,2025-01-04 00:53:00,2025-01-07 02:00:00,DEP,Noise,Noise: Construction Before/After Hours (NM1),Queens,11101.0,Closed,Phone,3
63624369,2025-01-04 15:53:00,2025-01-07 07:58:00,DEP,Noise,Noise: Construction Equipment (NC1),Manhattan,10025.0,Closed,Online,2
63624371,2025-01-04 10:08:00,2025-01-11 11:05:00,DEP,Noise,Noise: Construction Equipment (NC1),Manhattan,10065.0,Closed,Online,7
63624394,2025-01-04 11:38:00,2025-01-07 12:12:00,DEP,Noise,"Noise, Barking Dog (NR5)",Brooklyn,11206.0,Closed,Online,3
63624395,2025-01-04 02:08:00,2025-01-07 09:34:00,DEP,Noise,"Noise, Barking Dog (NR5)",Manhattan,10030.0,Closed,Phone,3
63624396,2025-01-04 19:59:00,2025-01-06 14:27:00,DEP,Lead,Lead Kit Request (Residential) (L10),Queens,11364.0,Closed,Online,1
63624397,2025-01-04 11:35:00,2025-01-06 14:27:00,DEP,Lead,Lead Kit Request (Residential) (L10),Brooklyn,11201.0,Closed,Online,2
63624401,2025-01-04 09:26:00,2025-01-06 12:00:00,DEP,Air Quality,"Air: Odor/Fumes, Vehicle Idling (AD3)",Brooklyn,11234.0,Closed,Phone,2
63624411,2025-01-04 22:20:00,2025-01-06 06:08:00,DEP,Noise,Noise: Alarms (NR3),Queens,11414.0,Closed,Online,1
63624420,2025-01-04 23:14:00,2025-01-06 14:28:00,DEP,Lead,Lead Kit Request (Residential) (L10),Bronx,10459.0,Closed,Online,1
63624441,2025-01-04 12:05:00,2025-01-07 14:21:00,DEP,Noise,"Noise, Barking Dog (NR5)",Queens,11101.0,Closed,Online,3
63624452,2025-01-04 09:17:00,2025-01-11 15:00:00,DEP,Noise,Noise: Construction Before/After Hours (NM1),Staten Island,10312.0,Closed,Online,7
63624456,2025-01-04 03:14:00,2025-01-07 02:37:00,DEP,Noise,Noise: Jack Hammering (NC2),Manhattan,10016.0,Closed,Online,2
63624457,2025-01-04 11:17:00,2025-01-07 02:53:00,DEP,Noise,Noise: Private Carting Noise (NQ1),Queens,11101.0,Closed,Online,2
63624470,2025-01-04 14:38:00,2025-01-05 04:30:00,DEP,Water System,Dirty Water (WE),Manhattan,10024.0,Closed,Online,0
63624479,2025-01-04 12:41:00,2025-01-05 04:05:00,DEP,Sewer,Catch Basin Clogged/Flooding (Use Comments) (SC),Queens,11365.0,Closed,Online,0
63624499,2025-01-04 12:35:00,2025-01-07 01:30:00,DEP,Water System,Hydrant Leaking (WC1),Brooklyn,11214.0,Closed,Online,2
63624500,2025-01-04 10:29:00,2025-01-06 03:50:00,DEP,Water System,Hydrant Leaking (WC1),Queens,11433.0,Closed,Mobile,1
63624553,2025-01-04 13:05:00,2025-01-11 11:30:00,DEP,Noise,Noise: Construction Before/After Hours (NM1),Manhattan,10009.0,Closed,Online,6
63624560,2025-01-04 13:14:00,2025-01-04 14:24:00,DEP,Water System,Leak (Use Comments) (WA2),Queens,11434.0,Closed,Phone,0
63624612,2025-01-04 08:11:00,2025-01-07 12:30:00,DEP,Sewer,Catch Basin Search (SC2),Bronx,10472.0,Closed,Phone,3
63624621,2025-01-04 03:08:00,2025-01-07 02:37:00,DEP,Noise,Noise: Jack Hammering (NC2),Manhattan,10016.0,Closed,Online,2
63624655,2025-01-04 18:29:00,2025-01-04 18:29:00,DEP,Water System,Possible Water Main Break (Use Comments) (WA1),Brooklyn,11234.0,Closed,Phone,0
63624657,2025-01-04 13:17:00,2025-01-04 13:39:00,DEP,Water System,Possible Water Main Break (Use Comments) (WA1),Queens,11419.0,Closed,Phone,0
63624666,2025-01-04 10:08:00,2025-01-24 01:25:00,DEP,Water System,Hydrant Leaking (WC1),Queens,11413.0,Closed,Phone,19
63624686,2025-01-04 09:29:00,2025-01-04 13:20:00,DEP,Water System,Hyd Valve Box Cover Missing (WV2),Staten Island,10314.0,Closed,Phone,0
63624702,2025-01-04 04:14:00,2025-01-04 07:34:00,DEP,Water System,Leak (Use Comments) (WA2),Bronx,10452.0,Closed,Online,0
63624755,2025-01-04 09:53:00,2025-01-06 20:18:00,DEP,Water System,Leak (Use Comments) (WA2),Queens,11413.0,Closed,Phone,2
63624790,2025-01-04 15:50:00,2025-01-04 15:50:00,DEP,Water System,Hydrant Leaking (WC1),Brooklyn,11214.0,Closed,Online,0
63624792,2025-01-04 17:47:00,2025-01-05 05:10:00,DEP,Water System,Dirty Water (WE),Manhattan,10024.0,Closed,Phone,0
63624796,2025-01-04 20:14:00,2025-01-14 12:05:00,DEP,Water System,Hydrant Leaking (WC1),Queens,11694.0,Closed,Online,9
63624805,2025-01-04 16:02:00,2025-02-05 19:25:00,DEP,Noise,Noise: air condition/ventilation equipment (NV1),Manhattan,10028.0,Closed,Online,32
63624818,2025-01-04 19:26:00,2025-01-06 01:50:00,DEP,Water System,Hydrant Leaking (WC1),Brooklyn,11208.0,Closed,Mobile,1
63624860,2025-01-04 20:08:00,2025-01-04 20:17:00,DEP,Water System,Leak (Use Comments) (WA2),Queens,11421.0,Closed,Phone,0
63624934,2025-01-04 01:38:00,2025-01-04 02:45:00,DEP,Water System,Possible Water Main Break (Use Comments) (WA1),Brooklyn,11220.0,Closed,Phone,0
63624956,2025-01-04 01:26:00,2025-01-08 09:00:00,DEP,Air Quality,"Air: Smoke, Chimney or vent (AS1)",Brooklyn,11210.0,Closed,Online,4
63625157,2025-01-04 07:50:00,2025-01-04 07:50:00,DEP,Water System,No Water (WNW),Manhattan,10024.0,Closed,Online,0
63625806,2025-01-04 09:56:00,2025-01-04 09:56:00,DEP,Water System,Excessive Water In Basement (WEFB),Brooklyn,11205.0,Closed,Phone,0
63625821,2025-01-04 15:23:00,2025-01-06 11:33:00,DEP,Water Quality,"Taste/Odor, Chlorine (QA1)",Manhattan,10027.0,Closed,Online,1
63625837,2025-01-04 13:32:00,2025-01-06 14:27:00,DEP,Lead,Lead Kit Request (Residential) (L10),Queens,11369.0,Closed,Online,2
63625839,2025-01-04 12:56:00,2025-02-28 08:34:00,DEP,Lead,Lead Kit Request (Residential) (L10),Manhattan,10024.0,Closed,Online,54
63625841,2025-01-04 07:53:00,2025-01-06 14:26:00,DEP,Lead,Lead Kit Request (Residential) (L10),Staten Island,10310.0,Closed,Online,2
63625847,2025-01-04 20:05:00,2025-03-21 12:03:00,DEP,Lead,Lead Kit Request (Residential) (L10),Staten Island,10306.0,Closed,Phone,75
63625848,2025-01-04 17:47:00,2025-01-06 14:27:00,DEP,Lead,Lead Kit Request (Residential) (L10),Manhattan,10024.0,Closed,Online,1
63625852,2025-01-04 16:56:00,2025-01-06 14:27:00,DEP,Lead,Lead Kit Request (Residential) (L10),Brooklyn,11231.0,Closed,Online,1
63625855,2025-01-04 16:32:00,2025-01-06 14:27:00,DEP,Lead,Lead Kit Request (Residential) (L10),Bronx,10473.0,Closed,Phone,1
63625900,2025-01-04 09:29:00,2025-01-07 08:45:00,DEP,Noise,Noise: Alarms (NR3),Manhattan,10032.0,Closed,Online,2
63625909,2025-01-04 10:44:00,2025-01-11 13:30:00,DEP,Noise,Noise: Construction Before/After Hours (NM1),Manhattan,10013.0,Closed,Phone,7
63625910,2025-01-04 09:50:00,2025-01-11 12:30:00,DEP,Noise,Noise: Construction Before/After Hours (NM1),Manhattan,10018.0,Closed,Online,7
63625912,2025-01-04 08:23:00,2025-01-11 08:45:00,DEP,Noise,Noise: Construction Before/After Hours (NM1),Brooklyn,11201.0,Closed,Online,7
63625930,2025-01-04 13:14:00,2025-01-11 13:45:00,DEP,Noise,Noise: Construction Before/After Hours (NM1),Brooklyn,11216.0,Closed,Online,7
63625931,2025-01-04 09:35:00,2025-01-11 11:00:00,DEP,Noise,Noise: Construction Before/After Hours (NM1),Brooklyn,11222.0,Closed,Online,7
63625934,2025-01-04 09:17:00,2025-01-11 08:45:00,DEP,Noise,Noise: Construction Before/After Hours (NM1),Brooklyn,11213.0,Closed,Online,6
63625954,2025-01-04 07:56:00,2025-01-11 14:00:00,DEP,Noise,Noise: Construction Equipment (NC1),Queens,11102.0,Closed,Online,7
63625967,2025-01-04 12:08:00,2025-01-04 12:10:00,DEP,Sewer,Sewer Backup (Use Comments) (SA),Queens,11419.0,Closed,Phone,0
63625980,2025-01-04 10:41:00,2025-01-04 12:00:00,DEP,Sewer,Sewer Backup (Use Comments) (SA),Staten Island,10305.0,Closed,Phone,0
63626000,2025-01-04 00:29:00,2025-01-06 14:26:00,DEP,Lead,Lead Kit Request (Residential) (L10),Manhattan,10032.0,Closed,Online,2
63626056,2025-01-04 01:05:00,2026-07-17 12:00:00,DEP,Water System,Hydrant Knocked Over/Missing (WC),Brooklyn,11219.0,Closed,Online,559
63626068,2025-01-04 09:32:00,2025-01-04 10:09:00,DEP,Noise,Noise: Construction Before/After Hours (NM1),Manhattan,10018.0,Closed,Online,0
63626077,2025-01-04 18:53:00,2025-02-06 10:00:00,DEP,Water System,Hydrant Leaking (WC1),Queens,11004.0,Closed,Mobile,32
63626090,2025-01-04 18:38:00,2025-01-10 03:00:00,DEP,Noise,Noise: Construction Before/After Hours (NM1),Manhattan,10025.0,Closed,Online,5
63626106,2025-01-04 11:44:00,2025-01-07 07:51:00,DEP,Noise,Noise: Construction Before/After Hours (NM1),Brooklyn,11222.0,Closed,Online,2
63626109,2025-01-04 09:56:00,2025-01-11 08:30:00,DEP,Noise,Noise: Construction Before/After Hours (NM1),Manhattan,10012.0,Closed,Online,6
63626123,2025-01-04 17:38:00,2025-01-04 17:40:00,DEP,Water System,Leak (Use Comments) (WA2),Queens,11369.0,Closed,Phone,0
63626135,2025-01-04 14:08:00,2025-01-06 07:32:00,DEP,Noise,Noise: Construction Equipment (NC1),Queens,11693.0,Closed,Online,1
63626151,2025-01-04 10:26:00,2025-01-29 09:35:00,DEP,Water System,Leak (Use Comments) (WA2),Brooklyn,11209.0,Closed,Phone,24
63626154,2025-01-04 15:08:00,2025-01-04 15:18:00,DEP,Water System,Possible Water Main Break (Use Comments) (WA1),Queens,11413.0,Closed,Phone,0
63626156,2025-01-04 09:35:00,2025-01-04 09:56:00,DEP,Water System,Possible Water Main Break (Use Comments) (WA1),Queens,11364.0,Closed,Phone,0
63626171,2025-01-04 18:41:00,2025-01-04 18:41:00,DEP,Sewer,Sewer Backup (Use Comments) (SA),Bronx,10461.0,Closed,Phone,0
63626172,2025-01-04 14:17:00,2025-01-04 15:05:00,DEP,Sewer,Sewer Backup (Use Comments) (SA),Bronx,10469.0,Closed,Phone,0
63626176,2025-01-04 18:47:00,2025-01-04 20:25:00,DEP,Water System,Possible Water Main Break (Use Comments) (WA1),Bronx,10453.0,Closed,Online,0
63626216,2025-01-04 23:23:00,2025-01-06 14:27:00,DEP,Lead,Lead Kit Request (Residential) (L10),Queens,11370.0,Closed,Online,1
63626258,2025-01-04 16:32:00,2025-01-06 17:05:00,DEP,Water System,Dirty Water (WE),Brooklyn,11229.0,Closed,Phone,2
63626269,2025-01-04 07:20:00,2025-01-07 09:24:00,DEP,Noise,"Noise, Barking Dog (NR5)",Manhattan,10027.0,Closed,Online,3
63626275,2025-01-04 13:08:00,2025-01-06 19:15:00,DEP,Water System,Hydrant Leaking (WC1),Brooklyn,11219.0,Closed,Mobile,2
63626277,2025-01-04 10:38:00,2025-01-05 04:40:00,DEP,Water System,Hydrant Leaking (WC1),Brooklyn,11223.0,Closed,Online,0
63626292,2025-01-04 13:35:00,2025-01-05 14:26:00,DEP,Water System,Hydrant Running Full (WA4),Bronx,10452.0,Closed,Mobile,1
63626319,2025-01-04 16:44:00,2025-01-06 17:11:00,DEP,Water System,Leak (Use Comments) (WA2),Queens,11370.0,Closed,Online,2
63626359,2025-01-04 08:56:00,2025-01-07 07:59:00,DEP,Noise,Noise: Construction Before/After Hours (NM1),Manhattan,10023.0,Closed,Online,2
63626387,2025-01-04 09:29:00,2025-01-21 11:09:00,DEP,Noise,Noise: Jack Hammering (NC2),Queens,11105.0,Closed,Online,17
63626389,2025-01-04 21:29:00,2025-01-13 12:30:00,DEP,Sewer,Catch Basin Grating Missing (SA4),Queens,11420.0,Closed,Phone,8
63626392,2025-01-04 12:11:00,2025-01-07 10:05:00,DEP,Sewer,Catch Basin Search (SC2),Brooklyn,11226.0,Closed,Phone,2
63626422,2025-01-04 11:26:00,2025-01-04 13:00:00,DEP,Sewer,Sewer Backup (Use Comments) (SA),Staten Island,10310.0,Closed,Phone,0
63626521,2025-01-04 08:47:00,2025-01-16 12:00:00,DEP,Air Quality,"Air: Smoke, Chimney or vent (AS1)",Brooklyn,11210.0,Closed,Online,12
63626522,2025-01-04 20:26:00,2025-01-07 16:24:00,DEP,Noise,Noise: air condition/ventilation equipment (NV1),Queens,11103.0,Closed,Online,2
63626729,2025-01-04 12:50:00,2025-01-04 13:00:00,DEP,Water System,No Water (WNW),Brooklyn,11234.0,Closed,Phone,0
63627177,2025-01-04 12:02:00,2025-01-05 09:10:00,DEP,Water System,LOW WATER PRESSURE - WLWP,Staten Island,10310.0,Closed,Phone,0
63627241,2025-01-04 09:32:00,2025-04-22 17:58:00,DEP,Water System,LOW WATER PRESSURE - WLWP,Queens,11413.0,Closed,Phone,108
63627458,2025-01-04 15:17:00,2025-01-04 19:00:00,DEP,Hazardous Materials,Chemical Odor (HD1),Brooklyn,11221.0,Closed,Phone,0
63627471,2025-01-04 17:29:00,2025-01-06 14:27:00,DEP,Lead,Lead Kit Request (Residential) (L10),Brooklyn,11204.0,Closed,Online,1
63627472,2025-01-04 16:41:00,2025-01-06 14:27:00,DEP,Lead,Lead Kit Request (Residential) (L10),Brooklyn,11209.0,Closed,Online,1
63627474,2025-01-04 13:02:00,2025-01-06 14:27:00,DEP,Lead,Lead Kit Request (Residential) (L10),Queens,11435.0,Closed,Phone,2
63627477,2025-01-04 09:41:00,2025-01-06 14:26:00,DEP,Lead,Lead Kit Request (Residential) (L10),Bronx,10456.0,Closed,Phone,2
63627554,2025-01-04 09:02:00,2025-01-11 10:45:00,DEP,Noise,Noise: Construction Before/After Hours (NM1),Manhattan,10021.0,Closed,Online,7
63627574,2025-01-04 09:14:00,2025-01-11 11:30:00,DEP,Noise,Noise: Construction Equipment (NC1),Queens,11372.0,Closed,Online,7
63627612,2025-01-04 09:20:00,2025-01-11 16:00:00,DEP,Noise,Noise: Construction Before/After Hours (NM1),Staten Island,10308.0,Closed,Online,7
63627613,2025-01-04 08:11:00,2025-01-11 16:00:00,DEP,Noise,Noise: Construction Before/After Hours (NM1),Brooklyn,11229.0,Closed,Online,7
63627616,2025-01-04 06:08:00,2025-01-11 14:00:00,DEP,Noise,Noise: Construction Before/After Hours (NM1),Manhattan,10036.0,Closed,Online,7
63627646,2025-01-04 22:14:00,2025-01-05 03:10:00,DEP,Sewer,Sewer Backup (Use Comments) (SA),Brooklyn,11229.0,Closed,Online,0
63627666,2025-01-04 08:59:00,2025-03-27 08:00:00,DEP,Water Quality,"Taste/Odor, Sewer (QA5)",Queens,11385.0,Closed,Online,81
63627690,2025-01-04 12:26:00,2025-01-07 10:59:00,DEP,Noise,"Noise, Barking Dog (NR5)",Bronx,10474.0,Closed,Online,2
63627692,2025-01-04 21:08:00,2025-01-06 19:30:00,DEP,Noise,"Noise, Ice Cream Truck (NR4)",Bronx,10453.0,Closed,Online,1
63627713,2025-01-04 22:29:00,2025-01-04 22:29:00,DEP,Sewer,Sewer Backup (Use Comments) (SA),Bronx,10461.0,Closed,Phone,0
63627719,2025-01-04 10:53:00,2025-01-04 11:50:00,DEP,Sewer,Sewer Backup (Use Comments) (SA),Queens,11364.0,Closed,Online,0
63627738,2025-01-04 10:05:00,2025-01-13 08:20:00,DEP,Water System,Dirty Water (WE),Bronx,10458.0,Closed,Phone,8
63627777,2025-01-04 11:08:00,2025-01-11 09:00:00,DEP,Noise,Noise: Construction Before/After Hours (NM1),Manhattan,10065.0,Closed,Online,6
63627778,2025-01-04 09:14:00,2025-01-11 09:15:00,DEP,Noise,Noise: Construction Before/After Hours (NM1),Brooklyn,11213.0,Closed,Phone,7
63627780,2025-01-04 01:11:00,2025-01-07 18:30:00,DEP,Noise,Noise: Construction Before/After Hours (NM1),Brooklyn,11234.0,Closed,Online,3
63627805,2025-01-04 21:32:00,2026-07-17 12:00:00,DEP,Water System,Hydrant Leaking (WC1),Brooklyn,11233.0,Closed,Mobile,558
63627815,2025-01-04 07:32:00,2025-01-11 10:00:00,DEP,Noise,Noise: Construction Equipment (NC1),Brooklyn,11222.0,Closed,Online,7
63627855,2025-01-04 10:32:00,2025-01-10 09:55:00,DEP,Water System,Leak (Use Comments) (WA2),Queens,11429.0,Closed,Phone,5
63627864,2025-01-04 12:23:00,2025-01-04 12:23:00,DEP,Water System,Leak (Use Comments) (WA2),Brooklyn,11230.0,Closed,Online,0
63627891,2025-01-04 12:26:00,2025-01-04 12:34:00,DEP,Water System,Possible Water Main Break (Use Comments) (WA1),Queens,11433.0,Closed,Phone,0
63627904,2025-01-04 18:59:00,2025-01-04 19:53:00,DEP,Sewer,Manhole Cover Missing (Emergency) (SA3),Brooklyn,11214.0,Closed,Phone,0
63627910,2025-01-04 07:11:00,2025-01-04 11:47:00,DEP,Water System,Possible Water Main Break (Use Comments) (WA1),Queens,11373.0,Closed,Phone,0
63627929,2025-01-04 11:02:00,2025-01-06 12:30:00,DEP,Air Quality,"Air: Smoke, Chimney or vent (AS1)",Queens,11104.0,Closed,Online,2
63627977,2025-01-04 10:17:00,2025-01-04 10:17:00,DEP,Water System,Leak (Use Comments) (WA2),Brooklyn,11216.0,Closed,Phone,0
63628043,2025-01-04 09:26:00,2025-01-04 11:46:00,DEP,Water System,Possible Water Main Break (Use Comments) (WA1),Queens,11373.0,Closed,Phone,0
63628049,2025-01-04 19:32:00,2025-01-12 16:00:00,DEP,Water System,Leak (Use Comments) (WA2),Brooklyn,11229.0,Closed,Online,7
63628069,2025-01-04 18:41:00,2025-01-06 13:47:00,DEP,Water Conservation,Illegal Use Of A Hydrant (CIN),Bronx,10468.0,Closed,Phone,1
63628289,2025-01-04 07:02:00,2025-01-04 07:02:00,DEP,Water System,No Water (WNW),Manhattan,10024.0,Closed,Phone,0
63628975,2025-01-04 23:05:00,2025-01-06 14:27:00,DEP,Lead,Lead Kit Request (Residential) (L10),Queens,11374.0,Closed,Online,1
63628976,2025-01-04 13:02:00,2025-01-06 14:27:00,DEP,Lead,Lead Kit Request (Residential) (L10),Manhattan,10001.0,Closed,Online,2
63628989,2025-01-04 15:32:00,2025-01-07 12:12:00,DEP,Noise,"Noise, Barking Dog (NR5)",Brooklyn,11206.0,Closed,Online,2
63628990,2025-01-04 04:47:00,2025-01-07 14:02:00,DEP,Noise,"Noise, Barking Dog (NR5)",Queens,11691.0,Closed,Online,3
63629003,2025-01-04 09:35:00,2025-01-04 10:10:00,DEP,Noise,Noise: Construction Before/After Hours (NM1),Manhattan,10018.0,Closed,Online,0
63629021,2025-01-04 08:56:00,2025-01-11 12:00:00,DEP,Noise,Noise: Construction Before/After Hours (NM1),Manhattan,10023.0,Closed,Online,7
63629028,2025-01-04 13:29:00,2025-01-24 14:20:00,DEP,Water System,Dirty Water (WE),Bronx,10467.0,Closed,Phone,20
63629053,2025-01-04 14:47:00,2025-01-06 14:27:00,DEP,Lead,Lead Kit Request (Residential) (L10),Manhattan,10022.0,Closed,Online,1
63629054,2025-01-04 04:38:00,2025-01-06 14:26:00,DEP,Lead,Lead Kit Request (Residential) (L10),Brooklyn,11207.0,Closed,Online,2
63629058,2025-01-04 12:47:00,2025-01-04 13:00:00,DEP,Sewer,Sewer Backup (Use Comments) (SA),Queens,11434.0,Closed,Phone,0
63629074,2025-01-04 11:41:00,2025-01-09 11:00:00,DEP,Air Quality,"Air: Odor/Fumes, Restaurant (AD2)",Manhattan,10002.0,Closed,Phone,4
63629091,2025-01-04 18:20:00,2025-01-08 14:15:00,DEP,Air Quality,Air: Other Air Problem (Use Comments) (AZZ),Queens,11368.0,Closed,Phone,3
63629108,2025-01-04 17:20:00,2025-01-06 14:27:00,DEP,Lead,Lead Kit Request (Residential) (L10),Manhattan,10280.0,Closed,Online,1
63629109,2025-01-04 01:14:00,2025-01-06 14:26:00,DEP,Lead,Lead Kit Request (Residential) (L10),Bronx,10475.0,Closed,Online,2
63629153,2025-01-04 14:47:00,2025-01-04 17:45:00,DEP,Water System,Hydrant Leaking (WC1),Queens,11373.0,Closed,Phone,0
63629160,2025-01-04 22:20:00,2025-01-07 02:37:00,DEP,Noise,Noise: Construction Before/After Hours (NM1),Manhattan,10016.0,Closed,Online,2
63629164,2025-01-04 17:23:00,2025-01-11 10:30:00,DEP,Noise,Noise: Construction Before/After Hours (NM1),Brooklyn,11217.0,Closed,Phone,6
63629187,2025-01-04 14:14:00,2025-01-11 11:15:00,DEP,Noise,Noise: Construction Equipment (NC1),Brooklyn,11217.0,Closed,Online,6
63629188,2025-01-04 03:17:00,2025-01-11 10:30:00,DEP,Noise,Noise: Construction Equipment (NC1),Queens,11372.0,Closed,Online,7
63629224,2025-01-04 13:05:00,2025-01-11 13:45:00,DEP,Noise,Noise: Construction Before/After Hours (NM1),Brooklyn,11215.0,Closed,Online,7
63629248,2025-01-04 22:47:00,2025-01-06 14:27:00,DEP,Lead,Lead Kit Request (Residential) (L10),Manhattan,10011.0,Closed,Online,1
63629262,2025-01-04 16:11:00,2025-01-07 19:45:00,DEP,Water System,Leak (Use Comments) (WA2),Bronx,10469.0,Closed,Phone,3
63629306,2025-01-04 22:41:00,2025-01-07 12:40:00,DEP,Noise,"Noise, Barking Dog (NR5)",Brooklyn,11207.0,Closed,Online,2
63629331,2025-01-04 20:20:00,2025-01-06 08:40:00,DEP,Water System,Dirty Water (WE),Staten Island,10314.0,Closed,Phone,1
63629395,2025-01-04 20:20:00,2025-01-04 20:22:00,DEP,Water System,Leak (Use Comments) (WA2),Queens,11428.0,Closed,Online,0
63629399,2025-01-04 13:38:00,2025-01-12 15:00:00,DEP,Noise,Noise: Construction Before/After Hours (NM1),Staten Island,10309.0,Closed,Phone,8
63629401,2025-01-04 11:56:00,2025-01-11 14:45:00,DEP,Noise,Noise: Construction Before/After Hours (NM1),Brooklyn,11207.0,Closed,Online,7
63629403,2025-01-04 00:14:00,2025-01-08 00:30:00,DEP,Noise,Noise: Construction Before/After Hours (NM1),Manhattan,10021.0,Closed,Online,4
63629413,2025-01-04 17:17:00,2025-01-05 05:50:00,DEP,Water System,Dirty Water (WE),Manhattan,10005.0,Closed,Online,0
63629457,2025-01-04 14:08:00,2025-01-07 08:05:00,DEP,Sewer,Catch Basin Search (SC2),Bronx,10453.0,Closed,Phone,2
63629478,2025-01-04 21:35:00,2025-01-06 17:51:00,DEP,Noise,Noise: air condition/ventilation equipment (NV1),Staten Island,10309.0,Closed,Phone,1
63629487,2025-01-04 17:26:00,2025-01-04 18:13:00,DEP,Sewer,Sewer Backup (Use Comments) (SA),Bronx,10461.0,Closed,Phone,0
63629512,2025-01-04 12:23:00,2025-01-04 13:20:00,DEP,Water System,Possible Water Main Break (Use Comments) (WA1),Brooklyn,11236.0,Closed,Phone,0
63629513,2025-01-04 10:29:00,2025-01-04 10:29:00,DEP,Water System,Possible Water Main Break (Use Comments) (WA1),Manhattan,10024.0,Closed,Phone,0
63629545,2025-01-04 23:11:00,2025-01-06 16:48:00,DEP,Noise,Noise: air condition/ventilation equipment (NV1),Bronx,10468.0,Closed,Online,1
63629566,2025-01-04 08:05:00,2025-01-11 09:15:00,DEP,Noise,Noise:  lawn care equipment (NCL),Manhattan,10029.0,Closed,Online,7
63629580,2025-01-04 08:35:00,2025-01-09 21:50:00,DEP,Water System,Hydrant Leaking (WC1),Queens,11418.0,Closed,Phone,5
63629603,2025-01-04 15:23:00,2025-01-04 15:23:00,DEP,Water System,Leak (Use Comments) (WA2),Bronx,10452.0,Closed,Phone,0
63629668,2025-01-04 22:47:00,2025-01-28 21:30:00,DEP,Noise,Noise: air condition/ventilation equipment (NV1),Brooklyn,11211.0,Closed,Online,23
63630464,2025-01-04 12:44:00,2025-01-06 14:27:00,DEP,Lead,Lead Kit Request (Residential) (L10),Brooklyn,11222.0,Closed,Online,2
63630465,2025-01-04 11:29:00,2025-01-06 14:27:00,DEP,Lead,Lead Kit Request (Residential) (L10),Brooklyn,11221.0,Closed,Online,2
63630466,2025-01-04 09:02:00,2025-01-06 14:26:00,DEP,Lead,Lead Kit Request (Residential) (L10),Brooklyn,11236.0,Closed,Phone,2
63630511,2025-01-04 23:50:00,2025-01-06 14:27:00,DEP,Lead,Lead Kit Request (Residential) (L10),Manhattan,10024.0,Closed,Online,1
63630518,2025-01-04 09:44:00,2025-01-11 15:30:00,DEP,Noise,Noise: Construction Before/After Hours (NM1),Staten Island,10305.0,Closed,Online,7
63630519,2025-01-04 09:17:00,2025-01-11 12:15:00,DEP,Noise,Noise: Construction Before/After Hours (NM1),Manhattan,10027.0,Closed,Online,7
63630526,2025-01-04 08:56:00,2025-01-11 12:00:00,DEP,Noise,Noise: Construction Before/After Hours (NM1),Brooklyn,11222.0,Closed,Online,7
63630534,2025-01-04 17:11:00,2025-01-07 10:01:00,DEP,Noise,"Noise, Barking Dog (NR5)",Manhattan,10012.0,Closed,Online,2
63630536,2025-01-04 15:38:00,2025-01-07 13:53:00,DEP,Noise,"Noise, Barking Dog (NR5)",Queens,11385.0,Closed,Online,2
63630553,2025-01-04 12:11:00,2025-01-07 11:00:00,DEP,Noise,"Noise, Barking Dog (NR5)",Bronx,10474.0,Closed,Online,2
63630559,2025-01-04 10:38:00,2025-01-04 10:45:00,DEP,Asbestos,Asbestos Complaint (B1),Brooklyn,11228.0,Closed,Online,0
63630562,2025-01-04 20:59:00,2025-01-05 12:30:00,DEP,Sewer,Catch Basin Clogged/Flooding (Use Comments) (SC),Brooklyn,11237.0,Closed,Online,0
63630598,2025-01-04 18:20:00,2025-01-06 23:59:00,DEP,Noise,Noise: Construction Before/After Hours (NM1),Queens,11102.0,Closed,Phone,2
63630606,2025-01-04 09:38:00,2025-01-11 12:30:00,DEP,Noise,Noise: Construction Before/After Hours (NM1),Brooklyn,11217.0,Closed,Online,7
63630608,2025-01-04 23:14:00,2025-01-06 14:28:00,DEP,Lead,Lead Kit Request (Residential) (L10),Queens,11423.0,Closed,Online,1
63630609,2025-01-04 10:35:00,2025-01-06 14:27:00,DEP,Lead,Lead Kit Request (Residential) (L10),Queens,11415.0,Closed,Online,2
63630617,2025-01-04 14:59:00,2025-01-04 15:30:00,DEP,Sewer,Sewer Backup (Use Comments) (SA),Staten Island,10306.0,Closed,Phone,0
63630657,2025-01-04 00:23:00,2025-01-08 15:30:00,DEP,Noise,Noise: Alarms (NR3),Brooklyn,11237.0,Closed,Online,4
63630685,2025-01-04 11:47:00,2025-01-08 14:20:00,DEP,Water System,Dirty Water (WE),Bronx,10467.0,Closed,Online,4
63630688,2025-01-04 10:23:00,2025-01-04 11:15:00,DEP,Sewer,Sewer Backup (Use Comments) (SA),Queens,11419.0,Closed,Phone,0
63630699,2025-01-04 09:11:00,2025-01-11 13:30:00,DEP,Noise,Noise: Construction Before/After Hours (NM1),Bronx,10459.0,Closed,Online,7
63630712,2025-01-04 08:20:00,2025-01-11 09:45:00,DEP,Noise,Noise: Construction Before/After Hours (NM1),Brooklyn,11207.0,Closed,Online,7
63630714,2025-01-04 00:11:00,2025-01-07 02:34:00,DEP,Noise,Noise: Construction Before/After Hours (NM1),Manhattan,10021.0,Closed,Online,3
63630739,2025-01-04 08:08:00,2025-01-11 09:15:00,DEP,Noise,Noise: Construction Equipment (NC1),Queens,11355.0,Closed,Online,7
63630773,2025-01-04 22:08:00,2025-01-04 23:15:00,DEP,Water System,Possible Water Main Break (Use Comments) (WA1),Queens,11101.0,Closed,Phone,0
63630783,2025-01-04 12:50:00,2025-01-04 13:50:00,DEP,Sewer,Sewer Backup (Use Comments) (SA),Queens,11419.0,Closed,Phone,0
63630801,2025-01-04 18:44:00,2025-01-04 19:13:00,DEP,Water System,Leak (Use Comments) (WA2),Brooklyn,11220.0,Closed,Phone,0
63630824,2025-01-04 11:05:00,2025-01-04 11:17:00,DEP,Water Conservation,Water Meter Broken/Leaking - Private Residence (CMR),Queens,11429.0,Closed,Phone,0
63630872,2025-01-04 21:59:00,2025-01-06 14:27:00,DEP,Lead,Lead Kit Request (Residential) (L10),Brooklyn,11222.0,Closed,Online,1
63630874,2025-01-04 16:35:00,2025-01-06 14:27:00,DEP,Lead,Lead Kit Request (Residential) (L10),Brooklyn,11217.0,Closed,Online,1
63630875,2025-01-04 11:11:00,2025-01-06 14:27:00,DEP,Lead,Lead Kit Request (Residential) (L10),Manhattan,10027.0,Closed,Online,2
63630877,2025-01-04 10:29:00,2025-01-06 14:26:00,DEP,Lead,Lead Kit Request (Residential) (L10),Queens,11372.0,Closed,Online,2
63630922,2025-01-04 16:56:00,2025-01-07 09:17:00,DEP,Noise,"Noise, Barking Dog (NR5)",Manhattan,10009.0,Closed,Online,2
63630932,2025-01-04 13:26:00,2025-01-11 11:45:00,DEP,Water System,Hydrant Running (WC3),Queens,11420.0,Closed,Mobile,6
63630934,2025-01-04 09:59:00,2025-01-04 10:11:00,DEP,Water System,Leak (Use Comments) (WA2),Queens,11428.0,Closed,Phone,0
63630945,2025-01-04 22:56:00,2025-01-06 06:08:00,DEP,Noise,Noise: Alarms (NR3),Bronx,10460.0,Closed,Online,1
63630950,2025-01-04 08:32:00,2025-01-04 08:32:00,DEP,Water System,Leak (Use Comments) (WA2),Brooklyn,11220.0,Closed,Online,0
63631002,2025-01-04 16:38:00,2025-01-12 13:30:00,DEP,Noise,Noise: Construction Before/After Hours (NM1),Staten Island,10307.0,Closed,Online,7
63631003,2025-01-04 08:56:00,2025-01-11 12:45:00,DEP,Noise,Noise: Construction Before/After Hours (NM1),Queens,11385.0,Closed,Online,7
63631005,2025-01-04 14:11:00,2025-01-04 14:11:00,DEP,Water System,Possible Water Main Break (Use Comments) (WA1),Brooklyn,11234.0,Closed,Phone,0
63631040,2025-01-04 17:47:00,2025-01-11 11:30:00,DEP,Noise,Noise: Construction Equipment (NC1),Manhattan,10025.0,Closed,Online,6
63631041,2025-01-04 01:38:00,2025-01-23 22:00:00,DEP,Noise,Noise: air condition/ventilation equipment (NV1),Queens,11361.0,Closed,Online,19
63631063,2025-01-04 07:17:00,2025-01-04 09:20:00,DEP,Sewer,Manhole Overflow (Use Comments) (SA1),Queens,11373.0,Closed,Online,0
63631155,2025-01-04 15:53:00,2025-01-04 15:58:00,DEP,Water System,Possible Water Main Break (Use Comments) (WA1),Queens,11435.0,Closed,Phone,0
63631242,2025-01-04 14:02:00,2025-01-04 14:09:00,DEP,Water System,No Water (WNW),Brooklyn,11234.0,Closed,Phone,0
63631395,2025-01-04 12:41:00,2025-01-04 13:12:00,DEP,Water System,No Water (WNW),Brooklyn,11234.0,Closed,Phone,0
63632066,2025-01-04 20:02:00,2025-03-24 13:23:00,DEP,Lead,Lead Kit Request (Residential) (L10),Staten Island,10306.0,Closed,Phone,78
63632067,2025-01-04 13:29:00,2025-01-06 14:27:00,DEP,Lead,Lead Kit Request (Residential) (L10),Brooklyn,11231.0,Closed,Online,2
63632070,2025-01-04 08:41:00,2025-01-06 14:26:00,DEP,Lead,Lead Kit Request (Residential) (L10),Manhattan,10017.0,Closed,Online,2
63632092,2025-01-04 17:08:00,2025-01-07 12:38:00,DEP,Noise,"Noise, Barking Dog (NR5)",Brooklyn,11233.0,Closed,Online,2
63632093,2025-01-04 12:59:00,2025-01-07 12:14:00,DEP,Noise,"Noise, Barking Dog (NR5)",Brooklyn,11215.0,Closed,Online,2
63632101,2025-01-04 11:08:00,2025-01-07 14:28:00,DEP,Air Quality,"Air: Odor/Fumes, Restaurant (AD2)",Manhattan,10003.0,Closed,Online,3
63632114,2025-01-04 17:11:00,2025-01-07 14:30:00,DEP,Noise,Noise: Alarms (NR3),Brooklyn,11220.0,Closed,Online,2
63632119,2025-01-04 11:50:00,2025-01-06 14:27:00,DEP,Lead,Lead Kit Request (Residential) (L10),Brooklyn,11218.0,Closed,Online,2
63632131,2025-01-04 17:02:00,2025-01-09 04:00:00,DEP,Noise,"Noise, Barking Dog (NR5)",Brooklyn,11233.0,Closed,Online,4
63632135,2025-01-04 22:29:00,2025-01-07 00:45:00,DEP,Noise,Noise: Construction Before/After Hours (NM1),Brooklyn,11215.0,Closed,Online,2
63632140,2025-01-04 08:05:00,2025-01-11 10:00:00,DEP,Noise,Noise: Construction Before/After Hours (NM1),Brooklyn,11201.0,Closed,Online,7
63632158,2025-01-04 09:59:00,2025-01-11 12:00:00,DEP,Noise,Noise: Construction Equipment (NC1),Brooklyn,11206.0,Closed,Online,7
63632183,2025-01-04 21:05:00,2025-01-06 09:04:00,DEP,Water Quality,"Taste/Odor, Sewer (QA5)",Bronx,10461.0,Closed,Online,1
63632189,2025-01-04 08:11:00,2025-01-11 08:45:00,DEP,Noise,Noise: Construction Before/After Hours (NM1),Brooklyn,11221.0,Closed,Online,7
63632191,2025-01-04 07:56:00,2025-01-11 09:00:00,DEP,Noise,Noise: Construction Before/After Hours (NM1),Brooklyn,11222.0,Closed,Online,7
63632199,2025-01-04 11:47:00,2025-01-06 06:00:00,DEP,Noise,"Noise, Other Animals (NR6)",Manhattan,10009.0,Closed,Online,1
63632240,2025-01-04 12:44:00,2025-02-28 14:27:00,DEP,Lead,Lead Kit Request (Residential) (L10),Brooklyn,11238.0,Closed,Online,55
63632273,2025-01-04 23:47:00,2025-01-07 11:47:00,DEP,Noise,"Noise, Barking Dog (NR5)",Brooklyn,11238.0,Closed,Online,2
63632285,2025-01-04 19:56:00,2025-01-04 21:20:00,DEP,Sewer,Sewer Backup (Use Comments) (SA),Brooklyn,11208.0,Closed,Phone,0
63632305,2025-01-04 16:35:00,2025-01-07 11:45:00,DEP,Noise,Noise: Alarms (NR3),Brooklyn,11216.0,Closed,Online,2
63632360,2025-01-04 18:20:00,2025-01-04 18:35:00,DEP,Water System,Possible Water Main Break (Use Comments) (WA1),Bronx,10452.0,Closed,Phone,0
63632361,2025-01-04 10:50:00,2025-01-04 10:59:00,DEP,Water System,Possible Water Main Break (Use Comments) (WA1),Bronx,10452.0,Closed,Online,0
63632380,2025-01-04 08:32:00,2025-01-05 05:20:00,DEP,Water System,Hydrant Leaking (WC1),Brooklyn,11208.0,Closed,Mobile,0
63632400,2025-01-04 08:38:00,2025-01-16 10:05:00,DEP,Water System,Hydrant Running (WC3),Queens,11375.0,Closed,Online,12
63632405,2025-01-04 00:38:00,2025-01-07 16:24:00,DEP,Noise,Noise: air condition/ventilation equipment (NV1),Queens,11375.0,Closed,Online,3
63632415,2025-01-04 16:53:00,2025-01-04 16:53:00,DEP,Water System,Leak (Use Comments) (WA2),Brooklyn,11209.0,Closed,Online,0
63632418,2025-01-04 11:50:00,2025-01-04 11:50:00,DEP,Water System,Leak (Use Comments) (WA2),Brooklyn,11234.0,Closed,Phone,0
63632440,2025-01-04 09:14:00,2025-01-06 07:27:00,DEP,Air Quality,"Air: Odor, Sweet From Unknown Source (AZ1)",Queens,11364.0,Closed,Online,1
63632453,2025-01-04 09:14:00,2025-01-04 09:14:00,DEP,Water System,Possible Water Main Break (Use Comments) (WA1),Brooklyn,11236.0,Closed,Phone,0
63632507,2025-01-04 12:02:00,2025-01-06 04:20:00,DEP,Water System,Hydrant Running (WC3),Queens,11436.0,Closed,Mobile,1
63632509,2025-01-04 08:17:00,2025-01-07 20:30:00,DEP,Water System,Hydrant Running (WC3),Bronx,10453.0,Closed,Online,3
63632522,2025-01-04 12:11:00,2025-01-07 14:23:00,DEP,Noise,"Noise, Barking Dog (NR5)",Queens,11101.0,Closed,Online,3
63632565,2025-01-04 15:50:00,2025-01-11 11:00:00,DEP,Noise,Noise: Construction Before/After Hours (NM1),Brooklyn,11211.0,Closed,Online,6
63632582,2025-01-04 15:02:00,2025-01-11 08:15:00,DEP,Noise,Noise: Construction Before/After Hours (NM1),Brooklyn,11226.0,Closed,Online,6
63632592,2025-01-04 16:05:00,2025-01-06 08:51:00,DEP,Water Conservation,"Wasting Faucets,Sinks,Flushometer,Urinal,Etc. - Private Residence (CWR)",Brooklyn,11201.0,Closed,Phone,1
63632605,2025-01-04 01:08:00,2025-01-06 15:23:00,DEP,Noise,Noise: Jack Hammering (NC2),Manhattan,10028.0,Closed,Phone,2
63632658,2025-01-04 11:50:00,2025-01-05 02:35:00,DEP,Sewer,Street Flooding (SJ),Queens,11358.0,Closed,Online,0
63632659,2025-01-04 19:35:00,2025-01-06 09:18:00,DEP,Water Conservation,Water Meter Broken/Leaking - Private Residence (CMR),Queens,11432.0,Closed,Phone,1
63632674,2025-01-04 18:50:00,2025-01-07 20:35:00,DEP,Water System,Dirty Water (WE),Brooklyn,11222.0,Closed,Online,3
63632826,2025-01-04 13:29:00,2025-01-04 13:29:00,DEP,Water System,No Water (WNW),Brooklyn,11234.0,Closed,Phone,0
63633591,2025-01-04 23:08:00,2025-01-06 06:08:00,DEP,Air Quality,"Air: Odor/Fumes, Vehicle Idling (AD3)",Queens,11106.0,Closed,Phone,1
63633595,2025-01-04 11:47:00,2025-01-28 09:14:00,DEP,Lead,Lead Kit Request (Residential) (L10),Brooklyn,11211.0,Closed,Online,23
63633597,2025-01-04 07:05:00,2025-02-12 16:41:00,DEP,Lead,Lead Kit Request (Residential) (L10),Brooklyn,11218.0,Closed,Online,39
63633644,2025-01-04 10:50:00,2025-01-11 10:10:00,DEP,Noise,Noise: Construction Before/After Hours (NM1),Manhattan,10065.0,Closed,Online,6
63633645,2025-01-04 10:38:00,2025-01-11 09:30:00,DEP,Noise,Noise: Construction Before/After Hours (NM1),Manhattan,10012.0,Closed,Online,6
63633646,2025-01-04 09:17:00,2025-01-11 13:00:00,DEP,Noise,Noise: Construction Before/After Hours (NM1),Queens,11102.0,Closed,Online,7
63633648,2025-01-04 09:17:00,2025-01-11 13:20:00,DEP,Noise,Noise: Construction Before/After Hours (NM1),Manhattan,10023.0,Closed,Online,7
63633661,2025-01-04 09:26:00,2025-01-08 09:35:00,DEP,Lead,Lead Kit Request (Residential) (L10),Brooklyn,11231.0,Closed,Online,4
63633712,2025-01-04 22:47:00,2025-01-05 02:20:00,DEP,Sewer,Sewer Backup (Use Comments) (SA),Brooklyn,11223.0,Closed,Phone,0
63633728,2025-01-04 08:59:00,2025-01-08 10:58:00,DEP,Water Quality,Cloudy Or Milky Water (QB1),Staten Island,10304.0,Closed,Phone,4
63633765,2025-01-04 14:53:00,2025-01-07 07:58:00,DEP,Noise,Noise: Construction Before/After Hours (NM1),Brooklyn,11201.0,Closed,Online,2
63633782,2025-01-04 00:29:00,2025-01-06 15:23:00,DEP,Noise,Noise: Jack Hammering (NC2),Manhattan,10028.0,Closed,Online,2
63633788,2025-01-04 21:17:00,2025-01-05 09:40:00,DEP,Water System,Hydrant Leaking (WC1),Staten Island,10314.0,Closed,Online,0
63633809,2025-01-04 12:35:00,2025-01-09 10:33:00,DEP,Water System,Hydrant Running (WC3),Staten Island,10309.0,Closed,Phone,4
63633817,2025-01-04 14:23:00,2025-01-06 14:27:00,DEP,Lead,Lead Kit Request (Residential) (L10),Queens,11417.0,Closed,Online,2
63633831,2025-01-04 11:11:00,2025-01-28 12:55:00,DEP,Water System,Hydrant Running Full (WA4),Bronx,10474.0,Closed,Phone,24
63633850,2025-01-04 09:08:00,2025-01-04 11:19:00,DEP,Water System,Leak (Use Comments) (WA2),Bronx,10453.0,Closed,Phone,0
63633866,2025-01-04 12:47:00,2025-01-06 15:56:00,DEP,Noise,"Noise, Barking Dog (NR5)",Manhattan,10005.0,Closed,Online,2
63633867,2025-01-04 10:29:00,2025-01-04 13:30:00,DEP,Sewer,Sewer Backup (Use Comments) (SA),Brooklyn,11234.0,Closed,Phone,0
63633894,2025-01-04 15:35:00,2025-01-13 11:00:00,DEP,Water System,Possible Water Main Break (Use Comments) (WA1),Queens,11435.0,Closed,Phone,8
63633910,2025-01-04 18:17:00,2025-01-06 17:12:00,DEP,Noise,Noise: air condition/ventilation equipment (NV1),Brooklyn,11201.0,Closed,Online,1
63633911,2025-01-04 05:59:00,2025-01-06 15:58:00,DEP,Noise,Noise: air condition/ventilation equipment (NV1),Manhattan,10023.0,Closed,Phone,2
63633915,2025-01-04 19:20:00,2025-01-04 19:30:00,DEP,Asbestos,Asbestos Complaint (B1),Manhattan,10021.0,Closed,Phone,0
63633916,2025-01-04 12:11:00,2025-01-04 16:10:00,DEP,Industrial Waste,Odor In Sewer/Catch Basin (ICB),Brooklyn,11217.0,Closed,Phone,0
63633949,2025-01-04 08:38:00,2025-01-06 14:26:00,DEP,Lead,Lead Kit Request (Residential) (L10),Queens,11385.0,Closed,Online,2
63634003,2025-01-04 10:05:00,2025-01-08 11:15:00,DEP,Water System,Leak (Use Comments) (WA2),Staten Island,10308.0,Closed,Phone,4
63634008,2025-01-04 11:14:00,2025-01-04 12:00:00,DEP,Sewer,Sewer Backup (Use Comments) (SA),Queens,11412.0,Closed,Phone,0
63634015,2025-01-04 18:05:00,2025-01-04 18:05:00,DEP,Water System,Possible Water Main Break (Use Comments) (WA1),Brooklyn,11216.0,Closed,Phone,0
63634031,2025-01-04 14:59:00,2025-01-04 17:30:00,DEP,Sewer,Sewer Backup (Use Comments) (SA),Queens,11355.0,Closed,Online,0
63634033,2025-01-04 14:53:00,2025-01-04 17:15:00,DEP,Sewer,Sewer Backup (Use Comments) (SA),Queens,11355.0,Closed,Online,0
63634044,2025-01-04 21:53:00,2025-01-06 19:00:00,DEP,Noise,Noise: Construction Before/After Hours (NM1),Brooklyn,11216.0,Closed,Online,1
63634048,2025-01-04 16:08:00,2025-01-11 10:00:00,DEP,Noise,Noise: Construction Before/After Hours (NM1),Manhattan,10028.0,Closed,Online,6
63634056,2025-01-04 14:08:00,2025-01-29 11:45:00,DEP,Noise,Noise: air condition/ventilation equipment (NV1),Manhattan,10025.0,Closed,Online,24
63634065,2025-01-04 08:56:00,2025-01-11 14:30:00,DEP,Noise,Noise: Construction Before/After Hours (NM1),Bronx,10461.0,Closed,Online,7
63634067,2025-01-04 02:53:00,2025-01-08 00:45:00,DEP,Noise,Noise: Construction Before/After Hours (NM1),Manhattan,10016.0,Closed,Phone,3
63634069,2025-01-04 02:44:00,2025-01-07 01:00:00,DEP,Noise,Noise: Construction Before/After Hours (NM1),Manhattan,10006.0,Closed,Phone,2
63634086,2025-01-04 18:14:00,2025-01-06 20:30:00,DEP,Noise,Noise: Construction Equipment (NC1),Bronx,10456.0,Closed,Online,2
63634095,2025-01-04 22:05:00,2025-01-06 17:25:00,DEP,Water System,Dirty Water (WE),Brooklyn,11219.0,Closed,Online,1
63634106,2025-01-04 02:53:00,2025-01-07 02:00:00,DEP,Noise,Noise: Private Carting Noise (NQ1),Manhattan,10014.0,Closed,Online,2
63634128,2025-01-04 13:53:00,2025-01-04 14:30:00,DEP,Sewer,Sewer Backup (Use Comments) (SA),Queens,11423.0,Closed,Phone,0
63634173,2025-01-04 13:53:00,2025-01-04 14:03:00,DEP,Water System,Possible Water Main Break (Use Comments) (WA1),Bronx,10452.0,Closed,Phone,0
63634228,2025-01-04 07:59:00,2025-01-04 08:11:00,DEP,Water System,Possible Water Main Break (Use Comments) (WA1),Bronx,10452.0,Closed,Phone,0
63634229,2025-01-04 21:47:00,2025-01-04 21:47:00,DEP,Water System,Possible Water Main Break (Use Comments) (WA1),Bronx,10452.0,Closed,Phone,0
63634340,2025-01-04 13:11:00,2025-01-04 13:11:00,DEP,Water System,No Water (WNW),Brooklyn,11234.0,Closed,Online,0
63634916,2025-01-05 10:53:00,2025-01-07 19:00:00,DEP,Air Quality,"Air: Dust, Construction/Demolition (AE4)",Brooklyn,11207.0,Closed,Phone,2
63634920,2025-01-05 23:26:00,2025-01-06 14:29:00,DEP,Lead,Lead Kit Request (Residential) (L10),Brooklyn,11222.0,Closed,Online,0
63634921,2025-01-05 17:14:00,2025-01-06 14:28:00,DEP,Lead,Lead Kit Request (Residential) (L10),Brooklyn,11234.0,Closed,Online,0
63634923,2025-01-05 21:59:00,2025-01-06 14:29:00,DEP,Lead,Lead Kit Request (Residential) (L10),Manhattan,10024.0,Closed,Online,0
63634925,2025-01-05 18:08:00,2025-01-06 14:28:00,DEP,Lead,Lead Kit Request (Residential) (L10),Manhattan,10030.0,Closed,Online,0
63634926,2025-01-05 17:53:00,2025-01-06 14:28:00,DEP,Lead,Lead Kit Request (Residential) (L10),Manhattan,10025.0,Closed,Online,0
63634927,2025-01-05 11:11:00,2025-01-06 14:28:00,DEP,Lead,Lead Kit Request (Residential) (L10),Queens,11385.0,Closed,Online,1
63634952,2025-01-05 06:47:00,2025-01-07 09:36:00,DEP,Noise,"Noise, Barking Dog (NR5)",Manhattan,10128.0,Closed,Online,2
63635005,2025-01-05 11:56:00,2025-01-06 08:28:00,DEP,Noise,Noise: Alarms (NR3),Queens,11366.0,Closed,Online,0
63635054,2025-01-05 04:14:00,2025-01-06 06:08:00,DEP,Noise,Noise: Alarms (NR3),Queens,11429.0,Closed,Online,1
63635055,2025-01-05 23:05:00,2025-01-08 00:00:00,DEP,Noise,Noise: Construction Before/After Hours (NM1),Manhattan,10065.0,Closed,Online,2
63635056,2025-01-05 14:11:00,2025-01-06 07:47:00,DEP,Noise,Noise: Construction Before/After Hours (NM1),Manhattan,10025.0,Closed,Online,0
63635058,2025-01-05 17:41:00,2025-01-06 07:47:00,DEP,Noise,Noise: Construction Before/After Hours (NM1),Manhattan,10025.0,Closed,Online,0
63635079,2025-01-05 11:53:00,2025-01-12 10:45:00,DEP,Noise,Noise: Construction Before/After Hours (NM1),Bronx,10457.0,Closed,Online,6
63635081,2025-01-05 21:05:00,2025-01-06 23:00:00,DEP,Noise,Noise: Construction Before/After Hours (NM1),Brooklyn,11217.0,Closed,Online,1
63635082,2025-01-05 11:41:00,2025-01-06 07:46:00,DEP,Noise,Noise: Construction Before/After Hours (NM1),Manhattan,10036.0,Closed,Online,0
63635084,2025-01-05 13:17:00,2025-01-12 13:00:00,DEP,Noise,Noise: Construction Before/After Hours (NM1),Bronx,10462.0,Closed,Online,6
63635085,2025-01-05 10:56:00,2025-01-12 10:00:00,DEP,Noise,Noise: Construction Before/After Hours (NM1),Brooklyn,11234.0,Closed,Online,6
63635086,2025-01-05 08:29:00,2025-01-12 11:00:00,DEP,Noise,Noise: Construction Before/After Hours (NM1),Brooklyn,11210.0,Closed,Online,7
63635087,2025-01-05 01:29:00,2025-01-06 18:45:00,DEP,Noise,Noise: Construction Equipment (NC1),Queens,11358.0,Closed,Online,1
63635088,2025-01-05 17:59:00,2025-01-06 07:47:00,DEP,Noise,Noise: Construction Equipment (NC1),Manhattan,10025.0,Closed,Online,0
63635089,2025-01-05 11:11:00,2025-01-15 10:10:00,DEP,Sewer,Culvert Blocked/Needs Cleaning (SE),Bronx,10461.0,Closed,Online,9
63635092,2025-01-05 11:38:00,2025-01-12 13:30:00,DEP,Noise,Noise: Construction Equipment (NC1),Brooklyn,11216.0,Closed,Online,7
63635102,2025-01-05 11:14:00,2025-01-05 11:55:00,DEP,Sewer,Street Flooding (SJ),Manhattan,10025.0,Closed,Online,0
63635113,2025-01-05 09:08:00,2025-01-06 12:30:00,DEP,Water System,Dirty Water (WE),Staten Island,10306.0,Closed,Phone,1
63635117,2025-01-05 15:41:00,2025-01-16 08:55:00,DEP,Water System,Hydrant Leaking (WC1),Queens,11366.0,Closed,Mobile,10
63635121,2025-01-05 08:32:00,2025-01-06 02:25:00,DEP,Water System,Hydrant Leaking (WC1),Brooklyn,11203.0,Closed,Mobile,0
63635122,2025-01-05 09:53:00,2025-01-06 00:50:00,DEP,Water System,Hydrant Leaking (WC1),Brooklyn,11222.0,Closed,Phone,0
63635126,2025-01-05 17:53:00,2025-01-05 17:59:00,DEP,Water System,Leak (Use Comments) (WA2),Queens,11373.0,Closed,Online,0
63635136,2025-01-05 13:23:00,2025-01-21 10:15:00,DEP,Water System,Leak (Use Comments) (WA2),Queens,11369.0,Closed,Phone,15
63635138,2025-01-05 12:50:00,2025-01-15 22:10:00,DEP,Water System,Leak (Use Comments) (WA2),Queens,11691.0,Closed,Online,10
63635142,2025-01-05 22:56:00,2025-01-06 01:20:00,DEP,Water System,Possible Water Main Break (Use Comments) (WA1),Staten Island,10314.0,Closed,Phone,0
63636367,2025-01-05 15:50:00,2025-01-27 08:14:00,DEP,Noise,Noise: air condition/ventilation equipment (NV1),Brooklyn,11215.0,Closed,Online,21
63636368,2025-01-05 14:17:00,2025-01-14 14:16:00,DEP,Noise,Noise: air condition/ventilation equipment (NV1),Brooklyn,11235.0,Closed,Phone,8
63636500,2025-01-05 17:32:00,2025-01-06 14:28:00,DEP,Lead,Lead Kit Request (Residential) (L10),Brooklyn,11231.0,Closed,Online,0
63636526,2025-01-05 20:11:00,2025-01-06 14:29:00,DEP,Lead,Lead Kit Request (Residential) (L10),Manhattan,10024.0,Closed,Online,0
63636527,2025-01-05 19:20:00,2025-04-01 13:19:00,DEP,Lead,Lead Kit Request (Residential) (L10),Brooklyn,11216.0,Closed,Online,85
63636537,2025-01-05 23:53:00,2025-01-06 14:29:00,DEP,Lead,Lead Kit Request (Residential) (L10),Manhattan,10025.0,Closed,Online,0
63636538,2025-01-05 18:14:00,2025-01-06 14:28:00,DEP,Lead,Lead Kit Request (Residential) (L10),Queens,11106.0,Closed,Online,0
63636548,2025-01-05 18:05:00,2025-01-06 15:58:00,DEP,Noise,"Noise, Barking Dog (NR5)",Manhattan,10003.0,Closed,Online,0
63636557,2025-01-05 16:38:00,2025-01-15 02:00:00,DEP,Noise,"Noise, Barking Dog (NR5)",Staten Island,10309.0,Closed,Online,9
63636558,2025-01-05 14:02:00,2025-01-12 07:30:00,DEP,Noise,Noise: Construction Equipment (NC1),Brooklyn,11215.0,Closed,Online,6
63636559,2025-01-05 10:53:00,2025-01-08 09:08:00,DEP,Noise,Noise: Construction Equipment (NC1),Manhattan,10025.0,Closed,Online,2
63636574,2025-01-05 08:47:00,2025-01-12 09:00:00,DEP,Noise,Noise: Jack Hammering (NC2),Bronx,10458.0,Closed,Online,7
63636575,2025-01-05 19:35:00,2025-01-06 06:08:00,DEP,Noise,Noise: Alarms (NR3),Manhattan,10036.0,Closed,Phone,0
63636583,2025-01-05 14:47:00,2025-01-06 14:28:00,DEP,Lead,Lead Kit Request (Residential) (L10),Queens,11418.0,Closed,Online,0
63636602,2025-01-05 15:14:00,2025-01-07 11:28:00,DEP,Noise,"Noise, Barking Dog (NR5)",Bronx,10453.0,Closed,Online,1
63636606,2025-01-05 16:59:00,2025-01-12 14:00:00,DEP,Noise,Noise: Construction Before/After Hours (NM1),Queens,11366.0,Closed,Online,6
63636607,2025-01-05 02:17:00,2025-01-07 16:19:00,DEP,Noise,Noise: Construction Before/After Hours (NM1),Bronx,10465.0,Closed,Online,2
63636622,2025-01-05 10:50:00,2025-01-06 07:30:00,DEP,Noise,Noise: Alarms (NR3),Queens,11377.0,Closed,Online,0
63636623,2025-01-05 09:08:00,2025-01-06 08:28:00,DEP,Noise,Noise: Alarms (NR3),Queens,11366.0,Closed,Online,0
63636627,2025-01-05 10:53:00,2025-01-06 07:46:00,DEP,Noise,Noise: Jack Hammering (NC2),Manhattan,10036.0,Closed,Online,0
63636639,2025-01-05 11:29:00,2025-01-05 13:45:00,DEP,Sewer,Sewer Backup (Use Comments) (SA),Queens,11691.0,Closed,Phone,0
63636640,2025-01-05 08:50:00,2025-01-05 10:40:00,DEP,Sewer,Sewer Backup (Use Comments) (SA),Bronx,10461.0,Closed,Online,0
63636647,2025-01-05 21:44:00,2025-01-06 01:00:00,DEP,Water System,Hydrant Running (WC3),Manhattan,10019.0,Closed,Mobile,0
63636654,2025-01-05 17:17:00,2025-01-06 08:50:00,DEP,Sewer,Catch Basin Clogged/Flooding (Use Comments) (SC),Manhattan,10033.0,Closed,Online,0
63636655,2025-01-05 10:56:00,2025-01-05 11:01:00,DEP,Sewer,Street Flooding (SJ),Bronx,10466.0,Closed,Online,0
63636656,2025-01-05 09:17:00,2025-01-09 13:15:00,DEP,Water System,Leak (Use Comments) (WA2),Bronx,10453.0,Closed,Phone,4
63636657,2025-01-05 13:11:00,2025-01-05 13:25:00,DEP,Water System,Possible Water Main Break (Use Comments) (WA1),Queens,11369.0,Closed,Phone,0
63636658,2025-01-05 20:23:00,2025-01-07 08:27:00,DEP,Water System,Possible Water Main Break (Use Comments) (WA1),Brooklyn,11224.0,Closed,Phone,1
63636659,2025-01-05 16:32:00,2025-01-05 16:49:00,DEP,Water System,Hydrant Running (WC3),Queens,11434.0,Closed,Online,0
63636665,2025-01-05 17:23:00,2025-01-05 17:37:00,DEP,Water System,Hydrant Running (WC3),Queens,11373.0,Closed,Online,0
63636673,2025-01-05 16:11:00,2025-01-05 16:19:00,DEP,Water System,Leak (Use Comments) (WA2),Queens,11435.0,Closed,Phone,0
63636685,2025-01-05 19:08:00,2025-01-05 19:08:00,DEP,Water System,Possible Water Main Break (Use Comments) (WA1),Brooklyn,11230.0,Closed,Online,0
63636724,2025-01-05 10:59:00,2025-01-30 21:00:00,DEP,Water System,Leak (Use Comments) (WA2),Queens,11436.0,Closed,Online,25
63637884,2025-01-05 16:38:00,2025-01-10 19:38:00,DEP,Noise,Noise: air condition/ventilation equipment (NV1),Manhattan,10031.0,Closed,Online,5
63637913,2025-01-05 11:56:00,2025-01-18 12:00:00,DEP,Noise,Noise: air condition/ventilation equipment (NV1),Queens,11101.0,Closed,Online,13
63637914,2025-01-05 07:44:00,2025-01-14 16:33:00,DEP,Noise,Noise: air condition/ventilation equipment (NV1),Brooklyn,11201.0,Closed,Online,9
63638075,2025-01-05 17:32:00,2025-01-06 14:28:00,DEP,Lead,Lead Kit Request (Residential) (L10),Bronx,10470.0,Closed,Online,0
63638080,2025-01-05 00:20:00,2025-01-07 17:54:00,DEP,Air Quality,"Air: Odor/Fumes, Restaurant (AD2)",Manhattan,10002.0,Closed,Online,2
63638081,2025-01-05 17:56:00,2025-01-06 16:00:00,DEP,Air Quality,"Air: Odor/Fumes, Vehicle Idling (AD3)",Queens,11434.0,Closed,Online,0
63638091,2025-01-05 22:20:00,2025-01-06 14:29:00,DEP,Lead,Lead Kit Request (Residential) (L10),Brooklyn,11203.0,Closed,Online,0
63638092,2025-01-05 08:59:00,2025-01-06 08:28:00,DEP,Noise,Noise: Alarms (NR3),Queens,11366.0,Closed,Online,0
63638093,2025-01-05 01:23:00,2025-01-06 06:08:00,DEP,Noise,Noise: Alarms (NR3),Brooklyn,11216.0,Closed,Online,1
63638115,2025-01-05 14:23:00,2025-01-06 07:47:00,DEP,Noise,Noise: Construction Equipment (NC1),Manhattan,10025.0,Closed,Online,0
63638119,2025-01-05 20:29:00,2025-01-07 11:36:00,DEP,Noise,"Noise, Barking Dog (NR5)",Bronx,10458.0,Closed,Online,1
63638138,2025-01-05 08:41:00,2025-01-06 07:29:00,DEP,Noise,Noise: Alarms (NR3),Queens,11377.0,Closed,Online,0
63638139,2025-01-05 17:35:00,2025-01-05 21:55:00,DEP,Sewer,Sewer Backup (Use Comments) (SA),Staten Island,10314.0,Closed,Phone,0
63638140,2025-01-05 16:32:00,2025-01-05 18:20:00,DEP,Sewer,Sewer Backup (Use Comments) (SA),Queens,11419.0,Closed,Phone,0
63638141,2025-01-05 15:23:00,2025-01-06 01:30:00,DEP,Sewer,Sewer Backup (Use Comments) (SA),Queens,11436.0,Closed,Phone,0
63638165,2025-01-05 16:35:00,2025-01-06 01:20:00,DEP,Water System,Hydrant Leaking (WC1),Brooklyn,11237.0,Closed,Online,0
63638187,2025-01-05 22:11:00,2025-01-06 21:00:00,DEP,Noise,Noise: Construction Before/After Hours (NM1),Bronx,10456.0,Closed,Online,0
63638188,2025-01-05 19:38:00,2025-01-06 02:00:00,DEP,Water System,Dirty Water (WE),Manhattan,10012.0,Closed,Phone,0
63638189,2025-01-05 19:26:00,2025-01-06 01:30:00,DEP,Water System,Dirty Water (WE),Manhattan,10010.0,Closed,Online,0
63638190,2025-01-05 18:56:00,2025-01-07 14:31:00,DEP,Noise,"Noise, Barking Dog (NR5)",Queens,11378.0,Closed,Online,1
63638191,2025-01-05 17:29:00,2025-01-06 07:47:00,DEP,Noise,Noise: Construction Before/After Hours (NM1),Manhattan,10025.0,Closed,Online,0
63638204,2025-01-05 13:26:00,2025-01-05 13:28:00,DEP,Water System,Possible Water Main Break (Use Comments) (WA1),Queens,11379.0,Closed,Phone,0
63638238,2025-01-05 11:53:00,2025-01-05 12:31:00,DEP,Water System,Leak (Use Comments) (WA2),Queens,11364.0,Closed,Phone,0
63638257,2025-01-05 19:32:00,2025-01-05 22:45:00,DEP,Sewer,Sewer Backup (Use Comments) (SA),Brooklyn,11218.0,Closed,Online,0
63638258,2025-01-05 17:08:00,2025-01-05 21:25:00,DEP,Sewer,Sewer Backup (Use Comments) (SA),Staten Island,10305.0,Closed,Phone,0
63638265,2025-01-05 09:35:00,2025-01-12 12:00:00,DEP,Noise,Noise: Construction Before/After Hours (NM1),Manhattan,10036.0,Closed,Online,7
63638267,2025-01-05 09:11:00,2025-01-07 14:00:00,DEP,Air Quality,"Air: Smoke, Vehicular (AA4)",Queens,11366.0,Closed,Online,2
63638278,2025-01-05 12:20:00,2025-01-05 12:59:00,DEP,Water System,Hydrant Leaking (WC1),Bronx,10461.0,Closed,Online,0
63638315,2025-01-05 16:56:00,2025-01-05 16:56:00,DEP,Water System,Leak (Use Comments) (WA2),Brooklyn,11211.0,Closed,Online,0
63638338,2025-01-05 17:08:00,2025-01-05 17:13:00,DEP,Water System,Hydrant Leaking (WC1),Queens,11104.0,Closed,Mobile,0
63638339,2025-01-05 15:32:00,2025-01-05 15:34:00,DEP,Water System,Hydrant Running Full (WA4),Queens,11418.0,Closed,Phone,0
63638375,2025-01-05 14:11:00,2025-01-23 12:00:00,DEP,Water System,Leak (Use Comments) (WA2),Brooklyn,11220.0,Closed,Phone,17
63638376,2025-01-05 08:11:00,2025-01-05 08:11:00,DEP,Water System,Possible Water Main Break (Use Comments) (WA1),Brooklyn,11234.0,Closed,Phone,0
63639513,2025-01-05 08:02:00,2025-01-05 08:02:00,DEP,Water System,No Water (WNW),Brooklyn,11234.0,Closed,Phone,0
63639632,2025-01-05 10:35:00,2025-01-06 14:28:00,DEP,Lead,Lead Kit Request (Residential) (L10),Queens,11385.0,Closed,Online,1
63639653,2025-01-05 16:08:00,2025-01-10 16:00:00,DEP,Noise,"Noise, Barking Dog (NR5)",Staten Island,10304.0,Closed,Online,4
63639655,2025-01-05 18:38:00,2025-01-06 14:29:00,DEP,Lead,Lead Kit Request (Residential) (L10),Manhattan,10009.0,Closed,Online,0
63639656,2025-01-05 12:17:00,2025-01-06 14:28:00,DEP,Lead,Lead Kit Request (Residential) (L10),Manhattan,10003.0,Closed,Online,1
63639657,2025-01-05 09:32:00,2025-01-06 14:28:00,DEP,Lead,Lead Kit Request (Residential) (L10),Queens,11356.0,Closed,Online,1
63639664,2025-01-05 19:05:00,2025-01-07 12:46:00,DEP,Noise,"Noise, Barking Dog (NR5)",Brooklyn,11201.0,Closed,Online,1
63639683,2025-01-05 10:23:00,2025-01-12 10:45:00,DEP,Noise,Noise: Construction Before/After Hours (NM1),Brooklyn,11237.0,Closed,Online,7
63639696,2025-01-05 01:29:00,2025-01-06 22:00:00,DEP,Noise,Noise: Construction Before/After Hours (NM1),Queens,11419.0,Closed,Online,1
63639703,2025-01-05 17:14:00,2025-01-06 10:00:00,DEP,Sewer,Catch Basin Clogged/Flooding (Use Comments) (SC),Manhattan,10033.0,Closed,Online,0
63639710,2025-01-05 13:56:00,2025-01-12 09:00:00,DEP,Noise,Noise: Jack Hammering (NC2),Brooklyn,11234.0,Closed,Online,6
63639715,2025-01-05 11:11:00,2025-01-05 12:30:00,DEP,Sewer,Sewer Backup (Use Comments) (SA),Brooklyn,11210.0,Closed,Phone,0
63639718,2025-01-05 12:47:00,2025-01-06 18:40:00,DEP,Water System,Hydrant Leaking (WC1),Brooklyn,11210.0,Closed,Mobile,1
63639721,2025-01-05 16:29:00,2025-01-07 14:23:00,DEP,Water System,Hydrant Running (WC3),Bronx,10461.0,Closed,Phone,1
63639722,2025-01-05 23:35:00,2025-01-06 06:08:00,DEP,Air Quality,"Air: Odor/Fumes, Vehicle Idling (AD3)",Manhattan,10025.0,Closed,Online,0
63639723,2025-01-05 20:50:00,2025-01-06 14:29:00,DEP,Lead,Lead Kit Request (Residential) (L10),Queens,11101.0,Closed,Online,0
63639724,2025-01-05 17:02:00,2025-01-06 14:28:00,DEP,Lead,Lead Kit Request (Residential) (L10),Manhattan,10006.0,Closed,Online,0
63639725,2025-01-05 12:05:00,2025-01-06 14:28:00,DEP,Lead,Lead Kit Request (Residential) (L10),Queens,11357.0,Closed,Online,1
63639726,2025-01-05 06:02:00,2025-01-06 14:28:00,DEP,Lead,Lead Kit Request (Residential) (L10),Queens,11379.0,Closed,Online,1
63639727,2025-01-05 22:50:00,2025-01-06 17:15:00,DEP,Water System,Dirty Water (WE),Brooklyn,11230.0,Closed,Phone,0
63639735,2025-01-05 16:59:00,2025-01-23 13:50:00,DEP,Water System,Leak (Use Comments) (WA2),Brooklyn,11230.0,Closed,Mobile,17
63639736,2025-01-05 12:20:00,2025-01-05 17:00:00,DEP,Water System,Leak (Use Comments) (WA2),Queens,11432.0,Closed,Phone,0
63639737,2025-01-05 05:26:00,2025-01-05 16:23:00,DEP,Water System,Leak (Use Comments) (WA2),Brooklyn,11234.0,Closed,Online,0
63639738,2025-01-05 18:47:00,2025-01-07 14:30:00,DEP,Noise,"Noise, Barking Dog (NR5)",Queens,11378.0,Closed,Online,1
63639741,2025-01-05 13:41:00,2025-01-05 16:45:00,DEP,Water System,Excessive Water In Basement (WEFB),Brooklyn,11221.0,Closed,Phone,0
63639742,2025-01-05 09:20:00,2025-01-13 11:30:00,DEP,Water System,Leak (Use Comments) (WA2),Queens,11419.0,Closed,Phone,8
63639758,2025-01-05 21:17:00,2025-01-06 06:08:00,DEP,Noise,Noise: Alarms (NR3),Manhattan,10024.0,Closed,Online,0
63639761,2025-01-05 11:08:00,2025-12-07 05:30:00,DEP,Sewer,Manhole Cover Missing (Emergency) (SA3),Queens,11412.0,Closed,Phone,335
63639762,2025-01-05 13:11:00,2025-01-05 15:05:00,DEP,Water System,Possible Water Main Break (Use Comments) (WA1),Staten Island,10312.0,Closed,Phone,0
63639763,2025-01-05 07:14:00,2025-01-06 18:30:00,DEP,Water System,Possible Water Main Break (Use Comments) (WA1),Bronx,10466.0,Closed,Phone,1
63639775,2025-01-05 22:44:00,2025-01-06 14:29:00,DEP,Lead,Lead Kit Request (Residential) (L10),Brooklyn,11209.0,Closed,Online,0
63639776,2025-01-05 16:38:00,2025-03-24 13:24:00,DEP,Lead,Lead Kit Request (Residential) (L10),Brooklyn,11210.0,Closed,Online,77
63639777,2025-01-05 11:14:00,2025-01-06 14:28:00,DEP,Lead,Lead Kit Request (Residential) (L10),Staten Island,10312.0,Closed,Online,1
63639806,2025-01-05 23:11:00,2025-01-07 00:15:00,DEP,Noise,Noise: Construction Before/After Hours (NM1),Manhattan,10014.0,Closed,Phone,1
63639807,2025-01-05 14:02:00,2025-01-12 14:15:00,DEP,Noise,Noise: Construction Before/After Hours (NM1),Manhattan,10025.0,Closed,Online,7
63639808,2025-01-05 09:26:00,2025-01-12 08:00:00,DEP,Noise,Noise: Construction Before/After Hours (NM1),Brooklyn,11234.0,Closed,Online,6
63639838,2025-01-05 16:56:00,2025-01-05 18:50:00,DEP,Sewer,Sewer Backup (Use Comments) (SA),Queens,11420.0,Closed,Phone,0
63639839,2025-01-05 23:35:00,2025-01-05 23:35:00,DEP,Sewer,Sewer Odor (SA2),Manhattan,10029.0,Closed,Online,0
63639866,2025-01-05 09:11:00,2025-01-12 11:00:00,DEP,Noise,Noise: Construction Before/After Hours (NM1),Bronx,10462.0,Closed,Online,7
63639867,2025-01-05 03:35:00,2025-01-07 00:00:00,DEP,Noise,Noise: Construction Before/After Hours (NM1),Brooklyn,11222.0,Closed,Online,1
63639886,2025-01-05 11:41:00,2025-01-05 12:29:00,DEP,Water System,Hydrant Running (WC3),Queens,11416.0,Closed,Phone,0
63639910,2025-01-05 10:50:00,2025-01-10 12:40:00,DEP,Water System,Hydrant Leaking (WC1),Queens,11417.0,Closed,Mobile,5
63639915,2025-01-05 11:32:00,2025-01-05 11:59:00,DEP,Water System,Leak (Use Comments) (WA2),Bronx,10466.0,Closed,Phone,0
63640905,2025-01-05 02:50:00,2025-01-06 17:11:00,DEP,Noise,Noise: air condition/ventilation equipment (NV1),Brooklyn,11201.0,Closed,Online,1
63640931,2025-01-05 15:38:00,2025-01-07 08:19:00,DEP,Noise,Noise: air condition/ventilation equipment (NV1),Manhattan,10009.0,Closed,Online,1
63641112,2025-01-05 09:50:00,2025-01-07 18:00:00,DEP,Air Quality,"Air: Odor/Fumes, Restaurant (AD2)",Brooklyn,11225.0,Closed,Online,2
63641113,2025-01-05 12:26:00,2025-02-28 14:27:00,DEP,Lead,Lead Kit Request (Residential) (L10),Queens,11106.0,Closed,Online,54
63641114,2025-01-05 02:02:00,2025-01-08 09:37:00,DEP,Lead,Lead Kit Request (Residential) (L10),Brooklyn,11226.0,Closed,Online,3
63641116,2025-01-05 17:05:00,2025-01-07 15:08:00,DEP,Noise,"Noise, Barking Dog (NR5)",Staten Island,10310.0,Closed,Online,1
63641117,2025-01-05 17:05:00,2025-01-12 10:00:00,DEP,Noise,Noise: Construction Before/After Hours (NM1),Bronx,10469.0,Closed,Online,6
63641120,2025-01-05 15:17:00,2025-01-12 14:00:00,DEP,Noise,Noise: Construction Before/After Hours (NM1),Bronx,10462.0,Closed,Phone,6
63641121,2025-01-05 10:17:00,2025-01-06 07:57:00,DEP,Noise,Noise: Construction Before/After Hours (NM1),Brooklyn,11215.0,Closed,Online,0
63641123,2025-01-05 18:14:00,2025-01-07 14:30:00,DEP,Air Quality,"Air: Odor/Fumes, Vehicle Idling (AD3)",Brooklyn,11215.0,Closed,Online,1
63641125,2025-01-05 13:38:00,2025-01-06 14:28:00,DEP,Lead,Lead Kit Request (Residential) (L10),Brooklyn,11211.0,Closed,Online,1
63641126,2025-01-05 10:23:00,2025-01-06 14:28:00,DEP,Lead,Lead Kit Request (Residential) (L10),Brooklyn,11230.0,Closed,Online,1
63641136,2025-01-05 23:53:00,2025-01-07 01:45:00,DEP,Noise,Noise: Construction Before/After Hours (NM1),Brooklyn,11235.0,Closed,Phone,1
63641137,2025-01-05 09:35:00,2025-01-06 07:46:00,DEP,Noise,Noise: Construction Before/After Hours (NM1),Manhattan,10036.0,Closed,Online,0
63641157,2025-01-05 20:20:00,2025-01-06 00:25:00,DEP,Water System,Dirty Water (WE),Manhattan,10021.0,Closed,Online,0
63641174,2025-01-05 17:38:00,2025-01-06 14:28:00,DEP,Lead,Lead Kit Request (Residential) (L10),Bronx,10470.0,Closed,Online,0
63641175,2025-01-05 12:59:00,2025-01-06 14:28:00,DEP,Lead,Lead Kit Request (Residential) (L10),Queens,11435.0,Closed,Online,1
63641176,2025-01-05 16:56:00,2025-01-06 01:00:00,DEP,Water System,Hydrant Running (WC3),Manhattan,10033.0,Closed,Online,0
63641189,2025-01-05 11:20:00,2025-01-12 15:30:00,DEP,Noise,Noise: Construction Before/After Hours (NM1),Queens,11693.0,Closed,Online,7
63641190,2025-01-05 18:17:00,2025-01-06 14:28:00,DEP,Lead,Lead Kit Request (Residential) (L10),Brooklyn,11228.0,Closed,Online,0
63641191,2025-01-05 10:38:00,2025-01-05 10:47:00,DEP,Water System,Possible Water Main Break (Use Comments) (WA1),Bronx,10466.0,Closed,Phone,0
63641202,2025-01-05 10:59:00,2025-01-12 12:00:00,DEP,Noise,Noise: Construction Before/After Hours (NM1),Bronx,10473.0,Closed,Online,7
63641203,2025-01-05 09:56:00,2025-01-12 08:15:00,DEP,Noise,Noise: Construction Before/After Hours (NM1),Brooklyn,11215.0,Closed,Online,6
63641204,2025-01-05 07:56:00,2025-01-12 10:15:00,DEP,Noise,Noise: Construction Before/After Hours (NM1),Manhattan,10003.0,Closed,Online,7
63641205,2025-01-05 02:26:00,2025-01-07 02:38:00,DEP,Noise,Noise: Construction Before/After Hours (NM1),Manhattan,10030.0,Closed,Phone,2
63641213,2025-01-05 12:32:00,2025-01-12 11:45:00,DEP,Noise,Noise: Construction Equipment (NC1),Brooklyn,11220.0,Closed,Online,6
63641215,2025-01-05 23:23:00,2025-01-07 02:34:00,DEP,Noise,Noise: Construction Before/After Hours (NM1),Manhattan,10065.0,Closed,Online,1
63641216,2025-01-05 07:53:00,2025-01-12 11:45:00,DEP,Noise,Noise: Construction Before/After Hours (NM1),Bronx,10455.0,Closed,Online,7
63641220,2025-01-05 12:29:00,2025-01-10 11:05:00,DEP,Water System,Hydrant Defective (WC2),Queens,11367.0,Closed,Online,4
63641221,2025-01-05 15:17:00,2025-01-06 06:30:00,DEP,Water System,Hydrant Leaking (WC1),Brooklyn,11201.0,Closed,Online,0
63641222,2025-01-05 15:26:00,2025-01-09 02:15:00,DEP,Water System,Hydrant Running (WC3),Queens,11101.0,Closed,Phone,3
63641240,2025-01-05 16:02:00,2025-02-01 12:30:00,DEP,Water System,Leak (Use Comments) (WA2),Brooklyn,11213.0,Closed,Online,26
63641241,2025-01-05 19:53:00,2025-01-05 19:53:00,DEP,Water System,Possible Water Main Break (Use Comments) (WA1),Brooklyn,11210.0,Closed,Online,0
63641251,2025-01-05 14:17:00,2025-01-05 17:05:00,DEP,Sewer,Catch Basin Grating Missing (SA4),Queens,11435.0,Closed,Phone,0
63641265,2025-01-05 10:35:00,2025-01-05 10:45:00,DEP,Sewer,Manhole Overflow (Use Comments) (SA1),Queens,11373.0,Closed,Online,0
63641336,2025-01-05 09:02:00,2025-01-07 13:43:00,DEP,Water System,Hydrant Leaking (WC1),Bronx,10470.0,Closed,Mobile,2
63641348,2025-01-05 12:35:00,2025-01-05 12:37:00,DEP,Water System,Leak (Use Comments) (WA2),Queens,11691.0,Closed,Online,0
63641351,2025-01-05 08:35:00,2025-01-12 08:30:00,DEP,Noise,Noise:  lawn care equipment (NCL),Manhattan,10033.0,Closed,Online,6
63641365,2025-01-05 10:56:00,2025-01-08 21:40:00,DEP,Water System,Hyd Valve Box Cover Missing (WV2),Bronx,10469.0,Closed,Phone,3
63642486,2025-01-05 13:41:00,2025-01-13 09:02:00,DEP,Noise,Noise: air condition/ventilation equipment (NV1),Manhattan,10003.0,Closed,Online,7
63642512,2025-01-05 08:11:00,2025-01-22 10:40:00,DEP,Noise,Noise: air condition/ventilation equipment (NV1),Manhattan,10013.0,Closed,Online,17
63642688,2025-01-05 09:11:00,2025-03-24 08:00:00,DEP,Water Quality,"Taste/Odor, Sewer (QA5)",Staten Island,10306.0,Closed,Phone,77
63642692,2025-01-05 04:08:00,2025-01-06 14:28:00,DEP,Lead,Lead Kit Request (Residential) (L10),Brooklyn,11207.0,Closed,Online,1
63642696,2025-01-05 15:23:00,2025-01-08 10:30:00,DEP,Noise,Noise: Alarms (NR3),Manhattan,10018.0,Closed,Online,2
63642699,2025-01-05 21:47:00,2025-01-07 11:39:00,DEP,Noise,"Noise, Barking Dog (NR5)",Bronx,10469.0,Closed,Online,1
63642703,2025-01-05 04:47:00,2025-01-08 18:45:00,DEP,Noise,Noise: Construction Before/After Hours (NM1),Bronx,10468.0,Closed,Phone,3
63642704,2025-01-05 21:26:00,2025-01-06 22:50:00,DEP,Water System,Hydrant Leaking (WC1),Bronx,10453.0,Closed,Mobile,1
63642721,2025-01-05 08:32:00,2025-01-29 11:15:00,DEP,Water System,Hydrant Leaking (WC1),Queens,11355.0,Closed,Mobile,24
63642770,2025-01-05 14:08:00,2025-01-06 14:28:00,DEP,Lead,Lead Kit Request (Residential) (L10),Manhattan,10003.0,Closed,Online,1
63642771,2025-01-05 09:59:00,2025-01-06 14:28:00,DEP,Lead,Lead Kit Request (Residential) (L10),Brooklyn,11209.0,Closed,Online,1
63642805,2025-01-05 17:35:00,2025-01-06 07:47:00,DEP,Noise,Noise: Construction Before/After Hours (NM1),Manhattan,10025.0,Closed,Online,0
63642806,2025-01-05 09:38:00,2025-01-08 09:09:00,DEP,Noise,Noise: Construction Before/After Hours (NM1),Manhattan,10036.0,Closed,Phone,2
63642818,2025-01-05 17:23:00,2025-01-14 10:45:00,DEP,Water System,LOW WATER PRESSURE - WLWP,Queens,11435.0,Closed,Online,8
63642821,2025-01-05 15:08:00,2025-01-05 17:10:00,DEP,Sewer,Sewer Backup (Use Comments) (SA),Brooklyn,11212.0,Closed,Online,0
63642830,2025-01-05 11:56:00,2025-01-06 07:42:00,DEP,Water Conservation,Water Meter Broken/Leaking - Private Residence (CMR),Brooklyn,11221.0,Closed,Phone,0
63642831,2025-01-05 21:23:00,2025-01-07 15:30:00,DEP,Air Quality,"Air: Odor/Fumes, Vehicle Idling (AD3)",Staten Island,10305.0,Closed,Online,1
63642832,2025-01-05 23:14:00,2025-01-05 23:30:00,DEP,Hazardous Materials,Chemical Odor (HD1),Brooklyn,11220.0,Closed,Online,0
63642840,2025-01-05 11:11:00,2025-01-06 02:50:00,DEP,Water System,Hydrant Leaking (WC1),Brooklyn,11210.0,Closed,Phone,0
63642841,2025-01-05 07:47:00,2025-01-07 10:55:00,DEP,Water System,Hydrant Running (WC3),Bronx,10459.0,Closed,Phone,2
63642842,2025-01-05 22:32:00,2025-01-07 04:00:00,DEP,Noise,Noise: Construction Before/After Hours (NM1),Brooklyn,11229.0,Closed,Online,1
63642850,2025-01-05 09:38:00,2025-01-12 09:30:00,DEP,Noise,Noise: Jack Hammering (NC2),Brooklyn,11217.0,Closed,Online,6
63642851,2025-01-05 01:29:00,2025-01-16 19:10:00,DEP,Water System,Leak (Use Comments) (WA2),Queens,11378.0,Closed,Online,11
63642852,2025-01-05 19:05:00,2025-01-05 19:31:00,DEP,Water System,Leak (Use Comments) (WA2),Queens,11105.0,Closed,Online,0
63642853,2025-01-05 14:05:00,2025-01-05 14:16:00,DEP,Water System,Leak (Use Comments) (WA2),Queens,11378.0,Closed,Phone,0
63642861,2025-01-05 12:23:00,2025-01-05 13:05:00,DEP,Sewer,Sewer Backup (Use Comments) (SA),Brooklyn,11229.0,Closed,Phone,0
63642865,2025-01-05 14:11:00,2025-01-05 18:10:00,DEP,Water System,Dirty Water (WE),Manhattan,10033.0,Closed,Phone,0
63642908,2025-01-05 11:26:00,2025-01-05 13:50:00,DEP,Water System,Leak (Use Comments) (WA2),Staten Island,10312.0,Closed,Online,0
63642936,2025-01-05 14:17:00,2025-01-05 14:21:00,DEP,Water System,Possible Water Main Break (Use Comments) (WA1),Queens,11429.0,Closed,Phone,0
63642943,2025-01-05 16:20:00,2025-01-09 09:55:00,DEP,Water System,Possible Water Main Break (Use Comments) (WA1),Brooklyn,11233.0,Closed,Phone,3
63643092,2025-01-05 12:26:00,2025-01-12 14:15:00,DEP,Noise,Noise:  lawn care equipment (NCL),Staten Island,10307.0,Closed,Online,7
63644069,2025-01-05 00:08:00,2025-01-06 17:10:00,DEP,Noise,Noise: air condition/ventilation equipment (NV1),Brooklyn,11211.0,Closed,Online,1
63644204,2025-01-05 00:02:00,2025-01-07 11:24:00,DEP,Lead,Lead Kit Request (Residential) (L10),Queens,11374.0,Closed,Online,2
63644210,2025-01-05 20:50:00,2025-01-06 06:08:00,DEP,Noise,Noise: Alarms (NR3),Queens,11429.0,Closed,Online,0
63644214,2025-01-05 12:20:00,2025-01-06 07:59:00,DEP,Noise,Noise: Construction Before/After Hours (NM1),Brooklyn,11237.0,Closed,Online,0
63644217,2025-01-05 12:14:00,2025-01-12 08:45:00,DEP,Noise,Noise: Construction Equipment (NC1),Manhattan,10075.0,Closed,Online,6
63644220,2025-01-05 14:50:00,2025-01-14 13:35:00,DEP,Sewer,Catch Basin Search (SC2),Queens,11101.0,Closed,Phone,8
63644221,2025-01-05 07:38:00,2025-01-07 09:00:00,DEP,Noise,"Noise, Other Animals (NR6)",Bronx,10467.0,Closed,Online,2
63644222,2025-01-05 19:47:00,2025-01-06 06:08:00,DEP,Air Quality,"Air: Odor/Fumes, Vehicle Idling (AD3)",Queens,11103.0,Closed,Online,0
63644223,2025-01-05 09:56:00,2025-01-06 06:08:00,DEP,Air Quality,"Air: Odor/Fumes, Vehicle Idling (AD3)",Manhattan,10023.0,Closed,Phone,0
63644224,2025-01-05 07:35:00,2025-01-10 06:15:00,DEP,Noise,"Noise, Barking Dog (NR5)",Bronx,10469.0,Closed,Online,4
63644228,2025-01-05 15:41:00,2025-01-27 14:10:00,DEP,Water System,Hydrant Running (WC3),Queens,11104.0,Closed,Phone,21
63644230,2025-01-05 14:41:00,2025-01-12 12:30:00,DEP,Noise,Noise: Construction Before/After Hours (NM1),Brooklyn,11226.0,Closed,Online,6
63644231,2025-01-05 11:50:00,2025-01-05 12:06:00,DEP,Water System,Possible Water Main Break (Use Comments) (WA1),Queens,11691.0,Closed,Phone,0
63644232,2025-01-05 11:14:00,2025-01-15 18:45:00,DEP,Water System,Possible Water Main Break (Use Comments) (WA1),Queens,11434.0,Closed,Online,10
63644237,2025-01-05 22:23:00,2025-01-06 03:30:00,DEP,Sewer,Sewer Backup (Use Comments) (SA),Staten Island,10309.0,Closed,Phone,0
63644238,2025-01-05 17:32:00,2025-01-05 19:30:00,DEP,Sewer,Sewer Backup (Use Comments) (SA),Queens,11691.0,Closed,Phone,0
63644259,2025-01-05 08:29:00,2025-01-07 12:30:00,DEP,Water System,Leak (Use Comments) (WA2),Bronx,10472.0,Closed,Phone,2
63644377,2025-01-05 16:05:00,2025-03-24 13:24:00,DEP,Lead,Lead Kit Request (Residential) (L10),Queens,11412.0,Closed,Online,77
63644384,2025-01-05 16:11:00,2025-01-06 14:28:00,DEP,Lead,Lead Kit Request (Residential) (L10),Manhattan,10025.0,Closed,Online,0
63644385,2025-01-05 11:59:00,2025-01-06 08:28:00,DEP,Noise,Noise: Alarms (NR3),Queens,11366.0,Closed,Online,0
63644387,2025-01-05 15:38:00,2025-01-08 13:15:00,DEP,Noise,Noise: Alarms (NR3),Queens,11367.0,Closed,Online,2
63644389,2025-01-05 16:50:00,2025-01-05 19:25:00,DEP,Sewer,Sewer Backup (Use Comments) (SA),Brooklyn,11223.0,Closed,Phone,0
63644390,2025-01-05 09:38:00,2025-01-06 07:46:00,DEP,Noise,Noise: Construction Before/After Hours (NM1),Manhattan,10036.0,Closed,Online,0
63644391,2025-01-05 22:59:00,2025-01-07 08:20:00,DEP,Sewer,Catch Basin Clogged/Flooding (Use Comments) (SC),Queens,11356.0,Closed,Online,1
63644392,2025-01-05 08:11:00,2025-01-06 12:30:00,DEP,Water System,Hydrant Leaking (WC1),Staten Island,10304.0,Closed,Mobile,1
63644393,2025-01-05 11:32:00,2025-01-05 12:35:00,DEP,Water System,Hydrant Running (WC3),Manhattan,10040.0,Closed,Phone,0
63644394,2025-01-05 09:08:00,2025-01-05 09:21:00,DEP,Water System,Leak (Use Comments) (WA2),Queens,11369.0,Closed,Phone,0
63644395,2025-01-05 15:11:00,2025-01-05 18:25:00,DEP,Sewer,Sewer Backup (Use Comments) (SA),Brooklyn,11213.0,Closed,Phone,0
63644396,2025-01-05 09:11:00,2025-01-07 15:15:00,DEP,Air Quality,"Air: Smoke, Vehicular (AA4)",Queens,11365.0,Closed,Online,2
63644403,2025-01-05 12:44:00,2025-01-07 08:22:00,DEP,Water System,Hydrant Leaking (WC1),Brooklyn,11214.0,Closed,Online,1
63644404,2025-01-05 17:41:00,2025-01-07 18:40:00,DEP,Water System,Hydrant Running (WC3),Bronx,10460.0,Closed,Online,2
63644405,2025-01-05 12:26:00,2025-01-13 11:45:00,DEP,Water System,Leak (Use Comments) (WA2),Manhattan,10036.0,Closed,Phone,7
63644406,2025-01-05 17:44:00,2025-01-05 17:46:00,DEP,Water System,Leak (Use Comments) (WA2),Queens,11379.0,Closed,Phone,0
63644418,2025-01-05 11:53:00,2025-01-05 11:59:00,DEP,Water System,Possible Water Main Break (Use Comments) (WA1),Bronx,10466.0,Closed,Phone,0
63645588,2025-01-05 01:29:00,2025-01-07 16:22:00,DEP,Noise,Noise: air condition/ventilation equipment (NV1),Manhattan,10033.0,Closed,Phone,2
63645805,2025-01-05 02:14:00,2025-09-22 08:30:00,DEP,Water System,Hydrant Leaking (WC1),Queens,11435.0,Closed,Phone,260
63645812,2025-01-05 10:47:00,2025-01-12 09:45:00,DEP,Noise,Noise: Construction Before/After Hours (NM1),Bronx,10457.0,Closed,Online,6
63645813,2025-01-05 09:50:00,2025-01-06 07:46:00,DEP,Noise,Noise: Construction Before/After Hours (NM1),Manhattan,10036.0,Closed,Online,0
63645814,2025-01-05 09:35:00,2025-01-12 15:45:00,DEP,Noise,Noise: Construction Before/After Hours (NM1),Manhattan,10036.0,Closed,Online,7
63645818,2025-01-05 23:56:00,2025-01-14 10:10:00,DEP,Sewer,Catch Basin Clogged/Flooding (Use Comments) (SC),Bronx,10460.0,Closed,Online,8
63645819,2025-01-05 11:08:00,2025-01-05 12:50:00,DEP,Sewer,Catch Basin Grating Missing (SA4),Queens,11422.0,Closed,Online,0
63645820,2025-01-05 10:50:00,2025-01-12 13:00:00,DEP,Noise,Noise: Jack Hammering (NC2),Bronx,10463.0,Closed,Online,7
63645822,2025-01-05 11:29:00,2025-01-05 12:40:00,DEP,Sewer,Sewer Backup (Use Comments) (SA),Queens,11361.0,Closed,Phone,0
63645823,2025-01-05 10:02:00,2025-01-10 21:30:00,DEP,Water System,Hydrant Leaking (WC1),Staten Island,10310.0,Closed,Online,5
63645824,2025-01-05 20:20:00,2025-02-26 10:05:00,DEP,Water System,Dirty Water (WE),Queens,11693.0,Closed,Phone,51
63645825,2025-01-05 08:38:00,2025-01-28 11:20:00,DEP,Water System,Hydrant Running (WC3),Bronx,10466.0,Closed,Online,23
63645826,2025-01-05 12:05:00,2025-01-07 09:02:00,DEP,Water System,Leak (Use Comments) (WA2),Staten Island,10304.0,Closed,Phone,1
63645827,2025-01-05 08:02:00,2025-01-05 08:38:00,DEP,Water System,Possible Water Main Break (Use Comments) (WA1),Bronx,10466.0,Closed,Phone,0
63645829,2025-01-05 00:56:00,2025-03-20 07:06:00,DEP,Water Quality,"Cloudy Or Milky, Other (Use Comments) (QBZ)",Brooklyn,11238.0,Closed,Phone,74
63645925,2025-01-05 16:53:00,2025-01-06 14:28:00,DEP,Lead,Lead Kit Request (Residential) (L10),Manhattan,10034.0,Closed,Online,0
63645926,2025-01-05 10:23:00,2025-01-07 12:39:00,DEP,Noise,"Noise, Barking Dog (NR5)",Brooklyn,11215.0,Closed,Online,2
63645945,2025-01-05 11:59:00,2025-01-23 10:57:00,DEP,Noise,"Noise, Barking Dog (NR5)",Brooklyn,11206.0,Closed,Online,17
63645951,2025-01-05 14:29:00,2025-01-06 07:47:00,DEP,Noise,Noise: Construction Equipment (NC1),Manhattan,10025.0,Closed,Online,0
63645952,2025-01-05 08:20:00,2025-01-12 11:15:00,DEP,Noise,Noise: Construction Equipment (NC1),Manhattan,10023.0,Closed,Online,7
63645965,2025-01-05 12:11:00,2025-01-06 07:58:00,DEP,Noise,Noise: Construction Before/After Hours (NM1),Brooklyn,11215.0,Closed,Phone,0
63645966,2025-01-05 09:47:00,2025-01-06 07:46:00,DEP,Noise,Noise: Construction Before/After Hours (NM1),Manhattan,10036.0,Closed,Online,0
63645968,2025-01-05 10:41:00,2025-01-05 11:10:00,DEP,Sewer,Sewer Backup (Use Comments) (SA),Queens,11423.0,Closed,Phone,0
63645970,2025-01-05 17:08:00,2025-01-05 17:55:00,DEP,Sewer,Manhole Cover Missing (Emergency) (SA3),Queens,11418.0,Closed,Phone,0
63645971,2025-01-05 13:17:00,2025-01-05 14:45:00,DEP,Sewer,Sewer Odor (SA2),Staten Island,10309.0,Closed,Phone,0
63645972,2025-01-05 11:41:00,2025-01-05 13:25:00,DEP,Sewer,Sewer Backup (Use Comments) (SA),Brooklyn,11217.0,Closed,Phone,0
63645974,2025-01-05 13:17:00,2025-01-15 09:55:00,DEP,Water System,Hydrant Leaking (WC1),Queens,11374.0,Closed,Mobile,9
63645975,2025-01-05 08:44:00,2025-01-06 11:40:00,DEP,Water System,Hydrant Leaking (WC1),Staten Island,10312.0,Closed,Online,1
63645976,2025-01-05 13:44:00,2025-01-05 13:45:00,DEP,Water System,Leak (Use Comments) (WA2),Queens,11377.0,Closed,Phone,0
63645977,2025-01-05 12:11:00,2025-01-05 12:38:00,DEP,Water System,Leak (Use Comments) (WA2),Queens,11436.0,Closed,Phone,0
63645979,2025-01-05 13:53:00,2025-01-06 17:08:00,DEP,Water System,Leak (Use Comments) (WA2),Queens,11364.0,Closed,Phone,1
63645980,2025-01-05 17:38:00,2025-01-05 17:44:00,DEP,Water System,Possible Water Main Break (Use Comments) (WA1),Queens,11373.0,Closed,Phone,0
63646096,2025-01-05 07:32:00,2025-01-12 15:45:00,DEP,Noise,Noise:  lawn care equipment (NCL),Bronx,10462.0,Closed,Online,7
63646136,2025-01-05 12:38:00,2025-01-05 12:55:00,DEP,Water System,LOW WATER PRESSURE - WLWP,Brooklyn,11218.0,Closed,Online,0
63647252,2025-01-05 14:11:00,2025-01-09 16:00:00,DEP,Air Quality,"Air: Smoke, Chimney or vent (AS1)",Manhattan,10001.0,Closed,Online,4
63647253,2025-01-05 21:11:00,2025-01-06 17:15:00,DEP,Noise,Noise: air condition/ventilation equipment (NV1),Queens,11415.0,Closed,Online,0
63647254,2025-01-05 15:23:00,2025-01-07 08:19:00,DEP,Noise,Noise: air condition/ventilation equipment (NV1),Manhattan,10009.0,Closed,Online,1
63647255,2025-01-05 12:11:00,2025-01-10 19:34:00,DEP,Noise,Noise: air condition/ventilation equipment (NV1),Manhattan,10040.0,Closed,Online,5
63647585,2025-01-06 05:08:00,2025-01-06 22:45:00,DEP,Noise,Noise: Construction Before/After Hours (NM1),Brooklyn,11217.0,Closed,Online,0
63647628,2025-01-06 01:11:00,2025-01-08 01:30:00,DEP,Noise,Noise: Construction Before/After Hours (NM1),Manhattan,10016.0,Closed,Phone,2
63647637,2025-01-06 20:08:00,2025-01-07 15:30:00,DEP,Noise,Noise: Alarms (NR3),Staten Island,10314.0,Closed,Online,0
63647705,2025-01-06 12:47:00,2025-01-09 12:00:00,DEP,Air Quality,"Air: Odor/Fumes, Vehicle Idling (AD3)",Brooklyn,11231.0,Closed,Phone,2
63647707,2025-01-06 10:14:00,2025-01-07 06:27:00,DEP,Air Quality,"Air: Odor/Fumes, Vehicle Idling (AD3)",Manhattan,10036.0,Closed,Online,0
63647710,2025-01-06 20:50:00,2025-01-07 06:27:00,DEP,Air Quality,"Air: Odor/Fumes, Vehicle Idling (AD3)",Queens,11105.0,Closed,Phone,0
63647724,2025-01-06 21:20:00,2025-01-07 11:23:00,DEP,Lead,Lead Kit Request (Residential) (L10),Brooklyn,11222.0,Closed,Online,0
63647727,2025-01-06 20:50:00,2025-01-07 11:23:00,DEP,Lead,Lead Kit Request (Residential) (L10),Manhattan,10017.0,Closed,Online,0
63647728,2025-01-06 22:35:00,2025-01-07 11:24:00,DEP,Lead,Lead Kit Request (Residential) (L10),Brooklyn,11209.0,Closed,Online,0
63647731,2025-01-06 22:02:00,2025-01-07 16:55:00,DEP,Noise,Noise: air condition/ventilation equipment (NV1),Brooklyn,11201.0,Closed,Online,0
63647732,2025-01-06 13:02:00,2025-01-14 18:44:00,DEP,Noise,Noise: air condition/ventilation equipment (NV1),Manhattan,10019.0,Closed,Online,8
63647733,2025-01-06 11:38:00,2025-01-21 09:13:00,DEP,Noise,Noise: air condition/ventilation equipment (NV1),Brooklyn,11201.0,Closed,Phone,14
63647735,2025-01-06 20:05:00,2025-01-07 11:23:00,DEP,Lead,Lead Kit Request (Residential) (L10),Brooklyn,11233.0,Closed,Phone,0
63647737,2025-01-06 09:56:00,2025-01-06 17:50:00,DEP,Water System,No Water (WNW),Queens,11369.0,Closed,Phone,0
63647739,2025-01-06 21:32:00,2025-01-07 11:23:00,DEP,Lead,Lead Kit Request (Residential) (L10),Brooklyn,11205.0,Closed,Online,0
63647741,2025-01-06 16:44:00,2025-01-07 11:25:00,DEP,Lead,Lead Kit Request (Residential) (L10),Brooklyn,11225.0,Closed,Online,0
63647743,2025-01-06 12:29:00,2025-01-07 11:24:00,DEP,Lead,Lead Kit Request (Residential) (L10),Manhattan,10040.0,Closed,Online,0
63647745,2025-01-06 11:26:00,2025-01-07 11:24:00,DEP,Lead,Lead Kit Request (Residential) (L10),Queens,11373.0,Closed,Online,0
63648325,2025-01-06 11:41:00,2025-01-06 15:50:00,DEP,Noise,Noise: Alarms (NR3),Queens,11366.0,Closed,Online,0
63648392,2025-01-06 15:20:00,2025-01-06 15:50:00,DEP,Noise,Noise: Alarms (NR3),Queens,11366.0,Closed,Online,0
63648507,2025-01-06 01:14:00,2025-01-06 15:28:00,DEP,Noise,Noise: Construction Before/After Hours (NM1),Manhattan,10016.0,Closed,Online,0
63648508,2025-01-06 05:05:00,2025-01-06 15:32:00,DEP,Noise,Noise: Construction Before/After Hours (NM1),Manhattan,10128.0,Closed,Phone,0
63648619,2025-01-06 23:20:00,2025-01-07 21:04:00,DEP,Noise,Noise: Construction Before/After Hours (NM1),Manhattan,10028.0,Closed,Phone,0
63648640,2025-01-06 23:02:00,2025-01-07 21:00:00,DEP,Noise,Noise: Construction Before/After Hours (NM1),Manhattan,10033.0,Closed,Online,0
63648642,2025-01-06 20:08:00,2025-01-08 02:00:00,DEP,Noise,Noise: Construction Before/After Hours (NM1),Brooklyn,11211.0,Closed,Online,1
63648649,2025-01-06 17:26:00,2025-01-07 07:45:00,DEP,Noise,Noise: Construction Equipment (NC1),Manhattan,10003.0,Closed,Phone,0
63648650,2025-01-06 07:02:00,2025-01-08 15:45:00,DEP,Noise,Noise: Construction Equipment (NC1),Manhattan,10075.0,Closed,Online,2
63648673,2025-01-06 01:26:00,2025-01-06 15:28:00,DEP,Noise,Noise: Construction Equipment (NC1),Manhattan,10016.0,Closed,Online,0
63648681,2025-01-06 05:17:00,2025-01-08 22:00:00,DEP,Noise,Noise: Construction Before/After Hours (NM1),Manhattan,10029.0,Closed,Online,2
63648735,2025-01-06 22:35:00,2025-01-07 21:04:00,DEP,Noise,Noise: Construction Equipment (NC1),Manhattan,10028.0,Closed,Online,0
63648758,2025-01-06 09:29:00,2025-01-07 09:16:00,DEP,Noise,Noise: Jack Hammering (NC2),Manhattan,10065.0,Closed,Online,0
63648763,2025-01-06 07:41:00,2025-01-07 15:45:00,DEP,Noise,Noise: Jack Hammering (NC2),Manhattan,10009.0,Closed,Online,1
63648769,2025-01-06 16:41:00,2025-01-13 11:45:00,DEP,Sewer,Catch Basin Search (SC2),Queens,11106.0,Closed,Phone,6
63648772,2025-01-06 06:20:00,2025-01-06 07:49:00,DEP,Noise,Noise: Jack Hammering (NC2),Manhattan,10028.0,Closed,Online,0
63648776,2025-01-06 10:47:00,2025-01-09 11:40:00,DEP,Sewer,Catch Basin Clogged/Flooding (Use Comments) (SC),Queens,11101.0,Closed,Phone,3
63648838,2025-01-06 10:08:00,2025-01-10 10:30:00,DEP,Sewer,Catch Basin Sunken/Damaged/Raised (SC1),Brooklyn,11209.0,Closed,Online,4
63648842,2025-01-06 20:38:00,2025-01-06 22:20:00,DEP,Sewer,Manhole Cover Missing (Emergency) (SA3),Queens,11365.0,Closed,Phone,0
63648886,2025-01-06 14:53:00,2025-01-06 17:00:00,DEP,Sewer,Sewer Backup (Use Comments) (SA),Queens,11385.0,Closed,Phone,0
63648923,2025-01-06 12:44:00,2025-01-06 14:15:00,DEP,Sewer,Sewer Backup (Use Comments) (SA),Brooklyn,11215.0,Closed,Phone,0
63648961,2025-01-06 11:08:00,2025-01-07 14:00:00,DEP,Water Quality,Cloudy Or Milky Water (QB1),Staten Island,10304.0,Closed,Phone,1
63648990,2025-01-06 21:32:00,2025-01-07 20:45:00,DEP,Water System,Dirty Water (WE),Brooklyn,11201.0,Closed,Phone,0
63648992,2025-01-06 11:56:00,2025-01-07 05:15:00,DEP,Water System,Dirty Water (WE),Brooklyn,11218.0,Closed,Phone,0
63648996,2025-01-06 09:08:00,2025-01-07 00:55:00,DEP,Water System,Hydrant Defective (WC2),Queens,11412.0,Closed,Online,0
63649002,2025-01-06 14:44:00,2025-02-05 16:55:00,DEP,Water System,Hydrant Leaking (WC1),Bronx,10463.0,Closed,Mobile,30
63649005,2025-01-06 09:53:00,2025-01-07 11:25:00,DEP,Water System,Hydrant Leaking (WC1),Bronx,10464.0,Closed,Online,1
63649006,2025-01-06 09:17:00,2025-01-06 20:55:00,DEP,Water System,Hydrant Leaking (WC1),Bronx,10463.0,Closed,Mobile,0
63649018,2025-01-06 10:08:00,2025-01-06 10:18:00,DEP,Water System,Possible Water Main Break (Use Comments) (WA1),Brooklyn,11223.0,Closed,Phone,0
63649020,2025-01-06 21:23:00,2025-02-26 10:05:00,DEP,Water System,Dirty Water (WE),Queens,11368.0,Closed,Online,50
63649030,2025-01-06 13:38:00,2025-01-08 10:25:00,DEP,Water System,Dirty Water (WE),Bronx,10452.0,Closed,Phone,1
63649031,2025-01-06 08:11:00,2025-02-26 10:05:00,DEP,Water System,Dirty Water (WE),Queens,11694.0,Closed,Phone,51
63649048,2025-01-06 10:05:00,2025-01-08 21:30:00,DEP,Water System,Hydrant Running Full (WA4),Bronx,10455.0,Closed,Online,2
63649061,2025-01-06 21:41:00,2025-01-06 22:15:00,DEP,Water System,Possible Water Main Break (Use Comments) (WA1),Queens,11428.0,Closed,Phone,0
63649073,2025-01-06 12:05:00,2025-01-06 12:07:00,DEP,Water System,Possible Water Main Break (Use Comments) (WA1),Bronx,10452.0,Closed,Phone,0
63649226,2025-01-06 08:17:00,2025-01-06 11:45:00,DEP,Noise,Noise: Construction Equipment (NC1),Queens,11432.0,Closed,Online,0
63649351,2025-01-06 09:23:00,2025-01-13 13:00:00,DEP,Water System,LOW WATER PRESSURE - WLWP,Brooklyn,11212.0,Closed,Online,7
63649446,2025-01-06 08:32:00,2025-01-06 09:07:00,DEP,Air Quality,"Air: Smoke, Vehicular (AA4)",Queens,11365.0,Closed,Online,0
63649624,2025-01-06 12:14:00,2025-01-14 14:24:00,DEP,Noise,Noise: air condition/ventilation equipment (NV1),Brooklyn,11204.0,Closed,Online,8
63649629,2025-01-06 18:44:00,2025-01-07 17:06:00,DEP,Noise,Noise: air condition/ventilation equipment (NV1),Brooklyn,11216.0,Closed,Online,0
63649630,2025-01-06 12:32:00,2025-01-29 13:30:00,DEP,Noise,Noise: air condition/ventilation equipment (NV1),Manhattan,10025.0,Closed,Online,23
63649645,2025-01-06 14:56:00,2025-01-06 15:00:00,DEP,Water System,No Water (WNW),Bronx,10469.0,Closed,Phone,0
63649674,2025-01-06 11:05:00,2025-01-09 16:00:00,DEP,Noise,Noise: air condition/ventilation equipment (NV1),Queens,11104.0,Closed,Online,3
63649688,2025-01-06 10:32:00,2025-01-06 18:00:00,DEP,Air Quality,"Air: Odor/Fumes, Vehicle Idling (AD3)",Queens,11354.0,Closed,Phone,0
63650734,2025-01-06 13:53:00,2025-01-06 19:05:00,DEP,Water System,Excessive Water In Basement (WEFB),Queens,11385.0,Closed,Phone,0
63650758,2025-01-06 16:14:00,2025-01-07 11:25:00,DEP,Lead,Lead Kit Request (Residential) (L10),Brooklyn,11217.0,Closed,Online,0
63650760,2025-01-06 22:29:00,2025-01-07 11:24:00,DEP,Lead,Lead Kit Request (Residential) (L10),Brooklyn,11222.0,Closed,Online,0
63650761,2025-01-06 19:59:00,2025-01-07 11:23:00,DEP,Lead,Lead Kit Request (Residential) (L10),Manhattan,10009.0,Closed,Online,0
63650768,2025-01-06 10:53:00,2025-01-07 11:24:00,DEP,Lead,Lead Kit Request (Residential) (L10),Queens,11368.0,Closed,Online,1
63650774,2025-01-06 09:11:00,2025-01-06 14:29:00,DEP,Lead,Lead Kit Request (Residential) (L10),Brooklyn,11205.0,Closed,Online,0
63650824,2025-01-06 05:08:00,2025-01-06 15:32:00,DEP,Noise,Noise: Construction Before/After Hours (NM1),Manhattan,10128.0,Closed,Online,0
63650829,2025-01-06 23:23:00,2025-01-07 11:24:00,DEP,Lead,Lead Kit Request (Residential) (L10),Brooklyn,11221.0,Closed,Online,0
63650830,2025-01-06 20:23:00,2025-01-07 11:23:00,DEP,Lead,Lead Kit Request (Residential) (L10),Bronx,10458.0,Closed,Online,0
63650831,2025-01-06 22:44:00,2025-01-07 21:04:00,DEP,Noise,Noise: Construction Before/After Hours (NM1),Manhattan,10028.0,Closed,Phone,0
63650832,2025-01-06 22:17:00,2025-01-07 23:15:00,DEP,Noise,Noise: Construction Before/After Hours (NM1),Manhattan,10010.0,Closed,Phone,1
63650841,2025-01-06 05:59:00,2025-01-07 21:30:00,DEP,Noise,Noise: Construction Before/After Hours (NM1),Manhattan,10128.0,Closed,Online,1
63650853,2025-01-06 14:56:00,2025-01-07 18:00:00,DEP,Noise,Noise: Construction Equipment (NC1),Brooklyn,11208.0,Closed,Phone,1
63650854,2025-01-06 12:02:00,2025-01-08 12:30:00,DEP,Noise,Noise: Construction Equipment (NC1),Manhattan,10019.0,Closed,Online,2
63650855,2025-01-06 08:29:00,2025-01-09 08:30:00,DEP,Noise,Noise: Construction Equipment (NC1),Brooklyn,11216.0,Closed,Online,3
63650856,2025-01-06 09:41:00,2025-01-07 15:45:00,DEP,Noise,Noise: Construction Equipment (NC1),Manhattan,10028.0,Closed,Online,1
63650862,2025-01-06 08:14:00,2025-01-08 10:54:00,DEP,Water Quality,"Taste/Odor, Sewer (QA5)",Brooklyn,11230.0,Closed,Phone,2
63650870,2025-01-06 07:17:00,2025-01-08 18:45:00,DEP,Noise,Noise: Private Carting Noise (NQ1),Queens,11101.0,Closed,Online,2
63650872,2025-01-06 16:59:00,2025-01-07 07:31:00,DEP,Noise,Noise: Alarms (NR3),Queens,11366.0,Closed,Online,0
63650873,2025-01-06 17:56:00,2025-01-07 10:10:00,DEP,Sewer,Catch Basin Search (SC2),Manhattan,10017.0,Closed,Phone,0
63650874,2025-01-06 21:53:00,2025-01-06 21:53:00,DEP,Sewer,Sewer Backup (Use Comments) (SA),Brooklyn,11214.0,Closed,Phone,0
63650876,2025-01-06 21:41:00,2025-01-07 11:23:00,DEP,Lead,Lead Kit Request (Residential) (L10),Brooklyn,11238.0,Closed,Online,0
63650877,2025-01-06 13:17:00,2025-01-07 11:25:00,DEP,Lead,Lead Kit Request (Residential) (L10),Brooklyn,11249.0,Closed,Online,0
63650895,2025-01-06 06:14:00,2025-01-10 07:45:00,DEP,Noise,Noise: Construction Before/After Hours (NM1),Manhattan,10028.0,Closed,Online,4
63650900,2025-01-06 09:41:00,2025-01-07 11:50:00,DEP,Water System,Hydrant Leaking (WC1),Bronx,10451.0,Closed,Mobile,1
63650901,2025-01-06 11:05:00,2025-01-06 11:15:00,DEP,Water System,Hydrant Knocked Over/Missing (WC),Queens,11432.0,Closed,Online,0
63650908,2025-01-06 08:14:00,2025-02-07 14:15:00,DEP,Water System,Hydrant Leaking (WC1),Bronx,10459.0,Closed,Phone,32
63650909,2025-01-06 17:26:00,2025-01-07 14:24:00,DEP,Water System,Hydrant Running (WC3),Bronx,10461.0,Closed,Online,0
63650910,2025-01-06 07:32:00,2025-01-06 07:45:00,DEP,Sewer,Catch Basin Search (SC2),Brooklyn,11208.0,Closed,Phone,0
63650911,2025-01-06 23:02:00,2025-01-07 21:04:00,DEP,Noise,Noise: Construction Before/After Hours (NM1),Manhattan,10028.0,Closed,Phone,0
63650912,2025-01-06 22:23:00,2025-01-07 22:15:00,DEP,Noise,Noise: Construction Before/After Hours (NM1),Manhattan,10075.0,Closed,Online,0
63650913,2025-01-06 08:44:00,2025-01-06 09:45:00,DEP,Sewer,Manhole Cover Missing (Emergency) (SA3),Queens,11358.0,Closed,Online,0
63650914,2025-01-06 19:29:00,2025-01-21 14:00:00,DEP,Water System,Leak (Use Comments) (WA2),Bronx,10467.0,Closed,Online,14
63650916,2025-01-06 09:02:00,2025-01-06 19:15:00,DEP,Water System,Possible Water Main Break (Use Comments) (WA1),Bronx,10469.0,Closed,Phone,0
63650917,2025-01-06 11:56:00,2025-01-07 18:00:00,DEP,Noise,Noise: Construction Equipment (NC1),Queens,11435.0,Closed,Phone,1
63650918,2025-01-06 23:08:00,2025-01-09 01:00:00,DEP,Noise,Noise: Private Carting Noise (NQ1),Manhattan,10022.0,Closed,Online,2
63650923,2025-01-06 15:53:00,2025-01-07 11:42:00,DEP,Water Quality,"Cloudy Or Milky, Other (Use Comments) (QBZ)",Bronx,10463.0,Closed,Phone,0
63650924,2025-01-06 07:56:00,2025-01-10 10:31:00,DEP,Water Quality,"Cloudy Or Milky, Other (Use Comments) (QBZ)",Queens,11427.0,Closed,Online,4
63650925,2025-01-06 20:35:00,2025-01-07 14:00:00,DEP,Water System,Dirty Water (WE),Staten Island,10305.0,Closed,Phone,0
63650926,2025-01-06 16:35:00,2025-01-07 00:25:00,DEP,Water System,Dirty Water (WE),Manhattan,10013.0,Closed,Phone,0
63650927,2025-01-06 12:47:00,2025-01-08 11:25:00,DEP,Water System,Dirty Water (WE),Bronx,10452.0,Closed,Phone,1
63650943,2025-01-06 10:17:00,2025-01-06 12:20:00,DEP,Sewer,Street Flooding (SJ),Manhattan,10024.0,Closed,Online,0
63650950,2025-01-06 17:23:00,2025-01-07 00:55:00,DEP,Water System,Hydrant Running (WC3),Brooklyn,11230.0,Closed,Phone,0
63650963,2025-01-06 19:47:00,2025-01-06 20:35:00,DEP,Water System,Dirty Water (WE),Brooklyn,11201.0,Closed,Online,0
63650964,2025-01-06 18:17:00,2025-01-06 19:55:00,DEP,Water System,Dirty Water (WE),Brooklyn,11213.0,Closed,Online,0
63650965,2025-01-06 15:56:00,2025-01-09 08:55:00,DEP,Water System,Dirty Water (WE),Bronx,10458.0,Closed,Phone,2
63650968,2025-01-06 10:59:00,2025-01-06 11:11:00,DEP,Water System,Leak (Use Comments) (WA2),Queens,11378.0,Closed,Phone,0
63650984,2025-01-06 10:47:00,2025-02-12 13:30:00,DEP,Water System,Leak (Use Comments) (WA2),Queens,11417.0,Closed,Online,37
63650996,2025-01-06 10:20:00,2025-01-06 10:35:00,DEP,Water System,Possible Water Main Break (Use Comments) (WA1),Queens,11373.0,Closed,Phone,0
63651008,2025-01-06 09:53:00,2025-01-23 14:00:00,DEP,Water System,Leak (Use Comments) (WA2),Bronx,10474.0,Closed,Phone,17
63651029,2025-01-06 16:50:00,2025-01-06 17:00:00,DEP,Water System,Possible Water Main Break (Use Comments) (WA1),Queens,11417.0,Closed,Phone,0
63651030,2025-01-06 08:32:00,2025-01-07 08:19:00,DEP,Air Quality,"Air: Smoke, Vehicular (AA4)",Queens,11366.0,Closed,Online,0
63651281,2025-01-06 11:02:00,2025-01-06 11:05:00,DEP,Water System,Excessive Water In Basement (WEFB),Queens,11435.0,Closed,Phone,0
63651512,2025-01-06 10:14:00,2025-01-09 09:37:00,DEP,Noise,Noise: air condition/ventilation equipment (NV1),Manhattan,10012.0,Closed,Online,2
63651513,2025-01-06 16:08:00,2025-01-06 16:08:00,DEP,Water System,No Water (WNW),Bronx,10469.0,Closed,Phone,0
63651520,2025-01-06 15:26:00,2025-01-06 15:56:00,DEP,Water System,No Water (WNW),Queens,11369.0,Closed,Phone,0
63652737,2025-01-06 07:56:00,2025-01-07 06:45:00,DEP,Noise,Noise: Construction Before/After Hours (NM1),Brooklyn,11201.0,Closed,Online,0
63652760,2025-01-06 21:02:00,2025-01-07 11:23:00,DEP,Lead,Lead Kit Request (Residential) (L10),Manhattan,10016.0,Closed,Online,0
63652761,2025-01-06 20:20:00,2025-01-07 11:23:00,DEP,Lead,Lead Kit Request (Residential) (L10),Queens,11373.0,Closed,Phone,0
63652775,2025-01-06 13:53:00,2025-01-07 11:25:00,DEP,Lead,Lead Kit Request (Residential) (L10),Manhattan,10030.0,Closed,Phone,0
63652776,2025-01-06 00:17:00,2025-01-06 14:29:00,DEP,Lead,Lead Kit Request (Residential) (L10),Queens,11375.0,Closed,Online,0
63652805,2025-01-06 16:02:00,2025-01-07 13:25:00,DEP,Water System,High Water Pressure (WHP),Queens,11693.0,Closed,Phone,0
63652806,2025-01-06 18:05:00,2025-01-07 02:00:00,DEP,Noise,Noise: Construction Before/After Hours (NM1),Brooklyn,11214.0,Closed,Online,0
63652807,2025-01-06 01:14:00,2025-01-06 23:00:00,DEP,Noise,Noise: Construction Before/After Hours (NM1),Manhattan,10022.0,Closed,Online,0
63652813,2025-01-06 13:02:00,2025-01-06 15:50:00,DEP,Noise,Noise: Alarms (NR3),Queens,11366.0,Closed,Online,0
63652817,2025-01-06 20:05:00,2025-01-07 06:27:00,DEP,Air Quality,"Air: Odor/Fumes, Vehicle Idling (AD3)",Queens,11358.0,Closed,Online,0
63652818,2025-01-06 21:53:00,2025-01-06 22:52:00,DEP,Hazardous Materials,Chemical Odor (HD1),Brooklyn,11235.0,Closed,Online,0
63652820,2025-01-06 21:02:00,2025-01-07 11:23:00,DEP,Lead,Lead Kit Request (Residential) (L10),Manhattan,10009.0,Closed,Online,0
63652833,2025-01-06 15:38:00,2025-01-07 11:25:00,DEP,Lead,Lead Kit Request (Residential) (L10),Queens,11379.0,Closed,Online,0
63652834,2025-01-06 10:35:00,2025-01-07 11:24:00,DEP,Lead,Lead Kit Request (Residential) (L10),Queens,11358.0,Closed,Phone,1
63652842,2025-01-06 08:35:00,2025-01-06 09:15:00,DEP,Asbestos,Asbestos Complaint (B1),Queens,11385.0,Closed,Phone,0
63652843,2025-01-06 16:08:00,2025-01-14 11:30:00,DEP,Noise,"Noise, Barking Dog (NR5)",Queens,11432.0,Closed,Phone,7
63652844,2025-01-06 23:05:00,2025-01-07 21:04:00,DEP,Noise,Noise: Construction Before/After Hours (NM1),Manhattan,10028.0,Closed,Phone,0
63652845,2025-01-06 22:44:00,2025-01-07 21:00:00,DEP,Noise,Noise: Construction Before/After Hours (NM1),Manhattan,10033.0,Closed,Online,0
63652846,2025-01-06 22:29:00,2025-01-07 21:04:00,DEP,Noise,Noise: Construction Before/After Hours (NM1),Brooklyn,11201.0,Closed,Online,0
63652847,2025-01-06 18:20:00,2025-01-17 21:30:00,DEP,Noise,Noise: Construction Before/After Hours (NM1),Brooklyn,11211.0,Closed,Online,11
63652850,2025-01-06 06:05:00,2025-01-10 06:45:00,DEP,Noise,Noise: Construction Before/After Hours (NM1),Manhattan,10128.0,Closed,Online,4
63652853,2025-01-06 20:35:00,2025-01-07 11:23:00,DEP,Lead,Lead Kit Request (Residential) (L10),Queens,11378.0,Closed,Online,0
63652854,2025-01-06 15:41:00,2025-01-07 11:25:00,DEP,Lead,Lead Kit Request (Residential) (L10),Brooklyn,11249.0,Closed,Online,0
63652865,2025-01-06 06:02:00,2025-01-07 07:00:00,DEP,Noise,Noise: Construction Before/After Hours (NM1),Manhattan,10128.0,Closed,Online,1
63652870,2025-01-06 17:38:00,2025-01-07 23:15:00,DEP,Noise,Noise: Construction Before/After Hours (NM1),Manhattan,10025.0,Closed,Online,1
63652871,2025-01-06 11:29:00,2025-01-08 07:00:00,DEP,Noise,Noise: Construction Before/After Hours (NM1),Bronx,10457.0,Closed,Online,1
63652876,2025-01-06 21:02:00,2025-01-06 22:30:00,DEP,Sewer,Sewer Backup (Use Comments) (SA),Brooklyn,11214.0,Closed,Phone,0
63652877,2025-01-06 12:41:00,2025-01-06 15:40:00,DEP,Sewer,Sewer Backup (Use Comments) (SA),Brooklyn,11214.0,Closed,Phone,0
63652878,2025-01-06 11:59:00,2025-01-06 20:45:00,DEP,Sewer,Sewer Backup (Use Comments) (SA),Queens,11691.0,Closed,Phone,0
63652885,2025-01-06 05:47:00,2025-01-06 09:25:00,DEP,Sewer,Sewer Backup (Use Comments) (SA),Staten Island,10309.0,Closed,Online,0
63652886,2025-01-06 16:02:00,2025-01-07 12:45:00,DEP,Sewer,Catch Basin Sunken/Damaged/Raised (SC1),Bronx,10469.0,Closed,Phone,0
63652887,2025-01-06 20:20:00,2025-01-07 21:25:00,DEP,Water System,Dirty Water (WE),Brooklyn,11207.0,Closed,Phone,1
63652888,2025-01-06 10:47:00,2025-01-06 14:50:00,DEP,Sewer,Sewer Backup (Use Comments) (SA),Brooklyn,11236.0,Closed,Phone,0
63652890,2025-01-06 22:11:00,2025-01-06 22:30:00,DEP,Sewer,Sewer Backup (Use Comments) (SA),Brooklyn,11214.0,Closed,Phone,0
63652891,2025-01-06 18:41:00,2025-01-07 06:23:00,DEP,Sewer,Sewer Odor (SA2),Queens,11694.0,Closed,Phone,0
63652895,2025-01-06 08:20:00,2025-01-07 00:00:00,DEP,Noise,Noise: Construction Before/After Hours (NM1),Manhattan,10028.0,Closed,Online,0
63652897,2025-01-06 15:50:00,2025-01-08 14:00:00,DEP,Noise,Noise: Construction Equipment (NC1),Manhattan,10010.0,Closed,Online,1
63652898,2025-01-06 14:53:00,2025-01-07 13:50:00,DEP,Sewer,Street Flooding (SJ),Queens,11106.0,Closed,Phone,0
63652901,2025-01-06 09:11:00,2025-01-09 18:00:00,DEP,Noise,Noise: Construction Equipment (NC1),Brooklyn,11207.0,Closed,Online,3
63652905,2025-01-06 10:50:00,2025-01-07 13:44:00,DEP,Water System,Hydrant Leaking (WC1),Bronx,10470.0,Closed,Mobile,1
63652908,2025-01-06 09:08:00,2025-01-07 13:15:00,DEP,Water System,Hydrant Running (WC3),Bronx,10452.0,Closed,Phone,1
63652909,2025-01-06 11:29:00,2025-01-06 11:31:00,DEP,Water System,Possible Water Main Break (Use Comments) (WA1),Brooklyn,11201.0,Closed,Phone,0
63652910,2025-01-06 08:29:00,2025-01-06 08:35:00,DEP,Water System,Possible Water Main Break (Use Comments) (WA1),Brooklyn,11210.0,Closed,Online,0
63652913,2025-01-06 18:20:00,2025-01-06 19:47:00,DEP,Water System,Possible Water Main Break (Use Comments) (WA1),Queens,11433.0,Closed,Phone,0
63652969,2025-01-06 07:02:00,2025-01-06 08:09:00,DEP,Water System,Possible Water Main Break (Use Comments) (WA1),Brooklyn,11208.0,Closed,Online,0
63653061,2025-01-06 09:26:00,2025-02-26 10:05:00,DEP,Water System,Dirty Water (WE),Queens,11103.0,Closed,Phone,51
63653084,2025-01-06 00:50:00,2025-01-06 16:48:00,DEP,Noise,Noise: air condition/ventilation equipment (NV1),Bronx,10458.0,Closed,Phone,0
63653223,2025-01-06 09:26:00,2025-01-16 09:50:00,DEP,Sewer,RAIN GARDEN DEBRIS (GIRGD),Queens,11101.0,Closed,Phone,10
63653242,2025-01-06 11:14:00,2025-01-09 08:40:00,DEP,Water System,LOW WATER PRESSURE - WLWP,Bronx,10465.0,Closed,Phone,2
63653397,2025-01-06 15:50:00,2025-01-14 18:49:00,DEP,Noise,Noise: air condition/ventilation equipment (NV1),Manhattan,10026.0,Closed,Online,8
63653417,2025-01-06 14:32:00,2025-01-06 14:45:00,DEP,Water System,No Water (WNW),Bronx,10469.0,Closed,Phone,0
63653454,2025-01-06 14:08:00,2025-01-06 14:47:00,DEP,Water System,No Water (WNW),Staten Island,10312.0,Closed,Phone,0
63653490,2025-01-06 20:56:00,2025-02-03 21:30:00,DEP,Noise,Noise: air condition/ventilation equipment (NV1),Manhattan,10003.0,Closed,Phone,28
63653492,2025-01-06 06:17:00,2025-01-08 05:45:00,DEP,Air Quality,"Air: Odor/Fumes, Vehicle Idling (AD3)",Bronx,10459.0,Closed,Online,1
63653527,2025-01-06 14:20:00,2025-01-06 14:25:00,DEP,Water System,No Water (WNW),Queens,11369.0,Closed,Phone,0
63653775,2025-01-06 14:41:00,2025-01-06 14:42:00,DEP,Water System,LOW WATER PRESSURE - WLWP,Queens,11369.0,Closed,Phone,0
63654606,2025-01-06 20:56:00,2025-01-06 23:00:00,DEP,Noise,Noise: Construction Before/After Hours (NM1),Queens,11412.0,Closed,Online,0
63654632,2025-01-06 21:59:00,2025-01-07 06:27:00,DEP,Air Quality,"Air: Odor/Fumes, Vehicle Idling (AD3)",Bronx,10466.0,Closed,Online,0
63654640,2025-01-06 20:47:00,2025-01-07 11:23:00,DEP,Lead,Lead Kit Request (Residential) (L10),Bronx,10472.0,Closed,Online,0
63654676,2025-01-06 14:38:00,2025-01-14 08:59:00,DEP,Noise,"Noise, Barking Dog (NR5)",Brooklyn,11221.0,Closed,Online,7
63654684,2025-01-06 23:11:00,2025-01-07 11:24:00,DEP,Lead,Lead Kit Request (Residential) (L10),Queens,11358.0,Closed,Online,0
63654685,2025-01-06 17:26:00,2025-01-07 11:25:00,DEP,Lead,Lead Kit Request (Residential) (L10),Brooklyn,11217.0,Closed,Online,0
63654696,2025-01-06 13:11:00,2025-01-07 11:24:00,DEP,Lead,Lead Kit Request (Residential) (L10),Queens,11369.0,Closed,Online,0
63654697,2025-01-06 10:23:00,2025-01-07 11:24:00,DEP,Lead,Lead Kit Request (Residential) (L10),Bronx,10458.0,Closed,Online,1
63654710,2025-01-06 23:11:00,2025-01-07 21:04:00,DEP,Noise,Noise: Construction Before/After Hours (NM1),Manhattan,10028.0,Closed,Online,0
63654713,2025-01-06 09:11:00,2025-01-06 17:00:00,DEP,Noise,Noise: Construction Before/After Hours (NM1),Queens,11432.0,Closed,Online,0
63654715,2025-01-06 11:53:00,2025-01-07 11:24:00,DEP,Lead,Lead Kit Request (Residential) (L10),Brooklyn,11207.0,Closed,Online,0
63654724,2025-01-06 14:26:00,2025-01-08 18:00:00,DEP,Noise,Noise: Construction Equipment (NC1),Brooklyn,11207.0,Closed,Phone,2
63654729,2025-01-06 14:32:00,2025-01-07 00:00:00,DEP,Industrial Waste,Grease In Sewer/Catch Basin (IDG),Bronx,10458.0,Closed,Online,0
63654731,2025-01-06 15:08:00,2025-01-14 11:32:00,DEP,Noise,"Noise, Barking Dog (NR5)",Staten Island,10314.0,Closed,Online,7
63654732,2025-01-06 08:59:00,2025-01-09 14:04:00,DEP,Noise,"Noise, Barking Dog (NR5)",Bronx,10463.0,Closed,Online,3
63654733,2025-01-06 13:14:00,2025-01-07 10:25:00,DEP,Sewer,Catch Basin Clogged/Flooding (Use Comments) (SC),Brooklyn,11235.0,Closed,Phone,0
63654734,2025-01-06 09:32:00,2025-01-19 03:50:00,DEP,Sewer,Catch Basin Sunken/Damaged/Raised (SC1),Queens,11414.0,Closed,Phone,12
63654735,2025-01-06 22:32:00,2025-01-07 11:23:00,DEP,Lead,Lead Kit Request (Residential) (L10),Queens,11368.0,Closed,Online,0
63654736,2025-01-06 20:59:00,2025-01-07 11:23:00,DEP,Lead,Lead Kit Request (Residential) (L10),Manhattan,10027.0,Closed,Online,0
63654737,2025-01-06 20:26:00,2025-01-07 11:23:00,DEP,Lead,Lead Kit Request (Residential) (L10),Brooklyn,11207.0,Closed,Phone,0
63654738,2025-01-06 11:44:00,2025-03-24 13:24:00,DEP,Lead,Lead Kit Request (Residential) (L10),Manhattan,10029.0,Closed,Online,77
63654745,2025-01-06 21:14:00,2025-01-07 02:20:00,DEP,Sewer,Sewer Backup (Use Comments) (SA),Queens,11105.0,Closed,Phone,0
63654753,2025-01-06 13:56:00,2025-01-07 02:50:00,DEP,Water System,Dirty Water (WE),Brooklyn,11239.0,Closed,Phone,0
63654756,2025-01-06 21:35:00,2025-01-07 21:04:00,DEP,Noise,Noise: Construction Before/After Hours (NM1),Manhattan,10028.0,Closed,Online,0
63654758,2025-01-06 12:29:00,2025-01-07 14:00:00,DEP,Noise,Noise: Alarms (NR3),Manhattan,10025.0,Closed,Online,1
63654760,2025-01-06 18:08:00,2025-01-07 21:00:00,DEP,Noise,Noise: Construction Before/After Hours (NM1),Manhattan,10075.0,Closed,Online,1
63654761,2025-01-06 08:59:00,2025-01-11 20:30:00,DEP,Water System,Hydrant Leaking (WC1),Queens,11101.0,Closed,Online,5
63654762,2025-01-06 07:17:00,2025-01-14 11:05:00,DEP,Water System,Hydrant Running (WC3),Queens,11691.0,Closed,Mobile,8
63654763,2025-01-06 05:35:00,2025-02-13 11:35:00,DEP,Water System,Hydrant Running (WC3),Queens,11102.0,Closed,Mobile,38
63654764,2025-01-06 08:53:00,2025-01-10 09:45:00,DEP,Sewer,Catch Basin Clogged/Flooding (Use Comments) (SC),Queens,11436.0,Closed,Phone,4
63654765,2025-01-06 07:56:00,2025-01-08 13:00:00,DEP,Noise,Noise: Construction Equipment (NC1),Manhattan,10036.0,Closed,Online,2
63654766,2025-01-06 11:23:00,2025-01-06 11:28:00,DEP,Water System,Leak (Use Comments) (WA2),Queens,11378.0,Closed,Online,0
63654767,2025-01-06 17:41:00,2025-01-06 19:00:00,DEP,Sewer,Sewer Backup (Use Comments) (SA),Bronx,10456.0,Closed,Phone,0
63654768,2025-01-06 11:47:00,2025-01-06 13:35:00,DEP,Sewer,Sewer Backup (Use Comments) (SA),Queens,11432.0,Closed,Phone,0
63654769,2025-01-06 11:56:00,2025-01-07 17:20:00,DEP,Water System,Leak (Use Comments) (WA2),Brooklyn,11232.0,Closed,Phone,1
63654770,2025-01-06 13:56:00,2025-01-06 16:10:00,DEP,Sewer,Sewer Backup (Use Comments) (SA),Brooklyn,11201.0,Closed,Phone,0
63654771,2025-01-06 09:56:00,2025-01-06 11:40:00,DEP,Sewer,Sewer Odor (SA2),Brooklyn,11208.0,Closed,Phone,0
63654772,2025-01-06 23:32:00,2025-01-07 21:04:00,DEP,Noise,Noise: Construction Before/After Hours (NM1),Manhattan,10028.0,Closed,Phone,0
63654773,2025-01-06 05:23:00,2025-01-07 02:40:00,DEP,Noise,Noise: Construction Before/After Hours (NM1),Brooklyn,11217.0,Closed,Online,0
63654774,2025-01-06 18:56:00,2025-01-08 10:50:00,DEP,Sewer,Street Flooding (SJ),Queens,11694.0,Closed,Phone,1
63654776,2025-01-06 18:20:00,2025-01-07 02:25:00,DEP,Water System,Dirty Water (WE),Manhattan,10023.0,Closed,Phone,0
63654777,2025-01-06 09:44:00,2025-01-06 17:45:00,DEP,Water System,Dirty Water (WE),Brooklyn,11213.0,Closed,Phone,0
63654778,2025-01-06 09:08:00,2025-01-06 17:40:00,DEP,Water System,Dirty Water (WE),Brooklyn,11212.0,Closed,Phone,0
63654779,2025-01-06 04:47:00,2025-01-06 15:32:00,DEP,Noise,Noise: Jack Hammering (NC2),Manhattan,10128.0,Closed,Online,0
63654780,2025-01-06 06:05:00,2025-01-07 11:10:00,DEP,Noise,Noise: Jack Hammering (NC2),Manhattan,10128.0,Closed,Phone,1
63654781,2025-01-06 12:02:00,2025-01-09 05:15:00,DEP,Water System,Hydrant Defective (WC2),Queens,11103.0,Closed,Online,2
63654782,2025-01-06 09:38:00,2025-01-06 10:00:00,DEP,Sewer,Catch Basin Clogged/Flooding (Use Comments) (SC),Brooklyn,11211.0,Closed,Online,0
63654783,2025-01-06 05:59:00,2025-01-06 11:50:00,DEP,Sewer,Catch Basin Clogged/Flooding (Use Comments) (SC),Queens,11432.0,Closed,Online,0
63654784,2025-01-06 14:47:00,2025-01-07 21:15:00,DEP,Water System,Dirty Water (WE),Brooklyn,11221.0,Closed,Online,1
63654785,2025-01-06 10:32:00,2025-04-05 13:00:00,DEP,Water System,Hydrant Defective (WC2),Brooklyn,11233.0,Closed,Online,89
63654791,2025-01-06 10:38:00,2025-01-06 13:15:00,DEP,Water System,Hydrant Running (WC3),Manhattan,10034.0,Closed,Online,0
63654792,2025-01-06 16:14:00,2025-01-23 09:40:00,DEP,Water System,Hydrant Running Full (WA4),Bronx,10451.0,Closed,Phone,16
63654796,2025-01-06 12:59:00,2025-01-06 21:35:00,DEP,Water System,Leak (Use Comments) (WA2),Staten Island,10312.0,Closed,Phone,0
63654801,2025-01-06 11:47:00,2025-01-06 13:10:00,DEP,Water System,Possible Water Main Break (Use Comments) (WA1),Queens,11429.0,Closed,Phone,0
63654802,2025-01-06 11:35:00,2025-01-22 21:45:00,DEP,Water System,Leak (Use Comments) (WA2),Queens,11422.0,Closed,Online,16
63654809,2025-01-06 16:56:00,2025-02-26 10:05:00,DEP,Water System,Dirty Water (WE),Queens,11370.0,Closed,Phone,50
63654816,2025-01-06 13:20:00,2025-01-06 13:20:00,DEP,Water System,Hydrant Knocked Over/Missing (WC),Manhattan,10026.0,Closed,Online,0
63654817,2025-01-06 15:56:00,2025-01-07 10:40:00,DEP,Water System,Hydrant Leaking (WC1),Staten Island,10314.0,Closed,Online,0
63654826,2025-01-06 21:59:00,2025-01-06 22:41:00,DEP,Water System,Hydrant Running (WC3),Queens,11412.0,Closed,Online,0
63654827,2025-01-06 15:17:00,2025-01-06 15:20:00,DEP,Water System,Hydrant Running Full (WA4),Queens,11369.0,Closed,Phone,0
63654845,2025-01-06 11:20:00,2025-01-06 11:40:00,DEP,Water System,Hydrant Running Full (WA4),Queens,11369.0,Closed,Phone,0
63654973,2025-01-06 08:05:00,2025-01-06 10:30:00,DEP,Noise,Noise: Construction Equipment (NC1),Queens,11435.0,Closed,Online,0
63655016,2025-01-06 18:47:00,2025-01-09 23:30:00,DEP,Noise,Noise:  lawn care equipment (NCL),Manhattan,10040.0,Closed,Online,3
63655135,2025-01-06 12:29:00,2025-01-06 12:35:00,DEP,Water System,LOW WATER PRESSURE - WLWP,Bronx,10452.0,Closed,Phone,0
63655396,2025-01-06 08:14:00,2025-01-06 19:45:00,DEP,Water System,No Water (WNW),Bronx,10469.0,Closed,Online,0
63655407,2025-01-06 17:47:00,2025-01-14 18:51:00,DEP,Noise,Noise: air condition/ventilation equipment (NV1),Manhattan,10019.0,Closed,Online,8
63656608,2025-01-06 17:32:00,2025-01-07 11:25:00,DEP,Lead,Lead Kit Request (Residential) (L10),Brooklyn,11234.0,Closed,Phone,0
63656651,2025-01-06 07:14:00,2025-01-08 21:15:00,DEP,Noise,Noise: Construction Before/After Hours (NM1),Manhattan,10128.0,Closed,Online,2
63656704,2025-01-06 16:11:00,2025-01-07 11:25:00,DEP,Lead,Lead Kit Request (Residential) (L10),Manhattan,10028.0,Closed,Online,0
63656705,2025-01-06 11:53:00,2025-01-07 11:24:00,DEP,Lead,Lead Kit Request (Residential) (L10),Brooklyn,11215.0,Closed,Online,0
63656706,2025-01-06 11:26:00,2025-01-07 11:24:00,DEP,Lead,Lead Kit Request (Residential) (L10),Brooklyn,11238.0,Closed,Online,0
63656718,2025-01-06 09:59:00,2025-01-14 07:45:00,DEP,Air Quality,"Air: Odor/Fumes, Vehicle Idling (AD3)",Brooklyn,11201.0,Closed,Phone,7
63656719,2025-01-06 16:59:00,2025-01-07 11:25:00,DEP,Lead,Lead Kit Request (Residential) (L10),Manhattan,10014.0,Closed,Phone,0
63656720,2025-01-06 13:56:00,2025-01-07 11:25:00,DEP,Lead,Lead Kit Request (Residential) (L10),Brooklyn,11225.0,Closed,Online,0
63656728,2025-01-06 10:56:00,2025-01-07 11:24:00,DEP,Lead,Lead Kit Request (Residential) (L10),Staten Island,10301.0,Closed,Online,1
63656729,2025-01-06 05:26:00,2025-01-06 14:29:00,DEP,Lead,Lead Kit Request (Residential) (L10),Manhattan,10019.0,Closed,Online,0
63656731,2025-01-06 20:35:00,2025-01-07 00:09:00,DEP,Water System,Dirty Water (WE),Brooklyn,11207.0,Closed,Online,0
63656732,2025-01-06 21:44:00,2025-01-09 13:40:00,DEP,Noise,"Noise, Barking Dog (NR5)",Manhattan,10001.0,Closed,Online,2
63656733,2025-01-06 19:59:00,2025-01-09 13:34:00,DEP,Noise,"Noise, Barking Dog (NR5)",Manhattan,10016.0,Closed,Online,2
63656734,2025-01-06 08:26:00,2025-01-07 22:05:00,DEP,Water System,Hydrant Defective (WC2),Bronx,10471.0,Closed,Online,1
63656735,2025-01-06 21:53:00,2025-01-14 09:55:00,DEP,Water System,Hydrant Leaking (WC1),Queens,11378.0,Closed,Mobile,7
63656736,2025-01-06 14:47:00,2025-01-08 20:35:00,DEP,Water System,Hydrant Leaking (WC1),Bronx,10463.0,Closed,Mobile,2
63656737,2025-01-06 06:53:00,2025-01-14 09:33:00,DEP,Noise,"Noise, Barking Dog (NR5)",Brooklyn,11206.0,Closed,Online,8
63656738,2025-01-06 15:17:00,2025-01-06 15:50:00,DEP,Noise,Noise: Alarms (NR3),Queens,11366.0,Closed,Online,0
63656739,2025-01-06 16:23:00,2025-01-09 10:00:00,DEP,Noise,Noise: Alarms (NR3),Brooklyn,11216.0,Closed,Phone,2
63656740,2025-01-06 21:35:00,2025-01-07 06:27:00,DEP,Noise,Noise: Alarms (NR3),Brooklyn,11238.0,Closed,Phone,0
63656744,2025-01-06 06:14:00,2025-01-06 08:07:00,DEP,Water System,Leak (Use Comments) (WA2),Brooklyn,11215.0,Closed,Phone,0
63656754,2025-01-06 22:35:00,2025-01-07 20:00:00,DEP,Noise,Noise: Construction Before/After Hours (NM1),Brooklyn,11201.0,Closed,Online,0
63656755,2025-01-06 22:20:00,2025-01-08 20:05:00,DEP,Noise,Noise: Construction Before/After Hours (NM1),Manhattan,10033.0,Closed,Online,1
63656756,2025-01-06 08:11:00,2025-01-10 16:40:00,DEP,Noise,Noise: Construction Before/After Hours (NM1),Manhattan,10128.0,Closed,Online,4
63656760,2025-01-06 15:11:00,2025-01-06 15:12:00,DEP,Water System,Possible Water Main Break (Use Comments) (WA1),Brooklyn,11207.0,Closed,Online,0
63656761,2025-01-06 21:23:00,2025-01-07 06:27:00,DEP,Air Quality,"Air: Odor/Fumes, Vehicle Idling (AD3)",Manhattan,10010.0,Closed,Online,0
63656762,2025-01-06 23:50:00,2025-01-07 21:04:00,DEP,Noise,Noise: Jack Hammering (NC2),Manhattan,10028.0,Closed,Online,0
63656769,2025-01-06 11:47:00,2025-01-06 14:40:00,DEP,Sewer,Catch Basin Search (SC2),Brooklyn,11208.0,Closed,Online,0
63656777,2025-01-06 18:23:00,2025-01-06 18:26:00,DEP,Sewer,Sewer Backup (Use Comments) (SA),Queens,11691.0,Closed,Online,0
63656786,2025-01-06 09:44:00,2025-01-06 11:00:00,DEP,Sewer,Sewer Backup (Use Comments) (SA),Brooklyn,11234.0,Closed,Phone,0
63656796,2025-01-06 11:50:00,2025-01-06 16:41:00,DEP,Water Conservation,Water Meter Broken/Leaking - Other (CMO),Brooklyn,11201.0,Closed,Online,0
63656798,2025-01-06 09:02:00,2025-01-08 11:00:00,DEP,Noise,Noise: Alarms (NR3),Manhattan,10035.0,Closed,Phone,2
63656799,2025-01-06 11:59:00,2025-01-09 09:45:00,DEP,Sewer,Street Flooding (SJ),Queens,11421.0,Closed,Phone,2
63656810,2025-01-06 05:59:00,2025-01-06 15:23:00,DEP,Noise,Noise: Construction Before/After Hours (NM1),Manhattan,10128.0,Closed,Phone,0
63656811,2025-01-06 20:14:00,2025-01-07 21:20:00,DEP,Water System,Dirty Water (WE),Brooklyn,11207.0,Closed,Phone,1
63656814,2025-01-06 11:05:00,2025-01-06 11:15:00,DEP,Water System,Hydrant Knocked Over/Missing (WC),Queens,11365.0,Closed,Online,0
63656815,2025-01-06 15:02:00,2025-01-07 01:00:00,DEP,Water System,Hydrant Leaking (WC1),Brooklyn,11201.0,Closed,Phone,0
63656817,2025-01-06 09:17:00,2025-01-08 14:38:00,DEP,Water System,Hydrant Defective (WC2),Bronx,10471.0,Closed,Phone,2
63656822,2025-01-06 15:50:00,2025-01-06 16:02:00,DEP,Water System,Leak (Use Comments) (WA2),Queens,11412.0,Closed,Phone,0
63656823,2025-01-06 13:56:00,2025-01-06 14:05:00,DEP,Water System,Leak (Use Comments) (WA2),Queens,11367.0,Closed,Phone,0
63656824,2025-01-06 11:47:00,2025-01-06 13:11:00,DEP,Water System,Leak (Use Comments) (WA2),Queens,11428.0,Closed,Phone,0
63656825,2025-01-06 22:29:00,2025-01-07 21:04:00,DEP,Noise,Noise: Construction Before/After Hours (NM1),Manhattan,10075.0,Closed,Online,0
63656826,2025-01-06 18:26:00,2025-01-07 21:02:00,DEP,Noise,Noise: Construction Before/After Hours (NM1),Brooklyn,11212.0,Closed,Phone,1
63656829,2025-01-06 00:29:00,2025-01-07 02:51:00,DEP,Noise,Noise: Construction Before/After Hours (NM1),Brooklyn,11201.0,Closed,Online,1
63656860,2025-01-06 13:38:00,2025-01-06 13:49:00,DEP,Sewer,Sewer Backup (Use Comments) (SA),Brooklyn,11214.0,Closed,Phone,0
63656877,2025-01-06 18:29:00,2025-01-06 20:40:00,DEP,Sewer,Sewer Backup (Use Comments) (SA),Brooklyn,11201.0,Closed,Phone,0
63656878,2025-01-06 19:17:00,2025-01-06 19:50:00,DEP,Sewer,Sewer Odor (SA2),Manhattan,10016.0,Closed,Online,0
63656901,2025-01-06 00:59:00,2025-01-06 10:00:00,DEP,Sewer,Street Flooding (SJ),Manhattan,10006.0,Closed,Online,0
63656925,2025-01-06 14:02:00,2025-01-08 08:35:00,DEP,Water System,Dirty Water (WE),Bronx,10452.0,Closed,Phone,1
63656927,2025-01-06 16:02:00,2025-01-06 16:02:00,DEP,Water System,Hydrant Running (WC3),Bronx,10459.0,Closed,Phone,0
63656933,2025-01-06 10:53:00,2025-01-06 11:04:00,DEP,Water System,Leak (Use Comments) (WA2),Queens,11435.0,Closed,Phone,0
63656936,2025-01-06 06:05:00,2025-01-14 07:00:00,DEP,Noise,Noise:  lawn care equipment (NCL),Brooklyn,11211.0,Closed,Phone,8
63656937,2025-01-06 08:38:00,2025-01-06 11:20:00,DEP,Water System,Leak (Use Comments) (WA2),Staten Island,10314.0,Closed,Phone,0
63657018,2025-01-06 09:32:00,2025-01-13 13:00:00,DEP,Noise,Noise: Jack Hammering (NC2),Queens,11102.0,Closed,Online,7
63657040,2025-01-06 08:32:00,2025-01-06 15:50:00,DEP,Air Quality,"Air: Smoke, Vehicular (AA4)",Queens,11366.0,Closed,Online,0
63657139,2025-01-06 08:29:00,2025-01-06 08:46:00,DEP,Water System,Excessive Water In Basement (WEFB),Brooklyn,11211.0,Closed,Phone,0
63657222,2025-01-06 11:32:00,2025-01-06 13:35:00,DEP,Water System,LOW WATER PRESSURE - WLWP,Bronx,10452.0,Closed,Phone,0
63657352,2025-01-06 14:17:00,2025-01-06 14:53:00,DEP,Water System,No Water (WNW),Staten Island,10312.0,Closed,Phone,0
63657358,2025-01-06 18:05:00,2025-02-04 22:00:00,DEP,Noise,Noise: air condition/ventilation equipment (NV1),Staten Island,10309.0,Closed,Online,29
63657359,2025-01-06 17:59:00,2025-01-06 17:59:00,DEP,Water System,No Water (WNW),Bronx,10469.0,Closed,Online,0
63657360,2025-01-06 15:17:00,2025-01-06 15:17:00,DEP,Water System,No Water (WNW),Bronx,10469.0,Closed,Phone,0
63657361,2025-01-06 06:35:00,2025-01-06 08:08:00,DEP,Water System,No Water (WNW),Brooklyn,11234.0,Closed,Phone,0
63657584,2025-01-06 08:32:00,2025-01-07 08:15:00,DEP,Air Quality,"Air: Odor/Fumes, Vehicle Idling (AD3)",Queens,11378.0,Closed,Phone,0
63657771,2025-01-06 11:59:00,2025-01-06 12:09:00,DEP,Water System,LOW WATER PRESSURE - WLWP,Brooklyn,11232.0,Closed,Phone,0
63658525,2025-01-06 19:20:00,2025-01-09 20:45:00,DEP,Air Quality,"Air: Odor/Fumes, Vehicle Idling (AD3)",Brooklyn,11222.0,Closed,Online,3
63658526,2025-01-06 21:35:00,2025-01-07 11:23:00,DEP,Lead,Lead Kit Request (Residential) (L10),Manhattan,10128.0,Closed,Online,0
63658527,2025-01-06 12:14:00,2025-01-07 11:24:00,DEP,Lead,Lead Kit Request (Residential) (L10),Manhattan,10019.0,Closed,Phone,0
63658555,2025-01-06 20:17:00,2025-01-09 13:33:00,DEP,Noise,"Noise, Barking Dog (NR5)",Manhattan,10023.0,Closed,Online,2
63658578,2025-01-06 20:05:00,2025-01-09 17:30:00,DEP,Noise,Noise: Alarms (NR3),Brooklyn,11201.0,Closed,Online,2
63658595,2025-01-06 23:17:00,2025-01-07 20:55:00,DEP,Noise,Noise: Construction Before/After Hours (NM1),Manhattan,10003.0,Closed,Online,0
63658596,2025-01-06 23:14:00,2025-01-07 21:04:00,DEP,Noise,Noise: Construction Before/After Hours (NM1),Manhattan,10028.0,Closed,Online,0
63658607,2025-01-06 18:47:00,2025-01-08 03:00:00,DEP,Noise,Noise: Construction Before/After Hours (NM1),Brooklyn,11216.0,Closed,Online,1
63658620,2025-01-06 22:53:00,2025-01-07 21:04:00,DEP,Noise,Noise: Construction Equipment (NC1),Manhattan,10028.0,Closed,Phone,0
63658628,2025-01-06 16:14:00,2025-01-08 13:45:00,DEP,Noise,Noise: Jack Hammering (NC2),Brooklyn,11221.0,Closed,Online,1
63658629,2025-01-06 05:59:00,2025-01-08 20:15:00,DEP,Noise,Noise: Jack Hammering (NC2),Manhattan,10029.0,Closed,Online,2
63658631,2025-01-06 11:05:00,2025-01-07 13:20:00,DEP,Sewer,Catch Basin Clogged/Flooding (Use Comments) (SC),Queens,11414.0,Closed,Phone,1
63658642,2025-01-06 10:44:00,2025-01-07 11:45:00,DEP,Sewer,Catch Basin Clogged/Flooding (Use Comments) (SC),Brooklyn,11237.0,Closed,Online,1
63658649,2025-01-06 10:41:00,2025-01-06 14:30:00,DEP,Sewer,Sewer Backup (Use Comments) (SA),Queens,11428.0,Closed,Phone,0
63658650,2025-01-06 00:14:00,2025-01-06 14:29:00,DEP,Lead,Lead Kit Request (Residential) (L10),Brooklyn,11216.0,Closed,Online,0
63658660,2025-01-06 08:41:00,2025-01-06 17:00:00,DEP,Water System,Excessive Water In Basement (WEFB),Bronx,10458.0,Closed,Phone,0
63658662,2025-01-06 10:56:00,2025-01-06 16:30:00,DEP,Noise,Noise: Alarms (NR3),Bronx,10470.0,Closed,Online,0
63658663,2025-01-06 13:50:00,2025-01-09 08:30:00,DEP,Water System,Dirty Water (WE),Bronx,10468.0,Closed,Phone,2
63658664,2025-01-06 17:11:00,2025-01-07 07:32:00,DEP,Noise,Noise: Alarms (NR3),Queens,11366.0,Closed,Online,0
63658665,2025-01-06 00:29:00,2025-01-06 18:30:00,DEP,Noise,Noise: Construction Before/After Hours (NM1),Brooklyn,11220.0,Closed,Online,0
63658666,2025-01-06 09:17:00,2025-02-10 10:30:00,DEP,Hazardous Materials,"Oil Spill On Street, Large (HQL)",Queens,11428.0,Closed,Phone,35
63658671,2025-01-06 17:11:00,2025-01-07 11:25:00,DEP,Lead,Lead Kit Request (Residential) (L10),Brooklyn,11215.0,Closed,Online,0
63658672,2025-01-06 19:41:00,2025-01-06 20:06:00,DEP,Water System,Leak (Use Comments) (WA2),Queens,11369.0,Closed,Phone,0
63658673,2025-01-06 18:29:00,2025-01-07 20:55:00,DEP,Noise,Noise: Construction Before/After Hours (NM1),Manhattan,10075.0,Closed,Online,1
63658685,2025-01-06 14:08:00,2025-01-09 13:52:00,DEP,Noise,"Noise, Barking Dog (NR5)",Bronx,10460.0,Closed,Phone,2
63658686,2025-01-06 23:20:00,2025-03-20 08:00:00,DEP,Water Quality,"Taste/Odor, Chemical (QA2)",Brooklyn,11225.0,Closed,Online,72
63658699,2025-01-06 13:23:00,2025-02-03 13:50:00,DEP,Sewer,Catch Basin Search (SC2),Queens,11369.0,Closed,Phone,28
63658700,2025-01-06 09:29:00,2025-01-07 18:05:00,DEP,Sewer,Culvert Blocked/Needs Cleaning (SE),Queens,11419.0,Closed,Phone,1
63658709,2025-01-06 09:56:00,2025-01-06 11:15:00,DEP,Sewer,Sewer Backup (Use Comments) (SA),Queens,11434.0,Closed,Phone,0
63658721,2025-01-06 16:32:00,2025-01-06 16:57:00,DEP,Water Conservation,Water Meter Broken/Leaking - Private Residence (CMR),Brooklyn,11212.0,Closed,Phone,0
63658722,2025-01-06 18:38:00,2025-01-08 22:45:00,DEP,Noise,Noise: Construction Before/After Hours (NM1),Queens,11102.0,Closed,Online,2
63658723,2025-01-06 01:23:00,2025-01-07 02:35:00,DEP,Noise,Noise: Construction Before/After Hours (NM1),Manhattan,10022.0,Closed,Phone,1
63658730,2025-01-06 21:50:00,2025-01-07 20:50:00,DEP,Water System,Dirty Water (WE),Brooklyn,11215.0,Closed,Online,0
63658731,2025-01-06 00:17:00,2025-01-07 02:51:00,DEP,Noise,Noise: Construction Before/After Hours (NM1),Brooklyn,11201.0,Closed,Online,1
63658735,2025-01-06 15:05:00,2025-01-08 20:37:00,DEP,Water System,Hydrant Knocked Over/Missing (WC),Bronx,10459.0,Closed,Online,2
63658736,2025-01-06 08:02:00,2025-01-06 08:09:00,DEP,Water System,Hydrant Leaking (WC1),Queens,11102.0,Closed,Online,0
63658740,2025-01-06 09:47:00,2025-01-08 10:15:00,DEP,Water System,Hydrant Leaking (WC1),Staten Island,10309.0,Closed,Phone,2
63658742,2025-01-06 09:14:00,2025-01-06 09:16:00,DEP,Water System,Leak (Use Comments) (WA2),Queens,11436.0,Closed,Phone,0
63658743,2025-01-06 20:35:00,2025-01-14 10:59:00,DEP,Noise,"Noise, Barking Dog (NR5)",Brooklyn,11232.0,Closed,Online,7
63658744,2025-01-06 18:23:00,2025-01-07 10:10:00,DEP,Water System,Leak (Use Comments) (WA2),Staten Island,10303.0,Closed,Phone,0
63658764,2025-01-06 09:05:00,2025-01-06 11:00:00,DEP,Sewer,Sewer Backup (Use Comments) (SA),Brooklyn,11213.0,Closed,Phone,0
63658765,2025-01-06 13:17:00,2025-01-06 14:00:00,DEP,Sewer,Sewer Odor (SA2),Manhattan,10016.0,Closed,Online,0
63658774,2025-01-06 23:11:00,2025-01-07 21:00:00,DEP,Noise,Noise: Construction Before/After Hours (NM1),Manhattan,10033.0,Closed,Online,0
63658791,2025-01-06 06:35:00,2025-01-06 10:05:00,DEP,Sewer,Sewer Backup (Use Comments) (SA),Queens,11436.0,Closed,Phone,0
63658796,2025-01-06 23:56:00,2025-01-07 01:45:00,DEP,Sewer,Sewer Backup (Use Comments) (SA),Queens,11422.0,Closed,Phone,0
63658805,2025-01-06 09:20:00,2025-01-06 10:44:00,DEP,Water System,Leak (Use Comments) (WA2),Queens,11428.0,Closed,Phone,0
63658806,2025-01-06 09:26:00,2025-01-24 16:05:00,DEP,Water System,Leak (Use Comments) (WA2),Queens,11413.0,Closed,Phone,18
63658807,2025-01-06 18:35:00,2025-01-06 19:54:00,DEP,Water System,Possible Water Main Break (Use Comments) (WA1),Queens,11373.0,Closed,Phone,0
63658808,2025-01-06 13:50:00,2025-01-08 10:50:00,DEP,Water System,Dirty Water (WE),Bronx,10452.0,Closed,Phone,1
63658809,2025-01-06 13:23:00,2025-01-06 16:50:00,DEP,Water System,Dirty Water (WE),Manhattan,10028.0,Closed,Phone,0
63658810,2025-01-06 00:26:00,2025-02-26 10:05:00,DEP,Water System,Dirty Water (WE),Queens,11103.0,Closed,Online,51
63658812,2025-01-06 16:41:00,2025-01-06 16:41:00,DEP,Water System,Hydrant Leaking (WC1),Bronx,10473.0,Closed,Phone,0
63658816,2025-01-06 10:50:00,2025-01-06 11:15:00,DEP,Water System,Leak (Use Comments) (WA2),Queens,11379.0,Closed,Phone,0
63658817,2025-01-06 10:47:00,2025-01-06 11:00:00,DEP,Water System,Leak (Use Comments) (WA2),Queens,11435.0,Closed,Phone,0
63658818,2025-01-06 09:02:00,2025-01-06 09:03:00,DEP,Water System,Leak (Use Comments) (WA2),Brooklyn,11215.0,Closed,Phone,0
63658830,2025-01-06 09:41:00,2025-01-15 17:20:00,DEP,Water System,Leak (Use Comments) (WA2),Queens,11420.0,Closed,Phone,9
63658831,2025-01-06 09:11:00,2025-01-06 14:15:00,DEP,Water System,Leak (Use Comments) (WA2),Staten Island,10310.0,Closed,Phone,0
63659223,2025-01-06 20:41:00,2025-01-31 16:00:00,DEP,Noise,Noise: air condition/ventilation equipment (NV1),Queens,11361.0,Closed,Online,24
63659224,2025-01-06 08:44:00,2025-01-16 16:00:00,DEP,Noise,Noise: Other Noise Sources (Use Comments) (NZZ),Staten Island,10312.0,Closed,Online,10
63659243,2025-01-06 13:59:00,2025-01-06 17:25:00,DEP,Water System,No Water (WNW),Queens,11369.0,Closed,Online,0
63659486,2025-01-06 14:20:00,2025-01-14 14:39:00,DEP,Noise,Noise: air condition/ventilation equipment (NV1),Brooklyn,11201.0,Closed,Online,8
63659487,2025-01-06 07:38:00,2025-01-07 08:23:00,DEP,Noise,Noise: air condition/ventilation equipment (NV1),Manhattan,10009.0,Closed,Online,1
63660507,2025-01-06 19:50:00,2025-01-07 11:23:00,DEP,Lead,Lead Kit Request (Residential) (L10),Manhattan,10032.0,Closed,Online,0
63660508,2025-01-06 16:59:00,2025-01-07 11:25:00,DEP,Lead,Lead Kit Request (Residential) (L10),Manhattan,10003.0,Closed,Phone,0
63660524,2025-01-06 15:35:00,2025-01-08 10:15:00,DEP,Air Quality,"Air: Odor/Fumes, Vehicle Idling (AD3)",Manhattan,10025.0,Closed,Online,1
63660532,2025-01-06 07:17:00,2025-01-14 11:08:00,DEP,Noise,"Noise, Barking Dog (NR5)",Brooklyn,11204.0,Closed,Online,8
63660547,2025-01-06 06:17:00,2025-01-06 07:49:00,DEP,Noise,Noise: Construction Before/After Hours (NM1),Manhattan,10028.0,Closed,Phone,0
63660548,2025-01-06 07:17:00,2025-01-07 11:37:00,DEP,Noise,"Noise, Barking Dog (NR5)",Bronx,10467.0,Closed,Online,1
63660573,2025-01-06 22:29:00,2025-01-07 21:00:00,DEP,Noise,Noise: Construction Before/After Hours (NM1),Manhattan,10033.0,Closed,Online,0
63660588,2025-01-06 21:29:00,2025-02-05 20:15:00,DEP,Noise,Noise: Construction Before/After Hours (NM1),Manhattan,10018.0,Closed,Online,29
63660589,2025-01-06 07:32:00,2025-01-10 08:00:00,DEP,Noise,Noise: Construction Before/After Hours (NM1),Queens,11101.0,Closed,Online,4
63660593,2025-01-06 22:02:00,2025-01-07 20:55:00,DEP,Water System,Dirty Water (WE),Brooklyn,11238.0,Closed,Online,0
63660594,2025-01-06 11:23:00,2025-02-26 10:05:00,DEP,Water System,Dirty Water (WE),Queens,11369.0,Closed,Phone,50
63660603,2025-01-06 10:02:00,2025-01-07 14:23:00,DEP,Water System,Hydrant Leaking (WC1),Bronx,10461.0,Closed,Phone,1
63660604,2025-01-06 18:32:00,2025-01-07 21:01:00,DEP,Noise,Noise: Construction Equipment (NC1),Manhattan,10025.0,Closed,Online,1
63660609,2025-01-06 11:05:00,2025-01-06 12:40:00,DEP,Water System,Leak (Use Comments) (WA2),Manhattan,10031.0,Closed,Phone,0
63660610,2025-01-06 22:35:00,2025-01-06 22:35:00,DEP,Sewer,Sewer Backup (Use Comments) (SA),Brooklyn,11214.0,Closed,Phone,0
63660611,2025-01-06 08:38:00,2025-01-06 09:19:00,DEP,Water Conservation,Water Meter Broken/Leaking - Private Residence (CMR),Queens,11365.0,Closed,Phone,0
63660616,2025-01-06 18:50:00,2025-01-06 20:15:00,DEP,Water System,Possible Water Main Break (Use Comments) (WA1),Staten Island,10308.0,Closed,Online,0
63660617,2025-01-06 11:02:00,2025-01-15 12:15:00,DEP,Water System,Leak (Use Comments) (WA2),Queens,11365.0,Closed,Phone,9
63660618,2025-01-06 10:53:00,2025-01-06 11:00:00,DEP,Water System,Possible Water Main Break (Use Comments) (WA1),Bronx,10452.0,Closed,Phone,0
63660633,2025-01-06 16:50:00,2025-01-06 18:00:00,DEP,Water System,Dirty Water (WE),Brooklyn,11216.0,Closed,Online,0
63660634,2025-01-06 13:35:00,2025-01-09 22:55:00,DEP,Water System,Dirty Water (WE),Bronx,10458.0,Closed,Online,3
63660642,2025-01-06 19:14:00,2025-01-07 19:20:00,DEP,Water System,Hydrant Running (WC3),Bronx,10453.0,Closed,Phone,1
63660643,2025-01-06 10:35:00,2025-01-06 10:50:00,DEP,Water System,Leak (Use Comments) (WA2),Queens,11373.0,Closed,Online,0
63660653,2025-01-06 14:17:00,2025-01-16 14:30:00,DEP,Water System,Leak (Use Comments) (WA2),Manhattan,10036.0,Closed,Phone,10
63660654,2025-01-06 09:50:00,2025-02-10 18:00:00,DEP,Water System,Leak (Use Comments) (WA2),Queens,11432.0,Closed,Phone,35
63660655,2025-01-06 11:08:00,2025-01-06 17:00:00,DEP,Noise,Noise: Alarms (NR3),Brooklyn,11226.0,Closed,Online,0
63660713,2025-01-06 14:17:00,2025-01-07 11:25:00,DEP,Lead,Lead Kit Request (Residential) (L10),Staten Island,10310.0,Closed,Phone,0
63660714,2025-01-06 10:23:00,2025-01-09 11:38:00,DEP,Noise,"Noise, Barking Dog (NR5)",Manhattan,10013.0,Closed,Online,3
63660716,2025-01-06 15:29:00,2025-01-07 11:55:00,DEP,Water Quality,Clear Water With Other Particles (Use Comments) (QEZ),Brooklyn,11211.0,Closed,Online,0
63660727,2025-01-06 04:23:00,2025-01-07 12:30:00,DEP,Noise,"Noise, Barking Dog (NR5)",Brooklyn,11209.0,Closed,Online,1
63660728,2025-01-06 15:44:00,2025-01-06 15:50:00,DEP,Noise,Noise: Alarms (NR3),Queens,11366.0,Closed,Online,0
63660731,2025-01-06 17:11:00,2025-01-08 13:45:00,DEP,Noise,Noise: Alarms (NR3),Queens,11366.0,Closed,Online,1
63660740,2025-01-06 04:38:00,2025-01-06 15:23:00,DEP,Noise,Noise: Construction Before/After Hours (NM1),Manhattan,10028.0,Closed,Phone,0
63660741,2025-01-06 01:17:00,2025-01-06 15:28:00,DEP,Noise,Noise: Construction Before/After Hours (NM1),Manhattan,10016.0,Closed,Phone,0
63660742,2025-01-06 00:08:00,2025-01-06 19:45:00,DEP,Noise,Noise: Construction Before/After Hours (NM1),Brooklyn,11201.0,Closed,Online,0
63660743,2025-01-06 19:17:00,2025-01-08 00:30:00,DEP,Noise,Noise: Construction Before/After Hours (NM1),Brooklyn,11217.0,Closed,Online,1
63660749,2025-01-06 04:59:00,2025-01-06 15:32:00,DEP,Noise,Noise: Jack Hammering (NC2),Manhattan,10128.0,Closed,Online,0
63660751,2025-01-06 06:35:00,2025-01-08 08:45:00,DEP,Noise,Noise: Construction Equipment (NC1),Manhattan,10128.0,Closed,Phone,2
63660752,2025-01-06 04:50:00,2025-01-08 23:00:00,DEP,Noise,Noise: Construction Before/After Hours (NM1),Manhattan,10128.0,Closed,Phone,2
63660753,2025-01-06 22:59:00,2025-01-07 21:04:00,DEP,Noise,Noise: Jack Hammering (NC2),Manhattan,10028.0,Closed,Phone,0
63660754,2025-01-06 17:17:00,2025-01-14 10:50:00,DEP,Sewer,Catch Basin Clogged/Flooding (Use Comments) (SC),Queens,11368.0,Closed,Online,7
63660755,2025-01-06 09:53:00,2025-01-06 10:24:00,DEP,Sewer,Sewer Backup (Use Comments) (SA),Brooklyn,11215.0,Closed,Phone,0
63660757,2025-01-06 17:53:00,2025-01-31 16:45:00,DEP,Water System,Hydrant Running (WC3),Bronx,10469.0,Closed,Online,24
63660759,2025-01-06 10:44:00,2025-01-06 10:51:00,DEP,Water System,Leak (Use Comments) (WA2),Staten Island,10310.0,Closed,Phone,0
63660762,2025-01-06 11:35:00,2025-01-06 12:45:00,DEP,Sewer,Sewer Backup (Use Comments) (SA),Brooklyn,11221.0,Closed,Online,0
63660763,2025-01-06 11:44:00,2025-01-06 11:50:00,DEP,Water System,Possible Water Main Break (Use Comments) (WA1),Brooklyn,11235.0,Closed,Phone,0
63660777,2025-01-06 21:32:00,2025-01-11 04:15:00,DEP,Water System,Hydrant Running (WC3),Brooklyn,11217.0,Closed,Online,4
63660778,2025-01-06 11:17:00,2025-01-06 11:25:00,DEP,Water System,Leak (Use Comments) (WA2),Queens,11367.0,Closed,Phone,0
63660779,2025-01-06 19:26:00,2025-01-07 08:25:00,DEP,Water System,Leak (Use Comments) (WA2),Brooklyn,11203.0,Closed,Online,0
63660780,2025-01-06 07:56:00,2025-02-07 04:30:00,DEP,Water System,Leak (Use Comments) (WA2),Queens,11436.0,Closed,Phone,31
63661188,2025-01-06 14:41:00,2025-01-06 14:41:00,DEP,Water System,No Water (WNW),Queens,11369.0,Closed,Phone,0
63661193,2025-01-06 22:05:00,2025-01-07 16:42:00,DEP,Noise,Noise: air condition/ventilation equipment (NV1),Manhattan,10128.0,Closed,Online,0
63661194,2025-01-06 09:41:00,2025-01-28 15:30:00,DEP,Noise,Noise: air condition/ventilation equipment (NV1),Manhattan,10002.0,Closed,Phone,22
63661347,2025-01-06 13:56:00,2025-01-07 12:15:00,DEP,Air Quality,"Air: Smoke, Chimney or vent (AS1)",Queens,11104.0,Closed,Online,0
63661348,2025-01-06 07:32:00,2025-01-13 08:57:00,DEP,Noise,Noise: air condition/ventilation equipment (NV1),Manhattan,10002.0,Closed,Online,7
63662480,2025-01-06 13:59:00,2025-01-07 11:00:00,DEP,Asbestos,Asbestos Complaint (B1),Brooklyn,11212.0,Closed,Phone,0
63662481,2025-01-06 13:44:00,2025-01-07 11:25:00,DEP,Lead,Lead Kit Request (Residential) (L10),Queens,11103.0,Closed,Online,0
63662482,2025-01-06 11:56:00,2025-01-07 11:24:00,DEP,Lead,Lead Kit Request (Residential) (L10),Queens,11412.0,Closed,Online,0
63662494,2025-01-06 07:11:00,2025-01-14 11:07:00,DEP,Noise,"Noise, Barking Dog (NR5)",Brooklyn,11204.0,Closed,Online,8
63662532,2025-01-06 12:05:00,2025-01-07 15:45:00,DEP,Noise,Noise: Construction Equipment (NC1),Manhattan,10017.0,Closed,Online,1
63662537,2025-01-06 10:23:00,2025-01-06 11:40:00,DEP,Hazardous Materials,"Oil Spill On Street, Large (HQL)",Brooklyn,11217.0,Closed,Online,0
63662538,2025-01-06 20:41:00,2025-01-07 11:23:00,DEP,Lead,Lead Kit Request (Residential) (L10),Manhattan,10032.0,Closed,Online,0
63662543,2025-01-06 16:08:00,2025-01-07 11:25:00,DEP,Lead,Lead Kit Request (Residential) (L10),Brooklyn,11205.0,Closed,Phone,0
63662544,2025-01-06 09:44:00,2025-01-06 14:29:00,DEP,Lead,Lead Kit Request (Residential) (L10),Brooklyn,11233.0,Closed,Phone,0
63662555,2025-01-06 20:53:00,2025-01-14 10:54:00,DEP,Noise,"Noise, Barking Dog (NR5)",Brooklyn,11211.0,Closed,Phone,7
63662567,2025-01-06 15:20:00,2025-02-26 10:05:00,DEP,Water System,Dirty Water (WE),Queens,11369.0,Closed,Online,50
63662568,2025-01-06 12:11:00,2025-01-08 10:00:00,DEP,Water System,Dirty Water (WE),Bronx,10452.0,Closed,Online,1
63662569,2025-01-06 14:20:00,2025-03-27 13:30:00,DEP,Water System,Hydrant Knocked Over/Missing (WC),Bronx,10459.0,Closed,Phone,79
63662570,2025-01-06 14:14:00,2026-07-17 12:00:00,DEP,Water System,Hydrant Knocked Over/Missing (WC),Brooklyn,11211.0,Closed,Online,556
63662571,2025-01-06 08:35:00,2025-01-07 12:55:00,DEP,Water System,Hydrant Leaking (WC1),Bronx,10452.0,Closed,Mobile,1
63662572,2025-01-06 01:35:00,2025-01-06 15:28:00,DEP,Noise,Noise: Construction Before/After Hours (NM1),Manhattan,10016.0,Closed,Phone,0
63662573,2025-01-06 01:23:00,2025-01-06 15:28:00,DEP,Noise,Noise: Construction Before/After Hours (NM1),Manhattan,10016.0,Closed,Online,0
63662580,2025-01-06 07:56:00,2025-01-07 10:35:00,DEP,Water System,Hydrant Running (WC3),Bronx,10459.0,Closed,Online,1
63662581,2025-01-06 05:11:00,2025-01-06 05:50:00,DEP,Water System,Hydrant Running (WC3),Brooklyn,11229.0,Closed,Phone,0
63662582,2025-01-06 20:05:00,2025-01-08 01:30:00,DEP,Noise,Noise: Construction Before/After Hours (NM1),Brooklyn,11212.0,Closed,Online,1
63662585,2025-01-06 13:05:00,2025-01-08 14:30:00,DEP,Water System,Leak (Use Comments) (WA2),Bronx,10458.0,Closed,Phone,2
63662586,2025-01-06 13:50:00,2025-01-08 13:00:00,DEP,Noise,Noise: Construction Equipment (NC1),Brooklyn,11218.0,Closed,Online,1
63662587,2025-01-06 13:05:00,2025-01-08 15:45:00,DEP,Noise,Noise: Construction Equipment (NC1),Manhattan,10011.0,Closed,Online,2
63662592,2025-01-06 16:50:00,2025-01-07 13:45:00,DEP,Air Quality,"Air: Smoke, Vehicular (AA4)",Queens,11366.0,Closed,Online,0
63662593,2025-01-06 07:23:00,2025-01-06 09:45:00,DEP,Sewer,Catch Basin Search (SC2),Brooklyn,11208.0,Closed,Phone,0
63662594,2025-01-06 19:20:00,2025-01-06 21:35:00,DEP,Sewer,Sewer Backup (Use Comments) (SA),Queens,11694.0,Closed,Phone,0
63662602,2025-01-06 11:11:00,2025-01-06 16:40:00,DEP,Water Conservation,Water Meter Broken/Leaking - Other (CMO),Brooklyn,11235.0,Closed,Phone,0
63662603,2025-01-06 10:05:00,2026-07-17 12:00:00,DEP,Water System,Hydrant Defective (WC2),Brooklyn,11223.0,Closed,Phone,557
63662635,2025-01-06 10:20:00,2025-01-06 21:45:00,DEP,Water System,Leak (Use Comments) (WA2),Queens,11367.0,Closed,Phone,0
63662636,2025-01-06 15:47:00,2025-01-06 15:50:00,DEP,Water System,Possible Water Main Break (Use Comments) (WA1),Queens,11434.0,Closed,Phone,0
63662662,2025-01-06 15:41:00,2025-01-08 09:00:00,DEP,Asbestos,Asbestos Complaint (B1),Queens,11105.0,Closed,Online,1
63662672,2025-01-06 22:44:00,2025-01-07 11:23:00,DEP,Lead,Lead Kit Request (Residential) (L10),Queens,11374.0,Closed,Online,0
63662673,2025-01-06 19:20:00,2025-01-07 11:23:00,DEP,Lead,Lead Kit Request (Residential) (L10),Manhattan,10014.0,Closed,Online,0
63662674,2025-01-06 15:14:00,2025-01-07 11:25:00,DEP,Lead,Lead Kit Request (Residential) (L10),Brooklyn,11211.0,Closed,Online,0
63662681,2025-01-06 22:05:00,2025-01-09 18:45:00,DEP,Noise,Noise: Alarms (NR3),Brooklyn,11229.0,Closed,Online,2
63662684,2025-01-06 17:11:00,2025-01-08 04:00:00,DEP,Noise,Noise: Construction Before/After Hours (NM1),Brooklyn,11234.0,Closed,Online,1
63662686,2025-01-06 09:23:00,2025-01-06 14:29:00,DEP,Lead,Lead Kit Request (Residential) (L10),Queens,11413.0,Closed,Phone,0
63662688,2025-01-06 07:59:00,2025-01-08 13:00:00,DEP,Noise,Noise: Jack Hammering (NC2),Manhattan,10005.0,Closed,Online,2
63662689,2025-01-06 20:56:00,2025-01-07 07:20:00,DEP,Sewer,Catch Basin Clogged/Flooding (Use Comments) (SC),Brooklyn,11234.0,Closed,Online,0
63662691,2025-01-06 09:32:00,2025-01-06 09:34:00,DEP,Sewer,Manhole Cover Missing (Emergency) (SA3),Queens,11358.0,Closed,Phone,0
63662692,2025-01-06 19:41:00,2025-01-06 19:41:00,DEP,Sewer,Sewer Backup (Use Comments) (SA),Brooklyn,11201.0,Closed,Phone,0
63662693,2025-01-06 16:59:00,2025-01-07 07:32:00,DEP,Noise,Noise: Alarms (NR3),Queens,11366.0,Closed,Online,0
63662694,2025-01-06 05:11:00,2025-01-06 15:32:00,DEP,Noise,Noise: Construction Before/After Hours (NM1),Manhattan,10128.0,Closed,Phone,0
63662701,2025-01-06 23:29:00,2025-01-07 21:00:00,DEP,Noise,Noise: Construction Before/After Hours (NM1),Manhattan,10033.0,Closed,Online,0
63662702,2025-01-06 18:50:00,2025-01-16 19:00:00,DEP,Noise,Noise: Construction Before/After Hours (NM1),Brooklyn,11222.0,Closed,Online,10
63662703,2025-01-06 06:23:00,2025-01-08 08:45:00,DEP,Noise,Noise: Construction Equipment (NC1),Manhattan,10032.0,Closed,Phone,2
63662704,2025-01-06 06:11:00,2025-01-09 08:00:00,DEP,Noise,Noise: Construction Before/After Hours (NM1),Queens,11435.0,Closed,Phone,3
63662710,2025-01-06 07:59:00,2025-01-06 08:36:00,DEP,Air Quality,"Air: Smoke, Chimney or vent (AS1)",Queens,11364.0,Closed,Online,0
63662711,2025-01-06 14:59:00,2025-01-21 18:00:00,DEP,Water System,Dirty Water (WE),Bronx,10453.0,Closed,Phone,15
63662712,2025-01-06 19:32:00,2025-01-08 01:00:00,DEP,Noise,Noise: Construction Equipment (NC1),Manhattan,10069.0,Closed,Online,1
63662713,2025-01-06 19:05:00,2025-01-06 22:33:00,DEP,Water System,Hydrant Running (WC3),Queens,11412.0,Closed,Phone,0
63662715,2025-01-06 20:41:00,2025-01-06 22:03:00,DEP,Water System,Possible Water Main Break (Use Comments) (WA1),Queens,11413.0,Closed,Phone,0
63662716,2025-01-06 18:08:00,2025-01-06 19:44:00,DEP,Water System,Possible Water Main Break (Use Comments) (WA1),Queens,11379.0,Closed,Phone,0
63662717,2025-01-06 19:50:00,2025-01-06 20:20:00,DEP,Sewer,Sewer Backup (Use Comments) (SA),Queens,11413.0,Closed,Phone,0
63662728,2025-01-06 14:20:00,2025-01-06 14:30:00,DEP,Water System,Hydrant Running (WC3),Bronx,10469.0,Closed,Phone,0
63662852,2025-01-07 09:08:00,2025-01-14 13:30:00,DEP,Water System,Excessive Water In Basement (WEFB),Brooklyn,11211.0,Closed,Phone,7
63662904,2025-01-07 06:56:00,2025-01-08 06:45:00,DEP,Noise,Noise: Construction Before/After Hours (NM1),Brooklyn,11217.0,Closed,Online,0
63662924,2025-01-07 16:53:00,2025-01-13 13:55:00,DEP,Water Conservation,"Wasting Faucets,Sinks,Flushometer,Urinal,Etc. - Other (CWO)",Manhattan,10017.0,Closed,Online,5
63662925,2025-01-07 10:47:00,2025-01-08 10:15:00,DEP,Water Quality,"Taste/Odor, Musty/Stale (QA4)",Brooklyn,11225.0,Closed,Online,0
63662927,2025-01-07 12:23:00,2025-01-08 09:30:00,DEP,Noise,Noise: Alarms (NR3),Bronx,10458.0,Closed,Online,0
63662942,2025-01-07 16:32:00,2025-01-08 02:00:00,DEP,Noise,Noise: Alarms (NR3),Brooklyn,11235.0,Closed,Phone,0
63662951,2025-01-07 13:23:00,2025-01-08 10:45:00,DEP,Noise,Noise: Alarms (NR3),Bronx,10452.0,Closed,Online,0
63662957,2025-01-07 01:35:00,2025-01-07 06:27:00,DEP,Air Quality,"Air: Odor/Fumes, Vehicle Idling (AD3)",Brooklyn,11216.0,Closed,Phone,0
63663014,2025-01-07 10:17:00,2025-01-08 06:57:00,DEP,Air Quality,"Air: Odor/Fumes, Vehicle Idling (AD3)",Manhattan,10036.0,Closed,Online,0
63663020,2025-01-07 14:20:00,2025-01-08 14:01:00,DEP,Lead,Lead Kit Request (Residential) (L10),Manhattan,10022.0,Closed,Online,0
63663027,2025-01-07 14:41:00,2025-01-07 14:50:00,DEP,Asbestos,Asbestos Complaint (B1),Brooklyn,11232.0,Closed,Phone,0
63663030,2025-01-07 15:05:00,2025-01-08 14:01:00,DEP,Lead,Lead Kit Request (Residential) (L10),Staten Island,10310.0,Closed,Online,0
63663032,2025-01-07 01:35:00,2025-01-07 11:24:00,DEP,Lead,Lead Kit Request (Residential) (L10),Manhattan,10025.0,Closed,Online,0
63663034,2025-01-07 16:47:00,2025-01-08 14:01:00,DEP,Lead,Lead Kit Request (Residential) (L10),Manhattan,10002.0,Closed,Online,0
63663050,2025-01-07 23:32:00,2025-01-09 11:15:00,DEP,Air Quality,"Air: Smoke, Chimney or vent (AS1)",Manhattan,10011.0,Closed,Phone,1
63663074,2025-01-07 10:14:00,2025-01-07 10:14:00,DEP,Water System,No Water (WNW),Manhattan,10024.0,Closed,Phone,0
63663086,2025-01-07 13:05:00,2025-01-08 15:24:00,DEP,Air Quality,"Air: Smoke, Chimney or vent (AS1)",Queens,11364.0,Closed,Online,1
63663103,2025-01-07 17:29:00,2025-01-07 22:10:00,DEP,Water System,No Water (WNW),Queens,11421.0,Closed,Phone,0
63663275,2025-01-07 19:20:00,2025-01-09 13:53:00,DEP,Noise,"Noise, Barking Dog (NR5)",Bronx,10462.0,Closed,Online,1
63663277,2025-01-07 15:56:00,2025-01-14 10:56:00,DEP,Noise,"Noise, Barking Dog (NR5)",Brooklyn,11207.0,Closed,Online,6
63663278,2025-01-07 09:53:00,2025-01-14 19:46:00,DEP,Noise,"Noise, Barking Dog (NR5)",Bronx,10469.0,Closed,Online,7
63663280,2025-01-07 14:17:00,2025-01-09 13:48:00,DEP,Noise,"Noise, Barking Dog (NR5)",Manhattan,10031.0,Closed,Online,1
63663360,2025-01-07 23:02:00,2025-01-08 06:57:00,DEP,Noise,Noise: Alarms (NR3),Manhattan,10033.0,Closed,Online,0
63663363,2025-01-07 07:41:00,2025-01-08 12:00:00,DEP,Noise,Noise: Alarms (NR3),Manhattan,10023.0,Closed,Online,1
63663379,2025-01-07 15:23:00,2025-01-08 12:30:00,DEP,Noise,Noise: Alarms (NR3),Bronx,10458.0,Closed,Online,0
63663690,2025-01-07 16:38:00,2025-01-08 11:30:00,DEP,Noise,Noise: Construction Equipment (NC1),Queens,11374.0,Closed,Online,0
63663711,2025-01-07 22:56:00,2025-01-08 15:42:00,DEP,Noise,Noise: Jack Hammering (NC2),Manhattan,10028.0,Closed,Online,0
63663903,2025-01-07 10:14:00,2025-01-07 13:35:00,DEP,Sewer,Sewer Backup (Use Comments) (SA),Bronx,10454.0,Closed,Phone,0
63663994,2025-01-07 12:29:00,2025-01-07 13:01:00,DEP,Sewer,Street Flooding (SJ),Manhattan,10173.0,Closed,Online,0
63663999,2025-01-07 11:20:00,2025-01-07 12:30:00,DEP,Sewer,Sewer Backup (Use Comments) (SA),Queens,11385.0,Closed,Online,0
63664050,2025-01-07 20:47:00,2025-01-08 12:25:00,DEP,Water Conservation,Water Meter Broken/Leaking - Private Residence (CMR),Brooklyn,11228.0,Closed,Online,0
63664118,2025-01-07 18:17:00,2025-01-08 03:45:00,DEP,Water System,Dirty Water (WE),Brooklyn,11221.0,Closed,Phone,0
63664140,2025-01-07 21:29:00,2025-01-07 21:40:00,DEP,Water System,Hydrant Leaking (WC1),Bronx,10452.0,Closed,Phone,0
63664150,2025-01-07 09:35:00,2025-01-07 21:05:00,DEP,Water System,Dirty Water (WE),Brooklyn,11249.0,Closed,Online,0
63664151,2025-01-07 09:23:00,2025-01-07 21:00:00,DEP,Water System,Dirty Water (WE),Brooklyn,11218.0,Closed,Phone,0
63664156,2025-01-07 18:11:00,2025-01-08 09:35:00,DEP,Water System,Dirty Water (WE),Bronx,10468.0,Closed,Phone,0
63664167,2025-01-07 16:53:00,2025-01-07 16:53:00,DEP,Water System,Hydrant Defective (WC2),Manhattan,10065.0,Closed,Online,0
63664172,2025-01-07 09:17:00,2025-01-07 22:00:00,DEP,Water System,Dirty Water (WE),Bronx,10453.0,Closed,Phone,0
63664176,2025-01-07 12:11:00,2025-01-11 10:55:00,DEP,Water System,Hydrant Running (WC3),Bronx,10457.0,Closed,Phone,3
63664187,2025-01-07 18:44:00,2025-01-08 10:45:00,DEP,Water System,Hydrant Leaking (WC1),Staten Island,10302.0,Closed,Mobile,0
63664188,2025-01-07 18:23:00,2025-01-09 09:25:00,DEP,Water System,Hydrant Leaking (WC1),Bronx,10473.0,Closed,Phone,1
63664212,2025-01-07 11:50:00,2025-01-08 09:10:00,DEP,Water System,Leak (Use Comments) (WA2),Queens,11426.0,Closed,Phone,0
63664219,2025-01-07 09:14:00,2025-01-11 10:15:00,DEP,Water System,Hydrant Running (WC3),Queens,11379.0,Closed,Phone,4
63664231,2025-01-07 10:14:00,2025-01-08 12:30:00,DEP,Water System,Leak (Use Comments) (WA2),Staten Island,10312.0,Closed,Phone,1
63664237,2025-01-07 16:23:00,2025-01-07 16:23:00,DEP,Water System,Possible Water Main Break (Use Comments) (WA1),Brooklyn,11233.0,Closed,Phone,0
63664239,2025-01-07 11:32:00,2025-01-07 11:36:00,DEP,Water System,Hydrant Running Full (WA4),Bronx,10458.0,Closed,Phone,0
63664252,2025-01-07 12:53:00,2025-01-08 01:40:00,DEP,Water System,Hydrant Knocked Over/Missing (WC),Brooklyn,11208.0,Closed,Online,0
63664272,2025-01-07 09:23:00,2025-01-14 13:00:00,DEP,Water System,Leak (Use Comments) (WA2),Brooklyn,11237.0,Closed,Online,7
63664274,2025-01-07 20:14:00,2025-01-15 10:45:00,DEP,Water System,Hydrant Leaking (WC1),Queens,11101.0,Closed,Online,7
63664281,2025-01-07 18:08:00,2025-02-03 21:40:00,DEP,Water System,Hydrant Running (WC3),Bronx,10462.0,Closed,Mobile,27
63664283,2025-01-07 03:56:00,2025-01-31 13:35:00,DEP,Water System,Hydrant Running (WC3),Bronx,10457.0,Closed,Phone,24
63664286,2025-01-07 09:50:00,2025-01-07 10:07:00,DEP,Water System,Leak (Use Comments) (WA2),Queens,11378.0,Closed,Online,0
63664301,2025-01-07 09:17:00,2025-01-07 09:24:00,DEP,Water System,Possible Water Main Break (Use Comments) (WA1),Brooklyn,11216.0,Closed,Phone,0
63664320,2025-01-07 22:44:00,2025-01-07 22:59:00,DEP,Water System,Possible Water Main Break (Use Comments) (WA1),Queens,11355.0,Closed,Phone,0
63664322,2025-01-07 13:59:00,2025-01-07 14:05:00,DEP,Water System,Possible Water Main Break (Use Comments) (WA1),Queens,11421.0,Closed,Phone,0
63664328,2025-01-07 12:17:00,2025-01-16 15:00:00,DEP,Water System,Possible Water Main Break (Use Comments) (WA1),Queens,11379.0,Closed,Phone,9
63664339,2025-01-07 10:17:00,2025-01-07 10:36:00,DEP,Water System,Possible Water Main Break (Use Comments) (WA1),Queens,11379.0,Closed,Phone,0
63664355,2025-01-07 14:41:00,2025-01-11 09:00:00,DEP,Water System,Possible Water Main Break (Use Comments) (WA1),Queens,11358.0,Closed,Phone,3
63664356,2025-01-07 13:50:00,2025-01-14 11:15:00,DEP,Water System,Leak (Use Comments) (WA2),Queens,11105.0,Closed,Phone,6
63664357,2025-01-07 12:20:00,2025-01-07 17:45:00,DEP,Water System,Possible Water Main Break (Use Comments) (WA1),Queens,11418.0,Closed,Phone,0
63664385,2025-01-07 16:11:00,2025-01-08 08:58:00,DEP,Air Quality,"Air: Smoke, Vehicular (AA4)",Queens,11366.0,Closed,Online,0
63664582,2025-01-07 16:02:00,2025-01-08 17:00:00,DEP,Noise,Noise: Construction Equipment (NC1),Queens,11109.0,Closed,Online,1
63664586,2025-01-07 06:32:00,2025-01-09 13:30:00,DEP,Noise,Noise: Construction Equipment (NC1),Manhattan,10013.0,Closed,Online,2
63664945,2025-01-07 11:38:00,2025-01-07 13:35:00,DEP,Water System,No Water (WNW),Staten Island,10314.0,Closed,Phone,0
63664953,2025-01-07 15:29:00,2025-01-14 19:01:00,DEP,Noise,Noise: air condition/ventilation equipment (NV1),Manhattan,10031.0,Closed,Phone,7
63664974,2025-01-07 07:59:00,2025-01-07 08:03:00,DEP,Water System,No Water (WNW),Brooklyn,11216.0,Closed,Phone,0
63665780,2025-01-07 04:08:00,2025-02-04 22:00:00,DEP,Noise,Noise: air condition/ventilation equipment (NV1),Manhattan,10017.0,Closed,Online,28
63665781,2025-01-07 07:20:00,2025-01-08 07:00:00,DEP,Noise,Noise: Construction Before/After Hours (NM1),Manhattan,10019.0,Closed,Online,0
63665795,2025-01-07 21:50:00,2025-01-09 00:00:00,DEP,Industrial Waste,Grease In Sewer/Catch Basin (IDG),Bronx,10455.0,Closed,Phone,1
63665796,2025-01-07 15:20:00,2025-01-08 14:01:00,DEP,Lead,Lead Kit Request (Residential) (L10),Manhattan,10002.0,Closed,Online,0
63665798,2025-01-07 00:20:00,2025-03-24 13:24:00,DEP,Lead,Lead Kit Request (Residential) (L10),Manhattan,10011.0,Closed,Online,76
63665834,2025-01-07 22:23:00,2025-01-09 04:00:00,DEP,Noise,Noise: Construction Before/After Hours (NM1),Brooklyn,11235.0,Closed,Phone,1
63665842,2025-01-07 18:29:00,2025-01-08 13:45:00,DEP,Water System,High Water Pressure (WHP),Queens,11693.0,Closed,Online,0
63665844,2025-01-07 08:08:00,2025-01-08 06:45:00,DEP,Noise,Noise: Construction Before/After Hours (NM1),Brooklyn,11237.0,Closed,Online,0
63665848,2025-01-07 17:23:00,2025-01-14 08:54:00,DEP,Noise,"Noise, Barking Dog (NR5)",Brooklyn,11217.0,Closed,Online,6
63665849,2025-01-07 08:20:00,2025-01-09 13:38:00,DEP,Noise,"Noise, Barking Dog (NR5)",Manhattan,10016.0,Closed,Online,2
63665875,2025-01-07 13:56:00,2025-01-08 14:00:00,DEP,Lead,Lead Kit Request (Residential) (L10),Queens,11385.0,Closed,Online,1
63665881,2025-01-07 09:38:00,2025-01-08 14:30:00,DEP,Air Quality,"Air: Odor/Fumes, Vehicle Idling (AD3)",Brooklyn,11217.0,Closed,Phone,1
63665885,2025-01-07 19:23:00,2025-01-08 14:02:00,DEP,Lead,Lead Kit Request (Residential) (L10),Bronx,10461.0,Closed,Phone,0
63665887,2025-01-07 15:50:00,2025-01-08 14:01:00,DEP,Lead,Lead Kit Request (Residential) (L10),Manhattan,10038.0,Closed,Online,0
63665889,2025-01-07 14:14:00,2025-01-08 14:00:00,DEP,Lead,Lead Kit Request (Residential) (L10),Brooklyn,11217.0,Closed,Online,0
63665890,2025-01-07 02:02:00,2025-01-07 11:24:00,DEP,Lead,Lead Kit Request (Residential) (L10),Brooklyn,11238.0,Closed,Online,0
63665893,2025-01-07 15:17:00,2025-01-13 17:45:00,DEP,Noise,Noise: Alarms (NR3),Brooklyn,11211.0,Closed,Phone,6
63665894,2025-01-07 02:05:00,2025-01-07 21:04:00,DEP,Noise,Noise: Construction Before/After Hours (NM1),Manhattan,10028.0,Closed,Online,0
63665896,2025-01-07 00:38:00,2025-01-07 21:04:00,DEP,Noise,Noise: Construction Before/After Hours (NM1),Manhattan,10028.0,Closed,Phone,0
63665910,2025-01-07 13:26:00,2025-01-07 18:50:00,DEP,Water System,Excessive Water In Basement (WEFB),Brooklyn,11210.0,Closed,Online,0
63665937,2025-01-07 16:44:00,2025-01-08 14:01:00,DEP,Lead,Lead Kit Request (Residential) (L10),Queens,11413.0,Closed,Online,0
63665946,2025-01-07 22:26:00,2025-01-08 15:42:00,DEP,Noise,Noise: Construction Before/After Hours (NM1),Manhattan,10028.0,Closed,Online,0
63665948,2025-01-07 09:47:00,2025-01-09 06:45:00,DEP,Noise,Noise: Construction Before/After Hours (NM1),Queens,11101.0,Closed,Online,1
63665974,2025-01-07 14:47:00,2025-01-14 11:27:00,DEP,Noise,"Noise, Barking Dog (NR5)",Queens,11694.0,Closed,Online,6
63665986,2025-01-07 01:29:00,2025-01-07 06:27:00,DEP,Noise,Noise: Alarms (NR3),Queens,11103.0,Closed,Online,0
63666009,2025-01-07 15:41:00,2025-01-14 11:11:00,DEP,Noise,"Noise, Barking Dog (NR5)",Brooklyn,11207.0,Closed,Online,6
63666040,2025-01-07 11:08:00,2025-01-08 07:41:00,DEP,Noise,Noise: Alarms (NR3),Queens,11366.0,Closed,Online,0
63666042,2025-01-07 05:20:00,2025-01-07 21:06:00,DEP,Noise,Noise: Construction Before/After Hours (NM1),Brooklyn,11204.0,Closed,Phone,0
63666058,2025-01-07 08:44:00,2025-01-07 09:30:00,DEP,Sewer,Manhole Overflow (Use Comments) (SA1),Brooklyn,11235.0,Closed,Phone,0
63666059,2025-01-07 23:47:00,2025-01-08 15:44:00,DEP,Noise,Noise: Construction Before/After Hours (NM1),Manhattan,10005.0,Closed,Phone,0
63666060,2025-01-07 23:02:00,2025-01-08 20:45:00,DEP,Noise,Noise: Construction Before/After Hours (NM1),Manhattan,10004.0,Closed,Online,0
63666061,2025-01-07 22:47:00,2025-01-08 15:42:00,DEP,Noise,Noise: Construction Before/After Hours (NM1),Manhattan,10028.0,Closed,Online,0
63666062,2025-01-07 21:26:00,2025-01-15 01:00:00,DEP,Noise,Noise: Construction Before/After Hours (NM1),Bronx,10452.0,Closed,Online,7
63666063,2025-01-07 19:20:00,2025-01-09 23:00:00,DEP,Noise,Noise: Construction Before/After Hours (NM1),Manhattan,10036.0,Closed,Online,2
63666078,2025-01-07 19:08:00,2025-01-08 22:45:00,DEP,Noise,Noise: Construction Before/After Hours (NM1),Queens,11102.0,Closed,Online,1
63666097,2025-01-07 07:41:00,2025-01-07 07:57:00,DEP,Noise,Noise: Jack Hammering (NC2),Queens,11435.0,Closed,Phone,0
63666117,2025-01-07 10:02:00,2025-01-07 10:08:00,DEP,Water Conservation,Water Meter Broken/Leaking - Private Residence (CMR),Queens,11413.0,Closed,Phone,0
63666120,2025-01-07 00:53:00,2025-01-10 04:00:00,DEP,Noise,Noise: Private Carting Noise (NQ1),Manhattan,10038.0,Closed,Online,3
63666129,2025-01-07 21:44:00,2025-01-09 14:58:00,DEP,Noise,Noise: Construction Before/After Hours (NM1),Manhattan,10033.0,Closed,Online,1
63666134,2025-01-07 06:05:00,2025-01-09 07:00:00,DEP,Noise,Noise: Construction Before/After Hours (NM1),Bronx,10473.0,Closed,Online,2
63666208,2025-01-07 09:47:00,2025-01-07 10:04:00,DEP,Water System,Hydrant Running (WC3),Queens,11435.0,Closed,Phone,0
63666213,2025-01-07 14:47:00,2025-01-07 18:00:00,DEP,Sewer,Sewer Backup (Use Comments) (SA),Brooklyn,11249.0,Closed,Online,0
63666216,2025-01-07 15:23:00,2025-01-07 15:30:00,DEP,Sewer,Catch Basin Clogged/Flooding (Use Comments) (SC),Brooklyn,11201.0,Closed,Phone,0
63666229,2025-01-07 07:59:00,2025-01-07 07:59:00,DEP,Water System,Hydrant Running Full (WA4),Manhattan,10013.0,Closed,Phone,0
63666247,2025-01-07 15:44:00,2025-01-07 15:57:00,DEP,Water Conservation,Water Meter Broken/Leaking - Other (CMO),Brooklyn,11201.0,Closed,Online,0
63666252,2025-01-07 13:32:00,2025-01-07 13:32:00,DEP,Water System,Leak (Use Comments) (WA2),Manhattan,10028.0,Closed,Phone,0
63666276,2025-01-07 11:20:00,2025-01-18 11:45:00,DEP,Water System,Leak (Use Comments) (WA2),Queens,11355.0,Closed,Phone,11
63666282,2025-01-07 18:17:00,2025-01-23 14:15:00,DEP,Water System,Hydrant Running Full (WA4),Bronx,10472.0,Closed,Phone,15
63666283,2025-01-07 21:50:00,2025-01-07 22:01:00,DEP,Water System,Leak (Use Comments) (WA2),Queens,11416.0,Closed,Online,0
63666285,2025-01-07 14:23:00,2025-01-07 14:53:00,DEP,Water Conservation,Water Meter Broken/Leaking - Private Residence (CMR),Brooklyn,11233.0,Closed,Phone,0
63666287,2025-01-07 19:23:00,2025-01-07 19:27:00,DEP,Water System,Dirty Water (WE),Bronx,10463.0,Closed,Phone,0
63666297,2025-01-07 11:11:00,2025-01-31 09:30:00,DEP,Water System,Hydrant Leaking (WC1),Queens,11358.0,Closed,Phone,23
63666303,2025-01-07 11:02:00,2025-01-08 22:30:00,DEP,Water System,Dirty Water (WE),Bronx,10473.0,Closed,Online,1
63666304,2025-01-07 21:29:00,2025-01-07 21:41:00,DEP,Water System,Hydrant Defective (WC2),Bronx,10452.0,Closed,Phone,0
63666309,2025-01-07 21:29:00,2025-01-07 21:42:00,DEP,Water System,Hydrant Running (WC3),Bronx,10469.0,Closed,Online,0
63666312,2025-01-07 16:08:00,2025-01-08 08:57:00,DEP,Air Quality,"Air: Smoke, Vehicular (AA4)",Queens,11365.0,Closed,Online,0
63666316,2025-01-07 11:47:00,2025-01-07 12:07:00,DEP,Water System,Hydrant Leaking (WC1),Queens,11358.0,Closed,Online,0
63666325,2025-01-07 20:20:00,2025-01-07 20:47:00,DEP,Water System,Possible Water Main Break (Use Comments) (WA1),Queens,11429.0,Closed,Phone,0
63666326,2025-01-07 13:53:00,2025-01-28 17:45:00,DEP,Water System,Hydrant Running (WC3),Bronx,10469.0,Closed,Phone,21
63666328,2025-01-07 12:05:00,2025-01-07 12:48:00,DEP,Water System,Hydrant Running Full (WA4),Bronx,10458.0,Closed,Phone,0
63666329,2025-01-07 18:47:00,2025-01-07 20:08:00,DEP,Water System,Leak (Use Comments) (WA2),Queens,11379.0,Closed,Phone,0
63666330,2025-01-07 13:23:00,2025-01-07 13:40:00,DEP,Water System,Leak (Use Comments) (WA2),Brooklyn,11218.0,Closed,Phone,0
63666339,2025-01-07 08:14:00,2025-01-08 08:57:00,DEP,Air Quality,"Air: Smoke, Vehicular (AA4)",Queens,11365.0,Closed,Online,1
63666340,2025-01-07 12:56:00,2025-01-08 13:01:00,DEP,Water Conservation,Illegal Use Of A Hydrant (CIN),Brooklyn,11208.0,Closed,Online,1
63666342,2025-01-07 11:44:00,2025-01-07 12:01:00,DEP,Water System,Leak (Use Comments) (WA2),Queens,11373.0,Closed,Online,0
63666343,2025-01-07 15:38:00,2025-01-07 17:30:00,DEP,Water System,Leak (Use Comments) (WA2),Manhattan,10013.0,Closed,Phone,0
63666352,2025-01-07 16:23:00,2025-01-09 14:20:00,DEP,Water System,Leak (Use Comments) (WA2),Brooklyn,11233.0,Closed,Phone,1
63666353,2025-01-07 12:50:00,2025-01-31 17:40:00,DEP,Water System,Hydrant Running (WC3),Brooklyn,11222.0,Closed,Phone,24
63666354,2025-01-07 19:38:00,2025-01-07 20:20:00,DEP,Water System,Possible Water Main Break (Use Comments) (WA1),Queens,11358.0,Closed,Phone,0
63666362,2025-01-07 10:05:00,2025-01-07 10:08:00,DEP,Water System,Possible Water Main Break (Use Comments) (WA1),Queens,11435.0,Closed,Phone,0
63666363,2025-01-07 16:50:00,2025-01-07 17:00:00,DEP,Water System,Leak (Use Comments) (WA2),Bronx,10469.0,Closed,Phone,0
63666881,2025-01-07 16:35:00,2025-01-08 08:00:00,DEP,Hazardous Materials,"Unsafe Chemical, Storage (HC1)",Queens,11423.0,Closed,Phone,0
63666944,2025-01-07 22:20:00,2025-01-08 23:59:00,DEP,Noise,Noise: air condition/ventilation equipment (NV1),Queens,11101.0,Closed,Online,1
63667850,2025-01-07 10:17:00,2025-01-13 08:35:00,DEP,Water System,Excessive Water In Basement (WEFB),Queens,11365.0,Closed,Phone,5
63667875,2025-01-07 07:59:00,2025-01-07 21:00:00,DEP,Noise,Noise: Alarms (NR3),Queens,11375.0,Closed,Online,0
63667878,2025-01-07 17:32:00,2025-01-09 15:00:00,DEP,Air Quality,"Air: Odor/Fumes, Vehicle Idling (AD3)",Manhattan,10026.0,Closed,Phone,1
63667886,2025-01-07 14:20:00,2025-04-01 13:22:00,DEP,Lead,Lead Kit Request (Residential) (L10),Brooklyn,11219.0,Closed,Phone,83
63667983,2025-01-07 15:23:00,2025-01-09 11:40:00,DEP,Noise,"Noise, Barking Dog (NR5)",Manhattan,10038.0,Closed,Online,1
63668040,2025-01-07 23:17:00,2025-01-14 10:57:00,DEP,Noise,"Noise, Barking Dog (NR5)",Brooklyn,11206.0,Closed,Online,6
63668041,2025-01-07 11:50:00,2025-01-07 14:30:00,DEP,Noise,Noise: Alarms (NR3),Bronx,10458.0,Closed,Online,0
63668064,2025-01-07 08:56:00,2025-03-20 07:10:00,DEP,Water Quality,"Taste/Odor, Sewer (QA5)",Brooklyn,11223.0,Closed,Phone,71
63668071,2025-01-07 09:41:00,2025-01-07 10:55:00,DEP,Hazardous Materials,Chemical Odor (HD1),Staten Island,10301.0,Closed,Online,0
63668074,2025-01-07 00:32:00,2025-01-07 21:08:00,DEP,Noise,Noise: Construction Before/After Hours (NM1),Brooklyn,11216.0,Closed,Phone,0
63668088,2025-01-07 01:08:00,2025-01-07 20:00:00,DEP,Noise,Noise: Construction Before/After Hours (NM1),Brooklyn,11216.0,Closed,Online,0
63668094,2025-01-07 11:47:00,2025-01-08 13:59:00,DEP,Lead,Lead Kit Request (Residential) (L10),Brooklyn,11237.0,Closed,Phone,1
63668096,2025-01-07 09:29:00,2025-03-21 12:54:00,DEP,Lead,Lead Kit Request (Residential) (L10),Brooklyn,11221.0,Closed,Phone,73
63668097,2025-01-07 06:29:00,2025-01-07 11:24:00,DEP,Lead,Lead Kit Request (Residential) (L10),Manhattan,10031.0,Closed,Online,0
63668114,2025-01-07 16:29:00,2025-01-08 15:42:00,DEP,Noise,Noise: Construction Before/After Hours (NM1),Manhattan,10028.0,Closed,Online,0
63668120,2025-01-07 16:32:00,2025-01-08 14:01:00,DEP,Lead,Lead Kit Request (Residential) (L10),Queens,11427.0,Closed,Online,0
63668121,2025-01-07 12:08:00,2025-01-08 14:00:00,DEP,Lead,Lead Kit Request (Residential) (L10),Brooklyn,11203.0,Closed,Phone,1
63668122,2025-01-07 10:26:00,2025-01-08 13:59:00,DEP,Lead,Lead Kit Request (Residential) (L10),Queens,11101.0,Closed,Online,1
63668124,2025-01-07 09:50:00,2025-01-08 13:59:00,DEP,Lead,Lead Kit Request (Residential) (L10),Queens,11427.0,Closed,Phone,1
63668143,2025-01-07 14:35:00,2025-01-08 00:00:00,DEP,Noise,Noise: Construction Equipment (NC1),Brooklyn,11209.0,Closed,Online,0
63668156,2025-01-07 11:50:00,2025-01-09 14:06:00,DEP,Noise,"Noise, Barking Dog (NR5)",Bronx,10457.0,Closed,Online,2
63668161,2025-01-07 01:32:00,2025-01-07 06:27:00,DEP,Noise,Noise: Alarms (NR3),Manhattan,10031.0,Closed,Phone,0
63668162,2025-01-07 07:05:00,2025-02-25 23:30:00,DEP,Noise,Noise: Private Carting Noise (NQ1),Manhattan,10014.0,Closed,Online,49
63668178,2025-01-07 15:14:00,2025-01-08 13:15:00,DEP,Noise,Noise: Construction Equipment (NC1),Brooklyn,11201.0,Closed,Phone,0
63668179,2025-01-07 10:50:00,2025-01-10 10:30:00,DEP,Noise,Noise: Construction Equipment (NC1),Brooklyn,11214.0,Closed,Online,2
63668180,2025-01-07 09:59:00,2025-01-08 12:00:00,DEP,Noise,Noise: Construction Equipment (NC1),Brooklyn,11217.0,Closed,Online,1
63668199,2025-01-07 09:35:00,2025-01-07 11:00:00,DEP,Sewer,Sewer Backup (Use Comments) (SA),Queens,11691.0,Closed,Phone,0
63668215,2025-01-07 19:50:00,2025-01-08 03:20:00,DEP,Water System,Dirty Water (WE),Manhattan,10030.0,Closed,Phone,0
63668225,2025-01-07 01:14:00,2025-01-07 21:04:00,DEP,Noise,Noise: Construction Before/After Hours (NM1),Manhattan,10028.0,Closed,Phone,0
63668231,2025-01-07 12:38:00,2025-01-07 13:49:00,DEP,Water Conservation,Water Meter Broken/Leaking - Private Residence (CMR),Bronx,10463.0,Closed,Phone,0
63668233,2025-01-07 07:59:00,2025-01-07 07:59:00,DEP,Water System,Hydrant Leaking (WC1),Manhattan,10021.0,Closed,Online,0
63668246,2025-01-07 20:14:00,2025-01-15 06:30:00,DEP,Noise,Noise: Construction Before/After Hours (NM1),Brooklyn,11222.0,Closed,Online,7
63668247,2025-01-07 19:59:00,2025-01-09 00:00:00,DEP,Noise,Noise: Construction Before/After Hours (NM1),Manhattan,10009.0,Closed,Phone,1
63668249,2025-01-07 06:56:00,2025-01-08 08:15:00,DEP,Water System,Dirty Water (WE),Staten Island,10305.0,Closed,Online,1
63668255,2025-01-07 23:23:00,2025-01-08 15:42:00,DEP,Noise,Noise: Construction Before/After Hours (NM1),Manhattan,10028.0,Closed,Phone,0
63668256,2025-01-07 11:17:00,2025-01-07 15:30:00,DEP,Noise,Noise: Construction Equipment (NC1),Bronx,10469.0,Closed,Online,0
63668257,2025-01-07 07:26:00,2025-01-15 23:11:00,DEP,Water System,Hydrant Running (WC3),Queens,11358.0,Closed,Online,8
63668259,2025-01-07 22:05:00,2025-01-09 02:00:00,DEP,Noise,Noise: Construction Before/After Hours (NM1),Queens,11374.0,Closed,Online,1
63668260,2025-01-07 16:08:00,2025-01-13 08:00:00,DEP,Noise,Noise: Construction Before/After Hours (NM1),Queens,11419.0,Closed,Online,5
63668262,2025-01-07 01:17:00,2025-01-07 21:04:00,DEP,Noise,Noise: Jack Hammering (NC2),Manhattan,10028.0,Closed,Online,0
63668263,2025-01-07 23:20:00,2025-01-08 15:44:00,DEP,Noise,Noise: Jack Hammering (NC2),Manhattan,10005.0,Closed,Online,0
63668264,2025-01-07 09:32:00,2025-01-09 07:45:00,DEP,Noise,Noise: Jack Hammering (NC2),Brooklyn,11201.0,Closed,Online,1
63668265,2025-01-07 12:32:00,2025-01-13 12:15:00,DEP,Noise,Noise: Construction Equipment (NC1),Brooklyn,11219.0,Closed,Phone,5
63668267,2025-01-07 14:41:00,2025-01-07 15:00:00,DEP,Sewer,Sewer Backup (Use Comments) (SA),Manhattan,10013.0,Closed,Phone,0
63668269,2025-01-07 12:59:00,2025-01-09 12:00:00,DEP,Sewer,Catch Basin Clogged/Flooding (Use Comments) (SC),Brooklyn,11220.0,Closed,Phone,1
63668270,2025-01-07 14:59:00,2025-01-09 10:55:00,DEP,Water System,Hydrant Running Full (WA4),Queens,11373.0,Closed,Phone,1
63668271,2025-01-07 13:47:00,2025-01-07 13:49:00,DEP,Water System,Leak (Use Comments) (WA2),Queens,11369.0,Closed,Phone,0
63668273,2025-01-07 15:47:00,2025-01-07 16:32:00,DEP,Water System,Possible Water Main Break (Use Comments) (WA1),Queens,11373.0,Closed,Phone,0
63668274,2025-01-07 15:44:00,2025-01-07 16:29:00,DEP,Water System,Possible Water Main Break (Use Comments) (WA1),Queens,11373.0,Closed,Online,0
63668275,2025-01-07 14:17:00,2025-01-07 14:21:00,DEP,Water System,Possible Water Main Break (Use Comments) (WA1),Queens,11414.0,Closed,Phone,0
63668276,2025-01-07 14:44:00,2025-01-07 14:55:00,DEP,Water System,Possible Water Main Break (Use Comments) (WA1),Brooklyn,11212.0,Closed,Phone,0
63668279,2025-01-07 09:38:00,2025-01-07 16:40:00,DEP,Water System,Dirty Water (WE),Staten Island,10310.0,Closed,Online,0
63668280,2025-01-07 23:05:00,2025-01-07 23:32:00,DEP,Water System,Hydrant Leaking (WC1),Queens,11362.0,Closed,Online,0
63668281,2025-01-07 06:50:00,2025-01-07 08:50:00,DEP,Water System,Hydrant Leaking (WC1),Staten Island,10301.0,Closed,Online,0
63668285,2025-01-07 08:53:00,2025-01-07 09:22:00,DEP,Water System,Hydrant Running (WC3),Bronx,10469.0,Closed,Online,0
63668293,2025-01-07 11:44:00,2025-01-07 12:05:00,DEP,Water System,Hydrant Knocked Over/Missing (WC),Queens,11365.0,Closed,Online,0
63668294,2025-01-07 11:44:00,2025-01-07 11:55:00,DEP,Water System,Hydrant Knocked Over/Missing (WC),Queens,11432.0,Closed,Online,0
63668295,2025-01-07 16:38:00,2025-01-07 16:38:00,DEP,Water System,Leak (Use Comments) (WA2),Brooklyn,11237.0,Closed,Phone,0
63668296,2025-01-07 16:17:00,2025-01-07 16:17:00,DEP,Water System,Leak (Use Comments) (WA2),Brooklyn,11233.0,Closed,Online,0
63668311,2025-01-07 17:38:00,2025-01-07 19:14:00,DEP,Water System,Hydrant Running (WC3),Queens,11373.0,Closed,Mobile,0
63668312,2025-01-07 16:29:00,2025-01-07 16:41:00,DEP,Water System,Hydrant Running (WC3),Bronx,10466.0,Closed,Phone,0
63668314,2025-01-07 02:53:00,2025-01-07 07:35:00,DEP,Water System,Hydrant Running Full (WA4),Brooklyn,11216.0,Closed,Online,0
63668328,2025-01-07 23:05:00,2025-01-07 23:34:00,DEP,Water System,Leak (Use Comments) (WA2),Queens,11379.0,Closed,Online,0
63668347,2025-01-07 17:14:00,2025-01-30 14:00:00,DEP,Water System,Leak (Use Comments) (WA2),Queens,11421.0,Closed,Phone,22
63668348,2025-01-07 14:02:00,2025-03-07 13:30:00,DEP,Water System,Leak (Use Comments) (WA2),Staten Island,10314.0,Closed,Phone,58
63668349,2025-01-07 10:02:00,2025-01-07 18:40:00,DEP,Water System,Leak (Use Comments) (WA2),Queens,11354.0,Closed,Phone,0
63668350,2025-01-07 10:29:00,2025-01-09 09:50:00,DEP,Water System,Possible Water Main Break (Use Comments) (WA1),Brooklyn,11218.0,Closed,Phone,1
63668351,2025-01-07 10:14:00,2025-01-27 07:00:00,DEP,Water System,Leak (Use Comments) (WA2),Queens,11358.0,Closed,Online,19
63668616,2025-01-07 08:14:00,2025-01-08 07:30:00,DEP,Air Quality,"Air: Smoke, Vehicular (AA4)",Queens,11366.0,Closed,Online,0
63668851,2025-01-07 08:59:00,2025-01-07 09:00:00,DEP,Water System,No Water (WNW),Brooklyn,11216.0,Closed,Phone,0
63668855,2025-01-07 14:56:00,2025-01-14 13:45:00,DEP,Noise,Noise: air condition/ventilation equipment (NV1),Queens,11354.0,Closed,Online,6
63668856,2025-01-07 14:32:00,2025-01-14 13:45:00,DEP,Noise,Noise: air condition/ventilation equipment (NV1),Queens,11354.0,Closed,Online,6
63669669,2025-01-07 08:44:00,2025-01-10 13:15:00,DEP,Noise,Noise: Manufacturing Noise (NK1),Brooklyn,11231.0,Closed,Online,3
63669897,2025-01-07 09:32:00,2025-01-08 09:05:00,DEP,Water Quality,"Taste/Odor, Chlorine (QA1)",Staten Island,10305.0,Closed,Phone,0
63669941,2025-01-07 01:08:00,2025-01-07 22:30:00,DEP,Noise,Noise: Construction Before/After Hours (NM1),Manhattan,10002.0,Closed,Phone,0
63669942,2025-01-07 07:29:00,2025-01-07 15:59:00,DEP,Air Quality,"Air: Odor/Fumes, Vehicle Idling (AD3)",Queens,11361.0,Closed,Online,0
63669971,2025-01-07 19:53:00,2025-01-08 14:02:00,DEP,Lead,Lead Kit Request (Residential) (L10),Bronx,10451.0,Closed,Online,0
63669972,2025-01-07 12:02:00,2025-01-08 08:45:00,DEP,Lead,Lead Kit Request (Residential) (L10),Brooklyn,11203.0,Closed,Phone,0
63669998,2025-01-07 12:08:00,2025-01-08 14:00:00,DEP,Lead,Lead Kit Request (Residential) (L10),Queens,11104.0,Closed,Online,1
63670053,2025-01-07 05:20:00,2025-01-07 06:27:00,DEP,Air Quality,"Air: Odor/Fumes, Vehicle Idling (AD3)",Queens,11358.0,Closed,Online,0
63670055,2025-01-07 01:20:00,2025-01-07 06:27:00,DEP,Noise,Noise: Alarms (NR3),Manhattan,10003.0,Closed,Online,0
63670067,2025-01-07 19:23:00,2025-01-08 06:57:00,DEP,Air Quality,"Air: Odor/Fumes, Vehicle Idling (AD3)",Queens,11385.0,Closed,Online,0
63670068,2025-01-07 21:53:00,2025-01-08 14:02:00,DEP,Lead,Lead Kit Request (Residential) (L10),Queens,11385.0,Closed,Online,0
63670069,2025-01-07 08:53:00,2025-01-08 13:59:00,DEP,Lead,Lead Kit Request (Residential) (L10),Manhattan,10026.0,Closed,Online,1
63670070,2025-01-07 09:08:00,2025-01-08 07:41:00,DEP,Noise,Noise: Alarms (NR3),Queens,11366.0,Closed,Online,0
63670071,2025-01-07 13:35:00,2025-01-08 13:00:00,DEP,Noise,Noise: Alarms (NR3),Brooklyn,11217.0,Closed,Online,0
63670084,2025-01-07 17:53:00,2025-01-08 11:30:00,DEP,Noise,Noise: Construction Before/After Hours (NM1),Bronx,10456.0,Closed,Online,0
63670087,2025-01-07 19:53:00,2025-01-08 14:02:00,DEP,Lead,Lead Kit Request (Residential) (L10),Brooklyn,11210.0,Closed,Online,0
63670089,2025-01-07 23:02:00,2025-01-08 06:57:00,DEP,Noise,Noise: Alarms (NR3),Manhattan,10024.0,Closed,Online,0
63670092,2025-01-07 22:20:00,2025-01-08 15:42:00,DEP,Noise,Noise: Construction Before/After Hours (NM1),Manhattan,10028.0,Closed,Online,0
63670095,2025-01-07 12:59:00,2025-01-08 10:15:00,DEP,Noise,Noise: Construction Equipment (NC1),Queens,11378.0,Closed,Online,0
63670104,2025-01-07 12:26:00,2025-01-09 18:00:00,DEP,Noise,Noise: Construction Equipment (NC1),Brooklyn,11214.0,Closed,Online,2
63670127,2025-01-07 16:41:00,2025-01-23 17:57:00,DEP,Water Conservation,Water Meter Broken/Leaking - Other (CMO),Brooklyn,11204.0,Closed,Phone,16
63670131,2025-01-07 09:53:00,2025-01-07 11:15:00,DEP,Sewer,Sewer Backup (Use Comments) (SA),Staten Island,10314.0,Closed,Phone,0
63670134,2025-01-07 14:44:00,2025-02-25 10:05:00,DEP,Water System,Dirty Water (WE),Queens,11369.0,Closed,Online,48
63670136,2025-01-07 08:17:00,2025-01-07 09:08:00,DEP,Water Conservation,Water Meter Broken/Leaking - Other (CMO),Queens,11411.0,Closed,Phone,0
63670138,2025-01-07 22:29:00,2025-01-08 15:42:00,DEP,Noise,Noise: Construction Before/After Hours (NM1),Manhattan,10028.0,Closed,Online,0
63670139,2025-01-07 17:02:00,2025-01-08 12:15:00,DEP,Water System,Hydrant Leaking (WC1),Bronx,10454.0,Closed,Mobile,0
63670142,2025-01-07 16:50:00,2025-01-07 17:15:00,DEP,Water System,Hydrant Running (WC3),Queens,11369.0,Closed,Phone,0
63670143,2025-01-07 15:41:00,2025-01-07 16:48:00,DEP,Water System,Hydrant Running (WC3),Queens,11358.0,Closed,Phone,0
63670155,2025-01-07 11:11:00,2025-01-10 14:30:00,DEP,Noise,Noise: Construction Equipment (NC1),Brooklyn,11214.0,Closed,Online,3
63670156,2025-01-07 21:20:00,2025-01-07 21:55:00,DEP,Water System,Leak (Use Comments) (WA2),Queens,11358.0,Closed,Phone,0
63670157,2025-01-07 21:17:00,2025-01-07 21:53:00,DEP,Water System,Leak (Use Comments) (WA2),Queens,11358.0,Closed,Online,0
63670164,2025-01-07 16:11:00,2025-01-07 16:38:00,DEP,Water System,Hydrant Running Full (WA4),Bronx,10458.0,Closed,Phone,0
63670165,2025-01-07 09:29:00,2025-01-07 17:45:00,DEP,Noise,Noise: Jack Hammering (NC2),Brooklyn,11237.0,Closed,Online,0
63670170,2025-01-07 14:35:00,2025-01-08 12:00:00,DEP,Water System,Leak (Use Comments) (WA2),Queens,11432.0,Closed,Online,0
63670173,2025-01-07 16:56:00,2025-01-07 17:19:00,DEP,Water System,Leak (Use Comments) (WA2),Queens,11436.0,Closed,Phone,0
63670175,2025-01-07 16:08:00,2025-01-07 17:18:00,DEP,Water System,Leak (Use Comments) (WA2),Queens,11436.0,Closed,Phone,0
63670176,2025-01-07 09:50:00,2025-01-07 11:10:00,DEP,Water System,Leak (Use Comments) (WA2),Manhattan,10009.0,Closed,Online,0
63670180,2025-01-07 10:14:00,2025-01-07 10:34:00,DEP,Water System,Possible Water Main Break (Use Comments) (WA1),Queens,11358.0,Closed,Phone,0
63670199,2025-01-07 09:47:00,2025-01-08 10:30:00,DEP,Noise,Noise: Construction Equipment (NC1),Brooklyn,11226.0,Closed,Online,1
63670200,2025-01-07 14:20:00,2025-02-05 13:10:00,DEP,Water System,Leak (Use Comments) (WA2),Queens,11432.0,Closed,Phone,28
63670273,2025-01-07 12:53:00,2025-01-07 12:53:00,DEP,Water System,Leak (Use Comments) (WA2),Manhattan,10032.0,Closed,Phone,0
63670305,2025-01-07 12:17:00,2025-02-15 05:30:00,DEP,Water System,Leak (Use Comments) (WA2),Brooklyn,11215.0,Closed,Online,38
63670445,2025-01-07 06:50:00,2025-01-08 08:00:00,DEP,Noise,Noise:  lawn care equipment (NCL),Bronx,10462.0,Closed,Online,1
63670453,2025-01-07 06:59:00,2025-01-09 08:45:00,DEP,Noise,Noise: Jack Hammering (NC2),Manhattan,10028.0,Closed,Online,2
63670461,2025-01-07 08:38:00,2025-01-08 14:00:00,DEP,Noise,Noise: Jack Hammering (NC2),Brooklyn,11218.0,Closed,Online,1
63670536,2025-01-07 03:35:00,2025-01-07 07:32:00,DEP,Water Quality,"Taste/Odor, Chemical (QA2)",Manhattan,10034.0,Closed,Phone,0
63670590,2025-01-07 22:38:00,2025-01-08 15:30:00,DEP,Noise,"Noise, Ice Cream Truck (NR4)",Staten Island,10310.0,Closed,Online,0
63670776,2025-01-07 17:59:00,2025-01-08 11:15:00,DEP,Water System,No Water (WNW),Queens,11434.0,Closed,Phone,0
63671781,2025-01-07 17:14:00,2025-01-08 07:01:00,DEP,Water System,Excessive Water In Basement (WEFB),Brooklyn,11233.0,Closed,Phone,0
63671810,2025-01-07 01:29:00,2025-01-08 01:45:00,DEP,Noise,Noise: Construction Before/After Hours (NM1),Manhattan,10005.0,Closed,Online,1
63671811,2025-01-07 00:53:00,2025-01-08 21:00:00,DEP,Noise,Noise: Construction Before/After Hours (NM1),Queens,11101.0,Closed,Phone,1
63671822,2025-01-07 16:23:00,2025-01-07 17:50:00,DEP,Asbestos,Asbestos Complaint (B1),Manhattan,10019.0,Closed,Phone,0
63671827,2025-01-07 09:20:00,2025-01-08 13:59:00,DEP,Lead,Lead Kit Request (Residential) (L10),Bronx,10453.0,Closed,Phone,1
63671846,2025-01-07 13:50:00,2025-01-08 14:15:00,DEP,Air Quality,Air: Other Air Problem (Use Comments) (AZZ),Brooklyn,11231.0,Closed,Online,1
63671853,2025-01-07 23:32:00,2025-01-08 14:03:00,DEP,Lead,Lead Kit Request (Residential) (L10),Queens,11103.0,Closed,Online,0
63671854,2025-01-07 21:02:00,2025-01-08 14:02:00,DEP,Lead,Lead Kit Request (Residential) (L10),Queens,11423.0,Closed,Online,0
63671855,2025-01-07 13:23:00,2025-01-08 14:00:00,DEP,Lead,Lead Kit Request (Residential) (L10),Queens,11418.0,Closed,Online,1
63671857,2025-01-07 11:35:00,2025-01-08 08:46:00,DEP,Lead,Lead Kit Request (Residential) (L10),Bronx,10473.0,Closed,Online,0
63671879,2025-01-07 08:17:00,2025-01-14 09:34:00,DEP,Noise,"Noise, Barking Dog (NR5)",Brooklyn,11206.0,Closed,Online,7
63671895,2025-01-07 23:29:00,2025-01-08 15:44:00,DEP,Noise,Noise: Construction Before/After Hours (NM1),Manhattan,10005.0,Closed,Online,0
63671898,2025-01-07 14:32:00,2025-01-31 13:00:00,DEP,Noise,"Noise, Barking Dog (NR5)",Brooklyn,11206.0,Closed,Online,23
63671927,2025-01-07 00:56:00,2025-01-07 21:00:00,DEP,Noise,Noise: Construction Before/After Hours (NM1),Manhattan,10031.0,Closed,Online,0
63671928,2025-01-07 00:35:00,2025-01-07 21:04:00,DEP,Noise,Noise: Construction Before/After Hours (NM1),Manhattan,10028.0,Closed,Phone,0
63671946,2025-01-07 11:56:00,2025-01-08 11:10:00,DEP,Sewer,Catch Basin Clogged/Flooding (Use Comments) (SC),Brooklyn,11201.0,Closed,Phone,0
63671963,2025-01-07 13:35:00,2025-01-07 14:30:00,DEP,Sewer,Sewer Backup (Use Comments) (SA),Queens,11433.0,Closed,Phone,0
63671990,2025-01-07 09:47:00,2025-01-07 10:30:00,DEP,Sewer,Sewer Backup (Use Comments) (SA),Brooklyn,11234.0,Closed,Phone,0
63671992,2025-01-07 12:50:00,2025-01-07 13:50:00,DEP,Sewer,Street Flooding (SJ),Queens,11432.0,Closed,Phone,0
63672011,2025-01-07 22:38:00,2025-01-09 12:45:00,DEP,Sewer,Catch Basin Clogged/Flooding (Use Comments) (SC),Staten Island,10314.0,Closed,Online,1
63672017,2025-01-07 11:44:00,2025-01-07 13:55:00,DEP,Sewer,Sewer Backup (Use Comments) (SA),Queens,11429.0,Closed,Online,0
63672025,2025-01-07 16:44:00,2025-01-08 04:10:00,DEP,Water System,Dirty Water (WE),Brooklyn,11215.0,Closed,Phone,0
63672026,2025-01-07 04:17:00,2025-01-24 13:50:00,DEP,Water System,Dirty Water (WE),Bronx,10467.0,Closed,Online,17
63672041,2025-01-07 14:38:00,2026-07-17 12:00:00,DEP,Water System,Hydrant Leaking (WC1),Brooklyn,11222.0,Closed,Phone,555
63672042,2025-01-07 20:59:00,2025-01-07 21:51:00,DEP,Water System,Hydrant Running (WC3),Queens,11691.0,Closed,Mobile,0
63672050,2025-01-07 22:35:00,2025-01-07 23:20:00,DEP,Water System,Dirty Water (WE),Brooklyn,11208.0,Closed,Phone,0
63672054,2025-01-07 01:11:00,2025-01-07 18:45:00,DEP,Noise,Noise: Construction Before/After Hours (NM1),Brooklyn,11221.0,Closed,Online,0
63672055,2025-01-07 01:05:00,2025-01-08 04:00:00,DEP,Noise,Noise: Construction Before/After Hours (NM1),Brooklyn,11216.0,Closed,Phone,1
63672060,2025-01-07 11:38:00,2025-01-07 12:46:00,DEP,Water System,Leak (Use Comments) (WA2),Bronx,10469.0,Closed,Phone,0
63672061,2025-01-07 10:17:00,2025-01-07 10:35:00,DEP,Water System,Leak (Use Comments) (WA2),Queens,11378.0,Closed,Phone,0
63672063,2025-01-07 21:53:00,2025-01-08 14:02:00,DEP,Lead,Lead Kit Request (Residential) (L10),Manhattan,10017.0,Closed,Online,0
63672064,2025-01-07 15:05:00,2025-01-08 14:01:00,DEP,Lead,Lead Kit Request (Residential) (L10),Manhattan,10027.0,Closed,Online,0
63672065,2025-01-07 02:56:00,2025-01-07 16:52:00,DEP,Noise,Noise: air condition/ventilation equipment (NV1),Bronx,10468.0,Closed,Online,0
63672066,2025-01-07 12:44:00,2025-01-07 12:49:00,DEP,Water System,Hydrant Running (WC3),Bronx,10458.0,Closed,Phone,0
63672067,2025-01-07 21:53:00,2025-01-08 21:30:00,DEP,Water System,Hydrant Running (WC3),Manhattan,10128.0,Closed,Mobile,0
63672068,2025-01-07 17:23:00,2025-01-17 16:00:00,DEP,Water System,Leak (Use Comments) (WA2),Queens,11416.0,Closed,Phone,9
63672070,2025-01-07 15:23:00,2025-01-08 01:00:00,DEP,Water System,Hydrant Leaking (WC1),Brooklyn,11211.0,Closed,Mobile,0
63672071,2025-01-07 14:11:00,2025-01-08 14:00:00,DEP,Lead,Lead Kit Request (Residential) (L10),Staten Island,10302.0,Closed,Phone,0
63672072,2025-01-07 11:47:00,2025-01-08 14:00:00,DEP,Lead,Lead Kit Request (Residential) (L10),Bronx,10462.0,Closed,Online,1
63672073,2025-01-07 15:02:00,2025-02-16 12:13:00,DEP,Water System,Hydrant Running Full (WA4),Bronx,10458.0,Closed,Online,39
63672074,2025-01-07 14:53:00,2025-01-07 17:15:00,DEP,Water System,Hydrant Running Full (WA4),Queens,11373.0,Closed,Phone,0
63672075,2025-01-07 10:35:00,2025-01-07 20:50:00,DEP,Water System,Leak (Use Comments) (WA2),Staten Island,10312.0,Closed,Phone,0
63672077,2025-01-07 22:20:00,2025-01-07 22:29:00,DEP,Water System,Possible Water Main Break (Use Comments) (WA1),Queens,11375.0,Closed,Phone,0
63672078,2025-01-07 12:23:00,2025-01-07 13:15:00,DEP,Water System,Leak (Use Comments) (WA2),Staten Island,10309.0,Closed,Phone,0
63672079,2025-01-07 07:56:00,2025-01-07 08:00:00,DEP,Water System,Leak (Use Comments) (WA2),Staten Island,10306.0,Closed,Phone,0
63672087,2025-01-07 12:02:00,2025-01-28 11:30:00,DEP,Water System,Leak (Use Comments) (WA2),Queens,11411.0,Closed,Phone,20
63672088,2025-01-07 08:02:00,2025-01-07 08:10:00,DEP,Water System,Possible Water Main Break (Use Comments) (WA1),Brooklyn,11203.0,Closed,Phone,0
63672097,2025-01-07 13:20:00,2025-01-08 22:00:00,DEP,Water System,Leak (Use Comments) (WA2),Staten Island,10314.0,Closed,Phone,1
63672099,2025-01-07 09:17:00,2025-01-07 12:50:00,DEP,Water System,Leak (Use Comments) (WA2),Queens,11358.0,Closed,Phone,0
63672100,2025-01-07 08:53:00,2025-01-07 22:40:00,DEP,Water System,Leak (Use Comments) (WA2),Queens,11693.0,Closed,Phone,0
63672101,2025-01-07 16:38:00,2025-01-09 13:49:00,DEP,Noise,"Noise, Barking Dog (NR5)",Bronx,10451.0,Closed,Online,1
63672112,2025-01-07 09:02:00,2025-01-08 07:41:00,DEP,Noise,Noise: Alarms (NR3),Queens,11366.0,Closed,Online,0
63672202,2025-01-07 23:35:00,2025-01-08 22:30:00,DEP,Noise,Noise: Construction Before/After Hours (NM1),Manhattan,10010.0,Closed,Phone,0
63672203,2025-01-07 19:38:00,2025-01-08 18:30:00,DEP,Noise,Noise: Construction Before/After Hours (NM1),Brooklyn,11211.0,Closed,Online,0
63672246,2025-01-07 08:47:00,2025-01-08 11:45:00,DEP,Water System,Hydrant Running (WC3),Bronx,10455.0,Closed,Phone,1
63672247,2025-01-07 16:02:00,2025-01-07 16:02:00,DEP,Water System,Leak (Use Comments) (WA2),Brooklyn,11233.0,Closed,Phone,0
63672248,2025-01-07 06:23:00,2025-01-07 06:26:00,DEP,Water System,Leak (Use Comments) (WA2),Queens,11378.0,Closed,Online,0
63672249,2025-01-07 05:32:00,2025-01-07 22:13:00,DEP,Water System,Leak (Use Comments) (WA2),Queens,11428.0,Closed,Phone,0
63672447,2025-01-07 17:29:00,2025-01-10 12:00:00,DEP,Noise,Noise: air condition/ventilation equipment (NV1),Queens,11101.0,Closed,Online,2
63672472,2025-01-07 22:41:00,2025-01-08 16:28:00,DEP,Noise,Noise: air condition/ventilation equipment (NV1),Manhattan,10022.0,Closed,Online,0
63672543,2025-01-07 11:56:00,2025-01-07 20:10:00,DEP,Water System,No Water (WNW),Queens,11369.0,Closed,Online,0
63672560,2025-01-07 09:29:00,2025-01-08 08:30:00,DEP,Air Quality,"Air: Odor/Fumes, Vehicle Idling (AD3)",Queens,11385.0,Closed,Phone,0
63673277,2025-01-07 08:32:00,2025-01-07 09:30:00,DEP,Hazardous Materials,Chemical Spill/Release (HA1),Manhattan,10002.0,Closed,Phone,0
63673718,2025-01-07 17:53:00,2025-01-08 14:01:00,DEP,Lead,Lead Kit Request (Residential) (L10),Brooklyn,11217.0,Closed,Online,0
63673726,2025-01-07 14:47:00,2025-01-08 14:01:00,DEP,Lead,Lead Kit Request (Residential) (L10),Manhattan,10010.0,Closed,Online,0
63673727,2025-01-07 13:17:00,2025-01-08 14:00:00,DEP,Lead,Lead Kit Request (Residential) (L10),Queens,11375.0,Closed,Online,1
63673737,2025-01-07 22:35:00,2025-01-08 01:00:00,DEP,Noise,Noise: Construction Before/After Hours (NM1),Queens,11370.0,Closed,Online,0
63673740,2025-01-07 07:23:00,2025-01-08 12:15:00,DEP,Noise,Noise: Construction Equipment (NC1),Manhattan,10004.0,Closed,Online,1
63673753,2025-01-07 14:41:00,2025-01-14 11:27:00,DEP,Noise,"Noise, Barking Dog (NR5)",Queens,11694.0,Closed,Online,6
63673755,2025-01-07 12:17:00,2025-01-07 18:00:00,DEP,Noise,Noise: Alarms (NR3),Bronx,10458.0,Closed,Online,0
63673767,2025-01-07 20:53:00,2025-01-08 14:02:00,DEP,Lead,Lead Kit Request (Residential) (L10),Manhattan,10009.0,Closed,Online,0
63673768,2025-01-07 19:23:00,2025-01-08 14:02:00,DEP,Lead,Lead Kit Request (Residential) (L10),Manhattan,10128.0,Closed,Online,0
63673773,2025-01-07 21:53:00,2025-01-08 06:57:00,DEP,Noise,Noise: Alarms (NR3),Manhattan,10032.0,Closed,Online,0
63673774,2025-01-07 08:44:00,2025-01-09 13:00:00,DEP,Noise,Noise: Alarms (NR3),Brooklyn,11216.0,Closed,Phone,2
63673777,2025-01-07 17:29:00,2025-01-08 14:02:00,DEP,Lead,Lead Kit Request (Residential) (L10),Manhattan,10002.0,Closed,Online,0
63673778,2025-01-07 10:56:00,2025-03-24 13:24:00,DEP,Lead,Lead Kit Request (Residential) (L10),Queens,11105.0,Closed,Online,76
63673819,2025-01-07 09:08:00,2025-01-14 11:00:00,DEP,Noise,"Noise, Barking Dog (NR5)",Brooklyn,11218.0,Closed,Online,7
63673851,2025-01-07 08:17:00,2025-01-23 01:00:00,DEP,Noise,Noise: Private Carting Noise (NQ1),Manhattan,10012.0,Closed,Online,15
63673864,2025-01-07 13:17:00,2025-01-09 09:30:00,DEP,Sewer,Catch Basin Clogged/Flooding (Use Comments) (SC),Queens,11423.0,Closed,Online,1
63673880,2025-01-07 12:59:00,2025-01-08 07:55:00,DEP,Sewer,Culvert Blocked/Needs Cleaning (SE),Brooklyn,11229.0,Closed,Phone,0
63673881,2025-01-07 08:08:00,2025-01-12 18:15:00,DEP,Sewer,Defective/Missing Curb Piece (SC4),Queens,11413.0,Closed,Phone,5
63673884,2025-01-07 22:59:00,2025-01-08 15:42:00,DEP,Noise,Noise: Construction Before/After Hours (NM1),Manhattan,10028.0,Closed,Online,0
63673886,2025-01-07 00:26:00,2025-01-09 21:19:00,DEP,Noise,Noise: Construction Before/After Hours (NM1),Manhattan,10031.0,Closed,Online,2
63673932,2025-01-07 12:20:00,2025-01-09 09:50:00,DEP,Water System,Hydrant Leaking (WC1),Bronx,10472.0,Closed,Mobile,1
63673933,2025-01-07 15:20:00,2025-01-07 16:04:00,DEP,Water System,Hydrant Running Full (WA4),Queens,11369.0,Closed,Mobile,0
63673935,2025-01-07 12:56:00,2025-01-07 13:02:00,DEP,Water System,Leak (Use Comments) (WA2),Queens,11369.0,Closed,Phone,0
63673937,2025-01-07 18:17:00,2025-01-08 18:00:00,DEP,Water System,Leak (Use Comments) (WA2),Queens,11370.0,Closed,Online,0
63673938,2025-01-07 13:44:00,2025-01-09 08:50:00,DEP,Sewer,Catch Basin Search (SC2),Bronx,10465.0,Closed,Phone,1
63673939,2025-01-07 09:23:00,2025-01-09 13:35:00,DEP,Sewer,Catch Basin Search (SC2),Queens,11375.0,Closed,Phone,2
63673942,2025-01-07 15:41:00,2025-01-07 15:47:00,DEP,Water System,Possible Water Main Break (Use Comments) (WA1),Bronx,10469.0,Closed,Phone,0
63673943,2025-01-07 13:17:00,2025-01-07 13:45:00,DEP,Water System,Possible Water Main Break (Use Comments) (WA1),Queens,11358.0,Closed,Phone,0
63673944,2025-01-07 10:32:00,2025-01-07 10:44:00,DEP,Water System,Possible Water Main Break (Use Comments) (WA1),Bronx,10469.0,Closed,Phone,0
63673952,2025-01-07 11:23:00,2025-01-07 13:05:00,DEP,Sewer,Street Flooding (SJ),Queens,11101.0,Closed,Phone,0
63673953,2025-01-07 14:05:00,2025-01-07 14:07:00,DEP,Water System,Dirty Water (WE),Queens,11375.0,Closed,Online,0
63673965,2025-01-07 13:38:00,2025-01-07 17:30:00,DEP,Sewer,Street Flooding (SJ),Brooklyn,11219.0,Closed,Online,0
63673975,2025-01-07 07:47:00,2025-01-07 08:10:00,DEP,Water System,Leak (Use Comments) (WA2),Queens,11373.0,Closed,Online,0
63673978,2025-01-07 18:11:00,2025-02-05 05:30:00,DEP,Water System,Dirty Water (WE),Queens,11369.0,Closed,Phone,28
63673987,2025-01-07 08:41:00,2025-01-07 21:45:00,DEP,Water System,Leak (Use Comments) (WA2),Staten Island,10309.0,Closed,Phone,0
63673988,2025-01-07 11:53:00,2025-01-07 12:47:00,DEP,Water System,Possible Water Main Break (Use Comments) (WA1),Bronx,10469.0,Closed,Online,0
63673989,2025-01-07 08:14:00,2025-01-08 08:00:00,DEP,Air Quality,"Air: Smoke, Vehicular (AA4)",Queens,11366.0,Closed,Online,0
63674015,2025-01-07 14:17:00,2025-01-07 16:45:00,DEP,Water System,Leak (Use Comments) (WA2),Bronx,10461.0,Closed,Phone,0
63674028,2025-01-07 14:17:00,2025-01-12 19:45:00,DEP,Water System,Possible Water Main Break (Use Comments) (WA1),Queens,11379.0,Closed,Phone,5
63674037,2025-01-07 23:32:00,2025-01-14 11:02:00,DEP,Noise,"Noise, Barking Dog (NR5)",Brooklyn,11237.0,Closed,Online,6
63674050,2025-01-07 01:08:00,2025-01-07 21:01:00,DEP,Noise,Noise: Construction Before/After Hours (NM1),Manhattan,10002.0,Closed,Phone,0
63674120,2025-01-07 11:29:00,2025-01-07 11:32:00,DEP,Water System,Dirty Water (WE),Brooklyn,11216.0,Closed,Phone,0
63674121,2025-01-07 13:50:00,2025-01-07 21:05:00,DEP,Water System,Dirty Water (WE),Manhattan,10031.0,Closed,Online,0
63674123,2025-01-07 07:41:00,2025-01-07 08:45:00,DEP,Water System,Hydrant Leaking (WC1),Manhattan,10021.0,Closed,Mobile,0
63674124,2025-01-07 10:05:00,2025-01-07 13:05:00,DEP,Water System,Hydrant Running (WC3),Manhattan,10026.0,Closed,Phone,0
63674225,2025-01-07 18:17:00,2025-01-10 08:45:00,DEP,Water System,LOW WATER PRESSURE - WLWP,Brooklyn,11228.0,Closed,Phone,2
63674269,2025-01-07 17:14:00,2025-01-09 13:00:00,DEP,Air Quality,"Air: Smoke, Chimney or vent (AS1)",Manhattan,10025.0,Closed,Online,1
63674270,2025-01-07 08:47:00,2025-01-14 18:57:00,DEP,Noise,Noise: air condition/ventilation equipment (NV1),Manhattan,10031.0,Closed,Phone,7
63674381,2025-01-07 08:29:00,2025-01-07 09:45:00,DEP,Hazardous Materials,"Unsafe Chemical, Storage (HC1)",Manhattan,10002.0,Closed,Phone,0
63674406,2025-01-07 09:59:00,2025-01-07 11:45:00,DEP,Water System,No Water (WNW),Manhattan,10024.0,Closed,Phone,0
63674417,2025-01-07 14:26:00,2025-01-07 15:59:00,DEP,Water System,No Water (WNW),Queens,11369.0,Closed,Online,0
63674498,2025-01-07 13:41:00,2025-01-07 19:00:00,DEP,Air Quality,"Air: Odor/Fumes, Vehicle Idling (AD3)",Brooklyn,11233.0,Closed,Online,0
63675708,2025-01-07 21:02:00,2025-01-08 14:02:00,DEP,Lead,Lead Kit Request (Residential) (L10),Brooklyn,11222.0,Closed,Online,0
63675726,2025-01-07 14:47:00,2025-01-08 14:00:00,DEP,Lead,Lead Kit Request (Residential) (L10),Bronx,10473.0,Closed,Online,0
63675727,2025-01-07 13:05:00,2025-01-08 14:00:00,DEP,Lead,Lead Kit Request (Residential) (L10),Queens,11428.0,Closed,Phone,1
63675728,2025-01-07 08:17:00,2025-01-08 13:59:00,DEP,Lead,Lead Kit Request (Residential) (L10),Staten Island,10314.0,Closed,Online,1
63675730,2025-01-07 09:23:00,2025-01-08 09:15:00,DEP,Noise,Noise: Construction Equipment (NC1),Manhattan,10009.0,Closed,Online,0
63675731,2025-01-07 07:47:00,2025-01-08 18:00:00,DEP,Noise,Noise: Construction Equipment (NC1),Brooklyn,11214.0,Closed,Online,1
63675753,2025-01-07 16:32:00,2025-01-08 08:45:00,DEP,Asbestos,Asbestos Complaint (B1),Queens,11418.0,Closed,Phone,0
63675764,2025-01-07 19:02:00,2025-01-09 13:42:00,DEP,Noise,"Noise, Barking Dog (NR5)",Manhattan,10001.0,Closed,Online,1
63675765,2025-01-07 15:05:00,2025-01-07 16:20:00,DEP,Hazardous Materials,Chemical Odor (HD1),Brooklyn,11214.0,Closed,Online,0
63675792,2025-01-07 23:17:00,2025-01-08 06:57:00,DEP,Noise,Noise: Alarms (NR3),Brooklyn,11238.0,Closed,Online,0
63675800,2025-01-07 02:38:00,2025-01-07 06:27:00,DEP,Noise,Noise: Alarms (NR3),Manhattan,10031.0,Closed,Online,0
63675810,2025-01-07 23:53:00,2025-01-08 15:42:00,DEP,Noise,Noise: Construction Before/After Hours (NM1),Manhattan,10028.0,Closed,Online,0
63675811,2025-01-07 23:38:00,2025-01-08 15:42:00,DEP,Noise,Noise: Construction Before/After Hours (NM1),Manhattan,10028.0,Closed,Phone,0
63675812,2025-01-07 23:14:00,2025-01-08 15:42:00,DEP,Noise,Noise: Construction Before/After Hours (NM1),Manhattan,10028.0,Closed,Phone,0
63675813,2025-01-07 22:56:00,2025-01-08 22:15:00,DEP,Noise,Noise: Construction Before/After Hours (NM1),Manhattan,10005.0,Closed,Online,0
63675832,2025-01-07 14:35:00,2025-01-08 14:30:00,DEP,Noise,Noise: Construction Equipment (NC1),Manhattan,10011.0,Closed,Phone,0
63675852,2025-01-07 08:38:00,2025-01-07 10:20:00,DEP,Sewer,Sewer Backup (Use Comments) (SA),Queens,11422.0,Closed,Phone,0
63675853,2025-01-07 23:35:00,2025-01-08 15:44:00,DEP,Noise,Noise: Construction Before/After Hours (NM1),Manhattan,10005.0,Closed,Phone,0
63675867,2025-01-07 16:14:00,2025-01-07 17:35:00,DEP,Sewer,Sewer Backup (Use Comments) (SA),Queens,11419.0,Closed,Phone,0
63675868,2025-01-07 10:14:00,2025-01-07 14:59:00,DEP,Water Conservation,Water Meter Broken/Leaking - Private Residence (CMR),Brooklyn,11222.0,Closed,Online,0
63675885,2025-01-07 10:59:00,2025-01-07 11:10:00,DEP,Sewer,Manhole Overflow (Use Comments) (SA1),Brooklyn,11235.0,Closed,Phone,0
63675886,2025-01-07 14:56:00,2025-01-07 17:05:00,DEP,Sewer,Manhole Overflow (Use Comments) (SA1),Queens,11433.0,Closed,Phone,0
63675897,2025-01-07 16:53:00,2025-01-07 17:10:00,DEP,Water System,Leak (Use Comments) (WA2),Bronx,10469.0,Closed,Phone,0
63675898,2025-01-07 14:29:00,2025-01-07 14:38:00,DEP,Water System,Leak (Use Comments) (WA2),Staten Island,10314.0,Closed,Phone,0
63675899,2025-01-07 21:44:00,2025-01-07 22:40:00,DEP,Sewer,Sewer Backup (Use Comments) (SA),Brooklyn,11212.0,Closed,Phone,0
63675900,2025-01-07 16:53:00,2025-01-07 19:55:00,DEP,Sewer,Sewer Backup (Use Comments) (SA),Brooklyn,11233.0,Closed,Online,0
63675907,2025-01-07 16:47:00,2025-01-07 17:08:00,DEP,Water System,Possible Water Main Break (Use Comments) (WA1),Queens,11379.0,Closed,Online,0
63675908,2025-01-07 09:14:00,2025-01-07 10:01:00,DEP,Water System,Possible Water Main Break (Use Comments) (WA1),Queens,11436.0,Closed,Phone,0
63675910,2025-01-07 16:38:00,2025-01-08 14:01:00,DEP,Lead,Lead Kit Request (Residential) (L10),Brooklyn,11204.0,Closed,Online,0
63675912,2025-01-07 11:44:00,2025-01-08 13:59:00,DEP,Lead,Lead Kit Request (Residential) (L10),Queens,11419.0,Closed,Online,1
63675913,2025-01-07 13:14:00,2026-07-17 12:00:00,DEP,Water System,Hydrant Knocked Over/Missing (WC),Brooklyn,11236.0,Closed,Phone,555
63675914,2025-01-07 16:02:00,2025-01-08 01:45:00,DEP,Water System,Hydrant Leaking (WC1),Brooklyn,11201.0,Closed,Online,0
63675915,2025-01-07 08:11:00,2025-01-08 12:35:00,DEP,Water System,Hydrant Running (WC3),Bronx,10474.0,Closed,Phone,1
63675920,2025-01-07 10:56:00,2025-01-07 17:25:00,DEP,Water System,Leak (Use Comments) (WA2),Staten Island,10305.0,Closed,Phone,0
63675921,2025-01-07 13:59:00,2025-01-07 14:07:00,DEP,Water System,Possible Water Main Break (Use Comments) (WA1),Bronx,10467.0,Closed,Phone,0
63675923,2025-01-07 08:02:00,2025-01-14 09:00:00,DEP,Noise,"Noise, Barking Dog (NR5)",Brooklyn,11221.0,Closed,Online,7
63675945,2025-01-07 00:23:00,2025-01-07 21:04:00,DEP,Noise,Noise: Construction Before/After Hours (NM1),Manhattan,10028.0,Closed,Phone,0
63675991,2025-01-07 22:41:00,2025-01-08 15:42:00,DEP,Noise,Noise: Jack Hammering (NC2),Manhattan,10028.0,Closed,Online,0
63675992,2025-01-07 07:44:00,2025-01-08 10:30:00,DEP,Noise,Noise: Jack Hammering (NC2),Brooklyn,11214.0,Closed,Online,1
63676007,2025-01-07 19:05:00,2025-01-10 08:55:00,DEP,Sewer,Catch Basin Search (SC2),Queens,11102.0,Closed,Online,2
63676012,2025-01-07 14:47:00,2025-01-07 14:53:00,DEP,Water Conservation,Water Meter Broken/Leaking - Private Residence (CMR),Queens,11420.0,Closed,Phone,0
63676018,2025-01-07 12:26:00,2025-01-07 12:49:00,DEP,Water System,Hydrant Running Full (WA4),Bronx,10458.0,Closed,Phone,0
63676026,2025-01-07 11:35:00,2025-01-07 15:05:00,DEP,Water System,Leak (Use Comments) (WA2),Manhattan,10031.0,Closed,Phone,0
63676028,2025-01-07 03:59:00,2025-01-07 11:24:00,DEP,Lead,Lead Kit Request (Residential) (L10),Brooklyn,11204.0,Closed,Online,0
63676043,2025-01-07 10:50:00,2025-01-07 13:15:00,DEP,Noise,Noise: Alarms (NR3),Queens,11421.0,Closed,Online,0
63676062,2025-01-07 16:26:00,2025-01-09 16:45:00,DEP,Noise,Noise: Alarms (NR3),Manhattan,10032.0,Closed,Online,2
63676078,2025-01-07 14:14:00,2025-01-07 14:20:00,DEP,Water System,Dirty Water (WE),Queens,11375.0,Closed,Phone,0
63676083,2025-01-07 12:32:00,2025-01-07 12:33:00,DEP,Water System,Leak (Use Comments) (WA2),Queens,11418.0,Closed,Online,0
63676084,2025-01-07 11:44:00,2025-01-07 12:02:00,DEP,Water System,Leak (Use Comments) (WA2),Queens,11373.0,Closed,Phone,0
63676250,2025-01-07 11:14:00,2025-01-14 18:59:00,DEP,Noise,Noise: air condition/ventilation equipment (NV1),Manhattan,10029.0,Closed,Online,7
63676346,2025-01-07 20:35:00,2025-01-08 16:27:00,DEP,Noise,Noise: air condition/ventilation equipment (NV1),Manhattan,10022.0,Closed,Online,0
63676347,2025-01-07 19:23:00,2025-01-10 18:18:00,DEP,Noise,Noise: air condition/ventilation equipment (NV1),Brooklyn,11206.0,Closed,Online,2
63676348,2025-01-07 07:20:00,2025-01-14 18:55:00,DEP,Noise,Noise: air condition/ventilation equipment (NV1),Manhattan,10002.0,Closed,Online,7
63676360,2025-01-07 16:20:00,2025-01-14 10:45:00,DEP,Water System,No Water (WNW),Queens,11377.0,Closed,Phone,6
63676369,2025-01-07 15:20:00,2025-01-07 22:00:00,DEP,Water System,No Water (WNW),Brooklyn,11221.0,Closed,Phone,0
63677643,2025-01-07 15:56:00,2025-01-08 18:00:00,DEP,Noise,Noise: Construction Equipment (NC1),Queens,11101.0,Closed,Online,1
63677653,2025-01-07 12:17:00,2025-01-08 09:30:00,DEP,Noise,Noise: Construction Equipment (NC1),Manhattan,10075.0,Closed,Online,0
63677656,2025-01-07 21:23:00,2025-01-08 02:00:00,DEP,Noise,Noise: Construction Before/After Hours (NM1),Staten Island,10304.0,Closed,Online,0
63677667,2025-01-07 19:53:00,2025-01-14 09:00:00,DEP,Air Quality,"Air: Odor/Fumes, Restaurant (AD2)",Brooklyn,11222.0,Closed,Online,6
63677668,2025-01-07 12:59:00,2025-01-08 14:00:00,DEP,Lead,Lead Kit Request (Residential) (L10),Brooklyn,11215.0,Closed,Online,1
63677698,2025-01-07 02:02:00,2025-01-07 21:04:00,DEP,Noise,Noise: Construction Before/After Hours (NM1),Manhattan,10028.0,Closed,Online,0
63677699,2025-01-07 05:11:00,2025-01-08 01:00:00,DEP,Noise,Noise: Construction Before/After Hours (NM1),Brooklyn,11204.0,Closed,Phone,0
63677700,2025-01-07 00:47:00,2025-01-08 01:45:00,DEP,Noise,Noise: Construction Before/After Hours (NM1),Brooklyn,11204.0,Closed,Online,1
63677701,2025-01-07 14:20:00,2025-01-09 12:15:00,DEP,Noise,Noise: Alarms (NR3),Queens,11372.0,Closed,Online,1
63677733,2025-01-07 22:02:00,2025-01-08 12:30:00,DEP,Noise,Noise: Construction Before/After Hours (NM1),Queens,11374.0,Closed,Online,0
63677734,2025-01-07 19:41:00,2025-01-14 11:13:00,DEP,Noise,"Noise, Barking Dog (NR5)",Brooklyn,11210.0,Closed,Online,6
63677735,2025-01-07 09:50:00,2025-01-08 07:41:00,DEP,Noise,Noise: Alarms (NR3),Queens,11366.0,Closed,Online,0
63677748,2025-01-07 17:47:00,2025-01-08 11:00:00,DEP,Noise,Noise: Construction Equipment (NC1),Brooklyn,11217.0,Closed,Phone,0
63677767,2025-01-07 12:26:00,2025-01-08 15:00:00,DEP,Noise,Noise: Jack Hammering (NC2),Bronx,10460.0,Closed,Phone,1
63677781,2025-01-07 11:11:00,2025-01-07 11:45:00,DEP,Sewer,Sewer Backup (Use Comments) (SA),Brooklyn,11236.0,Closed,Online,0
63677782,2025-01-07 10:02:00,2025-01-08 12:10:00,DEP,Sewer,Street Flooding (SJ),Brooklyn,11203.0,Closed,Phone,1
63677783,2025-01-07 23:47:00,2025-01-08 09:40:00,DEP,Sewer,Catch Basin Clogged/Flooding (Use Comments) (SC),Brooklyn,11204.0,Closed,Phone,0
63677784,2025-01-07 12:47:00,2025-01-10 11:10:00,DEP,Sewer,Catch Basin Sunken/Damaged/Raised (SC1),Queens,11385.0,Closed,Online,2
63677798,2025-01-07 13:02:00,2025-02-26 10:05:00,DEP,Water System,Dirty Water (WE),Queens,11374.0,Closed,Phone,49
63677799,2025-01-07 22:29:00,2025-02-26 10:05:00,DEP,Water System,Dirty Water (WE),Queens,11368.0,Closed,Online,49
63677800,2025-01-07 18:11:00,2025-01-08 03:55:00,DEP,Water System,Dirty Water (WE),Manhattan,10012.0,Closed,Online,0
63677801,2025-01-07 09:08:00,2025-01-07 20:10:00,DEP,Water System,Dirty Water (WE),Manhattan,10012.0,Closed,Online,0
63677812,2025-01-07 12:05:00,2025-01-07 14:35:00,DEP,Water System,Hydrant Leaking (WC1),Manhattan,10037.0,Closed,Online,0
63677813,2025-01-07 07:23:00,2025-01-07 08:16:00,DEP,Water System,Hydrant Running (WC3),Bronx,10469.0,Closed,Mobile,0
63677820,2025-01-07 15:17:00,2025-01-08 14:00:00,DEP,Air Quality,"Air: Odor/Fumes, Vehicle Idling (AD3)",Brooklyn,11201.0,Closed,Online,0
63677822,2025-01-07 14:53:00,2025-01-08 10:00:00,DEP,Asbestos,Asbestos Complaint (B1),Manhattan,10016.0,Closed,Phone,0
63677823,2025-01-07 12:08:00,2025-01-08 14:00:00,DEP,Lead,Lead Kit Request (Residential) (L10),Brooklyn,11237.0,Closed,Online,1
63677824,2025-01-07 07:17:00,2025-01-07 11:24:00,DEP,Lead,Lead Kit Request (Residential) (L10),Brooklyn,11206.0,Closed,Online,0
63677825,2025-01-07 14:08:00,2025-01-07 15:17:00,DEP,Water System,Hydrant Running Full (WA4),Bronx,10458.0,Closed,Online,0
63677826,2025-01-07 08:08:00,2025-01-07 08:20:00,DEP,Water System,Hydrant Running Full (WA4),Queens,11358.0,Closed,Phone,0
63677827,2025-01-07 13:38:00,2025-01-07 13:46:00,DEP,Water System,Leak (Use Comments) (WA2),Bronx,10458.0,Closed,Phone,0
63677828,2025-01-07 13:14:00,2025-02-14 09:35:00,DEP,Water System,Leak (Use Comments) (WA2),Brooklyn,11205.0,Closed,Phone,37
63677829,2025-01-07 16:50:00,2025-01-07 17:13:00,DEP,Water System,Possible Water Main Break (Use Comments) (WA1),Queens,11373.0,Closed,Phone,0
63677831,2025-01-07 16:59:00,2025-02-04 09:40:00,DEP,Water System,Hydrant Running (WC3),Brooklyn,11236.0,Closed,Online,27
63677832,2025-01-07 10:29:00,2025-02-05 11:00:00,DEP,Water System,Leak (Use Comments) (WA2),Queens,11411.0,Closed,Phone,29
63677833,2025-01-07 13:02:00,2025-02-05 12:15:00,DEP,Water System,Possible Water Main Break (Use Comments) (WA1),Queens,11368.0,Closed,Online,28
63677834,2025-01-07 23:05:00,2025-01-08 06:57:00,DEP,Noise,Noise: Alarms (NR3),Manhattan,10024.0,Closed,Online,0
63677835,2025-01-07 00:20:00,2025-01-07 21:04:00,DEP,Noise,Noise: Construction Before/After Hours (NM1),Manhattan,10028.0,Closed,Phone,0
63677836,2025-01-07 16:41:00,2025-01-08 18:00:00,DEP,Air Quality,"Air: Smoke, Vehicular (AA4)",Brooklyn,11236.0,Closed,Online,1
63677844,2025-01-07 21:56:00,2025-01-09 02:45:00,DEP,Noise,Noise: Construction Before/After Hours (NM1),Brooklyn,11201.0,Closed,Online,1
63677845,2025-01-07 10:38:00,2025-01-09 00:00:00,DEP,Noise,Noise: Construction Before/After Hours (NM1),Manhattan,10028.0,Closed,Online,1
63677874,2025-01-07 11:29:00,2025-01-07 16:30:00,DEP,Sewer,Manhole Overflow (Use Comments) (SA1),Brooklyn,11222.0,Closed,Phone,0
63677911,2025-01-07 12:47:00,2025-01-28 10:30:00,DEP,Water System,Hydrant Leaking (WC1),Bronx,10452.0,Closed,Mobile,20
63677912,2025-01-07 12:11:00,2025-01-07 19:35:00,DEP,Water System,Hydrant Leaking (WC1),Manhattan,10030.0,Closed,Online,0
63677919,2025-01-07 17:32:00,2025-01-07 19:10:00,DEP,Water System,Leak (Use Comments) (WA2),Queens,11436.0,Closed,Online,0
63677929,2025-01-07 10:44:00,2025-01-08 11:30:00,DEP,Noise,Noise: Construction Equipment (NC1),Manhattan,10012.0,Closed,Online,1
63677959,2025-01-07 19:29:00,2025-01-08 14:02:00,DEP,Lead,Lead Kit Request (Residential) (L10),Queens,11362.0,Closed,Online,0
63677960,2025-01-07 18:56:00,2025-01-08 14:02:00,DEP,Lead,Lead Kit Request (Residential) (L10),Queens,11375.0,Closed,Online,0
63677961,2025-01-07 17:14:00,2025-01-08 14:02:00,DEP,Lead,Lead Kit Request (Residential) (L10),Brooklyn,11228.0,Closed,Online,0
63677962,2025-01-07 15:14:00,2025-01-08 14:01:00,DEP,Lead,Lead Kit Request (Residential) (L10),Brooklyn,11212.0,Closed,Phone,0
63677963,2025-01-07 00:47:00,2025-01-07 11:24:00,DEP,Lead,Lead Kit Request (Residential) (L10),Queens,11372.0,Closed,Online,0
63677972,2025-01-07 20:20:00,2025-01-14 10:53:00,DEP,Noise,"Noise, Barking Dog (NR5)",Brooklyn,11215.0,Closed,Online,6
63677977,2025-01-07 21:29:00,2025-01-10 16:20:00,DEP,Noise,Noise: Construction Before/After Hours (NM1),Bronx,10458.0,Closed,Phone,2
63677983,2025-01-07 23:20:00,2025-01-07 23:45:00,DEP,Sewer,Manhole Cover Missing (Emergency) (SA3),Brooklyn,11230.0,Closed,Online,0
63677988,2025-01-07 13:38:00,2025-01-07 14:15:00,DEP,Sewer,Sewer Backup (Use Comments) (SA),Brooklyn,11214.0,Closed,Phone,0
63677989,2025-01-07 12:29:00,2025-01-07 21:10:00,DEP,Water System,Dirty Water (WE),Brooklyn,11210.0,Closed,Online,0
63677990,2025-01-07 10:47:00,2025-01-07 19:10:00,DEP,Water System,Dirty Water (WE),Manhattan,10036.0,Closed,Phone,0
63677991,2025-01-07 13:38:00,2025-01-07 13:44:00,DEP,Water System,Hydrant Leaking (WC1),Bronx,10470.0,Closed,Online,0
63677992,2025-01-07 23:47:00,2025-01-07 23:47:00,DEP,Water System,Hydrant Leaking (WC1),Manhattan,10128.0,Closed,Mobile,0
63677993,2025-01-07 10:38:00,2025-01-07 10:42:00,DEP,Water System,Hydrant Running (WC3),Queens,11104.0,Closed,Mobile,0
63677994,2025-01-07 17:44:00,2025-01-09 03:20:00,DEP,Water System,Hydrant Running (WC3),Queens,11102.0,Closed,Online,1
63677995,2025-01-07 06:50:00,2025-01-07 11:00:00,DEP,Water System,Hydrant Running (WC3),Bronx,10469.0,Closed,Mobile,0
63677999,2025-01-07 16:11:00,2025-01-08 08:00:00,DEP,Air Quality,"Air: Smoke, Vehicular (AA4)",Queens,11366.0,Closed,Online,0
