Unique_Key,Created_Date,Closed_Date,Agency,Complaint_Type,Descriptor,Borough,Incident_Zip,Status,Open_Data_Channel_Type,Resolution_Days
63586236,2025-01-01 12:50:14,2025-01-08 00:00:00,DOB,Boilers,Boiler - Defective/Inoperative/No Permit,Bronx,10456.0,Closed,Unknown,6
63586436,2025-01-01 15:15:49,2025-06-04 00:00:00,DOB,Elevator,Elevator - Multiple Devices On Property,Manhattan,10025.0,Closed,Unknown,153
63586437,2025-01-01 12:54:03,2025-01-02 00:00:00,DOB,Elevator,Elevator - Single Device On Property/No Alternate Service,Manhattan,10040.0,Closed,Unknown,0
63586449,2025-01-01 12:10:21,2025-06-30 00:00:00,DOB,Elevator,Elevator - Single Device On Property/No Alternate Service,Manhattan,10128.0,Closed,Unknown,179
63586454,2025-01-01 11:03:26,2025-01-03 00:00:00,DOB,Plumbing,Plumbing-Defective/Leaking/Not Maintained,Manhattan,10001.0,Closed,Unknown,1
63586875,2025-01-01 17:50:08,2025-01-02 00:00:00,DOB,Real Time Enforcement,Work Without A Permit - Occupied Multiple Dwelling,Manhattan,10011.0,Closed,Unknown,0
63587357,2025-01-01 18:17:21,2025-01-02 00:00:00,DOB,General Construction/Plumbing,Building Permit - None,Manhattan,10014.0,Closed,Unknown,0
63587441,2025-01-01 10:48:23,2025-01-02 00:00:00,DOB,General Construction/Plumbing,Egress - Doors Locked/Blocked/Improper/No Secondary Means,Manhattan,10011.0,Closed,Unknown,0
63587527,2025-01-01 13:35:56,2025-02-19 00:00:00,DOB,General Construction/Plumbing,Cons - Contrary/Beyond Approved Plans/Permits,Brooklyn,11223.0,Closed,Unknown,48
63587528,2025-01-01 10:27:19,2025-01-02 00:00:00,DOB,General Construction/Plumbing,Building Permit - None,Brooklyn,11226.0,Closed,Unknown,0
63587577,2025-01-01 16:40:52,2025-01-02 00:00:00,DOB,Elevator,Elevator - Single Device On Property/No Alternate Service,Bronx,10458.0,Closed,Unknown,0
63587637,2025-01-01 11:33:38,2025-01-13 00:00:00,DOB,Elevator,Elevator - Single Device On Property/No Alternate Service,Brooklyn,11235.0,Closed,Unknown,11
63587792,2025-01-01 15:46:13,2025-01-02 00:00:00,DOB,General Construction/Plumbing,Sidewalk Shed/Pipe Scafford - Inadequate Defective/None,Bronx,10452.0,Closed,Unknown,0
63587793,2025-01-01 11:39:39,2025-01-02 00:00:00,DOB,Special Projects Inspection Team (Spit),Sign/Awning/Marquee - Illegal/No Permit,Manhattan,10011.0,Closed,Unknown,0
63587834,2025-01-01 10:06:15,2025-01-14 00:00:00,DOB,Special Projects Inspection Team (Spit),Illegal Hotel Rooms In Residential Building,Brooklyn,11209.0,Closed,Unknown,12
63588157,2025-01-01 16:52:57,2025-01-02 00:00:00,DOB,Real Time Enforcement,Work Without A Permit - Occupied Multiple Dwelling,Bronx,10460.0,Closed,Unknown,0
63588600,2025-01-01 18:11:11,2025-01-02 00:00:00,DOB,General Construction/Plumbing,Building Permit - None,Manhattan,10001.0,Closed,Unknown,0
63588610,2025-01-01 18:05:10,2025-01-02 00:00:00,DOB,General Construction/Plumbing,Building Permit - None,Manhattan,10001.0,Closed,Unknown,0
63588762,2025-01-01 17:56:09,2025-01-02 00:00:00,DOB,General Construction/Plumbing,Building Permit - None,Manhattan,10011.0,Closed,Unknown,0
63588774,2025-01-01 03:03:15,2025-01-02 00:00:00,DOB,Elevator,Elevator - Single Device On Property/No Alternate Service,Bronx,10473.0,Closed,Unknown,0
63588775,2025-01-01 15:39:53,2025-05-29 00:00:00,DOB,Elevator,Elevator - Single Device On Property/No Alternate Service,Manhattan,10002.0,Closed,Unknown,147
63588801,2025-01-01 10:51:24,2025-01-02 00:00:00,DOB,Elevator,Elevator - Multiple Devices On Property,Brooklyn,11207.0,Closed,Unknown,0
63588802,2025-01-01 15:55:15,2025-07-14 00:00:00,DOB,Elevator,Elevator - Single Device On Property/No Alternate Service,Brooklyn,11216.0,Closed,Unknown,193
63588803,2025-01-01 12:07:04,2025-01-06 00:00:00,DOB,Elevator,Elevator - Single Device On Property/No Alternate Service,Bronx,10458.0,Closed,Unknown,4
63589013,2025-01-01 01:56:27,2025-05-02 00:00:00,DOB,Building/Use,Illegal Conversion Of Residential Building/Space,Queens,11417.0,Closed,Unknown,120
63589060,2025-01-01 15:12:49,2025-01-07 00:00:00,DOB,Boilers,Boiler - Defective/Inoperative/No Permit,Brooklyn,11226.0,Closed,Unknown,5
63589087,2025-01-01 09:11:47,2025-01-02 00:00:00,DOB,General Construction/Plumbing,Posted Notice Or Order Removed/Tampered With,Brooklyn,11213.0,Closed,Unknown,0
63589144,2025-01-01 12:53:44,2025-01-30 00:00:00,DOB,Special Projects Inspection Team (Spit),Illegal Hotel Rooms In Residential Building,Queens,11368.0,Closed,Unknown,28
63589145,2025-01-01 12:00:42,2025-01-16 00:00:00,DOB,Special Projects Inspection Team (Spit),Illegal Hotel Rooms In Residential Building,Brooklyn,11214.0,Closed,Unknown,14
63589149,2025-01-01 02:29:34,2025-01-03 00:00:00,DOB,Boilers,Boiler - Defective/Inoperative/No Permit,Bronx,10459.0,Closed,Unknown,1
63589152,2025-01-01 16:37:52,2025-01-03 00:00:00,DOB,General Construction/Plumbing,Posted Notice Or Order Removed/Tampered With,Staten Island,10306.0,Closed,Unknown,1
63589873,2025-01-01 17:32:04,2025-01-02 00:00:00,DOB,Investigations And Discipline (Iad),Investigative Inspection,Brooklyn,11210.0,Closed,Unknown,0
63590044,2025-01-01 07:19:32,2025-01-02 00:00:00,DOB,Elevator,Elevator - Multiple Devices On Property,Bronx,10453.0,Closed,Unknown,0
63590045,2025-01-01 14:36:43,2025-04-25 00:00:00,DOB,Elevator,Elevator - Single Device On Property/No Alternate Service,Brooklyn,11208.0,Closed,Unknown,113
63590046,2025-01-01 13:05:46,2025-01-03 00:00:00,DOB,Elevator,Elevator - Single Device On Property/No Alternate Service,Manhattan,10026.0,Closed,Unknown,1
63590282,2025-01-01 09:17:48,2025-01-06 00:00:00,DOB,Boilers,Boiler - Defective/Inoperative/No Permit,Manhattan,10026.0,Closed,Unknown,4
63590283,2025-01-01 17:41:06,2025-07-15 00:00:00,DOB,Building/Use,Illegal Conversion Of Residential Building/Space,Brooklyn,11238.0,Closed,Unknown,194
63590289,2025-01-01 11:45:40,2025-01-02 00:00:00,DOB,General Construction/Plumbing,Building Shaking/Vibrating/Structural Stability,Brooklyn,11211.0,Closed,Unknown,0
63590330,2025-01-01 07:16:31,2025-01-31 00:00:00,DOB,General Construction/Plumbing,Fence - None/Inadequate,Manhattan,10016.0,Closed,Unknown,29
63590347,2025-01-01 17:17:01,2025-01-07 00:00:00,DOB,Boilers,Boiler - Defective/Inoperative/No Permit,Queens,11691.0,Closed,Unknown,5
63590356,2025-01-01 13:44:58,2025-01-02 00:00:00,DOB,General Construction/Plumbing,Building Shaking/Vibrating/Structural Stability,Staten Island,10309.0,Closed,Unknown,0
63590357,2025-01-01 16:01:18,2025-01-02 00:00:00,DOB,General Construction/Plumbing,Cons - Contrary/Beyond Approved Plans/Permits,Manhattan,10003.0,Closed,Unknown,0
63590424,2025-01-01 12:37:42,2025-02-24 00:00:00,DOB,Building/Use,Illegal Conversion Of Residential Building/Space,Bronx,10458.0,Closed,Unknown,53
63590674,2025-01-01 18:38:25,2025-01-02 00:00:00,DOB,Real Time Enforcement,Work Without A Permit - Occupied Multiple Dwelling,Manhattan,10017.0,Closed,Unknown,0
63590776,2025-01-01 18:56:29,2025-01-02 00:00:00,DOB,Real Time Enforcement,Work Without A Permit - Occupied Multiple Dwelling,Manhattan,10014.0,Closed,Unknown,0
63590792,2025-01-01 17:53:08,2025-01-02 00:00:00,DOB,Real Time Enforcement,Work Without A Permit - Occupied Multiple Dwelling,Manhattan,10011.0,Closed,Unknown,0
63591538,2025-01-01 09:32:50,2025-01-03 00:00:00,DOB,Building/Use,Illegal Conversion Of Residential Building/Space,Queens,11428.0,Closed,Unknown,1
63591544,2025-01-01 06:31:14,2025-01-02 00:00:00,DOB,General Construction/Plumbing,Building Shaking/Vibrating/Structural Stability,Queens,11413.0,Closed,Unknown,0
63591545,2025-01-01 14:57:46,2025-05-30 00:00:00,DOB,Plumbing,Failure To Retain Water/Improper Drainage- (LL103/89),Brooklyn,11222.0,Closed,Unknown,148
63591546,2025-01-01 10:05:57,2026-06-15 00:00:00,DOB,General Construction/Plumbing,Fence - None/Inadequate,Queens,11418.0,Closed,Unknown,529
63591585,2025-01-01 18:47:27,2025-01-06 00:00:00,DOB,Boilers,Boiler - Defective/Inoperative/No Permit,Manhattan,10025.0,Closed,Unknown,4
63591586,2025-01-01 07:56:47,2025-01-06 00:00:00,DOB,Boilers,Boiler - Defective/Inoperative/No Permit,Manhattan,10027.0,Closed,Unknown,4
63591587,2025-01-01 04:58:01,2025-08-19 00:00:00,DOB,Building/Use,Illegal Conversion Of Residential Building/Space,Queens,11355.0,Closed,Unknown,229
63591889,2025-01-01 18:32:24,2025-01-02 00:00:00,DOB,Real Time Enforcement,Work Without A Permit - Occupied Multiple Dwelling,Manhattan,10022.0,Closed,Unknown,0
63592080,2025-01-01 05:34:06,2025-01-02 00:00:00,DOB,General Construction/Plumbing,Working Contrary To Stop Work Order,Brooklyn,11221.0,Closed,Unknown,0
63592260,2025-01-01 16:37:22,2025-01-07 00:00:00,DOB,General Construction/Plumbing,Building Permit - None,Queens,11365.0,Closed,Unknown,5
63592261,2025-01-01 12:56:44,2025-01-02 00:00:00,DOB,General Construction/Plumbing,Building Permit - None,Queens,11365.0,Closed,Unknown,0
63592391,2025-01-01 11:03:26,2025-01-03 00:00:00,DOB,Elevator,Elevator - Multiple Devices On Property,Manhattan,10032.0,Closed,Unknown,1
63592392,2025-01-01 17:11:00,2025-04-14 00:00:00,DOB,Elevator,Elevator - Single Device On Property/No Alternate Service,Brooklyn,11207.0,Closed,Unknown,102
63592434,2025-01-01 12:10:21,2025-01-07 00:00:00,DOB,Elevator,Elevator - Multiple Devices On Property,Manhattan,10032.0,Closed,Unknown,5
63592462,2025-01-01 01:44:25,2025-01-28 00:00:00,DOB,Elevator,Elevator - Multiple Devices On Property,Brooklyn,11229.0,Closed,Unknown,26
63592857,2025-01-01 16:40:53,2025-02-28 00:00:00,DOB,Building/Use,Illegal Conversion Of Residential Building/Space,Staten Island,10309.0,Closed,Unknown,57
63592862,2025-01-01 14:45:44,2025-01-02 00:00:00,DOB,Building/Use,Illegal Conversion Of Residential Building/Space,Staten Island,10306.0,Closed,Unknown,0
63592896,2025-01-01 16:37:22,2025-02-19 00:00:00,DOB,Building/Use,Illegal Conversion Of Residential Building/Space,Brooklyn,11206.0,Closed,Unknown,48
63592897,2025-01-01 09:50:53,2025-01-06 00:00:00,DOB,Emergency Response Team (Ert),After Hours Work - Illegal,Brooklyn,11231.0,Closed,Unknown,4
63592929,2025-01-01 17:26:03,2026-09-15 00:00:00,DOB,General Construction/Plumbing,Curb Cut/Driveway/Carport - Illegal,Queens,11434.0,Closed,Unknown,621
63593166,2025-01-01 11:27:30,2025-01-02 00:00:00,DOB,Real Time Enforcement,Work Without A Permit - Occupied Multiple Dwelling,Manhattan,10012.0,Closed,Unknown,0
63593223,2025-01-01 17:08:00,2025-01-02 00:00:00,DOB,Real Time Enforcement,Work Without A Permit - Occupied Multiple Dwelling,Manhattan,10003.0,Closed,Unknown,0
63593272,2025-01-01 19:20:39,2025-01-02 00:00:00,DOB,Real Time Enforcement,Work Without A Permit - Occupied Multiple Dwelling,Brooklyn,11214.0,Closed,Unknown,0
63593404,2025-01-01 15:40:12,2025-01-02 00:00:00,DOB,Elevator,Elevator - Single Device On Property/No Alternate Service,Bronx,10452.0,Closed,Unknown,0
63593407,2025-01-01 16:40:53,2025-04-17 00:00:00,DOB,Elevator,Elevator - Multiple Devices On Property,Brooklyn,11226.0,Closed,Unknown,105
63593408,2025-01-01 13:35:55,2025-01-21 00:00:00,DOB,Elevator,Elevator - Single Device On Property/No Alternate Service,Bronx,10453.0,Closed,Unknown,19
63593607,2025-01-01 02:50:47,2025-09-03 00:00:00,DOB,Elevator,Elevator - Single Device On Property/No Alternate Service,Bronx,10467.0,Closed,Unknown,244
63593616,2025-01-01 19:11:37,2025-01-10 00:00:00,DOB,Elevator,Elevator - Single Device On Property/No Alternate Service,Bronx,10457.0,Closed,Unknown,8
63593617,2025-01-01 02:11:31,2025-04-03 00:00:00,DOB,Elevator,Elevator - Single Device On Property/No Alternate Service,Manhattan,10022.0,Closed,Unknown,91
63594059,2025-01-01 08:26:36,2025-01-06 00:00:00,DOB,Boilers,Boiler - Defective/Inoperative/No Permit,Queens,11435.0,Closed,Unknown,4
63594067,2025-01-01 07:34:34,2025-01-03 00:00:00,DOB,Boilers,Boiler - Defective/Inoperative/No Permit,Brooklyn,11236.0,Closed,Unknown,1
63594074,2025-01-01 14:12:30,2025-04-29 00:00:00,DOB,General Construction/Plumbing,Failure To Maintain,Manhattan,10025.0,Closed,Unknown,117
63594152,2025-01-01 14:57:47,2025-12-18 00:00:00,DOB,Building/Use,Illegal Conversion Of Residential Building/Space,Queens,11421.0,Closed,Unknown,350
63594153,2025-01-01 13:05:47,2025-01-06 00:00:00,DOB,Emergency Response Team (Ert),After Hours Work - Illegal,Brooklyn,11222.0,Closed,Unknown,4
63594180,2025-01-01 12:16:33,2025-12-03 00:00:00,DOB,Building/Use,Illegal Conversion Of Residential Building/Space,Queens,11427.0,Closed,Unknown,335
63594339,2025-01-01 19:02:36,2025-01-02 00:00:00,DOB,General Construction/Plumbing,Building Permit - None,Manhattan,10024.0,Closed,Unknown,0
63594471,2025-01-01 12:25:39,2025-01-02 00:00:00,DOB,Elevator,Elevator - Multiple Devices On Property,Brooklyn,11214.0,Closed,Unknown,0
63594716,2025-01-01 18:35:24,2025-02-12 00:00:00,DOB,Elevator,Elevator - Multiple Devices On Property,Queens,11372.0,Closed,Unknown,41
63594717,2025-01-01 17:20:02,2025-01-24 00:00:00,DOB,Elevator,Elevator - Single Device On Property/No Alternate Service,Brooklyn,11209.0,Closed,Unknown,22
63594732,2025-01-01 08:29:41,2025-01-07 00:00:00,DOB,Elevator,Elevator - Single Device On Property/No Alternate Service,Bronx,10456.0,Closed,Unknown,5
63595259,2025-01-01 13:20:49,2025-01-06 00:00:00,DOB,Boilers,Boiler - Defective/Inoperative/No Permit,Bronx,10463.0,Closed,Unknown,4
63595278,2025-01-01 14:00:01,2025-02-19 00:00:00,DOB,Plumbing,Failure To Retain Water/Improper Drainage- (LL103/89),Brooklyn,11223.0,Closed,Unknown,48
63595557,2025-01-02 15:02:48,2025-01-03 00:00:00,DOB,Real Time Enforcement,Work Without A Permit - Occupied Multiple Dwelling,Manhattan,10012.0,Closed,Unknown,0
63595567,2025-01-02 09:56:12,2025-01-02 09:56:12,DOB,Real Time Enforcement,Work Without A Permit - Occupied Multiple Dwelling,Queens,11103.0,Closed,Unknown,0
63595573,2025-01-01 20:30:19,2025-01-02 00:00:00,DOB,Real Time Enforcement,Work Without A Permit - Occupied Multiple Dwelling,Manhattan,10014.0,Closed,Unknown,0
63595585,2025-01-01 19:59:52,2025-01-02 00:00:00,DOB,Real Time Enforcement,Work Without A Permit - Occupied Multiple Dwelling,Manhattan,10014.0,Closed,Unknown,0
63595665,2025-01-02 17:02:07,2025-01-03 00:00:00,DOB,Investigations And Discipline (Iad),Plumbing Work - Unlicensed/Illegal/Improper Work In Progress,Manhattan,10024.0,Closed,Unknown,0
63595679,2025-01-02 14:17:00,2025-03-11 00:00:00,DOB,Building/Use,Illegal Conversion Of Residential Building/Space,Bronx,10472.0,Closed,Unknown,67
63595680,2025-01-02 16:55:03,2025-01-08 00:00:00,DOB,Building/Use,Illegal Conversion Of Residential Building/Space,Manhattan,10023.0,Closed,Unknown,5
63595682,2025-01-02 11:45:50,2025-12-12 00:00:00,DOB,Building/Use,Illegal Conversion Of Residential Building/Space,Queens,11385.0,Closed,Unknown,343
63595684,2025-01-02 15:31:55,2025-01-03 00:00:00,DOB,General Construction/Plumbing,Egress - Doors Locked/Blocked/Improper/No Secondary Means,Queens,11377.0,Closed,Unknown,0
63595687,2025-01-02 14:32:03,2025-01-09 00:00:00,DOB,Building/Use,Illegal Conversion Of Residential Building/Space,Bronx,10452.0,Closed,Unknown,6
63595693,2025-01-02 17:26:10,2025-02-24 00:00:00,DOB,General Construction/Plumbing,Fence - None/Inadequate,Queens,11001.0,Closed,Unknown,52
63595694,2025-01-02 16:18:26,2025-01-03 00:00:00,DOB,General Construction/Plumbing,Egress - Doors Locked/Blocked/Improper/No Secondary Means,Brooklyn,11226.0,Closed,Unknown,0
63595695,2025-01-02 09:37:13,2025-02-13 00:00:00,DOB,General Construction/Plumbing,Fence - None/Inadequate,Queens,11375.0,Closed,Unknown,41
63595698,2025-01-02 13:55:56,2025-04-21 00:00:00,DOB,Building/Use,Illegal Conversion Of Residential Building/Space,Brooklyn,11236.0,Closed,Unknown,108
63595714,2025-01-02 16:58:49,2025-01-03 00:00:00,DOB,Investigations And Discipline (Iad),Investigative Inspection,Brooklyn,11223.0,Closed,Unknown,0
63595716,2025-01-02 16:02:22,2025-01-06 00:00:00,DOB,Investigations And Discipline (Iad),Investigative Inspection,Bronx,10464.0,Closed,Unknown,3
63595735,2025-01-02 11:14:45,2025-01-28 00:00:00,DOB,Building/Use,Illegal Conversion Of Residential Building/Space,Bronx,10467.0,Closed,Unknown,25
63595743,2025-01-02 15:47:19,2025-06-02 00:00:00,DOB,Building/Use,Illegal Conversion Of Residential Building/Space,Queens,11369.0,Closed,Unknown,150
63595746,2025-01-02 10:20:18,2025-01-03 00:00:00,DOB,General Construction/Plumbing,Structural Stability Impacted - New Building Under Construction,Manhattan,10038.0,Closed,Unknown,0
63595758,2025-01-02 16:05:40,2025-01-24 00:00:00,DOB,Boilers,Boiler - Defective/Inoperative/No Permit,Queens,11358.0,Closed,Unknown,21
63595764,2025-01-02 12:49:24,2025-11-10 00:00:00,DOB,Building/Use,Illegal. Commercial Use In Resident Zone,Brooklyn,11219.0,Closed,Unknown,311
63595847,2025-01-02 11:08:44,2025-01-02 11:08:44,DOB,General Construction/Plumbing,"Building - Vacant, Open And Unguarded",Staten Island,10308.0,Closed,Unknown,0
63595860,2025-01-02 10:14:16,2025-01-07 00:00:00,DOB,General Construction/Plumbing,Sidewalk Shed/Pipe Scafford - Inadequate Defective/None,Bronx,10462.0,Closed,Unknown,4
63595876,2025-01-02 14:29:03,2025-01-03 00:00:00,DOB,General Construction/Plumbing,Site Conditions Endangering Workers,Manhattan,10028.0,Closed,Unknown,0
63595877,2025-01-02 09:50:11,2025-01-02 09:50:11,DOB,General Construction/Plumbing,Vent/Exhaust - Illegal/Improper,Manhattan,10009.0,Closed,Unknown,0
63595884,2025-01-02 18:57:16,2025-01-02 18:57:16,DOB,Real Time Enforcement,Work Without A Permit - Occupied Multiple Dwelling,Manhattan,10014.0,Closed,Unknown,0
63595885,2025-01-02 18:47:51,2025-01-02 18:47:51,DOB,Real Time Enforcement,Work Without A Permit - Occupied Multiple Dwelling,Brooklyn,11235.0,Closed,Unknown,0
63595950,2025-01-02 16:55:19,2025-02-05 00:00:00,DOB,General Construction/Plumbing,Vent/Exhaust - Illegal/Improper,Manhattan,10032.0,Closed,Unknown,33
63595963,2025-01-01 23:09:07,2025-06-13 00:00:00,DOB,General Construction/Plumbing,Curb Cut/Driveway/Carport - Illegal,Brooklyn,11230.0,Closed,Unknown,162
63595974,2025-01-02 10:51:26,2025-04-18 00:00:00,DOB,General Construction/Plumbing,Curb Cut/Driveway/Carport - Illegal,Queens,11423.0,Closed,Unknown,105
63595975,2025-01-01 22:25:32,2025-06-03 00:00:00,DOB,General Construction/Plumbing,Curb Cut/Driveway/Carport - Illegal,Brooklyn,11228.0,Closed,Unknown,152
63596019,2025-01-02 02:38:18,2025-01-02 02:38:18,DOB,General Construction/Plumbing,Building Permit - None,Manhattan,10011.0,Closed,Unknown,0
63596027,2025-01-02 11:27:20,2025-01-02 11:27:20,DOB,General Construction/Plumbing,Building Shaking/Vibrating/Structural Stability,Bronx,10455.0,Closed,Unknown,0
63596065,2025-01-02 01:36:55,2025-01-02 01:36:55,DOB,Building/Use,No Certificate Of Occupancy/Illegal/Contrary To CO,Brooklyn,11226.0,Closed,Unknown,0
63596073,2025-01-02 11:45:50,2025-01-07 00:00:00,DOB,Elevator,Elevator - Single Device On Property/No Alternate Service,Bronx,10456.0,Closed,Unknown,4
63596076,2025-01-02 17:01:50,2025-01-03 00:00:00,DOB,Elevator,Elevator - Single Device On Property/No Alternate Service,Queens,11432.0,Closed,Unknown,0
63596079,2025-01-02 12:01:06,2025-01-03 00:00:00,DOB,Plumbing,Plumbing Work - Illegal/No Permit/Standpipe/Sprinkler,Brooklyn,11216.0,Closed,Unknown,0
63596082,2025-01-02 17:59:17,2025-01-10 00:00:00,DOB,Plumbing,Plumbing Work - Illegal/No Permit/Standpipe/Sprinkler,Manhattan,10024.0,Closed,Unknown,7
63596097,2025-01-02 13:46:48,2025-01-03 00:00:00,DOB,General Construction/Plumbing,Working Contrary To Stop Work Order,Queens,11436.0,Closed,Unknown,0
63597027,2025-01-02 13:58:56,2025-01-03 00:00:00,DOB,Elevator,Elevator - Single Device On Property/No Alternate Service,Queens,11432.0,Closed,Unknown,0
63597059,2025-01-02 07:36:24,2025-05-19 00:00:00,DOB,Elevator,Elevator - Single Device On Property/No Alternate Service,Bronx,10468.0,Closed,Unknown,136
63597381,2025-01-02 13:19:32,2025-01-03 00:00:00,DOB,Elevator,Elevator - Multiple Devices On Property,Bronx,10451.0,Closed,Unknown,0
63597398,2025-01-02 15:28:32,2025-01-03 00:00:00,DOB,Real Time Enforcement,Work Without A Permit - Occupied Multiple Dwelling,Brooklyn,11225.0,Closed,Unknown,0
63597511,2025-01-02 14:13:59,2025-06-14 00:00:00,DOB,General Construction/Plumbing,Curb Cut/Driveway/Carport - Illegal,Staten Island,10305.0,Closed,Unknown,162
63597547,2025-01-02 11:42:49,2025-01-03 00:00:00,DOB,General Construction/Plumbing,Building Permit - None,Staten Island,10307.0,Closed,Unknown,0
63597743,2025-01-02 01:48:57,2025-01-02 01:48:57,DOB,Real Time Enforcement,Work Without A Permit - Occupied Multiple Dwelling,Manhattan,10014.0,Closed,Unknown,0
63597746,2025-01-02 01:45:57,2025-01-02 01:45:57,DOB,Real Time Enforcement,Work Without A Permit - Occupied Multiple Dwelling,Manhattan,10014.0,Closed,Unknown,0
63597750,2025-01-01 21:55:28,2025-01-02 00:00:00,DOB,Real Time Enforcement,Work Without A Permit - Occupied Multiple Dwelling,Brooklyn,11226.0,Closed,Unknown,0
63597761,2025-01-02 14:41:06,2025-04-09 00:00:00,DOB,Building/Use,Illegal Conversion Of Residential Building/Space,Queens,11414.0,Closed,Unknown,96
63597767,2025-01-02 14:13:59,2025-01-03 00:00:00,DOB,Building/Use,Illegal Conversion Of Residential Building/Space,Queens,11420.0,Closed,Unknown,0
63597771,2025-01-02 18:35:25,2025-11-19 00:00:00,DOB,Building/Use,Illegal Conversion Of Residential Building/Space,Brooklyn,11210.0,Closed,Unknown,320
63597778,2025-01-02 12:13:08,2025-03-10 00:00:00,DOB,Building/Use,Illegal Conversion Of Residential Building/Space,Queens,11419.0,Closed,Unknown,66
63597807,2025-01-02 08:12:32,2025-01-02 08:12:32,DOB,Real Time Enforcement,Work Without A Permit - Occupied Multiple Dwelling,Brooklyn,11238.0,Closed,Unknown,0
63597879,2025-01-02 18:17:21,2025-01-02 18:17:21,DOB,Real Time Enforcement,Work Without A Permit - Occupied Multiple Dwelling,Manhattan,10014.0,Closed,Unknown,0
63597919,2025-01-02 13:43:47,2025-01-03 00:00:00,DOB,Best/Site Safety,Demolition - Unsafe,Brooklyn,11210.0,Closed,Unknown,0
63597920,2025-01-02 10:23:19,2025-04-17 00:00:00,DOB,Elevator,Elevator - Single Device On Property/No Alternate Service,Brooklyn,11226.0,Closed,Unknown,104
63597929,2025-01-02 14:23:01,2025-02-06 00:00:00,DOB,Elevator,Elevator - Single Device On Property/No Alternate Service,Bronx,10452.0,Closed,Unknown,34
63597930,2025-01-02 12:46:24,2025-02-06 00:00:00,DOB,Elevator,Elevator - Single Device On Property/No Alternate Service,Bronx,10453.0,Closed,Unknown,34
63597931,2025-01-02 11:17:45,2025-05-20 00:00:00,DOB,Elevator,Elevator - Single Device On Property/No Alternate Service,Bronx,10460.0,Closed,Unknown,137
63597933,2025-01-01 22:04:29,2025-01-28 00:00:00,DOB,Elevator,Elevator - Single Device On Property/No Alternate Service,Queens,11374.0,Closed,Unknown,26
63597941,2025-01-02 12:52:25,2025-04-07 00:00:00,DOB,Elevator,Elevator - Single Device On Property/No Alternate Service,Brooklyn,11211.0,Closed,Unknown,94
63597956,2025-01-02 08:27:33,2025-01-06 00:00:00,DOB,Plumbing,Plumbing Work - Illegal/No Permit/Standpipe/Sprinkler,Queens,11367.0,Closed,Unknown,3
63598003,2025-01-02 18:29:24,2025-01-06 00:00:00,DOB,Emergency Response Team (Ert),After Hours Work - Illegal,Brooklyn,11211.0,Closed,Unknown,3
63598042,2025-01-02 11:45:49,2025-01-02 11:45:49,DOB,General Construction/Plumbing,Working Contrary To Stop Work Order,Brooklyn,11215.0,Closed,Unknown,0
63598073,2025-01-02 10:23:19,2025-01-02 10:23:19,DOB,General Construction/Plumbing,Debris - Falling Or In Danger Of Falling,Brooklyn,11215.0,Closed,Unknown,0
63598145,2025-01-02 01:51:58,2025-01-02 01:51:58,DOB,General Construction/Plumbing,Building Permit - None,Manhattan,10014.0,Closed,Unknown,0
63598175,2025-01-02 10:20:17,2025-01-02 10:20:17,DOB,General Construction/Plumbing,Building Permit - None,Brooklyn,11218.0,Closed,Unknown,0
63598179,2025-01-02 10:29:36,2025-01-02 10:29:36,DOB,General Construction/Plumbing,Building Shaking/Vibrating/Structural Stability,Bronx,10453.0,Closed,Unknown,0
63599262,2025-01-02 09:37:33,2025-02-27 00:00:00,DOB,Elevator,Elevator - Multiple Devices On Property,Manhattan,10029.0,Closed,Unknown,55
63599276,2025-01-02 10:20:18,2025-01-03 00:00:00,DOB,Elevator,Elevator - Multiple Devices On Property,Queens,11101.0,Closed,Unknown,0
63599362,2025-01-02 18:35:25,2025-01-03 00:00:00,DOB,General Construction/Plumbing,Vent/Exhaust - Illegal/Improper,Manhattan,10016.0,Closed,Unknown,0
63599368,2025-01-02 14:38:05,2025-01-03 00:00:00,DOB,General Construction/Plumbing,Building Permit - None,Brooklyn,11229.0,Closed,Unknown,0
63599536,2025-01-02 13:52:55,2025-01-03 00:00:00,DOB,Elevator,Elevator - Single Device On Property/No Alternate Service,Manhattan,10026.0,Closed,Unknown,0
63599537,2025-01-02 13:04:30,2025-04-09 00:00:00,DOB,Elevator,Elevator - Single Device On Property/No Alternate Service,Manhattan,10014.0,Closed,Unknown,96
63599538,2025-01-02 15:35:16,2025-06-02 00:00:00,DOB,Elevator,Elevator - Single Device On Property/No Alternate Service,Queens,11368.0,Closed,Unknown,150
63599545,2025-01-02 15:19:13,2025-04-04 00:00:00,DOB,Elevator,Elevator - Single Device On Property/No Alternate Service,Brooklyn,11229.0,Closed,Unknown,91
63599570,2025-01-01 21:25:22,2025-03-17 00:00:00,DOB,Building/Use,Illegal Conversion Of Residential Building/Space,Manhattan,10038.0,Closed,Unknown,74
63599591,2025-01-02 06:42:01,2025-05-22 00:00:00,DOB,General Construction/Plumbing,Failure To Maintain,Brooklyn,11213.0,Closed,Unknown,139
63599592,2025-01-02 15:22:31,2025-01-07 00:00:00,DOB,General Construction/Plumbing,Sidewalk Shed/Pipe Scafford - Inadequate Defective/None,Bronx,10468.0,Closed,Unknown,4
63599640,2025-01-02 01:30:30,2025-01-02 01:30:30,DOB,Real Time Enforcement,Work Without A Permit - Occupied Multiple Dwelling,Manhattan,10014.0,Closed,Unknown,0
63599641,2025-01-02 15:47:19,2025-01-02 15:47:19,DOB,Real Time Enforcement,Work Without A Permit - Occupied Multiple Dwelling,Brooklyn,11226.0,Closed,Unknown,0
63599642,2025-01-02 18:29:23,2025-01-03 00:00:00,DOB,General Construction/Plumbing,Building Permit - None,Manhattan,10014.0,Closed,Unknown,0
63599644,2025-01-02 16:36:29,2025-04-09 00:00:00,DOB,Building/Use,Illegal Conversion Of Residential Building/Space,Queens,11414.0,Closed,Unknown,96
63599697,2025-01-02 18:53:52,2025-01-02 18:53:52,DOB,Real Time Enforcement,Work Without A Permit - Occupied Multiple Dwelling,Manhattan,10014.0,Closed,Unknown,0
63599712,2025-01-02 11:42:49,2025-01-03 00:00:00,DOB,Best/Site Safety,Demolition - Unsafe,Brooklyn,11216.0,Closed,Unknown,0
63599719,2025-01-02 08:52:05,2025-12-29 00:00:00,DOB,General Construction/Plumbing,Cons - Contrary/Beyond Approved Plans/Permits,Queens,11354.0,Closed,Unknown,360
63599722,2025-01-02 09:56:12,2025-01-06 00:00:00,DOB,Plumbing,Plumbing Work - Illegal/No Permit/Standpipe/Sprinkler,Brooklyn,11204.0,Closed,Unknown,3
63599723,2025-01-02 07:51:26,2025-01-06 00:00:00,DOB,Plumbing,Plumbing Work - Illegal/No Permit/Standpipe/Sprinkler,Brooklyn,11220.0,Closed,Unknown,3
63599729,2025-01-02 10:35:38,2025-02-15 00:00:00,DOB,General Construction/Plumbing,Cons - Contrary/Beyond Approved Plans/Permits,Queens,11413.0,Closed,Unknown,43
63599872,2025-01-01 21:16:05,2025-01-27 00:00:00,DOB,Building/Use,Illegal Conversion Of Residential Building/Space,Manhattan,10039.0,Closed,Unknown,25
63599875,2025-01-02 11:08:44,2025-01-03 00:00:00,DOB,General Construction/Plumbing,Cons - Contrary/Beyond Approved Plans/Permits,Brooklyn,11233.0,Closed,Unknown,0
63599876,2025-01-02 14:26:02,2025-01-03 00:00:00,DOB,General Construction/Plumbing,Site Conditions Endangering Workers,Queens,11357.0,Closed,Unknown,0
63599880,2025-01-02 14:23:02,2025-01-03 00:00:00,DOB,General Construction/Plumbing,Inadequate Support Shoring,Brooklyn,11210.0,Closed,Unknown,0
63599906,2025-01-02 18:11:21,2025-01-10 00:00:00,DOB,Boilers,Boiler - Defective/Inoperative/No Permit,Queens,11429.0,Closed,Unknown,7
63599936,2025-01-02 01:03:26,2025-01-02 01:03:26,DOB,Building/Use,Illegal Conversion Of Residential Building/Space,Staten Island,10301.0,Closed,Unknown,0
63599950,2025-01-02 19:30:23,2025-01-09 00:00:00,DOB,General Construction/Plumbing,"Building - Vacant, Open And Unguarded",Bronx,10475.0,Closed,Unknown,6
63599969,2025-01-02 02:19:24,2025-01-02 02:19:24,DOB,General Construction/Plumbing,Building Permit - None,Manhattan,10014.0,Closed,Unknown,0
63601151,2025-01-02 09:10:08,2026-09-16 00:00:00,DOB,General Construction/Plumbing,Curb Cut/Driveway/Carport - Illegal,Queens,11428.0,Closed,Unknown,621
63601153,2025-01-01 20:42:35,2025-01-02 00:00:00,DOB,Elevator,Elevator - Single Device On Property/No Alternate Service,Manhattan,10040.0,Closed,Unknown,0
63601188,2025-01-02 17:50:16,2025-10-16 00:00:00,DOB,Special Projects Inspection Team (Spit),Advertising Sign/Billboard/Posters/Flexible Fabric - Illegal,Brooklyn,11209.0,Closed,Unknown,286
63601245,2025-01-02 14:50:35,2025-01-06 00:00:00,DOB,Electrical,Electrical Wiring Defective/Exposed,Queens,11379.0,Closed,Unknown,3
63601382,2025-01-02 14:32:03,2025-01-07 00:00:00,DOB,Elevator,Elevator - Single Device On Property/No Alternate Service,Bronx,10456.0,Closed,Unknown,4
63601383,2025-01-02 14:20:01,2025-01-06 00:00:00,DOB,Elevator,Elevator - Single Device On Property/No Alternate Service,Brooklyn,11207.0,Closed,Unknown,3
63601384,2025-01-02 12:04:06,2025-01-06 00:00:00,DOB,Elevator,Elevator - Single Device On Property/No Alternate Service,Brooklyn,11207.0,Closed,Unknown,3
63601402,2025-01-02 12:34:22,2025-01-06 00:00:00,DOB,Elevator,Elevator - Single Device On Property/No Alternate Service,Bronx,10459.0,Closed,Unknown,3
63601404,2025-01-02 19:06:18,2025-01-03 00:00:00,DOB,General Construction/Plumbing,Building Permit - None,Manhattan,10014.0,Closed,Unknown,0
63601408,2025-01-02 18:23:22,2025-01-10 00:00:00,DOB,Building/Use,Illegal Conversion Of Residential Building/Space,Queens,11691.0,Closed,Unknown,7
63601409,2025-01-01 22:13:30,2025-01-10 00:00:00,DOB,General Construction/Plumbing,Failure To Maintain,Bronx,10468.0,Closed,Unknown,8
63601411,2025-01-02 05:50:50,2025-03-18 00:00:00,DOB,Building/Use,Illegal Conversion Of Residential Building/Space,Queens,11412.0,Closed,Unknown,74
63601417,2025-01-02 09:22:10,2025-01-08 00:00:00,DOB,General Construction/Plumbing,Sidewalk Shed/Pipe Scafford - Inadequate Defective/None,Queens,11101.0,Closed,Unknown,5
63601461,2025-01-02 15:06:15,2025-03-26 00:00:00,DOB,General Construction/Plumbing,Cons - Contrary/Beyond Approved Plans/Permits,Brooklyn,11220.0,Closed,Unknown,82
63601502,2025-01-02 01:39:55,2025-01-02 01:39:55,DOB,Real Time Enforcement,Work Without A Permit - Occupied Multiple Dwelling,Manhattan,10014.0,Closed,Unknown,0
63601504,2025-01-01 20:12:01,2025-01-02 00:00:00,DOB,Real Time Enforcement,Work Without A Permit - Occupied Multiple Dwelling,Manhattan,10014.0,Closed,Unknown,0
63601510,2025-01-02 13:16:32,2025-01-02 13:16:32,DOB,Real Time Enforcement,Work Without A Permit - Occupied Multiple Dwelling,Brooklyn,11222.0,Closed,Unknown,0
63601536,2025-01-01 20:15:16,2025-01-02 00:00:00,DOB,Real Time Enforcement,Work Without A Permit - Occupied Multiple Dwelling,Manhattan,10011.0,Closed,Unknown,0
63601548,2025-01-02 15:53:20,2025-01-03 00:00:00,DOB,Building/Use,Illegal Conversion Of Residential Building/Space,Brooklyn,11215.0,Closed,Unknown,0
63601549,2025-01-02 15:41:18,2025-01-08 00:00:00,DOB,General Construction/Plumbing,Building Shaking/Vibrating/Structural Stability,Brooklyn,11215.0,Closed,Unknown,5
63601569,2025-01-02 18:11:20,2025-01-03 00:00:00,DOB,General Construction/Plumbing,Cons - Contrary/Beyond Approved Plans/Permits,Brooklyn,11222.0,Closed,Unknown,0
63601570,2025-01-02 17:01:50,2025-01-07 00:00:00,DOB,Plumbing,Plumbing Work - Illegal/No Permit/Standpipe/Sprinkler,Queens,11105.0,Closed,Unknown,4
63601574,2025-01-02 07:48:26,2025-01-02 07:48:26,DOB,Plumbing,Failure To Retain Water/Improper Drainage- (LL103/89),Staten Island,10314.0,Closed,Unknown,0
63601585,2025-01-02 17:26:30,2025-09-16 00:00:00,DOB,Real Time Enforcement,Work Without A Permit - Occupied Multiple Dwelling,Manhattan,10013.0,Closed,Unknown,256
63601586,2025-01-02 14:53:46,2025-01-06 00:00:00,DOB,Plumbing,Plumbing Work - Illegal/No Permit/Standpipe/Sprinkler,Brooklyn,11234.0,Closed,Unknown,3
63601642,2025-01-01 20:21:18,2025-01-02 00:00:00,DOB,Real Time Enforcement,Work Without A Permit - Occupied Multiple Dwelling,Manhattan,10014.0,Closed,Unknown,0
63601725,2025-01-01 22:54:04,2025-09-15 00:00:00,DOB,General Construction/Plumbing,Cons - Contrary/Beyond Approved Plans/Permits,Brooklyn,11228.0,Closed,Unknown,256
63601773,2025-01-02 09:50:11,2025-01-02 09:50:11,DOB,General Construction/Plumbing,Building Permit - None,Brooklyn,11207.0,Closed,Unknown,0
63601782,2025-01-01 22:35:03,2025-01-02 00:00:00,DOB,Building/Use,Illegal Conversion Of Residential Building/Space,Brooklyn,11228.0,Closed,Unknown,0
63601794,2025-01-02 05:54:12,2025-01-02 05:54:12,DOB,General Construction/Plumbing,Building Permit - None,Staten Island,10309.0,Closed,Unknown,0
63601803,2025-01-01 23:03:06,2025-02-21 00:00:00,DOB,General Construction/Plumbing,Debris - Excessive,Brooklyn,11231.0,Closed,Unknown,50
63601805,2025-01-02 07:54:27,2025-01-06 00:00:00,DOB,Special Projects Inspection Team (Spit),Privately Owned Public Space/Non-Compliance,Manhattan,10014.0,Closed,Unknown,3
63601819,2025-01-02 13:46:48,2025-06-16 00:00:00,DOB,General Construction/Plumbing,"Building - Vacant, Open And Unguarded",Brooklyn,11210.0,Closed,Unknown,164
63601831,2025-01-02 13:04:30,2025-01-06 00:00:00,DOB,Boilers,Boiler - Defective/Inoperative/No Permit,Bronx,10452.0,Closed,Unknown,3
63601833,2025-01-02 16:49:02,2025-11-25 00:00:00,DOB,Building/Use,Illegal. Commercial Use In Resident Zone,Brooklyn,11218.0,Closed,Unknown,326
63601834,2025-01-02 10:05:14,2025-01-16 00:00:00,DOB,General Construction/Plumbing,"Building - Vacant, Open And Unguarded",Bronx,10457.0,Closed,Unknown,13
63601860,2025-01-02 15:35:14,2025-01-03 00:00:00,DOB,General Construction/Plumbing,Working Contrary To Stop Work Order,Brooklyn,11235.0,Closed,Unknown,0
63601876,2025-01-02 14:26:03,2025-01-02 14:26:03,DOB,General Construction/Plumbing,Working Contrary To Stop Work Order,Brooklyn,11219.0,Closed,Unknown,0
63601877,2025-01-01 19:53:52,2025-01-02 00:00:00,DOB,General Construction/Plumbing,Building Permit - None,Manhattan,10014.0,Closed,Unknown,0
63601878,2025-01-02 07:33:24,2025-01-03 00:00:00,DOB,Emergency Response Team (Ert),After Hours Work - Illegal,Manhattan,10032.0,Closed,Unknown,0
63602938,2025-01-02 15:19:29,2025-10-14 00:00:00,DOB,Building/Use,No Certificate Of Occupancy/Illegal/Contrary To CO,Brooklyn,11219.0,Closed,Unknown,284
63602945,2025-01-02 15:28:42,2025-01-03 00:00:00,DOB,Real Time Enforcement,Work Without A Permit - Occupied Multiple Dwelling,Brooklyn,11249.0,Closed,Unknown,0
63602946,2025-01-02 08:18:32,2025-01-03 00:00:00,DOB,Elevator,Elevator - Multiple Devices On Property,Bronx,10457.0,Closed,Unknown,0
63602949,2025-01-02 16:21:26,2025-03-10 00:00:00,DOB,Elevator,Elevator - Multiple Devices On Property,Manhattan,10128.0,Closed,Unknown,66
63602991,2025-01-02 11:21:19,2025-05-15 00:00:00,DOB,General Construction/Plumbing,Site Conditions Endangering Workers,Brooklyn,11210.0,Closed,Unknown,132
63602998,2025-01-02 14:35:04,2025-01-03 00:00:00,DOB,General Construction/Plumbing,Building Permit - None,Bronx,10466.0,Closed,Unknown,0
63603097,2025-01-02 09:50:11,2025-01-08 00:00:00,DOB,General Construction/Plumbing,Building Permit - None,Brooklyn,11207.0,Closed,Unknown,5
63603183,2025-01-02 08:12:31,2025-01-03 00:00:00,DOB,Elevator,Elevator - Single Device On Property/No Alternate Service,Bronx,10458.0,Closed,Unknown,0
63603187,2025-01-02 08:52:04,2025-04-16 00:00:00,DOB,Elevator,Elevator - Single Device On Property/No Alternate Service,Manhattan,10033.0,Closed,Unknown,103
63603188,2025-01-02 06:29:59,2025-01-03 00:00:00,DOB,Elevator,Elevator - Single Device On Property/No Alternate Service,Brooklyn,11211.0,Closed,Unknown,0
63603201,2025-01-02 08:24:33,2025-06-04 00:00:00,DOB,Building/Use,Illegal Conversion Of Residential Building/Space,Queens,11420.0,Closed,Unknown,152
63603202,2025-01-02 13:37:45,2025-12-03 00:00:00,DOB,Building/Use,Illegal Conversion Of Residential Building/Space,Brooklyn,11228.0,Closed,Unknown,334
63603233,2025-01-02 13:10:31,2025-01-03 00:00:00,DOB,Elevator,Elevator - Single Device On Property/No Alternate Service,Bronx,10452.0,Closed,Unknown,0
63603246,2025-01-02 15:44:18,2025-01-03 00:00:00,DOB,Building/Use,Illegal Conversion Of Residential Building/Space,Queens,11366.0,Closed,Unknown,0
63603247,2025-01-02 09:53:12,2025-01-03 00:00:00,DOB,Building/Use,Illegal Conversion Of Residential Building/Space,Queens,11377.0,Closed,Unknown,0
63603252,2025-01-02 19:12:19,2025-12-24 00:00:00,DOB,Building/Use,Illegal Conversion Of Residential Building/Space,Queens,11420.0,Closed,Unknown,355
63603253,2025-01-02 10:23:19,2025-01-16 00:00:00,DOB,General Construction/Plumbing,Sidewalk Shed/Pipe Scafford - Inadequate Defective/None,Brooklyn,11207.0,Closed,Unknown,13
63603274,2025-01-02 09:40:42,2025-01-03 00:00:00,DOB,Building/Use,Illegal Conversion Of Residential Building/Space,Bronx,10461.0,Closed,Unknown,0
63603275,2025-01-02 16:36:29,2025-12-16 00:00:00,DOB,Building/Use,Illegal Conversion Of Residential Building/Space,Queens,11423.0,Closed,Unknown,347
63603276,2025-01-02 17:23:11,2025-03-10 00:00:00,DOB,Building/Use,Illegal Conversion Of Residential Building/Space,Brooklyn,11236.0,Closed,Unknown,66
63603277,2025-01-02 15:06:43,2025-01-03 00:00:00,DOB,General Construction/Plumbing,Building Permit - None,Brooklyn,11205.0,Closed,Unknown,0
63603348,2025-01-01 20:24:18,2025-01-02 00:00:00,DOB,Real Time Enforcement,Work Without A Permit - Occupied Multiple Dwelling,Manhattan,10014.0,Closed,Unknown,0
63603349,2025-01-02 09:10:07,2025-01-02 09:10:07,DOB,Real Time Enforcement,Work Without A Permit - Occupied Multiple Dwelling,Brooklyn,11249.0,Closed,Unknown,0
63603476,2025-01-02 13:34:37,2025-01-03 00:00:00,DOB,General Construction/Plumbing,Cons - Contrary/Beyond Approved Plans/Permits,Bronx,10462.0,Closed,Unknown,0
63603555,2025-01-02 18:41:49,2025-01-02 18:41:49,DOB,Real Time Enforcement,Work Without A Permit - Occupied Multiple Dwelling,Manhattan,10014.0,Closed,Unknown,0
63603556,2025-01-02 18:08:19,2025-01-03 00:00:00,DOB,Real Time Enforcement,Work Without A Permit - Occupied Multiple Dwelling,Brooklyn,11205.0,Closed,Unknown,0
63603567,2025-01-02 08:09:31,2025-01-02 08:09:31,DOB,General Construction/Plumbing,Building Shaking/Vibrating/Structural Stability,Manhattan,10011.0,Closed,Unknown,0
63603616,2025-01-02 06:26:58,2025-01-07 00:00:00,DOB,Boilers,Boiler - Defective/Inoperative/No Permit,Bronx,10474.0,Closed,Unknown,4
63603635,2025-01-02 02:41:21,2025-01-02 02:41:21,DOB,General Construction/Plumbing,Building Permit - None,Manhattan,10014.0,Closed,Unknown,0
63603648,2025-01-02 12:10:07,2025-01-03 00:00:00,DOB,General Construction/Plumbing,Working Contrary To Stop Work Order,Staten Island,10307.0,Closed,Unknown,0
63603694,2025-01-02 18:38:48,2025-01-03 00:00:00,DOB,Emergency Response Team (Ert),After Hours Work - Illegal,Manhattan,10032.0,Closed,Unknown,0
63603695,2025-01-02 15:35:14,2025-11-13 00:00:00,DOB,General Construction/Plumbing,Debris - Falling Or In Danger Of Falling,Brooklyn,11215.0,Closed,Unknown,314
63603731,2025-01-02 09:40:33,2025-01-06 00:00:00,DOB,General Construction/Plumbing,Working Contrary To Stop Work Order,Queens,11420.0,Closed,Unknown,3
63604759,2025-01-02 13:40:46,2025-01-23 00:00:00,DOB,Elevator,Elevator - Multiple Devices On Property,Queens,11372.0,Closed,Unknown,20
63604811,2025-01-02 10:26:35,2025-01-03 00:00:00,DOB,Real Time Enforcement,Work Without A Permit - Occupied Multiple Dwelling,Brooklyn,11211.0,Closed,Unknown,0
63604841,2025-01-02 18:41:49,2025-01-09 00:00:00,DOB,Electrical,Electrical Wiring Defective/Exposed,Manhattan,10016.0,Closed,Unknown,6
63604892,2025-01-02 13:34:36,2025-01-10 00:00:00,DOB,General Construction/Plumbing,Adjacent Buildings Not Protected,Bronx,10462.0,Closed,Unknown,7
63604949,2025-01-02 08:46:04,2025-01-03 00:00:00,DOB,General Construction/Plumbing,Adjacent Buildings Not Protected,Brooklyn,11238.0,Closed,Unknown,0
63605077,2025-01-02 16:45:36,2025-01-06 00:00:00,DOB,Elevator,Elevator - Single Device On Property/No Alternate Service,Bronx,10458.0,Closed,Unknown,3
63605104,2025-01-02 13:25:34,2025-01-02 13:25:34,DOB,Elevator,Elevator - Multiple Devices On Property,Queens,11435.0,Closed,Unknown,0
63605105,2025-01-02 14:35:04,2025-06-23 00:00:00,DOB,Elevator,Elevator - Single Device On Property/No Alternate Service,Manhattan,10075.0,Closed,Unknown,171
63605114,2025-01-01 22:10:30,2025-01-02 00:00:00,DOB,Elevator,Elevator - Multiple Devices On Property,Brooklyn,11207.0,Closed,Unknown,0
63605125,2025-01-02 10:08:15,2025-01-02 10:08:15,DOB,Real Time Enforcement,Work Without A Permit - Occupied Multiple Dwelling,Queens,11101.0,Closed,Unknown,0
63605131,2025-01-02 12:04:06,2025-02-13 00:00:00,DOB,Building/Use,Illegal Conversion Of Residential Building/Space,Queens,11367.0,Closed,Unknown,41
63605132,2025-01-01 23:09:07,2025-02-27 00:00:00,DOB,Building/Use,Illegal Conversion Of Residential Building/Space,Brooklyn,11228.0,Closed,Unknown,56
63605168,2025-01-02 19:06:18,2025-01-07 00:00:00,DOB,General Construction/Plumbing,Building Permit - None,Queens,11105.0,Closed,Unknown,4
63605169,2025-01-02 12:40:23,2025-01-03 00:00:00,DOB,General Construction/Plumbing,Building Shaking/Vibrating/Structural Stability,Brooklyn,11222.0,Closed,Unknown,0
63605225,2025-01-02 02:16:02,2025-01-02 02:16:02,DOB,Real Time Enforcement,Work Without A Permit - Occupied Multiple Dwelling,Manhattan,10014.0,Closed,Unknown,0
63605257,2025-01-02 12:58:29,2025-01-02 12:58:29,DOB,Real Time Enforcement,Work Without A Permit - Occupied Multiple Dwelling,Manhattan,10040.0,Closed,Unknown,0
63605307,2025-01-01 21:55:28,2025-01-03 00:00:00,DOB,Plumbing,Plumbing Work - Illegal/No Permit/Standpipe/Sprinkler,Queens,11367.0,Closed,Unknown,1
63605338,2025-01-02 15:32:14,2025-03-10 00:00:00,DOB,General Construction/Plumbing,Cons - Contrary/Beyond Approved Plans/Permits,Brooklyn,11210.0,Closed,Unknown,66
63605444,2025-01-02 18:35:47,2025-01-02 18:35:47,DOB,Real Time Enforcement,Work Without A Permit - Occupied Multiple Dwelling,Manhattan,10014.0,Closed,Unknown,0
63605478,2025-01-02 05:53:52,2025-02-20 00:00:00,DOB,Building/Use,Illegal Conversion Of Residential Building/Space,Brooklyn,11208.0,Closed,Unknown,48
63605489,2025-01-02 01:27:30,2025-01-02 01:27:30,DOB,General Construction/Plumbing,Building Permit - None,Manhattan,10014.0,Closed,Unknown,0
63605490,2025-01-01 20:27:19,2025-01-02 00:00:00,DOB,General Construction/Plumbing,Building Permit - None,Manhattan,10011.0,Closed,Unknown,0
63605559,2025-01-02 13:13:31,2025-01-09 00:00:00,DOB,Special Projects Inspection Team (Spit),Illegal Hotel Rooms In Residential Building,Brooklyn,11211.0,Closed,Unknown,6
63605570,2025-01-01 21:22:22,2025-01-03 00:00:00,DOB,Boilers,Boiler - Defective/Inoperative/No Permit,Brooklyn,11210.0,Closed,Unknown,1
63605571,2025-01-02 11:51:50,2025-01-07 00:00:00,DOB,Emergency Response Team (Ert),After Hours Work - Illegal,Staten Island,10307.0,Closed,Unknown,4
63605572,2025-01-02 16:12:07,2025-01-09 00:00:00,DOB,General Construction/Plumbing,Debris - Excessive,Manhattan,10039.0,Closed,Unknown,6
63605598,2025-01-02 14:59:47,2025-01-02 14:59:47,DOB,General Construction/Plumbing,Debris - Falling Or In Danger Of Falling,Brooklyn,11215.0,Closed,Unknown,0
63605624,2025-01-01 21:43:26,2025-01-02 00:00:00,DOB,Building/Use,Illegal. Commercial Use In Resident Zone,Bronx,10456.0,Closed,Unknown,0
63606642,2025-01-02 11:33:20,2025-01-30 00:00:00,DOB,Elevator,Elevator - Multiple Devices On Property,Manhattan,10016.0,Closed,Unknown,27
63606643,2025-01-02 12:01:06,2025-01-10 00:00:00,DOB,Elevator,Elevator - Multiple Devices On Property,Queens,11355.0,Closed,Unknown,7
63606711,2025-01-02 10:59:42,2025-06-27 00:00:00,DOB,Building/Use,No Certificate Of Occupancy/Illegal/Contrary To CO,Staten Island,10302.0,Closed,Unknown,175
63606791,2025-01-02 07:21:22,2025-01-02 07:21:22,DOB,General Construction/Plumbing,Site Conditions Endangering Workers,Brooklyn,11211.0,Closed,Unknown,0
63606903,2025-01-02 19:36:24,2025-04-11 00:00:00,DOB,Elevator,Elevator - Single Device On Property/No Alternate Service,Brooklyn,11212.0,Closed,Unknown,98
63606904,2025-01-02 19:24:22,2025-01-03 00:00:00,DOB,Elevator,Elevator - Single Device On Property/No Alternate Service,Brooklyn,11208.0,Closed,Unknown,0
63606955,2025-01-02 13:19:32,2025-03-06 00:00:00,DOB,Building/Use,Illegal Conversion Of Residential Building/Space,Bronx,10465.0,Closed,Unknown,62
63606956,2025-01-02 16:27:28,2025-06-14 00:00:00,DOB,Building/Use,Illegal Conversion Of Residential Building/Space,Queens,11423.0,Closed,Unknown,162
63606993,2025-01-02 18:42:08,2025-01-21 00:00:00,DOB,Elevator,Elevator - Single Device On Property/No Alternate Service,Bronx,10460.0,Closed,Unknown,18
63606994,2025-01-02 09:59:13,2025-01-09 00:00:00,DOB,Elevator,Elevator - Single Device On Property/No Alternate Service,Bronx,10466.0,Closed,Unknown,6
63606995,2025-01-02 08:58:06,2025-02-20 00:00:00,DOB,Elevator,Elevator - Single Device On Property/No Alternate Service,Manhattan,10026.0,Closed,Unknown,48
63607017,2025-01-01 21:09:51,2025-01-13 00:00:00,DOB,Elevator,Elevator - Single Device On Property/No Alternate Service,Queens,11432.0,Closed,Unknown,11
63607018,2025-01-02 14:56:46,2025-01-06 00:00:00,DOB,Elevator,Elevator - Single Device On Property/No Alternate Service,Brooklyn,11229.0,Closed,Unknown,3
63607042,2025-01-02 14:17:00,2025-01-02 14:17:00,DOB,Elevator,Elevator - Multiple Devices On Property,Brooklyn,11209.0,Closed,Unknown,0
63607043,2025-01-02 08:34:01,2025-01-03 00:00:00,DOB,Elevator,Elevator - Single Device On Property/No Alternate Service,Bronx,10458.0,Closed,Unknown,0
63607087,2025-01-02 14:04:58,2025-03-12 00:00:00,DOB,Building/Use,Illegal Conversion Of Residential Building/Space,Queens,11420.0,Closed,Unknown,68
63607088,2025-01-02 11:52:04,2025-05-23 00:00:00,DOB,Building/Use,SRO - Illegal Work/No Permit/Change In Occupancy/Use,Brooklyn,11235.0,Closed,Unknown,140
63607089,2025-01-02 12:22:09,2025-02-05 00:00:00,DOB,Plumbing,Failure To Retain Water/Improper Drainage- (LL103/89),Bronx,10461.0,Closed,Unknown,33
63607119,2025-01-02 02:44:20,2025-01-02 02:44:20,DOB,Real Time Enforcement,Work Without A Permit - Occupied Multiple Dwelling,Manhattan,10014.0,Closed,Unknown,0
63607140,2025-01-01 21:43:26,2025-01-03 00:00:00,DOB,Plumbing,Plumbing Work - Illegal/No Permit/Standpipe/Sprinkler,Queens,11367.0,Closed,Unknown,1
63607161,2025-01-02 02:32:17,2025-01-02 02:32:17,DOB,Real Time Enforcement,Work Without A Permit - Occupied Multiple Dwelling,Manhattan,10014.0,Closed,Unknown,0
63607203,2025-01-01 20:05:53,2025-01-02 00:00:00,DOB,Real Time Enforcement,Work Without A Permit - Occupied Multiple Dwelling,Manhattan,10014.0,Closed,Unknown,0
63607204,2025-01-02 11:02:43,2025-01-03 00:00:00,DOB,Real Time Enforcement,Work Without A Permit - Occupied Multiple Dwelling,Queens,11375.0,Closed,Unknown,0
63607217,2025-01-02 09:19:09,2025-01-27 00:00:00,DOB,Boilers,Boiler - Defective/Inoperative/No Permit,Brooklyn,11238.0,Closed,Unknown,24
63607389,2025-01-02 09:50:11,2025-01-02 09:50:11,DOB,Building/Use,Illegal Conversion Of Residential Building/Space,Brooklyn,11223.0,Closed,Unknown,0
63607391,2025-01-01 21:31:23,2025-01-02 00:00:00,DOB,General Construction/Plumbing,Vent/Exhaust - Illegal/Improper,Manhattan,10016.0,Closed,Unknown,0
63607461,2025-01-02 02:35:18,2025-01-02 02:35:18,DOB,General Construction/Plumbing,Building Permit - None,Manhattan,10011.0,Closed,Unknown,0
63607473,2025-01-02 05:20:45,2025-01-03 00:00:00,DOB,Emergency Response Team (Ert),After Hours Work - Illegal,Manhattan,10032.0,Closed,Unknown,0
63607643,2025-01-02 12:22:09,2025-01-02 12:22:09,DOB,General Construction/Plumbing,Sidewalk Shed/Pipe Scafford - Inadequate Defective/None,Manhattan,10039.0,Closed,Unknown,0
63608528,2025-01-02 15:13:12,2025-02-20 00:00:00,DOB,Elevator,Elevator - Multiple Devices On Property,Bronx,10453.0,Closed,Unknown,48
63608529,2025-01-02 15:00:06,2025-01-07 00:00:00,DOB,Elevator,Elevator - Multiple Devices On Property,Manhattan,10035.0,Closed,Unknown,4
63608530,2025-01-02 17:56:17,2025-03-25 00:00:00,DOB,Elevator,Elevator - Multiple Devices On Property,Brooklyn,11214.0,Closed,Unknown,81
63608532,2025-01-02 12:43:23,2025-02-06 00:00:00,DOB,General Construction/Plumbing,Wall/Retaining Wall - Bulging/Cracked,Queens,11370.0,Closed,Unknown,34
63608584,2025-01-02 13:46:48,2025-01-02 13:46:48,DOB,General Construction/Plumbing,Cons - Contrary/Beyond Approved Plans/Permits,Manhattan,10017.0,Closed,Unknown,0
63608622,2025-01-02 02:22:49,2025-01-02 02:22:49,DOB,Real Time Enforcement,Work Without A Permit - Occupied Multiple Dwelling,Manhattan,10014.0,Closed,Unknown,0
63608666,2025-01-01 21:15:52,2025-01-03 00:00:00,DOB,Elevator,Elevator - Multiple Devices On Property,Bronx,10457.0,Closed,Unknown,1
63608667,2025-01-02 16:30:28,2025-02-27 00:00:00,DOB,Elevator,Elevator - Multiple Devices On Property,Queens,11365.0,Closed,Unknown,55
63608670,2025-01-02 02:56:23,2026-05-08 00:00:00,DOB,General Construction/Plumbing,Building Permit - None,Queens,11428.0,Closed,Unknown,490
63608671,2025-01-01 22:44:04,2025-03-19 00:00:00,DOB,Building/Use,Illegal Conversion Of Residential Building/Space,Queens,11432.0,Closed,Unknown,76
63608672,2025-01-02 05:35:48,2025-02-14 00:00:00,DOB,Building/Use,Illegal Conversion Of Residential Building/Space,Brooklyn,11226.0,Closed,Unknown,42
63608677,2025-01-02 18:38:48,2025-04-29 00:00:00,DOB,Elevator,Elevator - Multiple Devices On Property,Brooklyn,11209.0,Closed,Unknown,116
63608710,2025-01-02 13:22:33,2025-03-21 00:00:00,DOB,Building/Use,No Certificate Of Occupancy/Illegal/Contrary To CO,Manhattan,10010.0,Closed,Unknown,77
63608718,2025-01-02 13:46:48,2025-07-09 00:00:00,DOB,Building/Use,Illegal Conversion Of Residential Building/Space,Brooklyn,11214.0,Closed,Unknown,187
63608724,2025-01-01 20:33:20,2025-01-08 00:00:00,DOB,Boilers,Boiler - Defective/Inoperative/No Permit,Manhattan,10032.0,Closed,Unknown,6
63608725,2025-01-02 15:53:20,2025-02-24 00:00:00,DOB,General Construction/Plumbing,Debris - Excessive,Brooklyn,11215.0,Closed,Unknown,52
63608771,2025-01-01 22:47:33,2025-01-03 00:00:00,DOB,Electrical,Electrical Wiring Defective/Exposed,Brooklyn,11228.0,Closed,Unknown,1
63608793,2025-01-02 02:26:16,2025-01-02 02:26:16,DOB,Real Time Enforcement,Work Without A Permit - Occupied Multiple Dwelling,Manhattan,10014.0,Closed,Unknown,0
63608841,2025-01-02 10:11:16,2025-01-03 00:00:00,DOB,General Construction/Plumbing,Building Shaking/Vibrating/Structural Stability,Queens,11435.0,Closed,Unknown,0
63608843,2025-01-02 05:38:48,2025-04-15 00:00:00,DOB,General Construction/Plumbing,Sidewalk Shed/Pipe Scafford - Inadequate Defective/None,Brooklyn,11231.0,Closed,Unknown,102
63608952,2025-01-02 19:03:18,2025-01-02 19:03:18,DOB,Real Time Enforcement,Work Without A Permit - Occupied Multiple Dwelling,Manhattan,10014.0,Closed,Unknown,0
63609079,2025-01-02 15:59:21,2026-02-05 00:00:00,DOB,General Construction/Plumbing,Building Permit - None,Brooklyn,11234.0,Closed,Unknown,398
63609081,2025-01-02 14:59:47,2025-07-22 00:00:00,DOB,Building/Use,Illegal Conversion Of Residential Building/Space,Queens,11372.0,Closed,Unknown,200
63609088,2025-01-02 09:40:33,2025-06-26 00:00:00,DOB,Building/Use,Illegal Conversion Of Residential Building/Space,Queens,11423.0,Closed,Unknown,174
63609089,2025-01-01 21:00:39,2025-02-13 00:00:00,DOB,Building/Use,Zoning - Non-Conforming/Illegal Vehicle Storage,Bronx,10465.0,Closed,Unknown,42
63609090,2025-01-02 18:12:07,2025-08-14 00:00:00,DOB,General Construction/Plumbing,Fence - None/Inadequate,Brooklyn,11210.0,Closed,Unknown,223
63609112,2025-01-02 10:08:15,2025-01-10 00:00:00,DOB,Boilers,Boiler - Defective/Inoperative/No Permit,Queens,11433.0,Closed,Unknown,7
63609114,2025-01-02 12:22:09,2025-01-16 00:00:00,DOB,Building/Use,Illegal. Commercial Use In Resident Zone,Staten Island,10306.0,Closed,Unknown,13
63609137,2025-01-02 13:22:33,2025-01-17 00:00:00,DOB,Building/Use,Illegal Conversion Of Residential Building/Space,Queens,11004.0,Closed,Unknown,14
63609139,2025-01-02 15:25:31,2025-01-29 00:00:00,DOB,General Construction/Plumbing,Sidewalk Shed/Pipe Scafford - Inadequate Defective/None,Bronx,10463.0,Closed,Unknown,26
63609228,2025-01-02 10:17:17,2025-01-02 10:17:17,DOB,Real Time Enforcement,Work Without A Permit - Occupied Multiple Dwelling,Queens,11385.0,Closed,Unknown,0
63609333,2025-01-01 22:57:05,2025-01-02 00:00:00,DOB,General Construction/Plumbing,Structural Stability Impacted - New Building Under Construction,Bronx,10459.0,Closed,Unknown,0
63609345,2025-01-01 23:12:07,2025-05-20 00:00:00,DOB,General Construction/Plumbing,Cons - Contrary/Beyond Approved Plans/Permits,Brooklyn,11228.0,Closed,Unknown,138
63609467,2025-01-02 15:53:20,2025-01-03 00:00:00,DOB,Real Time Enforcement,Work Without A Permit - Occupied Multiple Dwelling,Manhattan,10022.0,Closed,Unknown,0
63609500,2025-01-02 08:30:34,2025-01-02 08:30:34,DOB,Building/Use,Illegal Conversion Of Residential Building/Space,Brooklyn,11206.0,Closed,Unknown,0
63609501,2025-01-02 07:33:24,2025-01-02 07:33:24,DOB,General Construction/Plumbing,Building Permit - None,Brooklyn,11208.0,Closed,Unknown,0
63609631,2025-01-02 08:34:02,2025-01-02 08:34:02,DOB,General Construction/Plumbing,Sidewalk Shed/Pipe Scafford - Inadequate Defective/None,Manhattan,10007.0,Closed,Unknown,0
63610063,2025-01-02 15:02:48,2025-01-23 00:00:00,DOB,Elevator,Elevator - Single Device On Property/No Alternate Service,Queens,11372.0,Closed,Unknown,20
63610495,2025-01-02 18:39:14,2025-01-06 00:00:00,DOB,Elevator,Elevator - Multiple Devices On Property,Bronx,10473.0,Closed,Unknown,3
63610496,2025-01-02 18:41:49,2025-04-21 00:00:00,DOB,Elevator,Elevator - Multiple Devices On Property,Brooklyn,11213.0,Closed,Unknown,108
63610497,2025-01-02 10:56:41,2025-06-06 00:00:00,DOB,General Construction/Plumbing,Wall/Retaining Wall - Bulging/Cracked,Staten Island,10308.0,Closed,Unknown,154
63610498,2025-01-02 08:37:02,2025-01-02 08:37:02,DOB,Elevator,Elevator - Single Device On Property/No Alternate Service,Bronx,10452.0,Closed,Unknown,0
63610596,2025-01-03 09:03:50,2025-01-09 00:00:00,DOB,Real Time Enforcement,Work Without A Permit - Occupied Multiple Dwelling,Brooklyn,11229.0,Closed,Unknown,5
63610613,2025-01-03 09:47:27,2025-01-03 09:47:27,DOB,Real Time Enforcement,Work Without A Permit - Occupied Multiple Dwelling,Brooklyn,11215.0,Closed,Unknown,0
63610664,2025-01-02 22:58:28,2025-02-21 00:00:00,DOB,Building/Use,Illegal Conversion Of Residential Building/Space,Brooklyn,11203.0,Closed,Unknown,49
63610665,2025-01-03 12:31:10,2025-02-25 00:00:00,DOB,Building/Use,Illegal Conversion Of Residential Building/Space,Bronx,10469.0,Closed,Unknown,52
63610671,2025-01-03 11:18:43,2025-12-11 00:00:00,DOB,Building/Use,Illegal Conversion Of Residential Building/Space,Queens,11385.0,Closed,Unknown,341
63610672,2025-01-03 13:30:07,2025-01-06 00:00:00,DOB,Building/Use,Illegal Conversion Of Residential Building/Space,Staten Island,10306.0,Closed,Unknown,2
63610673,2025-01-03 13:17:36,2026-09-16 00:00:00,DOB,Building/Use,Zoning - Non-Conforming/Illegal Vehicle Storage,Queens,11429.0,Closed,Unknown,620
63610682,2025-01-03 12:00:12,2025-01-10 00:00:00,DOB,Building/Use,Illegal Conversion Of Residential Building/Space,Queens,11691.0,Closed,Unknown,6
63610693,2025-01-03 13:14:35,2026-09-15 00:00:00,DOB,Building/Use,Zoning - Non-Conforming/Illegal Vehicle Storage,Queens,11429.0,Closed,Unknown,619
63610694,2025-01-03 13:33:08,2025-01-16 00:00:00,DOB,Building/Use,Zoning - Non-Conforming/Illegal Vehicle Storage,Bronx,10469.0,Closed,Unknown,12
63610706,2025-01-03 14:07:57,2025-02-13 00:00:00,DOB,General Construction/Plumbing,Failure To Maintain,Bronx,10462.0,Closed,Unknown,40
63610707,2025-01-03 19:28:25,2026-08-03 00:00:00,DOB,Plumbing,Failure To Retain Water/Improper Drainage- (LL103/89),Queens,11368.0,Closed,Unknown,576
63610711,2025-01-03 15:14:15,2025-02-19 00:00:00,DOB,General Construction/Plumbing,Sidewalk Shed/Pipe Scafford - Inadequate Defective/None,Bronx,10453.0,Closed,Unknown,46
63610750,2025-01-03 08:45:20,2025-02-24 00:00:00,DOB,General Construction/Plumbing,Cons - Contrary/Beyond Approved Plans/Permits,Brooklyn,11215.0,Closed,Unknown,51
63610751,2025-01-03 15:48:09,2025-01-06 00:00:00,DOB,General Construction/Plumbing,Debris - Excessive,Manhattan,10018.0,Closed,Unknown,2
63610762,2025-01-03 14:32:07,2025-02-06 00:00:00,DOB,General Construction/Plumbing,Debris - Excessive,Manhattan,10003.0,Closed,Unknown,33
63610763,2025-01-02 21:36:45,2025-01-07 00:00:00,DOB,General Construction/Plumbing,Sidewalk Shed/Pipe Scafford - Inadequate Defective/None,Bronx,10472.0,Closed,Unknown,4
63610764,2025-01-03 14:07:57,2025-01-07 00:00:00,DOB,General Construction/Plumbing,Sidewalk Shed/Pipe Scafford - Inadequate Defective/None,Queens,11361.0,Closed,Unknown,3
63610927,2025-01-03 08:42:19,2025-01-06 00:00:00,DOB,Elevator,Elevator - Single Device On Property/No Alternate Service,Brooklyn,11229.0,Closed,Unknown,2
63610941,2025-01-03 14:07:56,2025-10-20 00:00:00,DOB,Elevator,Elevator - Single Device On Property/No Alternate Service,Bronx,10468.0,Closed,Unknown,289
63610946,2025-01-03 06:43:34,2025-06-03 00:00:00,DOB,Elevator,Elevator - Single Device On Property/No Alternate Service,Bronx,10455.0,Closed,Unknown,150
63610951,2025-01-03 18:04:08,2025-07-22 00:00:00,DOB,Elevator,Elevator - Single Device On Property/No Alternate Service,Manhattan,10031.0,Closed,Unknown,199
63611145,2025-01-03 02:42:55,2025-01-03 02:42:55,DOB,Emergency Response Team (Ert),After Hours Work - Illegal,Manhattan,10065.0,Closed,Unknown,0
63611210,2025-01-03 07:32:11,2025-01-03 07:32:11,DOB,Boilers,Boiler - Defective/Inoperative/No Permit,Brooklyn,11210.0,Closed,Unknown,0
63611223,2025-01-03 09:07:12,2025-04-07 00:00:00,DOB,General Construction/Plumbing,Building Permit - None,Brooklyn,11220.0,Closed,Unknown,93
63611224,2025-01-03 11:53:41,2025-01-03 11:53:41,DOB,General Construction/Plumbing,Building Permit - None,Queens,11373.0,Closed,Unknown,0
63611928,2025-01-03 10:54:28,2025-01-03 10:54:28,DOB,General Construction/Plumbing,Working Contrary To Stop Work Order,Queens,11366.0,Closed,Unknown,0
63611929,2025-01-03 18:16:10,2025-01-07 00:00:00,DOB,General Construction/Plumbing,Building Permit - None,Staten Island,10301.0,Closed,Unknown,3
63611933,2025-01-02 21:06:39,2025-01-03 00:00:00,DOB,General Construction/Plumbing,Site Conditions Endangering Workers,Queens,11435.0,Closed,Unknown,0
63612016,2025-01-03 10:24:18,2025-03-03 00:00:00,DOB,Building/Use,No Certificate Of Occupancy/Illegal/Contrary To CO,Manhattan,10011.0,Closed,Unknown,58
63612021,2025-01-03 03:34:02,2025-12-17 00:00:00,DOB,Building/Use,Illegal Conversion Of Residential Building/Space,Queens,11436.0,Closed,Unknown,347
63612022,2025-01-02 22:03:52,2025-05-29 00:00:00,DOB,Building/Use,Zoning - Non-Conforming/Illegal Vehicle Storage,Brooklyn,11214.0,Closed,Unknown,146
63612032,2025-01-03 10:57:29,2025-02-26 00:00:00,DOB,Building/Use,Illegal Conversion Of Residential Building/Space,Brooklyn,11216.0,Closed,Unknown,53
63612056,2025-01-03 15:45:09,2025-01-05 00:00:00,DOB,General Construction/Plumbing,Building Shaking/Vibrating/Structural Stability,Manhattan,10029.0,Closed,Unknown,1
63612057,2025-01-02 23:34:34,2025-06-12 00:00:00,DOB,Plumbing,Failure To Retain Water/Improper Drainage- (LL103/89),Brooklyn,11219.0,Closed,Unknown,160
63612074,2025-01-03 10:51:27,2025-05-20 00:00:00,DOB,General Construction/Plumbing,"Building - Vacant, Open And Unguarded",Brooklyn,11234.0,Closed,Unknown,136
63612097,2025-01-03 15:48:32,2025-03-17 00:00:00,DOB,General Construction/Plumbing,Cons - Contrary/Beyond Approved Plans/Permits,Queens,11101.0,Closed,Unknown,72
63612098,2025-01-03 14:13:58,2025-01-06 00:00:00,DOB,General Construction/Plumbing,Sidewalk Shed/Pipe Scafford - Inadequate Defective/None,Bronx,10467.0,Closed,Unknown,2
63612111,2025-01-03 13:52:07,2025-01-06 00:00:00,DOB,Real Time Enforcement,Work Without A Permit - Occupied Multiple Dwelling,Bronx,10460.0,Closed,Unknown,2
63612141,2025-01-03 13:05:05,2025-01-13 00:00:00,DOB,Building/Use,Illegal Conversion Of Residential Building/Space,Queens,11429.0,Closed,Unknown,9
63612143,2025-01-03 10:30:20,2025-01-09 00:00:00,DOB,General Construction/Plumbing,Building Permit - None,Bronx,10462.0,Closed,Unknown,5
63612162,2025-01-03 16:12:38,2025-01-06 00:00:00,DOB,Building/Use,Illegal Conversion Of Residential Building/Space,Queens,11358.0,Closed,Unknown,2
63612163,2025-01-03 12:15:38,2025-01-08 00:00:00,DOB,Electrical,Electrical Wiring Defective/Exposed,Queens,11377.0,Closed,Unknown,4
63612164,2025-01-03 13:46:06,2025-01-06 00:00:00,DOB,Electrical,Electrical Wiring Defective/Exposed,Staten Island,10306.0,Closed,Unknown,2
63612195,2025-01-03 10:06:11,2025-01-06 00:00:00,DOB,General Construction/Plumbing,Fence - None/Inadequate,Queens,11106.0,Closed,Unknown,2
63612383,2025-01-03 16:51:55,2025-03-28 00:00:00,DOB,Elevator,Elevator - Single Device On Property/No Alternate Service,Manhattan,10033.0,Closed,Unknown,83
63612384,2025-01-03 08:27:16,2025-01-07 00:00:00,DOB,Elevator,Elevator - Single Device On Property/No Alternate Service,Manhattan,10032.0,Closed,Unknown,3
63612439,2025-01-03 00:35:36,2025-01-03 00:35:36,DOB,Elevator,Elevator - Single Device On Property/No Alternate Service,Manhattan,10039.0,Closed,Unknown,0
63612490,2025-01-03 16:48:56,2025-01-06 00:00:00,DOB,Elevator,Elevator - Single Device On Property/No Alternate Service,Manhattan,10026.0,Closed,Unknown,2
63612694,2025-01-03 13:43:06,2025-01-03 13:43:06,DOB,General Construction/Plumbing,Building Permit - None,Manhattan,10017.0,Closed,Unknown,0
63612695,2025-01-03 08:54:48,2025-01-03 08:54:48,DOB,General Construction/Plumbing,Sidewalk Shed/Pipe Scafford - Inadequate Defective/None,Brooklyn,11201.0,Closed,Unknown,0
63612755,2025-01-02 19:48:26,2025-01-03 00:00:00,DOB,Building/Use,Illegal Conversion Of Residential Building/Space,Bronx,10451.0,Closed,Unknown,0
63612841,2025-01-03 14:10:57,2025-01-06 00:00:00,DOB,General Construction/Plumbing,Building Permit - None,Manhattan,10030.0,Closed,Unknown,2
63612842,2025-01-03 10:30:19,2025-01-03 10:30:19,DOB,General Construction/Plumbing,Sidewalk Shed/Pipe Scafford - Inadequate Defective/None,Manhattan,10009.0,Closed,Unknown,0
63612843,2025-01-03 13:55:08,2025-01-06 00:00:00,DOB,General Construction/Plumbing,Site Conditions Endangering Workers,Brooklyn,11217.0,Closed,Unknown,2
63612845,2025-01-03 13:58:35,2025-01-03 13:58:35,DOB,General Construction/Plumbing,Building Permit - None,Brooklyn,11238.0,Closed,Unknown,0
63612846,2025-01-03 10:12:16,2025-01-03 10:12:16,DOB,General Construction/Plumbing,Building Permit - None,Queens,11106.0,Closed,Unknown,0
63612849,2025-01-03 14:07:56,2025-01-07 00:00:00,DOB,General Construction/Plumbing,Cons - Contrary/Beyond Approved Plans/Permits,Brooklyn,11220.0,Closed,Unknown,3
63612861,2025-01-03 01:00:04,2025-01-03 01:00:04,DOB,General Construction/Plumbing,Cons - Contrary/Beyond Approved Plans/Permits,Brooklyn,11235.0,Closed,Unknown,0
63613364,2025-01-03 01:30:08,2025-08-06 00:00:00,DOB,Building/Use,No Certificate Of Occupancy/Illegal/Contrary To CO,Queens,11104.0,Closed,Unknown,214
63613392,2025-01-02 23:52:37,2025-01-03 00:00:00,DOB,General Construction/Plumbing,Curb Cut/Driveway/Carport - Illegal,Brooklyn,11218.0,Closed,Unknown,0
63613393,2025-01-03 15:17:27,2025-03-14 00:00:00,DOB,General Construction/Plumbing,Building Permit - None,Brooklyn,11218.0,Closed,Unknown,69
63613512,2025-01-03 01:51:12,2025-01-03 01:51:12,DOB,Real Time Enforcement,Work Without A Permit - Occupied Multiple Dwelling,Manhattan,10014.0,Closed,Unknown,0
63613517,2025-01-03 12:21:39,2025-01-08 00:00:00,DOB,Electrical,Electrical Wiring Defective/Exposed,Brooklyn,11229.0,Closed,Unknown,4
63613518,2025-01-02 21:33:44,2025-01-06 00:00:00,DOB,Emergency Response Team (Ert),After Hours Work - Illegal,Brooklyn,11211.0,Closed,Unknown,3
63613533,2025-01-03 15:54:34,2025-01-07 00:00:00,DOB,General Construction/Plumbing,Sidewalk Shed/Pipe Scafford - Inadequate Defective/None,Brooklyn,11215.0,Closed,Unknown,3
63613534,2025-01-03 09:35:03,2025-05-29 00:00:00,DOB,Plumbing,Failure To Retain Water/Improper Drainage- (LL103/89),Staten Island,10302.0,Closed,Unknown,145
63613548,2025-01-03 11:12:41,2025-02-18 00:00:00,DOB,General Construction/Plumbing,Cons - Contrary/Beyond Approved Plans/Permits,Brooklyn,11249.0,Closed,Unknown,45
63613639,2025-01-03 05:31:21,2025-01-06 00:00:00,DOB,Real Time Enforcement,Work Without A Permit - Occupied Multiple Dwelling,Bronx,10467.0,Closed,Unknown,2
63613646,2025-01-02 22:03:51,2025-01-03 00:00:00,DOB,Real Time Enforcement,Work Without A Permit - Occupied Multiple Dwelling,Manhattan,10002.0,Closed,Unknown,0
63613691,2025-01-03 13:11:14,2025-04-11 00:00:00,DOB,Building/Use,Zoning - Non-Conforming/Illegal Vehicle Storage,Queens,11429.0,Closed,Unknown,97
63613706,2025-01-03 17:37:03,2025-01-09 00:00:00,DOB,Boilers,Boiler - Defective/Inoperative/No Permit,Brooklyn,11213.0,Closed,Unknown,5
63613707,2025-01-03 10:12:16,2025-09-18 00:00:00,DOB,Building/Use,Illegal Conversion Of Residential Building/Space,Queens,11373.0,Closed,Unknown,257
63613732,2025-01-03 13:17:37,2025-01-07 00:00:00,DOB,General Construction/Plumbing,Sidewalk Shed/Pipe Scafford - Inadequate Defective/None,Bronx,10460.0,Closed,Unknown,3
63613809,2025-01-03 10:48:24,2025-01-06 00:00:00,DOB,Elevator,Elevator - Single Device On Property/No Alternate Service,Bronx,10459.0,Closed,Unknown,2
63613847,2025-01-03 11:57:11,2025-01-07 00:00:00,DOB,Elevator,Elevator - Multiple Devices On Property,Manhattan,10025.0,Closed,Unknown,3
63613868,2025-01-03 17:55:06,2025-01-06 00:00:00,DOB,Elevator,Elevator - Single Device On Property/No Alternate Service,Queens,11355.0,Closed,Unknown,2
63613869,2025-01-03 13:52:08,2025-02-24 00:00:00,DOB,Elevator,Elevator - Single Device On Property/No Alternate Service,Queens,11105.0,Closed,Unknown,51
63614006,2025-01-03 14:16:59,2025-06-11 00:00:00,DOB,Elevator,Elevator - Single Device On Property/No Alternate Service,Brooklyn,11221.0,Closed,Unknown,158
63614007,2025-01-03 10:06:06,2025-06-11 00:00:00,DOB,Elevator,Elevator - Single Device On Property/No Alternate Service,Brooklyn,11226.0,Closed,Unknown,158
63614008,2025-01-03 18:58:21,2025-01-06 00:00:00,DOB,Elevator,Elevator - Multiple Devices On Property,Queens,11367.0,Closed,Unknown,2
63614009,2025-01-03 12:46:39,2025-01-06 00:00:00,DOB,Elevator,Elevator - Single Device On Property/No Alternate Service,Brooklyn,11226.0,Closed,Unknown,2
63614010,2025-01-03 17:12:59,2025-03-05 00:00:00,DOB,Elevator,Elevator - Single Device On Property/No Alternate Service,Bronx,10463.0,Closed,Unknown,60
63614011,2025-01-03 13:02:05,2025-01-07 00:00:00,DOB,Elevator,Elevator - Single Device On Property/No Alternate Service,Manhattan,10031.0,Closed,Unknown,3
63614012,2025-01-03 18:07:09,2025-01-06 00:00:00,DOB,Elevator,Elevator - Single Device On Property/No Alternate Service,Queens,11373.0,Closed,Unknown,2
63614025,2025-01-03 16:39:53,2025-01-07 00:00:00,DOB,Elevator,Elevator - Single Device On Property/No Alternate Service,Bronx,10455.0,Closed,Unknown,3
63614274,2025-01-03 04:07:07,2025-01-03 04:07:07,DOB,General Construction/Plumbing,Building Permit - None,Manhattan,10014.0,Closed,Unknown,0
63614355,2025-01-03 09:59:56,2025-01-21 00:00:00,DOB,General Construction/Plumbing,Building Permit - None,Queens,11385.0,Closed,Unknown,17
63614356,2025-01-03 13:05:06,2025-01-03 13:05:06,DOB,General Construction/Plumbing,Building Shaking/Vibrating/Structural Stability,Brooklyn,11207.0,Closed,Unknown,0
63614367,2025-01-03 07:53:46,2025-01-03 07:53:46,DOB,General Construction/Plumbing,Building Shaking/Vibrating/Structural Stability,Brooklyn,11229.0,Closed,Unknown,0
63614392,2025-01-03 11:06:39,2025-01-21 00:00:00,DOB,General Construction/Plumbing,Building Permit - None,Queens,11373.0,Closed,Unknown,17
63614400,2025-01-03 10:27:19,2025-01-04 00:00:00,DOB,General Construction/Plumbing,Building Shaking/Vibrating/Structural Stability,Queens,11377.0,Closed,Unknown,0
63614407,2025-01-03 12:34:11,2025-01-06 00:00:00,DOB,General Construction/Plumbing,Building Permit - None,Manhattan,10035.0,Closed,Unknown,2
63614954,2025-01-03 10:18:17,2025-01-03 10:18:17,DOB,General Construction/Plumbing,Working Contrary To Stop Work Order,Queens,11435.0,Closed,Unknown,0
63614964,2025-01-03 09:47:27,2025-01-22 00:00:00,DOB,General Construction/Plumbing,Wall/Retaining Wall - Bulging/Cracked,Queens,11357.0,Closed,Unknown,18
63614975,2025-01-03 09:47:27,2025-05-23 00:00:00,DOB,Building/Use,No Certificate Of Occupancy/Illegal/Contrary To CO,Brooklyn,11217.0,Closed,Unknown,139
63614976,2025-01-03 12:58:42,2025-01-07 00:00:00,DOB,Emergency Response Team (Ert),Lights From Parking Lot Shining On Building,Brooklyn,11229.0,Closed,Unknown,3
63614986,2025-01-03 13:27:07,2025-01-03 13:27:07,DOB,General Construction/Plumbing,Working Contrary To Stop Work Order,Brooklyn,11219.0,Closed,Unknown,0
63615047,2025-01-03 07:26:10,2025-06-30 00:00:00,DOB,Building/Use,Illegal Conversion Of Residential Building/Space,Queens,11420.0,Closed,Unknown,177
63615049,2025-01-03 17:06:58,2025-10-22 00:00:00,DOB,Building/Use,Zoning - Non-Conforming/Illegal Vehicle Storage,Brooklyn,11203.0,Closed,Unknown,291
63615056,2025-01-03 01:48:11,2025-01-03 01:48:11,DOB,Real Time Enforcement,Work Without A Permit - Occupied Multiple Dwelling,Manhattan,10014.0,Closed,Unknown,0
63615057,2025-01-03 19:13:23,2025-01-03 19:13:23,DOB,Real Time Enforcement,Work Without A Permit - Occupied Multiple Dwelling,Brooklyn,11226.0,Closed,Unknown,0
63615064,2025-01-02 22:48:58,2025-01-22 00:00:00,DOB,Building/Use,Illegal Conversion Of Residential Building/Space,Bronx,10456.0,Closed,Unknown,19
63615065,2025-01-03 11:22:14,2025-12-18 00:00:00,DOB,Building/Use,Illegal Conversion Of Residential Building/Space,Queens,11421.0,Closed,Unknown,348
63615074,2025-01-03 09:53:28,2025-01-23 00:00:00,DOB,General Construction/Plumbing,Cons - Contrary/Beyond Approved Plans/Permits,Brooklyn,11207.0,Closed,Unknown,19
63615160,2025-01-03 09:44:27,2025-04-07 00:00:00,DOB,Building/Use,Illegal Conversion Of Residential Building/Space,Brooklyn,11207.0,Closed,Unknown,93
63615161,2025-01-03 07:54:05,2026-02-17 00:00:00,DOB,Building/Use,Illegal Conversion Of Residential Building/Space,Staten Island,10305.0,Closed,Unknown,409
63615162,2025-01-03 17:22:00,2025-04-09 00:00:00,DOB,Building/Use,Illegal Conversion Of Residential Building/Space,Queens,11433.0,Closed,Unknown,95
63615163,2025-01-03 14:26:06,2025-12-19 00:00:00,DOB,Building/Use,Illegal Conversion Of Residential Building/Space,Queens,11419.0,Closed,Unknown,349
63615164,2025-01-03 02:45:56,2025-01-06 00:00:00,DOB,Emergency Response Team (Ert),After Hours Work - Illegal,Manhattan,10065.0,Closed,Unknown,2
63615165,2025-01-03 12:59:01,2025-03-24 00:00:00,DOB,General Construction/Plumbing,Cons - Contrary/Beyond Approved Plans/Permits,Brooklyn,11204.0,Closed,Unknown,79
63615166,2025-01-03 16:51:54,2025-03-26 00:00:00,DOB,Plumbing,Failure To Retain Water/Improper Drainage- (LL103/89),Manhattan,10016.0,Closed,Unknown,81
63615179,2025-01-03 15:51:33,2025-01-05 00:00:00,DOB,General Construction/Plumbing,Material Storage - Unsafe,Brooklyn,11215.0,Closed,Unknown,1
63615371,2025-01-03 08:27:16,2025-01-03 08:27:16,DOB,Elevator,Elevator - Single Device On Property/No Alternate Service,Bronx,10452.0,Closed,Unknown,0
63615448,2025-01-03 10:09:15,2025-01-14 00:00:00,DOB,Elevator,Elevator - Multiple Devices On Property,Bronx,10473.0,Closed,Unknown,10
63615504,2025-01-03 12:37:37,2025-01-14 00:00:00,DOB,Elevator,Elevator - Single Device On Property/No Alternate Service,Bronx,10453.0,Closed,Unknown,10
63615536,2025-01-03 13:05:05,2025-01-06 00:00:00,DOB,Elevator,Elevator - Single Device On Property/No Alternate Service,Queens,11354.0,Closed,Unknown,2
63615544,2025-01-03 08:06:13,2025-02-20 00:00:00,DOB,Elevator,Elevator - Single Device On Property/No Alternate Service,Bronx,10453.0,Closed,Unknown,47
63615829,2025-01-03 12:03:12,2025-01-03 12:03:12,DOB,Building/Use,Illegal Conversion Of Residential Building/Space,Brooklyn,11219.0,Closed,Unknown,0
63615845,2025-01-03 09:59:44,2026-01-27 00:00:00,DOB,General Construction/Plumbing,Building Permit - None,Queens,11427.0,Closed,Unknown,388
63615846,2025-01-03 13:27:07,2025-01-06 00:00:00,DOB,General Construction/Plumbing,Building Permit - None,Bronx,10461.0,Closed,Unknown,2
63615874,2025-01-02 20:12:30,2025-01-22 00:00:00,DOB,General Construction/Plumbing,Debris - Falling Or In Danger Of Falling,Brooklyn,11231.0,Closed,Unknown,19
63615875,2025-01-03 11:57:11,2025-01-03 11:57:11,DOB,General Construction/Plumbing,Fence - None/Inadequate,Brooklyn,11223.0,Closed,Unknown,0
63615899,2025-01-02 23:04:29,2025-01-03 00:00:00,DOB,Investigations And Discipline (Iad),Investigative Inspection,Brooklyn,11228.0,Closed,Unknown,0
63615908,2025-01-03 09:19:29,2025-01-03 09:19:29,DOB,General Construction/Plumbing,Building Permit - None,Queens,11423.0,Closed,Unknown,0
63615921,2025-01-03 02:18:51,2025-01-03 02:18:51,DOB,Emergency Response Team (Ert),After Hours Work - Illegal,Brooklyn,11220.0,Closed,Unknown,0
63615922,2025-01-03 10:12:16,2025-01-03 10:12:16,DOB,General Construction/Plumbing,Sidewalk Shed/Pipe Scafford - Inadequate Defective/None,Manhattan,10025.0,Closed,Unknown,0
63616328,2025-01-02 23:46:36,2025-05-29 00:00:00,DOB,General Construction/Plumbing,Curb Cut/Driveway/Carport - Illegal,Brooklyn,11218.0,Closed,Unknown,146
63616483,2025-01-03 16:15:48,2025-01-21 00:00:00,DOB,General Construction/Plumbing,Building Permit - None,Staten Island,10314.0,Closed,Unknown,17
63616542,2025-01-03 01:42:10,2025-01-03 01:42:10,DOB,Real Time Enforcement,Work Without A Permit - Occupied Multiple Dwelling,Manhattan,10014.0,Closed,Unknown,0
63616574,2025-01-02 22:19:12,2025-01-17 00:00:00,DOB,Special Projects Inspection Team (Spit),Illegal Hotel Rooms In Residential Building,Brooklyn,11209.0,Closed,Unknown,14
63616575,2025-01-03 09:23:00,2025-01-10 00:00:00,DOB,Boilers,Boiler - Defective/Inoperative/No Permit,Queens,11422.0,Closed,Unknown,6
63616576,2025-01-03 17:28:01,2025-02-18 00:00:00,DOB,Building/Use,Illegal Conversion Of Residential Building/Space,Brooklyn,11203.0,Closed,Unknown,45
63616578,2025-01-03 02:04:19,2026-07-16 00:00:00,DOB,Building/Use,Illegal Conversion Of Residential Building/Space,Queens,11412.0,Closed,Unknown,558
63616586,2025-01-03 03:55:05,2025-01-03 03:55:05,DOB,Real Time Enforcement,Work Without A Permit - Occupied Multiple Dwelling,Manhattan,10014.0,Closed,Unknown,0
63616590,2025-01-03 16:27:50,2025-03-10 00:00:00,DOB,Building/Use,Illegal Conversion Of Residential Building/Space,Queens,11691.0,Closed,Unknown,65
63616591,2025-01-03 12:49:40,2025-01-08 00:00:00,DOB,Electrical,Electrical Wiring Defective/Exposed,Brooklyn,11214.0,Closed,Unknown,4
63616592,2025-01-02 22:54:59,2025-01-03 00:00:00,DOB,Emergency Response Team (Ert),After Hours Work - Illegal,Queens,11435.0,Closed,Unknown,0
63616594,2025-01-03 17:09:58,2025-01-16 00:00:00,DOB,General Construction/Plumbing,Vent/Exhaust - Illegal/Improper,Bronx,10459.0,Closed,Unknown,12
63616607,2025-01-03 13:36:31,2025-01-04 00:00:00,DOB,General Construction/Plumbing,Building Shaking/Vibrating/Structural Stability,Queens,11374.0,Closed,Unknown,0
63616608,2025-01-03 07:17:08,2025-02-18 00:00:00,DOB,General Construction/Plumbing,Debris - Excessive,Brooklyn,11249.0,Closed,Unknown,45
63616609,2025-01-03 10:45:22,2025-01-06 00:00:00,DOB,General Construction/Plumbing,Sidewalk Shed/Pipe Scafford - Inadequate Defective/None,Brooklyn,11217.0,Closed,Unknown,2
63616622,2025-01-03 09:00:49,2025-12-01 00:00:00,DOB,Building/Use,SRO - Illegal Work/No Permit/Change In Occupancy/Use,Queens,11428.0,Closed,Unknown,331
63616623,2025-01-03 12:18:38,2025-01-08 00:00:00,DOB,Electrical,Electrical Wiring Defective/Exposed,Brooklyn,11229.0,Closed,Unknown,4
63616669,2025-01-03 06:55:44,2025-01-06 00:00:00,DOB,Real Time Enforcement,Work Without A Permit - Occupied Multiple Dwelling,Brooklyn,11231.0,Closed,Unknown,2
63616686,2025-01-03 16:18:49,2025-01-07 00:00:00,DOB,Boilers,Boiler - Defective/Inoperative/No Permit,Brooklyn,11226.0,Closed,Unknown,3
63616688,2025-01-03 13:55:12,2025-12-24 00:00:00,DOB,Building/Use,Illegal Conversion Of Residential Building/Space,Queens,11419.0,Closed,Unknown,354
63616689,2025-01-03 14:23:00,2025-02-14 00:00:00,DOB,Building/Use,Illegal. Commercial Use In Resident Zone,Brooklyn,11212.0,Closed,Unknown,41
63616888,2025-01-03 00:44:38,2025-01-03 00:44:38,DOB,Elevator,Elevator - Single Device On Property/No Alternate Service,Manhattan,10039.0,Closed,Unknown,0
63616889,2025-01-03 18:25:11,2025-01-06 00:00:00,DOB,Elevator,Elevator - Single Device On Property/No Alternate Service,Bronx,10458.0,Closed,Unknown,2
63616890,2025-01-03 14:59:12,2025-01-06 00:00:00,DOB,Elevator,Elevator - Single Device On Property/No Alternate Service,Bronx,10451.0,Closed,Unknown,2
63616906,2025-01-03 07:50:45,2025-01-06 00:00:00,DOB,Elevator,Elevator - Multiple Devices On Property,Manhattan,10016.0,Closed,Unknown,2
63616907,2025-01-03 09:44:04,2025-01-06 00:00:00,DOB,Elevator,Elevator - Single Device On Property/No Alternate Service,Brooklyn,11207.0,Closed,Unknown,2
63616953,2025-01-03 00:41:38,2025-01-10 00:00:00,DOB,Elevator,Elevator - Single Device On Property/No Alternate Service,Queens,11104.0,Closed,Unknown,6
63616954,2025-01-03 10:57:29,2025-09-18 00:00:00,DOB,Elevator,Elevator - Single Device On Property/No Alternate Service,Bronx,10474.0,Closed,Unknown,257
63617044,2025-01-02 23:25:32,2025-02-19 00:00:00,DOB,Elevator,Elevator - Multiple Devices On Property,Queens,11104.0,Closed,Unknown,47
63617045,2025-01-03 14:07:56,2025-01-06 00:00:00,DOB,Elevator,Elevator - Single Device On Property/No Alternate Service,Bronx,10458.0,Closed,Unknown,2
63617046,2025-01-03 09:13:27,2025-11-12 00:00:00,DOB,Elevator,Elevator - Single Device On Property/No Alternate Service,Bronx,10451.0,Closed,Unknown,312
63617047,2025-01-03 09:41:03,2025-07-28 00:00:00,DOB,Elevator,Elevator - Single Device On Property/No Alternate Service,Manhattan,10027.0,Closed,Unknown,205
63617048,2025-01-03 08:30:16,2025-04-17 00:00:00,DOB,Elevator,Elevator - Single Device On Property/No Alternate Service,Manhattan,10017.0,Closed,Unknown,103
63617418,2025-01-03 14:10:57,2025-02-25 00:00:00,DOB,General Construction/Plumbing,Cons - Contrary/Beyond Approved Plans/Permits,Brooklyn,11220.0,Closed,Unknown,52
63617449,2025-01-03 14:07:56,2025-01-03 14:07:56,DOB,General Construction/Plumbing,Building Permit - None,Brooklyn,11204.0,Closed,Unknown,0
63617874,2025-01-02 23:58:39,2025-06-04 00:00:00,DOB,General Construction/Plumbing,Curb Cut/Driveway/Carport - Illegal,Brooklyn,11218.0,Closed,Unknown,152
63618021,2025-01-03 11:18:48,2025-01-03 11:18:48,DOB,General Construction/Plumbing,Site Conditions Endangering Workers,Manhattan,10028.0,Closed,Unknown,0
63618037,2025-01-03 14:13:58,2025-01-10 00:00:00,DOB,Investigations And Discipline (Iad),Investigative Inspection,Staten Island,10306.0,Closed,Unknown,6
63618047,2025-01-02 21:54:49,2025-01-06 00:00:00,DOB,Building/Use,No Certificate Of Occupancy/Illegal/Contrary To CO,Bronx,10472.0,Closed,Unknown,3
63618062,2025-01-03 16:00:35,2025-01-06 00:00:00,DOB,General Construction/Plumbing,Failure to Comply with Vacate Order,Queens,11435.0,Closed,Unknown,2
63618117,2025-01-03 09:04:12,2025-03-17 00:00:00,DOB,Building/Use,Illegal Conversion Of Residential Building/Space,Queens,11106.0,Closed,Unknown,72
63618119,2025-01-03 13:36:31,2025-02-24 00:00:00,DOB,Building/Use,Illegal Conversion Of Residential Building/Space,Bronx,10468.0,Closed,Unknown,51
63618120,2025-01-02 20:18:31,2025-01-19 00:00:00,DOB,Emergency Response Team (Ert),After Hours Work - Illegal,Bronx,10455.0,Closed,Unknown,16
63618130,2025-01-03 15:45:09,2025-01-06 00:00:00,DOB,General Construction/Plumbing,Cons - Contrary/Beyond Approved Plans/Permits,Manhattan,10018.0,Closed,Unknown,2
63618131,2025-01-03 12:09:14,2025-10-17 00:00:00,DOB,Special Projects Inspection Team (Spit),Sign/Awning/Marquee - Illegal/No Permit,Brooklyn,11223.0,Closed,Unknown,286
63618147,2025-01-03 15:51:33,2025-01-08 00:00:00,DOB,Boilers,Boiler - Defective/Inoperative/No Permit,Manhattan,10012.0,Closed,Unknown,4
63618150,2025-01-03 13:30:07,2025-01-16 00:00:00,DOB,Building/Use,Zoning - Non-Conforming/Illegal Vehicle Storage,Bronx,10469.0,Closed,Unknown,12
63618151,2025-01-03 01:24:07,2025-01-20 00:00:00,DOB,Emergency Response Team (Ert),After Hours Work - Illegal,Manhattan,10004.0,Closed,Unknown,16
63618163,2025-01-03 07:44:14,2025-01-08 00:00:00,DOB,General Construction/Plumbing,Debris - Excessive,Manhattan,10028.0,Closed,Unknown,4
63618198,2025-01-03 11:53:41,2025-01-10 00:00:00,DOB,Boilers,Boiler - Defective/Inoperative/No Permit,Brooklyn,11238.0,Closed,Unknown,6
63618199,2025-01-03 11:44:39,2025-03-06 00:00:00,DOB,Building/Use,Illegal Conversion Of Residential Building/Space,Queens,11385.0,Closed,Unknown,61
63618201,2025-01-02 19:54:27,2025-01-05 00:00:00,DOB,Electrical,Electrical Wiring Defective/Exposed,Queens,11373.0,Closed,Unknown,2
63618225,2025-01-03 09:44:23,2025-01-06 00:00:00,DOB,Real Time Enforcement,Work Without A Permit - Occupied Multiple Dwelling,Bronx,10465.0,Closed,Unknown,2
63618228,2025-01-03 15:29:57,2025-03-05 00:00:00,DOB,General Construction/Plumbing,Fence - None/Inadequate,Queens,11419.0,Closed,Unknown,60
63618245,2025-01-03 11:57:11,2025-01-24 00:00:00,DOB,Building/Use,Illegal Conversion Of Residential Building/Space,Bronx,10469.0,Closed,Unknown,20
63618246,2025-01-03 13:33:31,2025-01-06 00:00:00,DOB,Building/Use,Illegal Conversion Of Residential Building/Space,Queens,11358.0,Closed,Unknown,2
63618247,2025-01-03 12:28:10,2025-01-08 00:00:00,DOB,Electrical,Electrical Wiring Defective/Exposed,Queens,11101.0,Closed,Unknown,4
63618248,2025-01-02 19:42:25,2025-01-11 00:00:00,DOB,Electrical,Electrical Wiring Defective/Exposed,Bronx,10468.0,Closed,Unknown,8
63618263,2025-01-03 13:58:13,2025-02-11 00:00:00,DOB,General Construction/Plumbing,Fence - None/Inadequate,Queens,11361.0,Closed,Unknown,38
63618337,2025-01-03 18:04:54,2025-05-06 00:00:00,DOB,Elevator,Elevator - Single Device On Property/No Alternate Service,Brooklyn,11225.0,Closed,Unknown,122
63618338,2025-01-03 09:29:01,2025-05-07 00:00:00,DOB,Elevator,Elevator - Single Device On Property/No Alternate Service,Brooklyn,11229.0,Closed,Unknown,123
63618339,2025-01-03 18:52:20,2025-01-06 00:00:00,DOB,Elevator,Elevator - Single Device On Property/No Alternate Service,Queens,11373.0,Closed,Unknown,2
63618511,2025-01-03 11:15:42,2025-05-09 00:00:00,DOB,Elevator,Elevator - Multiple Devices On Property,Manhattan,10025.0,Closed,Unknown,125
63618925,2025-01-03 05:28:40,2025-01-08 00:00:00,DOB,General Construction/Plumbing,Building Permit - None,Brooklyn,11232.0,Closed,Unknown,4
63618926,2025-01-03 00:59:40,2025-01-03 00:59:40,DOB,General Construction/Plumbing,Building Permit - None,Brooklyn,11220.0,Closed,Unknown,0
63618938,2025-01-03 06:22:30,2025-01-03 06:22:30,DOB,General Construction/Plumbing,Cons - Contrary/Beyond Approved Plans/Permits,Brooklyn,11208.0,Closed,Unknown,0
63618969,2025-01-03 09:19:29,2025-01-03 09:19:29,DOB,Building/Use,Illegal Conversion Of Residential Building/Space,Staten Island,10301.0,Closed,Unknown,0
63618972,2025-01-03 14:04:55,2025-02-12 00:00:00,DOB,Special Projects Inspection Team (Spit),Illegal Hotel Rooms In Residential Building,Brooklyn,11225.0,Closed,Unknown,39
63619530,2025-01-03 14:01:52,2025-02-13 00:00:00,DOB,General Construction/Plumbing,Cons - Contrary/Beyond Approved Plans/Permits,Queens,11361.0,Closed,Unknown,40
63619531,2025-01-03 18:25:30,2025-01-09 00:00:00,DOB,General Construction/Plumbing,Building Permit - None,Bronx,10462.0,Closed,Unknown,5
63619542,2025-01-03 09:59:30,2025-01-22 00:00:00,DOB,Emergency Response Team (Ert),Lights From Parking Lot Shining On Building,Bronx,10471.0,Closed,Unknown,18
63619613,2025-01-03 05:50:11,2025-01-03 05:50:11,DOB,Real Time Enforcement,Work Without A Permit - Occupied Multiple Dwelling,Bronx,10460.0,Closed,Unknown,0
63619639,2025-01-03 08:48:47,2025-12-01 00:00:00,DOB,Building/Use,Illegal Conversion Of Residential Building/Space,Queens,11428.0,Closed,Unknown,331
63619641,2025-01-03 00:17:08,2025-01-14 00:00:00,DOB,Building/Use,Illegal. Commercial Use In Resident Zone,Staten Island,10302.0,Closed,Unknown,10
63619654,2025-01-03 07:32:11,2025-02-18 00:00:00,DOB,General Construction/Plumbing,Debris - Excessive,Brooklyn,11249.0,Closed,Unknown,45
63619655,2025-01-03 07:53:46,2025-05-30 00:00:00,DOB,General Construction/Plumbing,Vent/Exhaust - Illegal/Improper,Manhattan,10003.0,Closed,Unknown,146
63619664,2025-01-03 16:06:37,2025-01-06 00:00:00,DOB,Real Time Enforcement,Work Without A Permit - Occupied Multiple Dwelling,Manhattan,10033.0,Closed,Unknown,2
63619690,2025-01-02 23:55:37,2025-02-05 00:00:00,DOB,Building/Use,Illegal Conversion Of Residential Building/Space,Bronx,10466.0,Closed,Unknown,33
63619691,2025-01-03 16:00:35,2025-01-10 00:00:00,DOB,Electrical,Electrical Wiring Defective/Exposed,Brooklyn,11232.0,Closed,Unknown,6
63619692,2025-01-03 18:40:17,2025-01-06 00:00:00,DOB,General Construction/Plumbing,"Building - Vacant, Open And Unguarded",Brooklyn,11206.0,Closed,Unknown,2
63619695,2025-01-03 10:39:21,2025-01-07 00:00:00,DOB,Boilers,Boiler - Defective/Inoperative/No Permit,Bronx,10467.0,Closed,Unknown,3
63619696,2025-01-03 07:56:46,2025-12-17 00:00:00,DOB,Building/Use,Illegal Conversion Of Residential Building/Space,Queens,11435.0,Closed,Unknown,347
63619698,2025-01-03 11:37:40,2025-01-06 00:00:00,DOB,Building/Use,SRO - Illegal Work/No Permit/Change In Occupancy/Use,Queens,11372.0,Closed,Unknown,2
63619712,2025-01-03 14:16:59,2025-01-24 00:00:00,DOB,General Construction/Plumbing,Fence - None/Inadequate,Staten Island,10314.0,Closed,Unknown,20
63619722,2025-01-03 10:24:18,2025-02-13 00:00:00,DOB,Building/Use,Illegal Conversion Of Residential Building/Space,Staten Island,10306.0,Closed,Unknown,40
63619740,2025-01-03 14:59:13,2025-03-06 00:00:00,DOB,Building/Use,Illegal Conversion Of Residential Building/Space,Queens,11104.0,Closed,Unknown,61
63619741,2025-01-03 18:58:21,2025-01-06 00:00:00,DOB,Building/Use,Zoning - Non-Conforming/Illegal Vehicle Storage,Brooklyn,11235.0,Closed,Unknown,2
63619743,2025-01-03 12:15:15,2025-02-10 00:00:00,DOB,General Construction/Plumbing,Fence - None/Inadequate,Queens,11356.0,Closed,Unknown,37
63619849,2025-01-03 11:03:39,2025-07-03 00:00:00,DOB,Elevator,Elevator - Single Device On Property/No Alternate Service,Brooklyn,11206.0,Closed,Unknown,180
63619850,2025-01-03 15:57:35,2025-01-10 00:00:00,DOB,Elevator,Elevator - Single Device On Property/No Alternate Service,Manhattan,10039.0,Closed,Unknown,6
63619902,2025-01-03 13:14:14,2025-01-06 00:00:00,DOB,Elevator,Elevator - Multiple Devices On Property,Manhattan,10019.0,Closed,Unknown,2
63619943,2025-01-03 17:34:03,2025-01-06 00:00:00,DOB,Elevator,Elevator - Single Device On Property/No Alternate Service,Queens,11373.0,Closed,Unknown,2
63619957,2025-01-03 15:14:14,2025-04-04 00:00:00,DOB,Elevator,Elevator - Single Device On Property/No Alternate Service,Brooklyn,11229.0,Closed,Unknown,90
63619958,2025-01-03 18:01:07,2025-01-06 00:00:00,DOB,Elevator,Elevator - Single Device On Property/No Alternate Service,Queens,11354.0,Closed,Unknown,2
63620446,2025-01-03 01:06:05,2025-01-03 01:06:05,DOB,General Construction/Plumbing,Cons - Contrary/Beyond Approved Plans/Permits,Manhattan,10017.0,Closed,Unknown,0
63620447,2025-01-02 21:34:03,2025-01-03 00:00:00,DOB,General Construction/Plumbing,Sidewalk Shed/Pipe Scafford - Inadequate Defective/None,Bronx,10472.0,Closed,Unknown,0
63620448,2025-01-03 11:54:10,2025-01-03 11:54:10,DOB,General Construction/Plumbing,Sidewalk Shed/Pipe Scafford - Inadequate Defective/None,Manhattan,10036.0,Closed,Unknown,0
63620458,2025-01-03 10:00:05,2025-01-06 00:00:00,DOB,General Construction/Plumbing,Building Permit - None,Brooklyn,11203.0,Closed,Unknown,2
63620459,2025-01-03 12:03:12,2025-01-03 12:03:12,DOB,General Construction/Plumbing,Building Permit - None,Bronx,10461.0,Closed,Unknown,0
63621033,2025-01-02 21:09:59,2025-11-05 00:00:00,DOB,General Construction/Plumbing,Curb Cut/Driveway/Carport - Illegal,Brooklyn,11209.0,Closed,Unknown,306
63621037,2025-01-03 13:55:09,2025-01-13 00:00:00,DOB,General Construction/Plumbing,Building Permit - None,Queens,11366.0,Closed,Unknown,9
63621056,2025-01-03 10:09:12,2025-02-28 00:00:00,DOB,General Construction/Plumbing,Wall/Retaining Wall - Bulging/Cracked,Brooklyn,11209.0,Closed,Unknown,55
63621078,2025-01-03 15:08:13,2025-01-06 00:00:00,DOB,General Construction/Plumbing,Building Permit - None,Brooklyn,11220.0,Closed,Unknown,2
63621085,2025-01-03 13:42:37,2025-01-09 00:00:00,DOB,General Construction/Plumbing,Working Contrary To Stop Work Order,Brooklyn,11229.0,Closed,Unknown,5
63621086,2025-01-03 13:01:42,2025-01-08 00:00:00,DOB,General Construction/Plumbing,Safety Netting/Guard Rails - Damaged/Inadequate/None (6 Stories/75 Feet Or Less),Brooklyn,11206.0,Closed,Unknown,4
63621087,2025-01-03 10:03:05,2025-02-27 00:00:00,DOB,General Construction/Plumbing,Wall/Retaining Wall - Bulging/Cracked,Brooklyn,11209.0,Closed,Unknown,54
63621142,2025-01-03 18:31:16,2025-12-01 00:00:00,DOB,Building/Use,Illegal Conversion Of Residential Building/Space,Queens,11428.0,Closed,Unknown,331
63621157,2025-01-03 14:01:55,2025-01-09 00:00:00,DOB,General Construction/Plumbing,Cons - Contrary/Beyond Approved Plans/Permits,Bronx,10457.0,Closed,Unknown,5
63621158,2025-01-03 13:36:36,2025-01-07 00:00:00,DOB,Plumbing,Gas Hook-Up/Piping - Illegal Or Defective,Staten Island,10306.0,Closed,Unknown,3
63621231,2025-01-03 11:44:02,2025-01-06 00:00:00,DOB,Real Time Enforcement,Work Without A Permit - Occupied Multiple Dwelling,Manhattan,10019.0,Closed,Unknown,2
63621235,2025-01-03 12:00:12,2025-01-07 00:00:00,DOB,Boilers,Boiler - Defective/Inoperative/No Permit,Brooklyn,11206.0,Closed,Unknown,3
63621242,2025-01-03 16:15:38,2025-01-17 00:00:00,DOB,Boilers,Boiler - Defective/Inoperative/No Permit,Manhattan,10002.0,Closed,Unknown,13
63621243,2025-01-03 11:34:40,2025-01-06 00:00:00,DOB,Building/Use,Illegal Conversion Of Residential Building/Space,Queens,11385.0,Closed,Unknown,2
63621244,2025-01-03 11:28:39,2025-12-11 00:00:00,DOB,Building/Use,Illegal Conversion Of Residential Building/Space,Queens,11385.0,Closed,Unknown,341
63621245,2025-01-03 10:27:19,2025-01-06 00:00:00,DOB,Building/Use,Illegal Conversion Of Residential Building/Space,Queens,11358.0,Closed,Unknown,2
63621249,2025-01-03 09:29:01,2025-01-22 00:00:00,DOB,General Construction/Plumbing,"Building - Vacant, Open And Unguarded",Bronx,10462.0,Closed,Unknown,18
63621270,2025-01-03 18:28:15,2025-01-06 00:00:00,DOB,General Construction/Plumbing,Cons - Contrary/Beyond Approved Plans/Permits,Manhattan,10017.0,Closed,Unknown,2
63621271,2025-01-03 15:48:09,2025-01-06 00:00:00,DOB,General Construction/Plumbing,Sidewalk Shed/Pipe Scafford - Inadequate Defective/None,Bronx,10452.0,Closed,Unknown,2
63621377,2025-01-03 17:49:05,2025-01-06 00:00:00,DOB,Elevator,Elevator - Multiple Devices On Property,Bronx,10473.0,Closed,Unknown,2
63621378,2025-01-03 09:44:23,2025-02-27 00:00:00,DOB,Elevator,Elevator - Multiple Devices On Property,Manhattan,10280.0,Closed,Unknown,54
63621485,2025-01-03 16:36:52,2025-01-06 00:00:00,DOB,Elevator,Elevator - Multiple Devices On Property,Queens,11372.0,Closed,Unknown,2
63621486,2025-01-03 08:12:14,2025-04-25 00:00:00,DOB,Elevator,Elevator - Single Device On Property/No Alternate Service,Brooklyn,11208.0,Closed,Unknown,111
63621487,2025-01-03 07:44:13,2025-05-05 00:00:00,DOB,Elevator,Elevator - Single Device On Property/No Alternate Service,Brooklyn,11226.0,Closed,Unknown,121
63621531,2025-01-03 18:25:14,2025-05-12 00:00:00,DOB,Elevator,Elevator - Multiple Devices On Property,Bronx,10453.0,Closed,Unknown,128
63621532,2025-01-03 13:24:06,2025-01-07 00:00:00,DOB,Elevator,Elevator - Multiple Devices On Property,Queens,11692.0,Closed,Unknown,3
63621585,2025-01-03 11:44:09,2025-01-06 00:00:00,DOB,Elevator,Elevator - Single Device On Property/No Alternate Service,Queens,11367.0,Closed,Unknown,2
63621602,2025-01-03 11:00:29,2025-03-28 00:00:00,DOB,Elevator,Elevator - Single Device On Property/No Alternate Service,Manhattan,10040.0,Closed,Unknown,83
63621982,2025-01-03 09:56:29,2025-01-03 09:56:29,DOB,General Construction/Plumbing,Building Permit - None,Brooklyn,11208.0,Closed,Unknown,0
63621983,2025-01-02 22:30:55,2025-01-03 00:00:00,DOB,General Construction/Plumbing,Building Permit - None,Brooklyn,11230.0,Closed,Unknown,0
63621992,2025-01-03 13:55:27,2025-01-03 13:55:27,DOB,Special Projects Inspection Team (Spit),Sign/Awning/Marquee - Illegal/No Permit,Manhattan,10011.0,Closed,Unknown,0
63622021,2025-01-03 04:01:06,2025-01-03 04:01:06,DOB,General Construction/Plumbing,Building Permit - None,Manhattan,10014.0,Closed,Unknown,0
63622022,2025-01-03 14:01:38,2025-02-03 00:00:00,DOB,General Construction/Plumbing,Cons - Contrary/Beyond Approved Plans/Permits,Bronx,10462.0,Closed,Unknown,30
63622024,2025-01-03 10:15:16,2025-01-06 00:00:00,DOB,General Construction/Plumbing,Site Conditions Endangering Workers,Brooklyn,11226.0,Closed,Unknown,2
63622030,2025-01-03 14:23:00,2025-01-06 00:00:00,DOB,General Construction/Plumbing,Working Contrary To Stop Work Order,Brooklyn,11215.0,Closed,Unknown,2
63622039,2025-01-03 09:26:00,2025-01-03 09:26:00,DOB,General Construction/Plumbing,Debris - Falling Or In Danger Of Falling,Brooklyn,11211.0,Closed,Unknown,0
63622042,2025-01-03 08:57:48,2025-01-03 08:57:48,DOB,Building/Use,Illegal Conversion Of Residential Building/Space,Brooklyn,11223.0,Closed,Unknown,0
63622054,2025-01-03 12:55:41,2025-01-03 12:55:41,DOB,General Construction/Plumbing,Egress - Doors Locked/Blocked/Improper/No Secondary Means,Manhattan,10011.0,Closed,Unknown,0
63622572,2025-01-02 17:50:17,2025-01-02 17:50:17,DOB,General Construction/Plumbing,Working Contrary To Stop Work Order,Manhattan,10036.0,Closed,Unknown,0
63622577,2025-01-03 15:11:14,2025-01-16 00:00:00,DOB,General Construction/Plumbing,Building Permit - None,Brooklyn,11230.0,Closed,Unknown,12
63622581,2025-01-03 10:45:23,2025-06-04 00:00:00,DOB,General Construction/Plumbing,Curb Cut/Driveway/Carport - Illegal,Brooklyn,11218.0,Closed,Unknown,151
63622651,2025-01-03 13:58:13,2025-01-07 00:00:00,DOB,General Construction/Plumbing,Egress - Doors Locked/Blocked/Improper/No Secondary Means,Staten Island,10306.0,Closed,Unknown,3
63622652,2025-01-03 12:21:53,2025-01-03 12:21:53,DOB,Investigations And Discipline (Iad),Investigative Inspection,Brooklyn,11223.0,Closed,Unknown,0
63622730,2025-01-04 16:16:44,2025-01-06 00:00:00,DOB,Real Time Enforcement,Work Without A Permit - Occupied Multiple Dwelling,Brooklyn,11216.0,Closed,Unknown,1
63622733,2025-01-03 19:59:03,2025-01-07 00:00:00,DOB,Electrical,Electrical Wiring Defective/Exposed,Queens,11366.0,Closed,Unknown,3
63622739,2025-01-04 09:32:01,2025-01-06 00:00:00,DOB,Real Time Enforcement,Work Without A Permit - Occupied Multiple Dwelling,Queens,11372.0,Closed,Unknown,1
63622744,2025-01-04 06:27:33,2025-01-07 00:00:00,DOB,Electrical,Electrical Wiring Defective/Exposed,Queens,11106.0,Closed,Unknown,2
63622747,2025-01-04 12:53:05,2025-01-07 00:00:00,DOB,General Construction/Plumbing,Sidewalk Shed/Pipe Scafford - Inadequate Defective/None,Brooklyn,11220.0,Closed,Unknown,2
63622751,2025-01-04 07:40:01,2025-01-08 00:00:00,DOB,Boilers,Boiler - Defective/Inoperative/No Permit,Queens,11414.0,Closed,Unknown,3
63622755,2025-01-04 18:05:41,2026-06-08 00:00:00,DOB,General Construction/Plumbing,Fence - None/Inadequate,Queens,11420.0,Closed,Unknown,519
63622756,2025-01-03 20:17:06,2025-01-06 00:00:00,DOB,General Construction/Plumbing,Sidewalk Shed/Pipe Scafford - Inadequate Defective/None,Brooklyn,11201.0,Closed,Unknown,2
63622757,2025-01-04 12:25:31,2025-02-21 00:00:00,DOB,General Construction/Plumbing,Fence - None/Inadequate,Brooklyn,11234.0,Closed,Unknown,47
63622762,2025-01-04 09:32:01,2025-01-06 00:00:00,DOB,General Construction/Plumbing,Debris - Excessive,Brooklyn,11215.0,Closed,Unknown,1
63622763,2025-01-04 19:07:21,2025-01-06 00:00:00,DOB,Plumbing,Plumbing Work - Illegal/No Permit/Standpipe/Sprinkler,Brooklyn,11222.0,Closed,Unknown,1
63622908,2025-01-04 19:32:27,2025-01-07 00:00:00,DOB,Elevator,Elevator - Single Device On Property/No Alternate Service,Manhattan,10029.0,Closed,Unknown,2
63622909,2025-01-04 18:17:44,2025-01-06 00:00:00,DOB,Elevator,Elevator - Single Device On Property/No Alternate Service,Manhattan,10026.0,Closed,Unknown,1
63622926,2025-01-04 19:01:11,2025-01-06 00:00:00,DOB,Elevator,Elevator - Multiple Devices On Property,Bronx,10453.0,Closed,Unknown,1
63622929,2025-01-04 16:07:42,2025-01-06 00:00:00,DOB,Elevator,Elevator - Multiple Devices On Property,Bronx,10460.0,Closed,Unknown,1
63623386,2025-01-04 18:42:19,2026-07-30 00:00:00,DOB,Special Projects Inspection Team (Spit),Adult Establishment,Queens,11354.0,Closed,Unknown,571
63623387,2025-01-04 09:38:03,2025-11-18 00:00:00,DOB,Building/Use,No Certificate Of Occupancy/Illegal/Contrary To CO,Queens,11361.0,Closed,Unknown,317
63623487,2025-01-04 19:26:04,2026-02-10 00:00:00,DOB,Special Projects Inspection Team (Spit),Adult Establishment,Queens,11354.0,Closed,Unknown,401
63623512,2025-01-04 12:22:31,2025-02-20 00:00:00,DOB,Building/Use,Illegal Conversion Of Residential Building/Space,Brooklyn,11234.0,Closed,Unknown,46
63623744,2025-01-04 18:51:48,2025-01-07 00:00:00,DOB,General Construction/Plumbing,Safety Netting/Guard Rails - Damaged/Inadequate/None (6 Stories/75 Feet Or Less),Brooklyn,11218.0,Closed,Unknown,2
63624189,2025-01-04 03:44:03,2025-01-08 00:00:00,DOB,Boilers,Boiler - Defective/Inoperative/No Permit,Queens,11414.0,Closed,Unknown,3
63624190,2025-01-04 11:28:22,2025-03-31 00:00:00,DOB,Building/Use,Illegal Conversion Of Residential Building/Space,Queens,11420.0,Closed,Unknown,85
63624219,2025-01-04 12:47:04,2025-01-07 00:00:00,DOB,Real Time Enforcement,Work Without A Permit - Occupied Multiple Dwelling,Brooklyn,11209.0,Closed,Unknown,2
63624223,2025-01-04 14:21:40,2025-01-30 00:00:00,DOB,Special Projects Inspection Team (Spit),Illegal Hotel Rooms In Residential Building,Queens,11423.0,Closed,Unknown,25
63624224,2025-01-04 14:24:40,2025-01-13 00:00:00,DOB,Boilers,Boiler - Defective/Inoperative/No Permit,Brooklyn,11212.0,Closed,Unknown,8
63624227,2025-01-04 09:38:22,2025-02-22 00:00:00,DOB,Building/Use,Zoning - Non-Conforming/Illegal Vehicle Storage,Brooklyn,11234.0,Closed,Unknown,48
63624228,2025-01-04 08:28:32,2025-01-07 00:00:00,DOB,Emergency Response Team (Ert),After Hours Work - Illegal,Brooklyn,11222.0,Closed,Unknown,2
63624231,2025-01-04 12:01:28,2025-06-04 00:00:00,DOB,Building/Use,Illegal Conversion Of Residential Building/Space,Queens,11417.0,Closed,Unknown,150
63624232,2025-01-04 17:20:53,2025-01-14 00:00:00,DOB,General Construction/Plumbing,Cons - Contrary/Beyond Approved Plans/Permits,Manhattan,10025.0,Closed,Unknown,9
63624239,2025-01-04 15:31:31,2025-01-06 00:00:00,DOB,General Construction/Plumbing,Sidewalk Shed/Pipe Scafford - Inadequate Defective/None,Manhattan,10022.0,Closed,Unknown,1
63624240,2025-01-04 11:49:45,2025-01-06 00:00:00,DOB,General Construction/Plumbing,Vent/Exhaust - Illegal/Improper,Manhattan,10002.0,Closed,Unknown,1
63624264,2025-01-04 19:23:03,2025-02-10 00:00:00,DOB,Special Projects Inspection Team (Spit),Illegal Hotel Rooms In Residential Building,Manhattan,10029.0,Closed,Unknown,36
63624265,2025-01-04 08:28:31,2025-01-14 00:00:00,DOB,Boilers,Boiler - Defective/Inoperative/No Permit,Brooklyn,11207.0,Closed,Unknown,9
63624266,2025-01-04 16:32:03,2025-07-30 00:00:00,DOB,Building/Use,Illegal Conversion Of Residential Building/Space,Queens,11370.0,Closed,Unknown,206
63624267,2025-01-04 09:59:27,2025-01-11 00:00:00,DOB,Emergency Response Team (Ert),After Hours Work - Illegal,Brooklyn,11214.0,Closed,Unknown,6
63624274,2025-01-03 21:27:07,2025-02-13 00:00:00,DOB,General Construction/Plumbing,Fence - None/Inadequate,Queens,11356.0,Closed,Unknown,40
63624303,2025-01-04 15:16:13,2025-03-05 00:00:00,DOB,Elevator,Elevator - Single Device On Property/No Alternate Service,Queens,11692.0,Closed,Unknown,59
63624329,2025-01-03 21:18:06,2025-01-24 00:00:00,DOB,Elevator,Elevator - Multiple Devices On Property,Brooklyn,11226.0,Closed,Unknown,20
63624336,2025-01-04 09:26:00,2025-06-11 00:00:00,DOB,Elevator,Elevator - Multiple Devices On Property,Brooklyn,11230.0,Closed,Unknown,157
63624902,2025-01-03 22:43:05,2025-01-21 00:00:00,DOB,General Construction/Plumbing,Building Permit - None,Queens,11432.0,Closed,Unknown,17
63625669,2025-01-04 13:54:36,2025-01-10 00:00:00,DOB,Boilers,Boiler - Defective/Inoperative/No Permit,Bronx,10459.0,Closed,Unknown,5
63625670,2025-01-04 16:16:44,2025-03-04 00:00:00,DOB,Building/Use,Illegal Conversion Of Residential Building/Space,Brooklyn,11236.0,Closed,Unknown,58
63625671,2025-01-04 10:42:33,2025-01-10 00:00:00,DOB,Emergency Response Team (Ert),After Hours Work - Illegal,Manhattan,10065.0,Closed,Unknown,5
63625674,2025-01-03 21:08:40,2025-01-16 00:00:00,DOB,General Construction/Plumbing,Sidewalk Shed/Pipe Scafford - Inadequate Defective/None,Queens,11375.0,Closed,Unknown,12
63625682,2025-01-04 14:09:38,2025-12-01 00:00:00,DOB,Building/Use,Illegal Conversion Of Residential Building/Space,Queens,11422.0,Closed,Unknown,330
63625683,2025-01-04 13:54:36,2026-07-08 00:00:00,DOB,Building/Use,Illegal Conversion Of Residential Building/Space,Queens,11691.0,Closed,Unknown,549
63625694,2025-01-03 20:11:24,2025-01-07 00:00:00,DOB,General Construction/Plumbing,Sidewalk Shed/Pipe Scafford - Inadequate Defective/None,Brooklyn,11201.0,Closed,Unknown,3
63625735,2025-01-04 14:49:09,2025-04-23 00:00:00,DOB,Building/Use,Illegal Conversion Of Residential Building/Space,Queens,11417.0,Closed,Unknown,108
63625736,2025-01-04 14:21:41,2025-01-06 00:00:00,DOB,Building/Use,Illegal. Commercial Use In Resident Zone,Queens,11420.0,Closed,Unknown,1
63625737,2025-01-04 10:09:06,2025-01-19 00:00:00,DOB,Emergency Response Team (Ert),After Hours Work - Illegal,Manhattan,10011.0,Closed,Unknown,14
63625738,2025-01-04 15:13:12,2025-01-11 00:00:00,DOB,Emergency Response Team (Ert),After Hours Work - Illegal,Staten Island,10306.0,Closed,Unknown,6
63625762,2025-01-03 22:52:07,2025-02-05 00:00:00,DOB,Boilers,Boiler - Defective/Inoperative/No Permit,Manhattan,10030.0,Closed,Unknown,32
63625775,2025-01-04 13:17:43,2025-04-23 00:00:00,DOB,General Construction/Plumbing,Failure To Maintain,Queens,11372.0,Closed,Unknown,108
63625776,2025-01-04 13:11:42,2025-02-13 00:00:00,DOB,Plumbing,Plumbing-Defective/Leaking/Not Maintained,Bronx,10470.0,Closed,Unknown,39
63626231,2025-01-04 18:36:18,2026-05-29 00:00:00,DOB,Special Projects Inspection Team (Spit),Adult Establishment,Queens,11354.0,Closed,Unknown,509
63626398,2025-01-04 19:23:04,2026-05-28 00:00:00,DOB,Special Projects Inspection Team (Spit),Adult Establishment,Queens,11355.0,Closed,Unknown,508
63627200,2025-01-04 12:01:28,2025-06-03 00:00:00,DOB,Building/Use,Illegal Conversion Of Residential Building/Space,Queens,11417.0,Closed,Unknown,149
63627201,2025-01-04 08:37:51,2025-01-07 00:00:00,DOB,Boilers,Boiler - Defective/Inoperative/No Permit,Brooklyn,11210.0,Closed,Unknown,2
63627202,2025-01-04 18:02:40,2025-01-06 00:00:00,DOB,Building/Use,Zoning - Non-Conforming/Illegal Vehicle Storage,Queens,11423.0,Closed,Unknown,1
63627203,2025-01-04 17:32:36,2025-05-09 00:00:00,DOB,General Construction/Plumbing,Cons - Contrary/Beyond Approved Plans/Permits,Manhattan,10036.0,Closed,Unknown,124
63627273,2025-01-04 15:55:40,2025-01-06 00:00:00,DOB,Real Time Enforcement,Work Without A Permit - Occupied Multiple Dwelling,Manhattan,10036.0,Closed,Unknown,1
63627286,2025-01-04 14:03:37,2025-01-09 00:00:00,DOB,Boilers,Boiler - Defective/Inoperative/No Permit,Queens,11691.0,Closed,Unknown,4
63627287,2025-01-04 15:40:38,2025-01-06 00:00:00,DOB,Building/Use,Illegal. Commercial Use In Resident Zone,Queens,11368.0,Closed,Unknown,1
63627288,2025-01-04 10:51:34,2025-01-16 00:00:00,DOB,Building/Use,SRO - Illegal Work/No Permit/Change In Occupancy/Use,Bronx,10472.0,Closed,Unknown,11
63627289,2025-01-04 16:26:02,2025-02-25 00:00:00,DOB,General Construction/Plumbing,Fence - None/Inadequate,Brooklyn,11220.0,Closed,Unknown,51
63627290,2025-01-04 08:37:34,2025-01-06 00:00:00,DOB,General Construction/Plumbing,Sidewalk Shed/Pipe Scafford - Inadequate Defective/None,Manhattan,10032.0,Closed,Unknown,1
63627306,2025-01-04 09:56:06,2025-01-07 00:00:00,DOB,Elevator,Elevator - Single Device On Property/No Alternate Service,Brooklyn,11211.0,Closed,Unknown,2
63627316,2025-01-04 18:20:44,2025-11-12 00:00:00,DOB,Elevator,Elevator - Single Device On Property/No Alternate Service,Bronx,10452.0,Closed,Unknown,311
63627317,2025-01-04 17:11:10,2025-12-31 00:00:00,DOB,Elevator,Elevator - Single Device On Property/No Alternate Service,Bronx,10453.0,Closed,Unknown,360
63627354,2025-01-04 08:19:29,2025-01-06 00:00:00,DOB,Elevator,Elevator - Single Device On Property/No Alternate Service,Bronx,10456.0,Closed,Unknown,1
63627909,2025-01-04 16:38:03,2025-07-18 00:00:00,DOB,Building/Use,No Certificate Of Occupancy/Illegal/Contrary To CO,Brooklyn,11235.0,Closed,Unknown,194
63627944,2025-01-04 18:42:20,2026-07-09 00:00:00,DOB,Special Projects Inspection Team (Spit),Adult Establishment,Queens,11419.0,Closed,Unknown,550
63627955,2025-01-04 09:59:45,2025-01-04 09:59:45,DOB,General Construction/Plumbing,Working Contrary To Stop Work Order,Brooklyn,11228.0,Closed,Unknown,0
63628087,2025-01-03 21:45:11,2025-12-08 00:00:00,DOB,Building/Use,No Certificate Of Occupancy/Illegal/Contrary To CO,Brooklyn,11230.0,Closed,Unknown,338
63628781,2025-01-03 22:42:45,2025-01-07 00:00:00,DOB,Real Time Enforcement,Work Without A Permit - Occupied Multiple Dwelling,Brooklyn,11226.0,Closed,Unknown,3
63628785,2025-01-04 09:32:28,2025-01-21 00:00:00,DOB,Special Projects Inspection Team (Spit),Illegal Hotel Rooms In Residential Building,Bronx,10459.0,Closed,Unknown,16
63628786,2025-01-04 17:20:33,2025-02-02 00:00:00,DOB,Emergency Response Team (Ert),After Hours Work - Illegal,Brooklyn,11217.0,Closed,Unknown,28
63628787,2025-01-04 12:34:36,2025-01-11 00:00:00,DOB,Emergency Response Team (Ert),After Hours Work - Illegal,Brooklyn,11231.0,Closed,Unknown,6
63628790,2025-01-04 12:44:04,2025-01-06 00:00:00,DOB,General Construction/Plumbing,Cons - Contrary/Beyond Approved Plans/Permits,Brooklyn,11204.0,Closed,Unknown,1
63628791,2025-01-04 09:41:03,2025-01-06 00:00:00,DOB,General Construction/Plumbing,Sidewalk Shed/Pipe Scafford - Inadequate Defective/None,Manhattan,10018.0,Closed,Unknown,1
63628813,2025-01-04 13:14:42,2025-01-10 00:00:00,DOB,Boilers,Boiler - Defective/Inoperative/No Permit,Queens,11429.0,Closed,Unknown,5
63628817,2025-01-04 11:40:24,2025-01-07 00:00:00,DOB,Boilers,Boiler - Defective/Inoperative/No Permit,Brooklyn,11222.0,Closed,Unknown,2
63628818,2025-01-03 20:32:36,2025-02-26 00:00:00,DOB,Building/Use,Illegal Conversion Of Residential Building/Space,Staten Island,10310.0,Closed,Unknown,53
63628819,2025-01-04 08:19:29,2025-02-26 00:00:00,DOB,Building/Use,Illegal. Commercial Use In Resident Zone,Queens,11106.0,Closed,Unknown,52
63628821,2025-01-03 23:19:11,2025-01-07 00:00:00,DOB,General Construction/Plumbing,Sidewalk Shed/Pipe Scafford - Inadequate Defective/None,Manhattan,10031.0,Closed,Unknown,3
63628840,2025-01-04 11:49:26,2025-01-06 00:00:00,DOB,Real Time Enforcement,Work Without A Permit - Occupied Multiple Dwelling,Brooklyn,11208.0,Closed,Unknown,1
63628842,2025-01-04 11:55:27,2025-08-14 00:00:00,DOB,Building/Use,Illegal Conversion Of Residential Building/Space,Staten Island,10302.0,Closed,Unknown,221
63628850,2025-01-04 12:56:19,2025-01-07 00:00:00,DOB,General Construction/Plumbing,Sidewalk Shed/Pipe Scafford - Inadequate Defective/None,Brooklyn,11220.0,Closed,Unknown,2
63628886,2025-01-04 09:50:05,2025-02-11 00:00:00,DOB,Special Projects Inspection Team (Spit),Illegal Hotel Rooms In Residential Building,Manhattan,10128.0,Closed,Unknown,37
63628887,2025-01-04 00:37:22,2025-01-10 00:00:00,DOB,Boilers,Boiler - Defective/Inoperative/No Permit,Brooklyn,11225.0,Closed,Unknown,5
63628888,2025-01-03 21:51:12,2025-01-16 00:00:00,DOB,Building/Use,Illegal Conversion Of Residential Building/Space,Bronx,10473.0,Closed,Unknown,12
63628889,2025-01-03 19:46:30,2025-01-08 00:00:00,DOB,Emergency Response Team (Ert),After Hours Work - Illegal,Bronx,10466.0,Closed,Unknown,4
63628890,2025-01-04 11:46:25,2025-01-11 00:00:00,DOB,Emergency Response Team (Ert),After Hours Work - Illegal,Staten Island,10306.0,Closed,Unknown,6
63628898,2025-01-04 10:05:59,2025-01-06 00:00:00,DOB,General Construction/Plumbing,Sidewalk Shed/Pipe Scafford - Inadequate Defective/None,Bronx,10462.0,Closed,Unknown,1
63628947,2025-01-03 19:46:29,2025-01-06 00:00:00,DOB,Elevator,Elevator - Multiple Devices On Property,Bronx,10456.0,Closed,Unknown,2
63628948,2025-01-03 23:25:13,2025-06-30 00:00:00,DOB,Elevator,Elevator - Multiple Devices On Property,Brooklyn,11222.0,Closed,Unknown,177
63628949,2025-01-04 09:32:01,2025-01-06 00:00:00,DOB,Elevator,Elevator - Single Device On Property/No Alternate Service,Manhattan,10026.0,Closed,Unknown,1
63628959,2025-01-04 18:33:17,2025-04-25 00:00:00,DOB,Elevator,Elevator - Multiple Devices On Property,Brooklyn,11205.0,Closed,Unknown,110
63628960,2025-01-04 19:35:28,2025-06-20 00:00:00,DOB,Elevator,Elevator - Single Device On Property/No Alternate Service,Manhattan,10040.0,Closed,Unknown,166
63628964,2025-01-03 21:51:37,2025-04-01 00:00:00,DOB,Elevator,Elevator - Single Device On Property/No Alternate Service,Brooklyn,11235.0,Closed,Unknown,87
63629322,2025-01-04 19:01:21,2026-05-28 00:00:00,DOB,Special Projects Inspection Team (Spit),Adult Establishment,Queens,11355.0,Closed,Unknown,508
63629324,2025-01-04 18:45:19,2026-02-10 00:00:00,DOB,Special Projects Inspection Team (Spit),Adult Establishment,Queens,11354.0,Closed,Unknown,401
63629389,2025-01-04 09:56:27,2025-01-06 00:00:00,DOB,General Construction/Plumbing,Working Contrary To Stop Work Order,Brooklyn,11213.0,Closed,Unknown,1
63629499,2025-01-04 18:52:09,2026-08-20 00:00:00,DOB,Special Projects Inspection Team (Spit),Adult Establishment,Queens,11355.0,Closed,Unknown,592
63629500,2025-01-04 18:51:48,2026-06-23 00:00:00,DOB,Special Projects Inspection Team (Spit),Adult Establishment,Queens,11102.0,Closed,Unknown,534
63629583,2025-01-04 16:10:43,2025-10-22 00:00:00,DOB,General Construction/Plumbing,Curb Cut/Driveway/Carport - Illegal,Brooklyn,11226.0,Closed,Unknown,290
63629670,2025-01-04 19:01:11,2026-05-26 00:00:00,DOB,Special Projects Inspection Team (Spit),Adult Establishment,Queens,11358.0,Closed,Unknown,506
63629672,2025-01-04 18:58:10,2026-06-01 00:00:00,DOB,Special Projects Inspection Team (Spit),Adult Establishment,Queens,11354.0,Closed,Unknown,512
63629686,2025-01-04 15:01:10,2025-01-06 00:00:00,DOB,General Construction/Plumbing,Building Permit - None,Bronx,10473.0,Closed,Unknown,1
63629687,2025-01-04 12:34:33,2025-01-06 00:00:00,DOB,General Construction/Plumbing,Building Permit - None,Brooklyn,11209.0,Closed,Unknown,1
63629691,2025-01-03 20:11:05,2026-02-05 00:00:00,DOB,Special Projects Inspection Team (Spit),Advertising Sign/Billboard/Posters/Flexible Fabric - Illegal,Manhattan,10011.0,Closed,Unknown,397
63630259,2025-01-04 12:31:32,2025-08-14 00:00:00,DOB,Building/Use,Illegal Conversion Of Residential Building/Space,Queens,11378.0,Closed,Unknown,221
63630260,2025-01-04 16:19:45,2025-01-09 00:00:00,DOB,Building/Use,Zoning - Non-Conforming/Illegal Vehicle Storage,Brooklyn,11235.0,Closed,Unknown,4
63630293,2025-01-04 10:51:48,2025-03-12 00:00:00,DOB,Building/Use,Illegal Conversion Of Residential Building/Space,Bronx,10455.0,Closed,Unknown,66
63630294,2025-01-04 09:19:58,2025-12-29 00:00:00,DOB,Building/Use,Illegal Conversion Of Residential Building/Space,Queens,11419.0,Closed,Unknown,358
63630297,2025-01-04 11:27:54,2025-01-06 00:00:00,DOB,General Construction/Plumbing,Building Shaking/Vibrating/Structural Stability,Queens,11355.0,Closed,Unknown,1
63630331,2025-01-04 17:17:11,2025-01-08 00:00:00,DOB,Boilers,Boiler - Defective/Inoperative/No Permit,Queens,11373.0,Closed,Unknown,3
63630332,2025-01-04 10:42:52,2025-12-01 00:00:00,DOB,Building/Use,Illegal Conversion Of Residential Building/Space,Queens,11428.0,Closed,Unknown,330
63630399,2025-01-03 22:27:43,2025-03-28 00:00:00,DOB,Elevator,Elevator - Single Device On Property/No Alternate Service,Queens,11377.0,Closed,Unknown,83
63630410,2025-01-04 17:23:34,2025-01-08 00:00:00,DOB,Boilers,Boiler - Defective/Inoperative/No Permit,Queens,11373.0,Closed,Unknown,3
63630411,2025-01-04 17:17:33,2025-06-01 00:00:00,DOB,Building/Use,Illegal Conversion Of Residential Building/Space,Queens,11692.0,Closed,Unknown,147
63630412,2025-01-04 08:31:33,2025-01-06 00:00:00,DOB,Building/Use,Illegal Conversion Of Residential Building/Space,Queens,11419.0,Closed,Unknown,1
63630413,2025-01-04 10:57:48,2025-01-11 00:00:00,DOB,Emergency Response Team (Ert),After Hours Work - Illegal,Brooklyn,11222.0,Closed,Unknown,6
63630414,2025-01-04 12:34:35,2025-09-09 00:00:00,DOB,Elevator,Elevator - Single Device On Property/No Alternate Service,Bronx,10462.0,Closed,Unknown,247
63630444,2025-01-03 20:02:04,2025-07-07 00:00:00,DOB,Elevator,Elevator - Multiple Devices On Property,Brooklyn,11205.0,Closed,Unknown,184
63630445,2025-01-04 08:22:30,2025-01-06 00:00:00,DOB,Elevator,Elevator - Single Device On Property/No Alternate Service,Bronx,10452.0,Closed,Unknown,1
63630446,2025-01-03 20:17:06,2025-03-05 00:00:00,DOB,Elevator,Elevator - Single Device On Property/No Alternate Service,Manhattan,10031.0,Closed,Unknown,60
63630846,2025-01-04 13:26:44,2025-01-06 00:00:00,DOB,General Construction/Plumbing,Building Permit - None,Queens,11435.0,Closed,Unknown,1
63630847,2025-01-04 06:30:51,2025-01-30 00:00:00,DOB,Special Projects Inspection Team (Spit),Advertising Sign/Billboard/Posters/Flexible Fabric - Illegal,Staten Island,10309.0,Closed,Unknown,25
63630919,2025-01-04 09:38:03,2025-01-04 09:38:03,DOB,General Construction/Plumbing,Working Contrary To Stop Work Order,Brooklyn,11213.0,Closed,Unknown,0
63631819,2025-01-04 12:40:37,2025-01-08 00:00:00,DOB,Real Time Enforcement,Work Without A Permit - Occupied Multiple Dwelling,Brooklyn,11209.0,Closed,Unknown,3
63631820,2025-01-04 12:34:33,2025-01-08 00:00:00,DOB,Real Time Enforcement,Work Without A Permit - Occupied Multiple Dwelling,Brooklyn,11209.0,Closed,Unknown,3
63631827,2025-01-03 19:58:34,2025-01-07 00:00:00,DOB,Emergency Response Team (Ert),After Hours Work - Illegal,Brooklyn,11214.0,Closed,Unknown,3
63631828,2025-01-04 14:40:07,2025-02-04 00:00:00,DOB,General Construction/Plumbing,"Building - Vacant, Open And Unguarded",Manhattan,10027.0,Closed,Unknown,30
63631916,2025-01-04 04:05:06,2025-03-28 00:00:00,DOB,Building/Use,Illegal Conversion Of Residential Building/Space,Bronx,10465.0,Closed,Unknown,82
63631958,2025-01-03 19:40:28,2025-01-06 00:00:00,DOB,Elevator,Elevator - Multiple Devices On Property,Bronx,10456.0,Closed,Unknown,2
63631965,2025-01-04 16:07:42,2025-07-09 00:00:00,DOB,Elevator,Elevator - Single Device On Property/No Alternate Service,Brooklyn,11233.0,Closed,Unknown,185
63632005,2025-01-04 17:11:10,2025-01-08 00:00:00,DOB,Boilers,Boiler - Defective/Inoperative/No Permit,Queens,11373.0,Closed,Unknown,3
63632006,2025-01-03 21:54:38,2025-04-07 00:00:00,DOB,Building/Use,Illegal Conversion Of Residential Building/Space,Brooklyn,11207.0,Closed,Unknown,93
63632007,2025-01-03 21:48:11,2025-03-31 00:00:00,DOB,Building/Use,Illegal Conversion Of Residential Building/Space,Brooklyn,11230.0,Closed,Unknown,86
63632008,2025-01-04 08:49:54,2026-08-19 00:00:00,DOB,Building/Use,Illegal. Commercial Use In Resident Zone,Brooklyn,11208.0,Closed,Unknown,591
63632011,2025-01-04 14:55:09,2025-01-09 00:00:00,DOB,Elevator,Elevator - Single Device On Property/No Alternate Service,Manhattan,10021.0,Closed,Unknown,4
63632013,2025-01-03 22:33:44,2025-01-05 00:00:00,DOB,General Construction/Plumbing,Building Shaking/Vibrating/Structural Stability,Bronx,10459.0,Closed,Unknown,1
63632037,2025-01-03 20:17:06,2025-06-24 00:00:00,DOB,Elevator,Elevator - Single Device On Property/No Alternate Service,Bronx,10452.0,Closed,Unknown,171
63632439,2025-01-04 14:36:43,2025-01-06 00:00:00,DOB,General Construction/Plumbing,Building Permit - None,Brooklyn,11213.0,Closed,Unknown,1
63632492,2025-01-04 19:20:02,2026-02-10 00:00:00,DOB,Special Projects Inspection Team (Spit),Adult Establishment,Queens,11358.0,Closed,Unknown,401
63632493,2025-01-04 18:45:47,2026-06-05 00:00:00,DOB,Special Projects Inspection Team (Spit),Adult Establishment,Queens,11373.0,Closed,Unknown,516
63632622,2025-01-04 18:48:47,2025-10-06 00:00:00,DOB,Special Projects Inspection Team (Spit),Adult Establishment,Queens,11428.0,Closed,Unknown,274
63633364,2025-01-04 15:49:39,2025-01-28 00:00:00,DOB,Emergency Response Team (Ert),After Hours Work - Illegal,Brooklyn,11249.0,Closed,Unknown,23
63633406,2025-01-04 13:23:44,2025-01-06 00:00:00,DOB,Special Projects Inspection Team (Spit),Illegal Hotel Rooms In Residential Building,Bronx,10467.0,Closed,Unknown,1
63633407,2025-01-04 14:09:38,2025-02-05 00:00:00,DOB,Boilers,Boiler - Defective/Inoperative/No Permit,Brooklyn,11226.0,Closed,Unknown,31
63633408,2025-01-04 08:16:48,2025-01-29 00:00:00,DOB,Emergency Response Team (Ert),After Hours Work - Illegal,Brooklyn,11229.0,Closed,Unknown,24
63633417,2025-01-04 16:04:41,2025-01-06 00:00:00,DOB,General Construction/Plumbing,Cons - Contrary/Beyond Approved Plans/Permits,Brooklyn,11235.0,Closed,Unknown,1
63633418,2025-01-04 12:31:33,2025-01-07 00:00:00,DOB,General Construction/Plumbing,Sidewalk Shed/Pipe Scafford - Inadequate Defective/None,Brooklyn,11201.0,Closed,Unknown,2
63633472,2025-01-04 15:31:36,2025-01-06 00:00:00,DOB,Real Time Enforcement,Work Without A Permit - Occupied Multiple Dwelling,Queens,11385.0,Closed,Unknown,1
63633476,2025-01-04 00:37:22,2025-12-19 00:00:00,DOB,Building/Use,Illegal Conversion Of Residential Building/Space,Queens,11416.0,Closed,Unknown,348
63633485,2025-01-04 10:15:07,2025-02-03 00:00:00,DOB,Elevator,Elevator - Multiple Devices On Property,Queens,11375.0,Closed,Unknown,29
63633486,2025-01-04 01:22:40,2025-11-17 00:00:00,DOB,Elevator,Elevator - Single Device On Property/No Alternate Service,Bronx,10453.0,Closed,Unknown,316
63633489,2025-01-03 20:50:38,2025-01-06 00:00:00,DOB,General Construction/Plumbing,Sidewalk Shed/Pipe Scafford - Inadequate Defective/None,Manhattan,10014.0,Closed,Unknown,2
63633527,2025-01-03 20:20:07,2025-01-10 00:00:00,DOB,Elevator,Elevator - Multiple Devices On Property,Brooklyn,11207.0,Closed,Unknown,6
63633528,2025-01-03 20:02:04,2025-06-06 00:00:00,DOB,Elevator,Elevator - Single Device On Property/No Alternate Service,Manhattan,10025.0,Closed,Unknown,153
63633532,2025-01-03 20:53:38,2025-01-07 00:00:00,DOB,Boilers,Boiler - Defective/Inoperative/No Permit,Bronx,10469.0,Closed,Unknown,3
63633533,2025-01-04 15:40:38,2025-06-26 00:00:00,DOB,Building/Use,Zoning - Non-Conforming/Illegal Vehicle Storage,Brooklyn,11208.0,Closed,Unknown,172
63633534,2025-01-04 10:02:47,2025-01-07 00:00:00,DOB,Emergency Response Team (Ert),After Hours Work - Illegal,Manhattan,10012.0,Closed,Unknown,2
63633540,2025-01-04 13:08:21,2025-04-10 00:00:00,DOB,Plumbing,Failure To Retain Water/Improper Drainage- (LL103/89),Queens,11373.0,Closed,Unknown,95
63633563,2025-01-04 11:43:24,2025-01-06 00:00:00,DOB,Elevator,Elevator - Multiple Devices On Property,Bronx,10456.0,Closed,Unknown,1
63634057,2025-01-04 19:26:05,2026-05-27 00:00:00,DOB,Special Projects Inspection Team (Spit),Adult Establishment,Queens,11354.0,Closed,Unknown,507
63634179,2025-01-04 00:34:41,2025-01-04 00:34:41,DOB,Emergency Response Team (Ert),After Hours Work - Illegal,Brooklyn,11229.0,Closed,Unknown,0
63634253,2025-01-04 19:29:06,2025-04-01 00:00:00,DOB,Building/Use,Illegal Conversion Of Residential Building/Space,Queens,11426.0,Closed,Unknown,86
63635134,2025-01-04 20:05:52,2025-01-06 00:00:00,DOB,Real Time Enforcement,Work Without A Permit - Occupied Multiple Dwelling,Manhattan,10003.0,Closed,Unknown,1
63635137,2025-01-05 12:43:33,2025-01-06 00:00:00,DOB,Real Time Enforcement,Work Without A Permit - Occupied Multiple Dwelling,Brooklyn,11213.0,Closed,Unknown,0
63635149,2025-01-04 22:16:04,2025-05-06 00:00:00,DOB,General Construction/Plumbing,Curb Cut/Driveway/Carport - Illegal,Queens,11435.0,Closed,Unknown,121
63635411,2025-01-04 19:59:37,2025-02-06 00:00:00,DOB,Special Projects Inspection Team (Spit),Illegal Hotel Rooms In Residential Building,Manhattan,10024.0,Closed,Unknown,32
63635412,2025-01-04 20:54:26,2025-01-07 00:00:00,DOB,Boilers,Boiler - Defective/Inoperative/No Permit,Brooklyn,11209.0,Closed,Unknown,2
63635425,2025-01-05 15:41:08,2025-06-13 00:00:00,DOB,Building/Use,Illegal Conversion Of Residential Building/Space,Queens,11416.0,Closed,Unknown,158
63635432,2025-01-05 16:59:20,2025-01-22 00:00:00,DOB,Building/Use,Illegal Conversion Of Residential Building/Space,Bronx,10467.0,Closed,Unknown,16
63635433,2025-01-05 11:27:19,2025-01-09 00:00:00,DOB,General Construction/Plumbing,Site Conditions Endangering Workers,Brooklyn,11238.0,Closed,Unknown,3
63635438,2025-01-05 08:28:07,2025-01-11 00:00:00,DOB,Emergency Response Team (Ert),After Hours Work - Illegal,Bronx,10469.0,Closed,Unknown,5
63635444,2025-01-05 14:55:38,2025-01-06 00:00:00,DOB,Building/Use,Illegal. Commercial Use In Resident Zone,Bronx,10456.0,Closed,Unknown,0
63635454,2025-01-05 10:54:14,2025-03-08 00:00:00,DOB,General Construction/Plumbing,"Building - Vacant, Open And Unguarded",Queens,11691.0,Closed,Unknown,61
63635467,2025-01-05 10:53:47,2025-01-07 00:00:00,DOB,Emergency Response Team (Ert),After Hours Work - Illegal,Queens,11436.0,Closed,Unknown,1
63635712,2025-01-05 12:19:08,2025-03-08 00:00:00,DOB,General Construction/Plumbing,Cons - Contrary/Beyond Approved Plans/Permits,Brooklyn,11249.0,Closed,Unknown,61
63635728,2025-01-05 11:49:03,2025-01-06 00:00:00,DOB,General Construction/Plumbing,Posted Notice Or Order Removed/Tampered With,Brooklyn,11206.0,Closed,Unknown,0
63635736,2025-01-05 12:52:35,2025-01-06 00:00:00,DOB,General Construction/Plumbing,Fence - None/Inadequate,Brooklyn,11249.0,Closed,Unknown,0
63635753,2025-01-05 13:16:40,2025-01-06 00:00:00,DOB,Plumbing,Plumbing Work - Illegal/No Permit/Standpipe/Sprinkler,Brooklyn,11226.0,Closed,Unknown,0
63635780,2025-01-05 17:30:12,2025-01-06 00:00:00,DOB,Special Projects Inspection Team (Spit),Sign/Awning/Marquee - Illegal/No Permit,Brooklyn,11215.0,Closed,Unknown,0
63635801,2025-01-05 13:31:56,2025-01-30 00:00:00,DOB,General Construction/Plumbing,Vent/Exhaust - Illegal/Improper,Manhattan,10040.0,Closed,Unknown,24
63636348,2025-01-05 13:31:43,2025-02-24 00:00:00,DOB,Elevator,Elevator - Single Device On Property/No Alternate Service,Queens,11435.0,Closed,Unknown,49
63636349,2025-01-05 11:05:49,2025-11-12 00:00:00,DOB,Elevator,Elevator - Single Device On Property/No Alternate Service,Bronx,10457.0,Closed,Unknown,310
63636350,2025-01-05 11:30:34,2025-04-02 00:00:00,DOB,Elevator,Elevator - Single Device On Property/No Alternate Service,Brooklyn,11219.0,Closed,Unknown,86
63636351,2025-01-05 13:47:44,2025-02-24 00:00:00,DOB,Elevator,Elevator - Single Device On Property/No Alternate Service,Queens,11435.0,Closed,Unknown,49
63636369,2025-01-05 15:13:41,2025-03-12 00:00:00,DOB,Elevator,Elevator - Multiple Devices On Property,Brooklyn,11239.0,Closed,Unknown,65
63636373,2025-01-05 15:53:10,2025-01-06 00:00:00,DOB,Elevator,Elevator - Single Device On Property/No Alternate Service,Bronx,10461.0,Closed,Unknown,0
63636381,2025-01-05 13:25:41,2026-02-10 00:00:00,DOB,Special Projects Inspection Team (Spit),Adult Establishment,Queens,11354.0,Closed,Unknown,400
63636385,2025-01-05 14:00:20,2026-06-12 00:00:00,DOB,Special Projects Inspection Team (Spit),Adult Establishment,Brooklyn,11220.0,Closed,Unknown,522
63636388,2025-01-05 08:39:50,2025-01-18 00:00:00,DOB,General Construction/Plumbing,Building Permit - None,Queens,11428.0,Closed,Unknown,12
63636396,2025-01-05 19:24:31,2025-01-21 00:00:00,DOB,General Construction/Plumbing,Building Permit - None,Staten Island,10301.0,Closed,Unknown,15
63636400,2025-01-05 10:56:48,2025-09-16 00:00:00,DOB,General Construction/Plumbing,Cons - Contrary/Beyond Approved Plans/Permits,Queens,11419.0,Closed,Unknown,253
63636706,2025-01-05 17:26:45,2025-05-29 00:00:00,DOB,General Construction/Plumbing,Curb Cut/Driveway/Carport - Illegal,Brooklyn,11204.0,Closed,Unknown,143
63637785,2025-01-05 08:16:52,2025-01-10 00:00:00,DOB,Boilers,Boiler - Defective/Inoperative/No Permit,Staten Island,10310.0,Closed,Unknown,4
63637792,2025-01-05 16:50:18,2025-01-07 00:00:00,DOB,Boilers,Boiler - Defective/Inoperative/No Permit,Brooklyn,11226.0,Closed,Unknown,1
63637793,2025-01-04 22:58:10,2025-03-18 00:00:00,DOB,Building/Use,Illegal Conversion Of Residential Building/Space,Brooklyn,11229.0,Closed,Unknown,72
63637810,2025-01-05 13:44:43,2025-01-07 00:00:00,DOB,General Construction/Plumbing,Sidewalk Shed/Pipe Scafford - Inadequate Defective/None,Manhattan,10026.0,Closed,Unknown,1
63637822,2025-01-04 19:59:37,2025-02-18 00:00:00,DOB,Special Projects Inspection Team (Spit),Illegal Hotel Rooms In Residential Building,Manhattan,10032.0,Closed,Unknown,44
63637823,2025-01-05 09:00:55,2025-01-16 00:00:00,DOB,Boilers,Boiler - Defective/Inoperative/No Permit,Manhattan,10011.0,Closed,Unknown,10
63637836,2025-01-04 19:41:31,2025-02-18 00:00:00,DOB,General Construction/Plumbing,Sidewalk Shed/Pipe Scafford - Inadequate Defective/None,Brooklyn,11231.0,Closed,Unknown,44
63637837,2025-01-05 12:13:06,2025-01-07 00:00:00,DOB,Plumbing,Sprinkler System - Inadequate,Manhattan,10003.0,Closed,Unknown,1
63637905,2025-01-05 17:20:24,2025-01-07 00:00:00,DOB,Boilers,Boiler - Defective/Inoperative/No Permit,Brooklyn,11203.0,Closed,Unknown,1
63637906,2025-01-05 02:20:50,2025-11-12 00:00:00,DOB,Building/Use,SRO - Illegal Work/No Permit/Change In Occupancy/Use,Brooklyn,11219.0,Closed,Unknown,310
63637907,2025-01-05 09:41:21,2025-04-01 00:00:00,DOB,Building/Use,Zoning - Non-Conforming/Illegal Vehicle Storage,Queens,11416.0,Closed,Unknown,85
63637909,2025-01-05 01:20:24,2025-01-07 00:00:00,DOB,Building/Use,Illegal Conversion Of Residential Building/Space,Queens,11417.0,Closed,Unknown,1
63637910,2025-01-05 02:35:54,2025-04-04 00:00:00,DOB,Building/Use,Illegal Conversion Of Residential Building/Space,Brooklyn,11220.0,Closed,Unknown,88
63637911,2025-01-05 13:25:42,2025-01-08 00:00:00,DOB,Emergency Response Team (Ert),After Hours Work - Illegal,Brooklyn,11216.0,Closed,Unknown,2
63637951,2025-01-05 13:53:45,2026-05-27 00:00:00,DOB,Special Projects Inspection Team (Spit),Adult Establishment,Brooklyn,11220.0,Closed,Unknown,506
63639343,2025-01-05 15:32:05,2025-01-23 00:00:00,DOB,Boilers,Boiler - Defective/Inoperative/No Permit,Queens,11428.0,Closed,Unknown,17
63639344,2025-01-05 10:44:46,2025-01-07 00:00:00,DOB,Electrical,Electrical Wiring Defective/Exposed,Queens,11355.0,Closed,Unknown,1
63639345,2025-01-05 11:17:51,2025-01-13 00:00:00,DOB,Emergency Response Team (Ert),After Hours Work - Illegal,Queens,11365.0,Closed,Unknown,7
63639346,2025-01-05 15:04:39,2025-01-19 00:00:00,DOB,Emergency Response Team (Ert),After Hours Work - Illegal,Brooklyn,11226.0,Closed,Unknown,13
63639353,2025-01-05 17:39:13,2025-01-07 00:00:00,DOB,General Construction/Plumbing,Sidewalk Shed/Pipe Scafford - Inadequate Defective/None,Brooklyn,11235.0,Closed,Unknown,1
63639406,2025-01-05 16:11:12,2025-01-10 00:00:00,DOB,Elevator,Elevator - Multiple Devices On Property,Manhattan,10035.0,Closed,Unknown,4
63639422,2025-01-05 09:35:13,2025-01-06 00:00:00,DOB,Elevator,Elevator - Multiple Devices On Property,Bronx,10459.0,Closed,Unknown,0
63639423,2025-01-04 22:19:04,2025-01-06 00:00:00,DOB,Elevator,Elevator - Single Device On Property/No Alternate Service,Manhattan,10039.0,Closed,Unknown,1
63639428,2025-01-05 11:30:20,2025-01-13 00:00:00,DOB,Boilers,Boiler - Defective/Inoperative/No Permit,Bronx,10469.0,Closed,Unknown,7
63639430,2025-01-05 12:49:34,2025-01-07 00:00:00,DOB,Building/Use,Illegal Conversion Of Residential Building/Space,Queens,11104.0,Closed,Unknown,1
63639431,2025-01-05 09:20:09,2025-01-06 00:00:00,DOB,Building/Use,Illegal Conversion Of Residential Building/Space,Brooklyn,11209.0,Closed,Unknown,0
63639451,2025-01-05 10:59:48,2025-01-06 00:00:00,DOB,General Construction/Plumbing,Debris - Falling Or In Danger Of Falling,Brooklyn,11216.0,Closed,Unknown,0
63639477,2025-01-05 12:13:06,2025-01-06 00:00:00,DOB,General Construction/Plumbing,Debris - Falling Or In Danger Of Falling,Manhattan,10025.0,Closed,Unknown,0
63639500,2025-01-05 13:38:42,2025-10-14 00:00:00,DOB,Special Projects Inspection Team (Spit),Adult Establishment,Queens,11362.0,Closed,Unknown,281
63639505,2025-01-04 20:21:21,2025-01-16 00:00:00,DOB,General Construction/Plumbing,Building Permit - None,Brooklyn,11214.0,Closed,Unknown,11
63639506,2025-01-05 14:06:49,2025-01-06 00:00:00,DOB,Elevator,Elevator - Multiple Devices On Property,Manhattan,10128.0,Closed,Unknown,0
63639510,2025-01-05 10:35:29,2025-01-22 00:00:00,DOB,Elevator,Elevator - Single Device On Property/No Alternate Service,Brooklyn,11232.0,Closed,Unknown,16
63639537,2025-01-05 13:31:43,2026-05-28 00:00:00,DOB,Special Projects Inspection Team (Spit),Adult Establishment,Queens,11354.0,Closed,Unknown,507
63639538,2025-01-05 14:00:32,2026-06-04 00:00:00,DOB,Special Projects Inspection Team (Spit),Adult Establishment,Brooklyn,11220.0,Closed,Unknown,514
63639539,2025-01-05 14:58:38,2025-01-07 00:00:00,DOB,Investigations And Discipline (Iad),Plumbing Work - Unlicensed/Illegal/Improper Work In Progress,Queens,11385.0,Closed,Unknown,1
63639548,2025-01-05 16:23:14,2025-01-07 00:00:00,DOB,General Construction/Plumbing,Building Permit - None,Brooklyn,11213.0,Closed,Unknown,1
63639549,2025-01-05 12:25:09,2025-01-10 00:00:00,DOB,General Construction/Plumbing,Building Permit - None,Brooklyn,11234.0,Closed,Unknown,4
63639554,2025-01-05 16:26:14,2025-01-06 00:00:00,DOB,General Construction/Plumbing,Building Permit - None,Brooklyn,11203.0,Closed,Unknown,0
63639936,2025-01-05 17:14:24,2025-02-12 00:00:00,DOB,General Construction/Plumbing,Curb Cut/Driveway/Carport - Illegal,Bronx,10463.0,Closed,Unknown,37
63640845,2025-01-05 13:38:28,2026-06-01 00:00:00,DOB,General Construction/Plumbing,Building Permit - None,Queens,11361.0,Closed,Unknown,511
63640872,2025-01-05 14:55:38,2025-12-22 00:00:00,DOB,Building/Use,Illegal Conversion Of Residential Building/Space,Queens,11420.0,Closed,Unknown,350
63640873,2025-01-05 09:13:13,2025-01-11 00:00:00,DOB,Emergency Response Team (Ert),After Hours Work - Illegal,Brooklyn,11215.0,Closed,Unknown,5
63640884,2025-01-05 11:46:02,2025-01-06 00:00:00,DOB,General Construction/Plumbing,Sidewalk Shed/Pipe Scafford - Inadequate Defective/None,Bronx,10454.0,Closed,Unknown,0
63640926,2025-01-05 14:00:13,2025-12-03 00:00:00,DOB,Building/Use,Illegal Conversion Of Residential Building/Space,Brooklyn,11214.0,Closed,Unknown,331
63640932,2025-01-05 11:37:00,2025-01-06 00:00:00,DOB,Elevator,Elevator - Single Device On Property/No Alternate Service,Manhattan,10026.0,Closed,Unknown,0
63640969,2025-01-05 13:34:57,2026-07-30 00:00:00,DOB,Special Projects Inspection Team (Spit),Adult Establishment,Queens,11362.0,Closed,Unknown,570
63640988,2025-01-05 11:08:50,2025-05-24 00:00:00,DOB,Building/Use,No Certificate Of Occupancy/Illegal/Contrary To CO,Brooklyn,11216.0,Closed,Unknown,138
63640994,2025-01-05 18:36:23,2025-01-07 00:00:00,DOB,Investigations And Discipline (Iad),Investigative Inspection,Brooklyn,11235.0,Closed,Unknown,1
63641023,2025-01-05 14:12:51,2025-08-01 00:00:00,DOB,Special Projects Inspection Team (Spit),Adult Establishment,Brooklyn,11214.0,Closed,Unknown,207
63641380,2025-01-05 15:26:04,2025-04-17 00:00:00,DOB,General Construction/Plumbing,Curb Cut/Driveway/Carport - Illegal,Brooklyn,11215.0,Closed,Unknown,101
63642384,2025-01-05 10:41:45,2025-02-26 00:00:00,DOB,Building/Use,Illegal Conversion Of Residential Building/Space,Bronx,10470.0,Closed,Unknown,51
63642385,2025-01-05 14:21:53,2025-02-19 00:00:00,DOB,Building/Use,Illegal Conversion Of Residential Building/Space,Brooklyn,11207.0,Closed,Unknown,44
63642386,2025-01-05 14:43:35,2025-01-06 00:00:00,DOB,Building/Use,Illegal. Commercial Use In Resident Zone,Bronx,10456.0,Closed,Unknown,0
63642387,2025-01-05 13:07:38,2025-01-11 00:00:00,DOB,Emergency Response Team (Ert),After Hours Work - Illegal,Brooklyn,11217.0,Closed,Unknown,5
63642431,2025-01-05 07:15:38,2025-06-02 00:00:00,DOB,Building/Use,Illegal Conversion Of Residential Building/Space,Queens,11365.0,Closed,Unknown,147
63642513,2025-01-05 17:42:14,2025-06-11 00:00:00,DOB,Elevator,Elevator - Single Device On Property/No Alternate Service,Brooklyn,11230.0,Closed,Unknown,156
63642518,2025-01-05 15:29:05,2025-01-26 00:00:00,DOB,Emergency Response Team (Ert),After Hours Work - Illegal,Manhattan,10036.0,Closed,Unknown,20
63642531,2025-01-05 09:53:22,2025-01-28 00:00:00,DOB,General Construction/Plumbing,Fence - None/Inadequate,Queens,11355.0,Closed,Unknown,22
63642532,2025-01-05 17:29:46,2025-01-08 00:00:00,DOB,General Construction/Plumbing,Posted Notice Or Order Removed/Tampered With,Brooklyn,11231.0,Closed,Unknown,2
63642533,2025-01-05 10:35:29,2025-01-06 00:00:00,DOB,Special Projects Inspection Team (Spit),Sign/Awning/Marquee - Illegal/No Permit,Brooklyn,11216.0,Closed,Unknown,0
63642539,2025-01-05 15:29:05,2025-01-13 00:00:00,DOB,Boilers,Boiler - Defective/Inoperative/No Permit,Queens,11101.0,Closed,Unknown,7
63642540,2025-01-04 20:09:18,2025-11-21 00:00:00,DOB,Building/Use,Illegal Conversion Of Residential Building/Space,Brooklyn,11214.0,Closed,Unknown,320
63642544,2025-01-04 21:55:00,2025-03-11 00:00:00,DOB,Building/Use,Illegal Conversion Of Residential Building/Space,Bronx,10461.0,Closed,Unknown,65
63642545,2025-01-05 16:47:17,2025-12-19 00:00:00,DOB,Building/Use,Illegal Conversion Of Residential Building/Space,Queens,11433.0,Closed,Unknown,347
63642546,2025-01-05 09:53:41,2025-02-28 00:00:00,DOB,Building/Use,SRO - Illegal Work/No Permit/Change In Occupancy/Use,Bronx,10457.0,Closed,Unknown,53
63642552,2025-01-05 13:50:45,2026-05-28 00:00:00,DOB,Special Projects Inspection Team (Spit),Adult Establishment,Brooklyn,11220.0,Closed,Unknown,507
63642553,2025-01-04 21:45:54,2025-02-03 00:00:00,DOB,Building/Use,No Certificate Of Occupancy/Illegal/Contrary To CO,Bronx,10461.0,Closed,Unknown,29
63642565,2025-01-04 22:10:03,2025-02-03 00:00:00,DOB,General Construction/Plumbing,Cons - Contrary/Beyond Approved Plans/Permits,Bronx,10467.0,Closed,Unknown,29
63642566,2025-01-05 03:54:24,2025-02-20 00:00:00,DOB,General Construction/Plumbing,Cons - Contrary/Beyond Approved Plans/Permits,Queens,11426.0,Closed,Unknown,45
63642584,2025-01-05 08:39:50,2025-01-07 00:00:00,DOB,Elevator,Elevator - Multiple Devices On Property,Manhattan,10026.0,Closed,Unknown,1
63642585,2025-01-05 13:01:36,2025-07-14 00:00:00,DOB,Elevator,Elevator - Single Device On Property/No Alternate Service,Brooklyn,11233.0,Closed,Unknown,189
63643949,2025-01-04 20:15:19,2025-01-08 00:00:00,DOB,Boilers,Boiler - Defective/Inoperative/No Permit,Manhattan,10065.0,Closed,Unknown,3
63643950,2025-01-05 17:14:43,2025-02-12 00:00:00,DOB,Building/Use,Illegal Conversion Of Residential Building/Space,Queens,11354.0,Closed,Unknown,37
63643959,2025-01-05 01:38:27,2025-02-20 00:00:00,DOB,Building/Use,Illegal. Commercial Use In Resident Zone,Bronx,10467.0,Closed,Unknown,45
63644025,2025-01-05 11:36:34,2025-03-03 00:00:00,DOB,General Construction/Plumbing,Debris - Excessive,Brooklyn,11209.0,Closed,Unknown,56
63644074,2025-01-05 11:24:19,2025-01-06 00:00:00,DOB,Elevator,Elevator - Single Device On Property/No Alternate Service,Brooklyn,11207.0,Closed,Unknown,0
63644090,2025-01-05 14:00:12,2025-01-10 00:00:00,DOB,Boilers,Boiler - Defective/Inoperative/No Permit,Manhattan,10040.0,Closed,Unknown,4
63644091,2025-01-05 14:40:20,2025-04-23 00:00:00,DOB,Building/Use,Illegal Conversion Of Residential Building/Space,Brooklyn,11208.0,Closed,Unknown,107
63644109,2025-01-05 16:29:15,2025-01-24 00:00:00,DOB,General Construction/Plumbing,Fence - None/Inadequate,Staten Island,10306.0,Closed,Unknown,18
63644126,2025-01-05 09:56:23,2025-01-10 00:00:00,DOB,Boilers,Boiler - Defective/Inoperative/No Permit,Queens,11103.0,Closed,Unknown,4
63644127,2025-01-05 02:23:52,2025-04-04 00:00:00,DOB,Building/Use,Illegal Conversion Of Residential Building/Space,Brooklyn,11220.0,Closed,Unknown,88
63644128,2025-01-05 09:09:56,2025-04-01 00:00:00,DOB,Building/Use,Zoning - Non-Conforming/Illegal Vehicle Storage,Queens,11418.0,Closed,Unknown,85
63644144,2025-01-05 17:33:12,2025-10-20 00:00:00,DOB,Elevator,Elevator - Single Device On Property/No Alternate Service,Bronx,10452.0,Closed,Unknown,287
63644146,2025-01-04 19:44:34,2025-01-06 00:00:00,DOB,General Construction/Plumbing,Building Permit - None,Manhattan,10003.0,Closed,Unknown,1
63644151,2025-01-05 06:09:26,2025-01-06 00:00:00,DOB,Elevator,Elevator - Multiple Devices On Property,Bronx,10453.0,Closed,Unknown,0
63644175,2025-01-05 13:37:58,2025-10-14 00:00:00,DOB,Special Projects Inspection Team (Spit),Adult Establishment,Queens,11362.0,Closed,Unknown,281
63644501,2025-01-05 13:16:40,2025-01-06 00:00:00,DOB,General Construction/Plumbing,Site Conditions Endangering Workers,Brooklyn,11216.0,Closed,Unknown,0
63645500,2025-01-05 08:45:52,2025-04-17 00:00:00,DOB,Special Projects Inspection Team (Spit),Illegal Hotel Rooms In Residential Building,Queens,11355.0,Closed,Unknown,101
63645501,2025-01-05 14:36:57,2025-03-08 00:00:00,DOB,Building/Use,Illegal Conversion Of Residential Building/Space,Queens,11691.0,Closed,Unknown,61
63645502,2025-01-05 02:11:49,2025-12-04 00:00:00,DOB,Building/Use,Illegal. Commercial Use In Resident Zone,Brooklyn,11220.0,Closed,Unknown,332
63645519,2025-01-05 14:33:55,2025-01-07 00:00:00,DOB,Electrical,Electrical Wiring Defective/Exposed,Queens,11358.0,Closed,Unknown,1
63645543,2025-01-04 20:06:18,2025-01-07 00:00:00,DOB,General Construction/Plumbing,Sidewalk Shed/Pipe Scafford - Inadequate Defective/None,Brooklyn,11220.0,Closed,Unknown,2
63645628,2025-01-05 10:02:25,2025-02-27 00:00:00,DOB,Building/Use,Illegal Conversion Of Residential Building/Space,Bronx,10465.0,Closed,Unknown,52
63645636,2025-01-05 13:37:58,2025-01-06 00:00:00,DOB,Building/Use,Illegal Conversion Of Residential Building/Space,Brooklyn,11236.0,Closed,Unknown,0
63645637,2025-01-05 09:23:10,2025-01-13 00:00:00,DOB,Emergency Response Team (Ert),After Hours Work - Illegal,Manhattan,10023.0,Closed,Unknown,7
63645638,2025-01-05 09:19:43,2025-01-19 00:00:00,DOB,Emergency Response Team (Ert),After Hours Work - Illegal,Brooklyn,11201.0,Closed,Unknown,13
63645639,2025-01-05 11:40:01,2025-05-29 00:00:00,DOB,General Construction/Plumbing,"Building - Vacant, Open And Unguarded",Brooklyn,11207.0,Closed,Unknown,143
63645641,2025-01-05 16:35:16,2025-01-07 00:00:00,DOB,Real Time Enforcement,Work Without A Permit - Occupied Multiple Dwelling,Brooklyn,11216.0,Closed,Unknown,1
63645651,2025-01-05 17:26:25,2025-12-19 00:00:00,DOB,Building/Use,Illegal Conversion Of Residential Building/Space,Queens,11412.0,Closed,Unknown,347
63645663,2025-01-05 14:03:20,2026-02-10 00:00:00,DOB,Special Projects Inspection Team (Spit),Adult Establishment,Brooklyn,11220.0,Closed,Unknown,400
63645672,2025-01-05 13:56:46,2025-01-23 00:00:00,DOB,General Construction/Plumbing,Fence - None/Inadequate,Bronx,10469.0,Closed,Unknown,17
63645680,2025-01-04 21:39:34,2025-01-07 00:00:00,DOB,General Construction/Plumbing,Building Permit - None,Brooklyn,11211.0,Closed,Unknown,2
63645704,2025-01-05 12:07:05,2025-01-21 00:00:00,DOB,Elevator,Elevator - Single Device On Property/No Alternate Service,Queens,11355.0,Closed,Unknown,15
63645708,2025-01-05 12:49:34,2025-01-06 00:00:00,DOB,Elevator,Elevator - Multiple Devices On Property,Bronx,10459.0,Closed,Unknown,0
63645709,2025-01-04 23:01:10,2025-07-18 00:00:00,DOB,Elevator,Elevator - Multiple Devices On Property,Manhattan,10029.0,Closed,Unknown,194
63645710,2025-01-05 15:44:08,2025-11-07 00:00:00,DOB,Elevator,Elevator - Single Device On Property/No Alternate Service,Bronx,10457.0,Closed,Unknown,305
63645712,2025-01-05 09:13:42,2025-01-16 00:00:00,DOB,Elevator,Elevator - Single Device On Property/No Alternate Service,Bronx,10463.0,Closed,Unknown,10
63645713,2025-01-05 13:28:42,2025-01-06 00:00:00,DOB,Elevator,Elevator - Single Device On Property/No Alternate Service,Manhattan,10026.0,Closed,Unknown,0
63645714,2025-01-05 11:11:51,2025-01-24 00:00:00,DOB,Elevator,Elevator - Single Device On Property/No Alternate Service,Queens,11369.0,Closed,Unknown,18
63645739,2025-01-05 13:53:45,2026-06-02 00:00:00,DOB,Special Projects Inspection Team (Spit),Adult Establishment,Brooklyn,11223.0,Closed,Unknown,512
63645756,2025-01-05 13:56:46,2026-05-28 00:00:00,DOB,Special Projects Inspection Team (Spit),Adult Establishment,Brooklyn,11220.0,Closed,Unknown,507
63645767,2025-01-05 13:01:36,2025-01-08 00:00:00,DOB,Investigations And Discipline (Iad),Investigative Inspection,Brooklyn,11211.0,Closed,Unknown,2
63645985,2025-01-05 14:06:21,2025-02-18 00:00:00,DOB,General Construction/Plumbing,Curb Cut/Driveway/Carport - Illegal,Brooklyn,11204.0,Closed,Unknown,43
63647220,2025-01-05 02:02:51,2025-01-07 00:00:00,DOB,Building/Use,Illegal Conversion Of Residential Building/Space,Manhattan,10075.0,Closed,Unknown,1
63647221,2025-01-05 19:15:30,2025-01-07 00:00:00,DOB,Building/Use,Illegal Conversion Of Residential Building/Space,Queens,11412.0,Closed,Unknown,1
63647224,2025-01-05 14:33:56,2025-01-06 00:00:00,DOB,General Construction/Plumbing,Failure To Maintain,Manhattan,10002.0,Closed,Unknown,0
63647256,2025-01-04 23:58:39,2025-08-13 00:00:00,DOB,Elevator,Elevator - Single Device On Property/No Alternate Service,Manhattan,10026.0,Closed,Unknown,220
63647257,2025-01-04 20:51:25,2025-04-02 00:00:00,DOB,Elevator,Elevator - Single Device On Property/No Alternate Service,Brooklyn,11219.0,Closed,Unknown,87
63647301,2025-01-05 16:38:16,2025-01-07 00:00:00,DOB,Building/Use,Illegal Conversion Of Residential Building/Space,Queens,11368.0,Closed,Unknown,1
63647321,2025-01-05 13:34:58,2025-10-14 00:00:00,DOB,Special Projects Inspection Team (Spit),Adult Establishment,Queens,11362.0,Closed,Unknown,281
63647328,2025-01-05 17:33:12,2025-12-19 00:00:00,DOB,Building/Use,No Certificate Of Occupancy/Illegal/Contrary To CO,Queens,11435.0,Closed,Unknown,347
63647329,2025-01-05 08:36:50,2025-01-09 00:00:00,DOB,Building/Use,No Certificate Of Occupancy/Illegal/Contrary To CO,Queens,11368.0,Closed,Unknown,3
63647359,2025-01-05 14:49:37,2025-01-08 00:00:00,DOB,Emergency Response Team (Ert),After Hours Work - Illegal,Brooklyn,11221.0,Closed,Unknown,2
63647360,2025-01-05 10:44:46,2025-01-06 00:00:00,DOB,General Construction/Plumbing,Egress - Doors Locked/Blocked/Improper/No Secondary Means,Bronx,10455.0,Closed,Unknown,0
63647397,2025-01-05 00:23:12,2025-01-06 00:00:00,DOB,Elevator,Elevator - Single Device On Property/No Alternate Service,Bronx,10452.0,Closed,Unknown,0
63647406,2025-01-05 14:06:21,2026-06-01 00:00:00,DOB,Special Projects Inspection Team (Spit),Adult Establishment,Brooklyn,11204.0,Closed,Unknown,511
63647407,2025-01-04 21:54:44,2025-02-03 00:00:00,DOB,Building/Use,No Certificate Of Occupancy/Illegal/Contrary To CO,Bronx,10467.0,Closed,Unknown,29
63648022,2025-01-06 10:05:33,2025-02-24 00:00:00,DOB,Building/Use,No Certificate Of Occupancy/Illegal/Contrary To CO,Bronx,10459.0,Closed,Unknown,48
63648139,2025-01-06 18:33:26,2025-01-07 00:00:00,DOB,General Construction/Plumbing,Egress - Doors Locked/Blocked/Improper/No Secondary Means,Manhattan,10013.0,Closed,Unknown,0
63648150,2025-01-06 16:59:28,2025-01-10 00:00:00,DOB,General Construction/Plumbing,Building Permit - None,Brooklyn,11218.0,Closed,Unknown,3
63648326,2025-01-06 09:44:27,2025-02-14 00:00:00,DOB,Special Projects Inspection Team (Spit),Illegal Hotel Rooms In Residential Building,Brooklyn,11205.0,Closed,Unknown,38
63648327,2025-01-06 00:34:44,2025-01-30 00:00:00,DOB,Boilers,Boiler - Defective/Inoperative/No Permit,Queens,11385.0,Closed,Unknown,23
63648382,2025-01-06 11:56:04,2025-01-07 00:00:00,DOB,Building/Use,Illegal Conversion Of Residential Building/Space,Queens,11691.0,Closed,Unknown,0
63648383,2025-01-06 01:41:14,2025-01-09 00:00:00,DOB,Boilers,Boiler - Defective/Inoperative/No Permit,Brooklyn,11207.0,Closed,Unknown,2
63648393,2025-01-05 23:22:35,2025-01-19 00:00:00,DOB,Emergency Response Team (Ert),After Hours Work - Illegal,Queens,11691.0,Closed,Unknown,13
63648402,2025-01-06 06:39:45,2025-01-16 00:00:00,DOB,Boilers,Boiler - Defective/Inoperative/No Permit,Bronx,10468.0,Closed,Unknown,9
63648438,2025-01-06 15:49:20,2025-01-07 00:00:00,DOB,Building/Use,Illegal Conversion Of Residential Building/Space,Brooklyn,11220.0,Closed,Unknown,0
63648467,2025-01-06 14:12:02,2025-02-18 00:00:00,DOB,Building/Use,Illegal Conversion Of Residential Building/Space,Brooklyn,11236.0,Closed,Unknown,42
63648475,2025-01-05 21:10:02,2025-03-06 00:00:00,DOB,Building/Use,Illegal Conversion Of Residential Building/Space,Queens,11691.0,Closed,Unknown,59
63648480,2025-01-06 16:44:04,2025-01-09 00:00:00,DOB,Boilers,Boiler - Defective/Inoperative/No Permit,Queens,11691.0,Closed,Unknown,2
63648481,2025-01-06 06:33:45,2025-01-10 00:00:00,DOB,Emergency Response Team (Ert),After Hours Work - Illegal,Manhattan,10128.0,Closed,Unknown,3
63648493,2025-01-06 12:44:21,2025-05-24 00:00:00,DOB,General Construction/Plumbing,"Building - Vacant, Open And Unguarded",Brooklyn,11216.0,Closed,Unknown,137
63648503,2025-01-06 17:20:50,2025-01-08 00:00:00,DOB,Electrical,Electrical Wiring Defective/Exposed,Queens,11367.0,Closed,Unknown,1
63648551,2025-01-06 11:59:13,2025-01-07 00:00:00,DOB,General Construction/Plumbing,Building Shaking/Vibrating/Structural Stability,Manhattan,10011.0,Closed,Unknown,0
63648552,2025-01-06 18:57:31,2025-01-07 00:00:00,DOB,General Construction/Plumbing,Cons - Contrary/Beyond Approved Plans/Permits,Brooklyn,11235.0,Closed,Unknown,0
63648553,2025-01-06 19:27:40,2025-01-07 00:00:00,DOB,General Construction/Plumbing,Cons - Contrary/Beyond Approved Plans/Permits,Manhattan,10017.0,Closed,Unknown,0
63648559,2025-01-06 13:51:18,2025-01-16 00:00:00,DOB,General Construction/Plumbing,Sidewalk Shed/Pipe Scafford - Inadequate Defective/None,Bronx,10474.0,Closed,Unknown,9
63648564,2025-01-06 17:54:02,2025-04-11 00:00:00,DOB,Plumbing,Failure To Retain Water/Improper Drainage- (LL103/89),Queens,11373.0,Closed,Unknown,94
63648573,2025-01-06 18:48:30,2025-02-25 00:00:00,DOB,General Construction/Plumbing,Cons - Contrary/Beyond Approved Plans/Permits,Brooklyn,11231.0,Closed,Unknown,49
63648574,2025-01-06 16:59:09,2025-04-09 00:00:00,DOB,Plumbing,Failure To Retain Water/Improper Drainage- (LL103/89),Queens,11367.0,Closed,Unknown,92
63649024,2025-01-06 15:58:36,2025-01-07 00:00:00,DOB,Elevator,Elevator - Multiple Devices On Property,Queens,11692.0,Closed,Unknown,0
63649025,2025-01-06 12:26:18,2025-05-09 00:00:00,DOB,Elevator,Elevator - Single Device On Property/No Alternate Service,Bronx,10452.0,Closed,Unknown,122
63649032,2025-01-06 11:09:45,2025-02-28 00:00:00,DOB,Elevator,Elevator - Single Device On Property/No Alternate Service,Bronx,10457.0,Closed,Unknown,52
63649033,2025-01-06 08:58:41,2025-08-02 00:00:00,DOB,Elevator,Elevator - Single Device On Property/No Alternate Service,Bronx,10453.0,Closed,Unknown,207
63649034,2025-01-06 14:54:11,2025-01-17 00:00:00,DOB,Elevator,Elevator - Single Device On Property/No Alternate Service,Manhattan,10022.0,Closed,Unknown,10
63649036,2025-01-06 12:53:48,2025-01-07 00:00:00,DOB,Elevator,Elevator - Single Device On Property/No Alternate Service,Manhattan,10029.0,Closed,Unknown,0
63649044,2025-01-06 01:40:55,2025-01-06 01:40:55,DOB,Elevator,Elevator - Multiple Devices On Property,Bronx,10473.0,Closed,Unknown,0
63649045,2025-01-06 12:53:48,2025-02-12 00:00:00,DOB,Elevator,Elevator - Single Device On Property/No Alternate Service,Bronx,10457.0,Closed,Unknown,36
63649047,2025-01-06 12:38:20,2025-01-14 00:00:00,DOB,Elevator,Elevator - Single Device On Property/No Alternate Service,Bronx,10453.0,Closed,Unknown,7
63649057,2025-01-06 15:24:51,2025-01-07 00:00:00,DOB,General Construction/Plumbing,Curb Cut/Driveway/Carport - Illegal,Brooklyn,11230.0,Closed,Unknown,0
63649076,2025-01-06 08:31:34,2025-01-06 08:31:34,DOB,Elevator,Elevator - Multiple Devices On Property,Bronx,10473.0,Closed,Unknown,0
63649077,2025-01-06 00:25:43,2025-01-06 00:25:43,DOB,Elevator,Elevator - Single Device On Property/No Alternate Service,Manhattan,10039.0,Closed,Unknown,0
63649092,2025-01-06 15:24:51,2025-04-01 00:00:00,DOB,General Construction/Plumbing,Curb Cut/Driveway/Carport - Illegal,Brooklyn,11230.0,Closed,Unknown,84
63649140,2025-01-06 19:00:32,2025-05-09 00:00:00,DOB,Elevator,Elevator - Multiple Devices On Property,Bronx,10453.0,Closed,Unknown,122
63649141,2025-01-06 15:06:22,2025-05-14 00:00:00,DOB,Elevator,Elevator - Single Device On Property/No Alternate Service,Brooklyn,11214.0,Closed,Unknown,127
63649159,2025-01-06 13:20:54,2025-01-09 00:00:00,DOB,Elevator,Elevator - Single Device On Property/No Alternate Service,Brooklyn,11218.0,Closed,Unknown,2
63649201,2025-01-06 10:29:37,2025-01-07 00:00:00,DOB,General Construction/Plumbing,Building Shaking/Vibrating/Structural Stability,Queens,11005.0,Closed,Unknown,0
63649202,2025-01-06 11:12:47,2025-01-07 00:00:00,DOB,General Construction/Plumbing,Building Shaking/Vibrating/Structural Stability,Brooklyn,11238.0,Closed,Unknown,0
63649203,2025-01-06 11:21:49,2025-07-09 00:00:00,DOB,General Construction/Plumbing,Building Permit - None,Brooklyn,11236.0,Closed,Unknown,183
63649219,2025-01-06 14:18:04,2025-01-10 00:00:00,DOB,General Construction/Plumbing,Building Permit - None,Brooklyn,11219.0,Closed,Unknown,3
63649220,2025-01-06 08:19:31,2025-01-07 00:00:00,DOB,General Construction/Plumbing,Building Permit - None,Staten Island,10307.0,Closed,Unknown,0
63649388,2025-01-06 09:13:58,2025-01-06 09:13:58,DOB,Real Time Enforcement,Work Without A Permit - Occupied Multiple Dwelling,Manhattan,10019.0,Closed,Unknown,0
63649425,2025-01-06 12:56:49,2025-01-06 12:56:49,DOB,Real Time Enforcement,Work Without A Permit - Occupied Multiple Dwelling,Brooklyn,11232.0,Closed,Unknown,0
63649426,2025-01-06 18:15:07,2025-01-06 18:15:07,DOB,Real Time Enforcement,Work Without A Permit - Occupied Multiple Dwelling,Brooklyn,11217.0,Closed,Unknown,0
63649530,2025-01-06 09:38:02,2025-01-06 09:38:02,DOB,Real Time Enforcement,Work Without A Permit - Occupied Multiple Dwelling,Queens,11355.0,Closed,Unknown,0
63649531,2025-01-06 10:35:59,2025-01-06 10:35:59,DOB,Real Time Enforcement,Work Without A Permit - Occupied Multiple Dwelling,Manhattan,10019.0,Closed,Unknown,0
63649895,2025-01-06 14:21:05,2025-01-16 00:00:00,DOB,General Construction/Plumbing,Building Permit - None,Queens,11372.0,Closed,Unknown,9
63650004,2025-01-06 10:45:01,2025-01-07 00:00:00,DOB,General Construction/Plumbing,Failure to Comply with Vacate Order,Queens,11418.0,Closed,Unknown,0
63650750,2025-01-06 09:56:31,2025-10-20 00:00:00,DOB,Building/Use,Illegal. Commercial Use In Resident Zone,Manhattan,10027.0,Closed,Unknown,286
63650756,2025-01-06 12:11:15,2025-01-21 00:00:00,DOB,General Construction/Plumbing,Fence - None/Inadequate,Bronx,10458.0,Closed,Unknown,14
63650757,2025-01-06 12:47:23,2025-01-08 00:00:00,DOB,Plumbing,Plumbing Work - Illegal/No Permit/Standpipe/Sprinkler,Brooklyn,11207.0,Closed,Unknown,1
63650807,2025-01-06 15:00:21,2025-02-11 00:00:00,DOB,Special Projects Inspection Team (Spit),Illegal Hotel Rooms In Residential Building,Manhattan,10128.0,Closed,Unknown,35
63650827,2025-01-06 12:14:15,2025-01-16 00:00:00,DOB,General Construction/Plumbing,Sidewalk Shed/Pipe Scafford - Inadequate Defective/None,Manhattan,10029.0,Closed,Unknown,9
63650828,2025-01-06 10:02:32,2025-01-07 00:00:00,DOB,General Construction/Plumbing,Sidewalk Shed/Pipe Scafford - Inadequate Defective/None,Brooklyn,11222.0,Closed,Unknown,0
63650860,2025-01-06 14:21:05,2025-04-03 00:00:00,DOB,Building/Use,Illegal Conversion Of Residential Building/Space,Brooklyn,11219.0,Closed,Unknown,86
63650861,2025-01-06 18:57:50,2025-12-19 00:00:00,DOB,Building/Use,Illegal Conversion Of Residential Building/Space,Queens,11416.0,Closed,Unknown,346
63650898,2025-01-06 15:06:21,2025-01-07 00:00:00,DOB,Elevator,Elevator - Multiple Devices On Property,Queens,11355.0,Closed,Unknown,0
63650899,2025-01-06 14:21:05,2025-03-03 00:00:00,DOB,Elevator,Elevator - Multiple Devices On Property,Manhattan,10001.0,Closed,Unknown,55
63650903,2025-01-06 13:41:58,2025-01-06 13:41:58,DOB,Elevator,Elevator - Single Device On Property/No Alternate Service,Manhattan,10026.0,Closed,Unknown,0
63650904,2025-01-06 12:11:15,2025-01-07 00:00:00,DOB,Elevator,Elevator - Single Device On Property/No Alternate Service,Manhattan,10035.0,Closed,Unknown,0
63650905,2025-01-06 15:24:51,2025-01-07 00:00:00,DOB,Elevator,Elevator - Single Device On Property/No Alternate Service,Bronx,10455.0,Closed,Unknown,0
63650906,2025-01-06 15:42:55,2025-01-30 00:00:00,DOB,Elevator,Elevator - Single Device On Property/No Alternate Service,Queens,11372.0,Closed,Unknown,23
63650935,2025-01-05 20:48:54,2025-01-07 00:00:00,DOB,Elevator,Elevator - Single Device On Property/No Alternate Service,Manhattan,10026.0,Closed,Unknown,1
63650936,2025-01-06 13:32:56,2025-01-10 00:00:00,DOB,Elevator,Elevator - Single Device On Property/No Alternate Service,Manhattan,10039.0,Closed,Unknown,3
63650938,2025-01-06 11:56:13,2026-03-27 00:00:00,DOB,General Construction/Plumbing,Curb Cut/Driveway/Carport - Illegal,Staten Island,10304.0,Closed,Unknown,444
63650982,2025-01-06 06:21:27,2025-01-06 06:21:27,DOB,Elevator,Elevator - Multiple Devices On Property,Bronx,10473.0,Closed,Unknown,0
63650983,2025-01-06 11:46:59,2025-01-28 00:00:00,DOB,Elevator,Elevator - Single Device On Property/No Alternate Service,Bronx,10463.0,Closed,Unknown,21
63651076,2025-01-06 10:45:01,2025-01-17 00:00:00,DOB,General Construction/Plumbing,Building Shaking/Vibrating/Structural Stability,Brooklyn,11208.0,Closed,Unknown,10
63651100,2025-01-05 19:57:43,2025-01-07 00:00:00,DOB,General Construction/Plumbing,Building Shaking/Vibrating/Structural Stability,Queens,11385.0,Closed,Unknown,1
63651101,2025-01-06 10:02:32,2025-05-15 00:00:00,DOB,General Construction/Plumbing,Cons - Contrary/Beyond Approved Plans/Permits,Brooklyn,11221.0,Closed,Unknown,128
63651120,2025-01-06 14:33:07,2025-02-18 00:00:00,DOB,General Construction/Plumbing,Wall/Retaining Wall - Bulging/Cracked,Queens,11432.0,Closed,Unknown,42
63651135,2025-01-06 12:35:20,2025-01-07 00:00:00,DOB,General Construction/Plumbing,Building Permit - None,Brooklyn,11234.0,Closed,Unknown,0
63651139,2025-01-06 11:09:46,2025-01-06 11:09:46,DOB,General Construction/Plumbing,Sidewalk Shed/Pipe Scafford - Inadequate Defective/None,Manhattan,10014.0,Closed,Unknown,0
63651140,2025-01-06 11:28:12,2025-10-09 00:00:00,DOB,Special Projects Inspection Team (Spit),Adult Establishment,Queens,11435.0,Closed,Unknown,275
63651729,2025-01-06 10:05:33,2025-01-06 10:05:33,DOB,General Construction/Plumbing,Site Conditions Endangering Workers,Staten Island,10306.0,Closed,Unknown,0
63651731,2025-01-06 15:27:51,2025-01-07 00:00:00,DOB,General Construction/Plumbing,Egress - Doors Locked/Blocked/Improper/No Secondary Means,Manhattan,10024.0,Closed,Unknown,0
63651735,2025-01-06 10:42:00,2025-01-08 00:00:00,DOB,Emergency Response Team (Ert),Lights From Parking Lot Shining On Building,Bronx,10469.0,Closed,Unknown,1
63651865,2025-01-06 18:39:27,2025-01-08 00:00:00,DOB,General Construction/Plumbing,Building Permit - None,Staten Island,10306.0,Closed,Unknown,1
63651866,2025-01-06 15:12:48,2025-01-07 00:00:00,DOB,General Construction/Plumbing,Working Contrary To Stop Work Order,Queens,11691.0,Closed,Unknown,0
63651951,2025-01-06 16:53:07,2025-02-13 00:00:00,DOB,General Construction/Plumbing,Cons - Contrary/Beyond Approved Plans/Permits,Queens,11367.0,Closed,Unknown,37
63652687,2025-01-06 18:36:27,2025-02-25 00:00:00,DOB,Building/Use,Illegal Conversion Of Residential Building/Space,Brooklyn,11207.0,Closed,Unknown,49
63652693,2025-01-06 17:11:48,2025-01-08 00:00:00,DOB,Electrical,Electrical Wiring Defective/Exposed,Queens,11367.0,Closed,Unknown,1
63652700,2025-01-06 16:47:05,2025-01-21 00:00:00,DOB,General Construction/Plumbing,Posted Notice Or Order Removed/Tampered With,Queens,11367.0,Closed,Unknown,14
63652701,2025-01-06 14:39:08,2025-08-27 00:00:00,DOB,General Construction/Plumbing,Vent/Exhaust - Illegal/Improper,Queens,11432.0,Closed,Unknown,232
63652744,2025-01-06 08:55:40,2025-01-08 00:00:00,DOB,Boilers,Boiler - Defective/Inoperative/No Permit,Manhattan,10026.0,Closed,Unknown,1
63652745,2025-01-06 15:55:21,2025-01-23 00:00:00,DOB,Building/Use,Zoning - Non-Conforming/Illegal Vehicle Storage,Bronx,10466.0,Closed,Unknown,16
63652757,2025-01-06 00:16:42,2025-04-28 00:00:00,DOB,Building/Use,Illegal Conversion Of Residential Building/Space,Queens,11356.0,Closed,Unknown,111
63652758,2025-01-06 17:26:51,2025-05-28 00:00:00,DOB,Building/Use,Zoning - Non-Conforming/Illegal Vehicle Storage,Brooklyn,11203.0,Closed,Unknown,141
63652759,2025-01-06 14:57:19,2025-01-07 00:00:00,DOB,General Construction/Plumbing,Adjacent Buildings Not Protected,Brooklyn,11208.0,Closed,Unknown,0
63652796,2025-01-06 09:50:30,2025-04-11 00:00:00,DOB,Building/Use,Illegal Conversion Of Residential Building/Space,Brooklyn,11205.0,Closed,Unknown,94
63652797,2025-01-06 19:31:08,2025-08-26 00:00:00,DOB,Building/Use,Illegal Conversion Of Residential Building/Space,Queens,11412.0,Closed,Unknown,231
63652808,2025-01-06 14:45:09,2025-02-05 00:00:00,DOB,General Construction/Plumbing,Debris - Excessive,Queens,11377.0,Closed,Unknown,29
63652880,2025-01-06 14:00:02,2025-01-06 14:00:02,DOB,Elevator,Elevator - Multiple Devices On Property,Bronx,10456.0,Closed,Unknown,0
63652881,2025-01-06 08:40:35,2025-01-06 08:40:35,DOB,Elevator,Elevator - Multiple Devices On Property,Bronx,10473.0,Closed,Unknown,0
63652882,2025-01-06 00:10:41,2025-01-06 00:10:41,DOB,Elevator,Elevator - Multiple Devices On Property,Bronx,10473.0,Closed,Unknown,0
63652906,2025-01-06 12:35:20,2025-01-09 00:00:00,DOB,Elevator,Elevator - Single Device On Property/No Alternate Service,Brooklyn,11212.0,Closed,Unknown,2
63652907,2025-01-06 12:23:18,2025-04-02 00:00:00,DOB,Elevator,Elevator - Single Device On Property/No Alternate Service,Brooklyn,11219.0,Closed,Unknown,85
63652991,2025-01-06 08:07:23,2025-05-29 00:00:00,DOB,General Construction/Plumbing,Curb Cut/Driveway/Carport - Illegal,Brooklyn,11218.0,Closed,Unknown,142
63653029,2025-01-05 20:09:45,2025-12-09 00:00:00,DOB,Building/Use,Illegal Conversion Of Residential Building/Space,Queens,11435.0,Closed,Unknown,337
63653041,2025-01-06 04:18:38,2025-01-06 04:18:38,DOB,General Construction/Plumbing,Building Shaking/Vibrating/Structural Stability,Queens,11385.0,Closed,Unknown,0
63653042,2025-01-06 10:08:34,2025-01-06 10:08:34,DOB,General Construction/Plumbing,Egress - Doors Locked/Blocked/Improper/No Secondary Means,Queens,11385.0,Closed,Unknown,0
63653073,2025-01-06 11:31:13,2025-07-09 00:00:00,DOB,General Construction/Plumbing,Building Permit - None,Brooklyn,11236.0,Closed,Unknown,183
63653079,2025-01-06 10:35:38,2025-01-09 00:00:00,DOB,General Construction/Plumbing,Building Shaking/Vibrating/Structural Stability,Manhattan,10029.0,Closed,Unknown,2
63653304,2025-01-06 11:40:58,2025-01-06 11:40:58,DOB,Real Time Enforcement,Work Without A Permit - Occupied Multiple Dwelling,Brooklyn,11213.0,Closed,Unknown,0
63653551,2025-01-06 12:50:48,2025-01-07 00:00:00,DOB,General Construction/Plumbing,Building Permit - None,Queens,11385.0,Closed,Unknown,0
63653762,2025-01-06 01:19:52,2025-01-07 00:00:00,DOB,General Construction/Plumbing,Building Permit - None,Queens,11421.0,Closed,Unknown,0
63653879,2025-01-06 15:27:51,2025-01-16 00:00:00,DOB,General Construction/Plumbing,Building Permit - None,Brooklyn,11230.0,Closed,Unknown,9
63654535,2025-01-06 09:59:32,2025-03-06 00:00:00,DOB,Special Projects Inspection Team (Spit),Illegal Hotel Rooms In Residential Building,Brooklyn,11220.0,Closed,Unknown,58
63654536,2025-01-06 18:15:22,2025-05-21 00:00:00,DOB,Building/Use,Illegal Conversion Of Residential Building/Space,Staten Island,10303.0,Closed,Unknown,134
63654544,2025-01-06 14:06:02,2025-01-29 00:00:00,DOB,General Construction/Plumbing,Sidewalk Shed/Pipe Scafford - Inadequate Defective/None,Bronx,10453.0,Closed,Unknown,22
63654545,2025-01-06 17:11:11,2025-04-09 00:00:00,DOB,Plumbing,Failure To Retain Water/Improper Drainage- (LL103/89),Queens,11367.0,Closed,Unknown,92
63654578,2025-01-06 09:16:59,2025-01-13 00:00:00,DOB,Boilers,Boiler - Defective/Inoperative/No Permit,Brooklyn,11238.0,Closed,Unknown,6
63654585,2025-01-06 14:21:05,2025-05-05 00:00:00,DOB,General Construction/Plumbing,Vent/Exhaust - Illegal/Improper,Manhattan,10128.0,Closed,Unknown,118
63654638,2025-01-06 13:54:00,2025-01-07 00:00:00,DOB,General Construction/Plumbing,Sidewalk Shed/Pipe Scafford - Inadequate Defective/None,Manhattan,10031.0,Closed,Unknown,0
63654639,2025-01-06 17:17:49,2025-01-10 00:00:00,DOB,Plumbing,Plumbing Work - Illegal/No Permit/Standpipe/Sprinkler,Queens,11367.0,Closed,Unknown,3
63654661,2025-01-06 19:03:36,2025-01-07 00:00:00,DOB,Building/Use,Illegal Conversion Of Residential Building/Space,Brooklyn,11201.0,Closed,Unknown,0
63654682,2025-01-05 21:49:19,2025-06-03 00:00:00,DOB,Elevator,Elevator - Multiple Devices On Property,Queens,11377.0,Closed,Unknown,148
63654693,2025-01-05 23:46:37,2025-03-05 00:00:00,DOB,Elevator,Elevator - Single Device On Property/No Alternate Service,Manhattan,10009.0,Closed,Unknown,58
63654694,2025-01-06 16:38:02,2025-06-11 00:00:00,DOB,Elevator,Elevator - Single Device On Property/No Alternate Service,Manhattan,10025.0,Closed,Unknown,155
63654716,2025-01-06 07:06:49,2025-01-06 07:06:49,DOB,Elevator,Elevator - Multiple Devices On Property,Bronx,10473.0,Closed,Unknown,0
63654717,2025-01-06 12:26:18,2025-01-07 00:00:00,DOB,Elevator,Elevator - Multiple Devices On Property,Queens,11692.0,Closed,Unknown,0
63654718,2025-01-06 05:03:00,2025-01-06 05:03:00,DOB,Elevator,Elevator - Single Device On Property/No Alternate Service,Manhattan,10026.0,Closed,Unknown,0
63654720,2025-01-06 17:42:00,2025-05-21 00:00:00,DOB,Elevator,Elevator - Single Device On Property/No Alternate Service,Manhattan,10024.0,Closed,Unknown,134
63654740,2025-01-06 09:47:29,2025-01-07 00:00:00,DOB,Elevator,Elevator - Multiple Devices On Property,Bronx,10472.0,Closed,Unknown,0
63654741,2025-01-06 18:09:06,2025-01-22 00:00:00,DOB,Elevator,Elevator - Multiple Devices On Property,Queens,11355.0,Closed,Unknown,15
63654742,2025-01-06 15:30:52,2025-01-07 00:00:00,DOB,Elevator,Elevator - Single Device On Property/No Alternate Service,Brooklyn,11211.0,Closed,Unknown,0
63654743,2025-01-05 20:36:51,2025-05-02 00:00:00,DOB,Elevator,Elevator - Single Device On Property/No Alternate Service,Brooklyn,11238.0,Closed,Unknown,116
63654744,2025-01-05 23:13:34,2025-11-14 00:00:00,DOB,Elevator,Elevator - Single Device On Property/No Alternate Service,Bronx,10457.0,Closed,Unknown,312
63654754,2025-01-06 13:50:59,2025-11-17 00:00:00,DOB,Elevator,Elevator - Multiple Devices On Property,Bronx,10457.0,Closed,Unknown,314
63654757,2025-01-06 16:34:43,2025-01-28 00:00:00,DOB,Elevator,Elevator - Multiple Devices On Property,Queens,11372.0,Closed,Unknown,21
63654789,2025-01-06 15:24:51,2025-06-07 00:00:00,DOB,General Construction/Plumbing,Curb Cut/Driveway/Carport - Illegal,Brooklyn,11230.0,Closed,Unknown,151
63654916,2025-01-05 20:39:52,2025-01-06 00:00:00,DOB,General Construction/Plumbing,Vent/Exhaust - Illegal/Improper,Manhattan,10016.0,Closed,Unknown,0
63654917,2025-01-06 12:05:14,2025-01-10 00:00:00,DOB,General Construction/Plumbing,Working Contrary To Stop Work Order,Queens,11418.0,Closed,Unknown,3
63654953,2025-01-06 11:31:13,2025-01-06 11:31:13,DOB,General Construction/Plumbing,Building Shaking/Vibrating/Structural Stability,Bronx,10456.0,Closed,Unknown,0
63654972,2025-01-06 10:42:00,2025-01-06 10:42:00,DOB,General Construction/Plumbing,Building Shaking/Vibrating/Structural Stability,Manhattan,10128.0,Closed,Unknown,0
63655184,2025-01-06 12:35:20,2025-01-06 12:35:20,DOB,Real Time Enforcement,Work Without A Permit - Occupied Multiple Dwelling,Manhattan,10036.0,Closed,Unknown,0
63655426,2025-01-06 15:39:54,2025-01-07 00:00:00,DOB,Building/Use,No Certificate Of Occupancy/Illegal/Contrary To CO,Brooklyn,11207.0,Closed,Unknown,0
63655434,2025-01-06 16:41:03,2025-01-07 00:00:00,DOB,General Construction/Plumbing,Building Permit - None,Queens,11375.0,Closed,Unknown,0
63655578,2025-01-06 09:53:30,2025-01-06 09:53:30,DOB,General Construction/Plumbing,Working Contrary To Stop Work Order,Queens,11104.0,Closed,Unknown,0
63655694,2025-01-06 14:15:03,2025-01-06 14:15:03,DOB,General Construction/Plumbing,Working Contrary To Stop Work Order,Brooklyn,11205.0,Closed,Unknown,0
63656484,2025-01-06 14:24:06,2025-02-25 00:00:00,DOB,Building/Use,Illegal Conversion Of Residential Building/Space,Brooklyn,11236.0,Closed,Unknown,49
63656494,2025-01-06 15:00:20,2025-01-07 00:00:00,DOB,Plumbing,Gas Hook-Up/Piping - Illegal Or Defective,Manhattan,10040.0,Closed,Unknown,0
63656577,2025-01-06 08:49:39,2025-01-06 08:49:39,DOB,Elevator,Elevator - Multiple Devices On Property,Bronx,10473.0,Closed,Unknown,0
63656578,2025-01-06 18:57:31,2025-01-10 00:00:00,DOB,Elevator,Elevator - Single Device On Property/No Alternate Service,Brooklyn,11207.0,Closed,Unknown,3
63656579,2025-01-06 10:14:35,2025-04-30 00:00:00,DOB,Elevator,Elevator - Single Device On Property/No Alternate Service,Brooklyn,11231.0,Closed,Unknown,113
63656580,2025-01-06 14:42:27,2025-01-28 00:00:00,DOB,Elevator,Elevator - Single Device On Property/No Alternate Service,Queens,11375.0,Closed,Unknown,21
63656586,2025-01-06 15:55:21,2025-01-07 00:00:00,DOB,Building/Use,Illegal Conversion Of Residential Building/Space,Queens,11372.0,Closed,Unknown,0
63656587,2025-01-06 15:45:55,2025-01-07 00:00:00,DOB,Building/Use,Illegal Conversion Of Residential Building/Space,Queens,11372.0,Closed,Unknown,0
63656588,2025-01-06 17:08:10,2025-01-07 00:00:00,DOB,Building/Use,Illegal. Commercial Use In Resident Zone,Bronx,10466.0,Closed,Unknown,0
63656590,2025-01-06 17:26:58,2025-01-08 00:00:00,DOB,Electrical,Electrical Wiring Defective/Exposed,Queens,11354.0,Closed,Unknown,1
63656601,2025-01-05 21:37:18,2025-01-07 00:00:00,DOB,Plumbing,Plumbing-Defective/Leaking/Not Maintained,Manhattan,10025.0,Closed,Unknown,1
63656681,2025-01-06 11:03:05,2025-03-05 00:00:00,DOB,Elevator,Elevator - Single Device On Property/No Alternate Service,Brooklyn,11230.0,Closed,Unknown,57
63656687,2025-01-06 02:26:10,2025-01-27 00:00:00,DOB,Boilers,Boiler - Defective/Inoperative/No Permit,Manhattan,10031.0,Closed,Unknown,20
63656689,2025-01-06 08:31:34,2025-01-07 00:00:00,DOB,Building/Use,Illegal Conversion Of Residential Building/Space,Queens,11691.0,Closed,Unknown,0
63656690,2025-01-06 07:31:00,2025-01-07 00:00:00,DOB,Building/Use,Illegal Conversion Of Residential Building/Space,Queens,11420.0,Closed,Unknown,0
63656691,2025-01-05 23:22:35,2025-12-23 00:00:00,DOB,Building/Use,Illegal Conversion Of Residential Building/Space,Queens,11356.0,Closed,Unknown,351
63656695,2025-01-06 05:36:05,2025-01-06 05:36:05,DOB,Elevator,Elevator - Multiple Devices On Property,Bronx,10473.0,Closed,Unknown,0
63656696,2025-01-06 16:44:04,2025-08-25 00:00:00,DOB,Elevator,Elevator - Multiple Devices On Property,Manhattan,10026.0,Closed,Unknown,230
63656698,2025-01-06 13:11:52,2025-01-09 00:00:00,DOB,General Construction/Plumbing,Cons - Contrary/Beyond Approved Plans/Permits,Bronx,10461.0,Closed,Unknown,2
63656703,2025-01-06 18:51:30,2025-03-05 00:00:00,DOB,Elevator,Elevator - Single Device On Property/No Alternate Service,Bronx,10452.0,Closed,Unknown,57
63656820,2025-01-06 04:17:47,2025-01-06 04:17:47,DOB,General Construction/Plumbing,Building Shaking/Vibrating/Structural Stability,Brooklyn,11226.0,Closed,Unknown,0
63656821,2025-01-06 14:36:08,2025-01-06 14:36:08,DOB,General Construction/Plumbing,Building Shaking/Vibrating/Structural Stability,Queens,11429.0,Closed,Unknown,0
63656932,2025-01-06 04:38:56,2025-01-06 04:38:56,DOB,General Construction/Plumbing,Egress - Doors Locked/Blocked/Improper/No Secondary Means,Brooklyn,11214.0,Closed,Unknown,0
63656999,2025-01-06 12:20:17,2025-03-21 00:00:00,DOB,General Construction/Plumbing,Building Shaking/Vibrating/Structural Stability,Manhattan,10030.0,Closed,Unknown,73
63657000,2025-01-06 14:39:09,2025-05-08 00:00:00,DOB,General Construction/Plumbing,Cons - Contrary/Beyond Approved Plans/Permits,Brooklyn,11211.0,Closed,Unknown,121
63657282,2025-01-06 12:59:50,2025-01-08 00:00:00,DOB,General Construction/Plumbing,Cons - Contrary/Beyond Approved Plans/Permits,Queens,11379.0,Closed,Unknown,1
63657431,2025-01-06 12:56:50,2025-01-06 12:56:50,DOB,General Construction/Plumbing,Curb Cut/Driveway/Carport - Illegal,Brooklyn,11230.0,Closed,Unknown,0
63657490,2025-01-06 18:30:24,2025-01-09 00:00:00,DOB,Investigations And Discipline (Iad),Investigative Inspection,Brooklyn,11235.0,Closed,Unknown,2
63658431,2025-01-06 07:37:01,2025-01-13 00:00:00,DOB,Building/Use,Illegal Conversion Of Residential Building/Space,Queens,11428.0,Closed,Unknown,6
63658433,2025-01-06 17:11:19,2025-01-08 00:00:00,DOB,Electrical,Electrical Wiring Defective/Exposed,Queens,11367.0,Closed,Unknown,1
63658487,2025-01-06 08:01:22,2025-01-06 08:01:22,DOB,Elevator,Elevator - Multiple Devices On Property,Bronx,10473.0,Closed,Unknown,0
63658503,2025-01-06 09:10:58,2025-02-27 00:00:00,DOB,Special Projects Inspection Team (Spit),Illegal Hotel Rooms In Residential Building,Brooklyn,11215.0,Closed,Unknown,51
63658505,2025-01-06 18:39:27,2025-08-04 00:00:00,DOB,Building/Use,Illegal Conversion Of Residential Building/Space,Staten Island,10310.0,Closed,Unknown,209
63658506,2025-01-05 22:58:32,2025-07-02 00:00:00,DOB,Building/Use,SRO - Illegal Work/No Permit/Change In Occupancy/Use,Queens,11417.0,Closed,Unknown,177
63658512,2025-01-06 09:50:30,2025-01-09 00:00:00,DOB,Plumbing,Plumbing-Defective/Leaking/Not Maintained,Brooklyn,11229.0,Closed,Unknown,2
63658547,2025-01-06 17:14:48,2025-01-08 00:00:00,DOB,Electrical,Electrical Wiring Defective/Exposed,Queens,11367.0,Closed,Unknown,1
63658548,2025-01-06 17:11:12,2025-01-08 00:00:00,DOB,Electrical,Electrical Wiring Defective/Exposed,Queens,11367.0,Closed,Unknown,1
63658554,2025-01-06 13:20:54,2025-02-15 00:00:00,DOB,General Construction/Plumbing,Vent/Exhaust - Illegal/Improper,Bronx,10453.0,Closed,Unknown,39
63658601,2025-01-06 14:42:08,2025-01-07 00:00:00,DOB,Elevator,Elevator - Single Device On Property/No Alternate Service,Brooklyn,11211.0,Closed,Unknown,0
63658608,2025-01-06 05:45:06,2025-01-08 00:00:00,DOB,Elevator,Elevator - Single Device On Property/No Alternate Service,Bronx,10453.0,Closed,Unknown,1
63658621,2025-01-06 16:44:05,2025-01-13 00:00:00,DOB,Special Projects Inspection Team (Spit),Illegal Hotel Rooms In Residential Building,Bronx,10456.0,Closed,Unknown,6
63658622,2025-01-06 11:34:18,2025-01-07 00:00:00,DOB,Best/Site Safety,Demolition - Unsafe,Brooklyn,11219.0,Closed,Unknown,0
63658623,2025-01-06 15:24:51,2025-04-15 00:00:00,DOB,Building/Use,Illegal Conversion Of Residential Building/Space,Brooklyn,11204.0,Closed,Unknown,98
63658624,2025-01-06 12:23:17,2025-10-10 00:00:00,DOB,Building/Use,Illegal. Commercial Use In Resident Zone,Bronx,10469.0,Closed,Unknown,276
63658626,2025-01-05 20:39:51,2025-01-07 00:00:00,DOB,Electrical,Electrical Wiring Defective/Exposed,Brooklyn,11215.0,Closed,Unknown,1
63658684,2025-01-05 23:55:39,2025-01-06 00:00:00,DOB,Elevator,Elevator - Multiple Devices On Property,Bronx,10473.0,Closed,Unknown,0
63658690,2025-01-06 17:57:03,2025-06-06 00:00:00,DOB,General Construction/Plumbing,Curb Cut/Driveway/Carport - Illegal,Brooklyn,11205.0,Closed,Unknown,150
63658746,2025-01-06 09:01:42,2025-08-08 00:00:00,DOB,General Construction/Plumbing,Building Permit - None,Queens,11367.0,Closed,Unknown,213
63658747,2025-01-06 07:12:50,2025-01-10 00:00:00,DOB,Investigations And Discipline (Iad),Investigative Inspection,Manhattan,10022.0,Closed,Unknown,3
63658749,2025-01-05 20:48:54,2025-01-06 00:00:00,DOB,Scaffold Safety,Suspended (Hanging) Scaffolds - No Pmt/Lic/Dangerous/Accident,Brooklyn,11231.0,Closed,Unknown,0
63658813,2025-01-06 08:58:41,2025-04-17 00:00:00,DOB,General Construction/Plumbing,Curb Cut/Driveway/Carport - Illegal,Brooklyn,11215.0,Closed,Unknown,100
63658905,2025-01-06 01:50:24,2025-01-06 01:50:24,DOB,Building/Use,Illegal. Commercial Use In Resident Zone,Bronx,10458.0,Closed,Unknown,0
63658907,2025-01-06 10:02:32,2025-03-06 00:00:00,DOB,Building/Use,No Certificate Of Occupancy/Illegal/Contrary To CO,Bronx,10457.0,Closed,Unknown,58
63658950,2025-01-06 10:23:36,2025-01-06 10:23:36,DOB,Real Time Enforcement,Work Without A Permit - Occupied Multiple Dwelling,Queens,11691.0,Closed,Unknown,0
63659181,2025-01-06 16:01:37,2025-01-06 16:01:37,DOB,Real Time Enforcement,Work Without A Permit - Occupied Multiple Dwelling,Brooklyn,11233.0,Closed,Unknown,0
63659182,2025-01-06 10:51:02,2026-01-15 00:00:00,DOB,Real Time Enforcement,Work Without A Permit - Occupied Multiple Dwelling,Brooklyn,11211.0,Closed,Unknown,373
63659183,2025-01-06 14:18:04,2025-01-06 14:18:04,DOB,Real Time Enforcement,Work Without A Permit - Occupied Multiple Dwelling,Manhattan,10128.0,Closed,Unknown,0
63659275,2025-01-06 02:53:59,2025-01-10 00:00:00,DOB,Emergency Response Team (Ert),Lights From Parking Lot Shining On Building,Manhattan,10029.0,Closed,Unknown,3
63659325,2025-01-06 08:34:35,2025-01-06 08:34:35,DOB,General Construction/Plumbing,Working Contrary To Stop Work Order,Brooklyn,11220.0,Closed,Unknown,0
63660342,2025-01-06 09:59:51,2025-01-10 00:00:00,DOB,Boilers,Boiler - Defective/Inoperative/No Permit,Queens,11366.0,Closed,Unknown,3
63660343,2025-01-06 09:53:30,2025-04-24 00:00:00,DOB,Building/Use,Illegal Conversion Of Residential Building/Space,Queens,11417.0,Closed,Unknown,107
63660344,2025-01-06 17:08:10,2025-01-08 00:00:00,DOB,Electrical,Electrical Wiring Defective/Exposed,Queens,11367.0,Closed,Unknown,1
63660356,2025-01-05 23:52:38,2025-01-21 00:00:00,DOB,General Construction/Plumbing,Construction - Change Grade/Watercourse,Manhattan,10040.0,Closed,Unknown,15
63660357,2025-01-06 15:12:48,2025-03-03 00:00:00,DOB,General Construction/Plumbing,Debris - Excessive,Brooklyn,11215.0,Closed,Unknown,55
63660396,2025-01-06 12:59:50,2025-01-10 00:00:00,DOB,Electrical,Electrical Wiring Defective/Exposed,Brooklyn,11210.0,Closed,Unknown,3
63660397,2025-01-06 17:11:11,2025-01-08 00:00:00,DOB,Electrical,Electrical Wiring Defective/Exposed,Queens,11367.0,Closed,Unknown,1
63660403,2025-01-06 14:06:02,2025-01-17 00:00:00,DOB,General Construction/Plumbing,Cons - Contrary/Beyond Approved Plans/Permits,Brooklyn,11230.0,Closed,Unknown,10
63660453,2025-01-06 07:31:00,2025-01-06 07:31:00,DOB,Elevator,Elevator - Multiple Devices On Property,Bronx,10473.0,Closed,Unknown,0
63660454,2025-01-05 20:51:55,2025-08-13 00:00:00,DOB,Elevator,Elevator - Single Device On Property/No Alternate Service,Manhattan,10027.0,Closed,Unknown,219
63660529,2025-01-06 08:52:40,2025-12-23 00:00:00,DOB,Building/Use,Illegal Conversion Of Residential Building/Space,Queens,11356.0,Closed,Unknown,350
63660531,2025-01-06 15:00:21,2025-02-26 00:00:00,DOB,Building/Use,Illegal Conversion Of Residential Building/Space,Brooklyn,11231.0,Closed,Unknown,50
63660536,2025-01-06 16:37:44,2025-01-08 00:00:00,DOB,General Construction/Plumbing,Failure To Maintain,Brooklyn,11222.0,Closed,Unknown,1
63660554,2025-01-06 11:25:12,2025-01-13 00:00:00,DOB,Special Projects Inspection Team (Spit),Illegal Hotel Rooms In Residential Building,Queens,11419.0,Closed,Unknown,6
63660555,2025-01-05 20:21:47,2025-01-14 00:00:00,DOB,Boilers,Boiler - Defective/Inoperative/No Permit,Brooklyn,11238.0,Closed,Unknown,8
63660566,2025-01-06 13:17:53,2025-01-10 00:00:00,DOB,Boilers,Boiler - Defective/Inoperative/No Permit,Staten Island,10314.0,Closed,Unknown,3
63660567,2025-01-06 08:49:38,2025-03-11 00:00:00,DOB,Building/Use,Illegal Conversion Of Residential Building/Space,Brooklyn,11203.0,Closed,Unknown,63
63660568,2025-01-06 07:40:21,2025-10-02 00:00:00,DOB,Building/Use,Illegal Conversion Of Residential Building/Space,Staten Island,10302.0,Closed,Unknown,268
63660574,2025-01-06 15:06:47,2025-01-07 00:00:00,DOB,General Construction/Plumbing,Sidewalk Shed/Pipe Scafford - Inadequate Defective/None,Brooklyn,11225.0,Closed,Unknown,0
63660608,2025-01-06 11:15:48,2025-01-09 00:00:00,DOB,Elevator,Elevator - Single Device On Property/No Alternate Service,Bronx,10457.0,Closed,Unknown,2
63660622,2025-01-06 07:40:02,2025-01-06 07:40:02,DOB,Elevator,Elevator - Multiple Devices On Property,Bronx,10473.0,Closed,Unknown,0
63660623,2025-01-06 15:09:48,2025-01-07 00:00:00,DOB,Elevator,Elevator - Multiple Devices On Property,Brooklyn,11211.0,Closed,Unknown,0
63660626,2025-01-06 18:00:04,2025-01-07 00:00:00,DOB,Elevator,Elevator - Single Device On Property/No Alternate Service,Manhattan,10026.0,Closed,Unknown,0
63660735,2025-01-06 13:23:55,2025-01-07 00:00:00,DOB,General Construction/Plumbing,Building Shaking/Vibrating/Structural Stability,Bronx,10453.0,Closed,Unknown,0
63660739,2025-01-06 13:35:57,2025-01-06 13:35:57,DOB,Electrical,Electrical Wiring Defective/Exposed,Queens,11385.0,Closed,Unknown,0
63660745,2025-01-06 11:37:18,2025-01-07 00:00:00,DOB,General Construction/Plumbing,Building Permit - None,Brooklyn,11236.0,Closed,Unknown,0
63660747,2025-01-06 10:48:02,2025-01-06 10:48:02,DOB,General Construction/Plumbing,Egress - Doors Locked/Blocked/Improper/No Secondary Means,Manhattan,10013.0,Closed,Unknown,0
63660772,2025-01-06 15:52:21,2025-03-21 00:00:00,DOB,General Construction/Plumbing,Curb Cut/Driveway/Carport - Illegal,Queens,11414.0,Closed,Unknown,73
63660844,2025-01-06 11:03:05,2025-01-10 00:00:00,DOB,General Construction/Plumbing,Building Permit - None,Queens,11418.0,Closed,Unknown,3
63660845,2025-01-06 12:35:20,2025-01-18 00:00:00,DOB,General Construction/Plumbing,Building Permit - None,Brooklyn,11223.0,Closed,Unknown,11
63660853,2025-01-06 11:37:44,2025-01-07 00:00:00,DOB,General Construction/Plumbing,Site Conditions Endangering Workers,Bronx,10462.0,Closed,Unknown,0
63660858,2025-01-05 20:15:46,2025-01-06 00:00:00,DOB,General Construction/Plumbing,Sidewalk Shed/Pipe Scafford - Inadequate Defective/None,Brooklyn,11231.0,Closed,Unknown,0
63661100,2025-01-06 14:48:10,2025-01-18 00:00:00,DOB,General Construction/Plumbing,Building Permit - None,Brooklyn,11223.0,Closed,Unknown,11
63661107,2025-01-06 12:11:34,2025-01-07 00:00:00,DOB,Real Time Enforcement,Work Without A Permit - Occupied Multiple Dwelling,Queens,11103.0,Closed,Unknown,0
63661115,2025-01-06 14:12:03,2025-01-17 00:00:00,DOB,General Construction/Plumbing,Building Permit - None,Queens,11354.0,Closed,Unknown,10
63661254,2025-01-06 15:00:21,2025-01-10 00:00:00,DOB,General Construction/Plumbing,Building Permit - None,Brooklyn,11220.0,Closed,Unknown,3
63661278,2025-01-06 09:56:31,2025-01-07 00:00:00,DOB,General Construction/Plumbing,Egress - Doors Locked/Blocked/Improper/No Secondary Means,Manhattan,10011.0,Closed,Unknown,0
63662323,2025-01-06 05:33:05,2025-01-09 00:00:00,DOB,Boilers,Boiler - Defective/Inoperative/No Permit,Queens,11377.0,Closed,Unknown,2
63662324,2025-01-06 15:52:21,2025-01-07 00:00:00,DOB,Building/Use,Illegal Conversion Of Residential Building/Space,Queens,11372.0,Closed,Unknown,0
63662325,2025-01-06 15:39:54,2025-05-28 00:00:00,DOB,Building/Use,Illegal Conversion Of Residential Building/Space,Queens,11369.0,Closed,Unknown,141
63662326,2025-01-06 16:10:38,2025-11-07 00:00:00,DOB,Building/Use,Illegal. Commercial Use In Resident Zone,Brooklyn,11234.0,Closed,Unknown,304
63662333,2025-01-06 08:16:31,2025-10-02 00:00:00,DOB,General Construction/Plumbing,Failure To Maintain,Staten Island,10308.0,Closed,Unknown,268
63662334,2025-01-06 17:14:48,2025-03-04 00:00:00,DOB,General Construction/Plumbing,Fence - None/Inadequate,Queens,11428.0,Closed,Unknown,56
63662369,2025-01-06 19:30:41,2025-12-29 00:00:00,DOB,Building/Use,Illegal Conversion Of Residential Building/Space,Queens,11419.0,Closed,Unknown,356
63662370,2025-01-06 07:06:48,2025-01-15 00:00:00,DOB,Electrical,Electrical Wiring Defective/Exposed,Bronx,10453.0,Closed,Unknown,8
63662412,2025-01-06 14:57:11,2025-09-11 00:00:00,DOB,Elevator,Elevator - Multiple Devices On Property,Bronx,10472.0,Closed,Unknown,247
63662413,2025-01-06 09:47:29,2025-04-25 00:00:00,DOB,Elevator,Elevator - Single Device On Property/No Alternate Service,Manhattan,10027.0,Closed,Unknown,108
63662444,2025-01-06 00:10:42,2025-01-06 00:10:42,DOB,Elevator,Elevator - Multiple Devices On Property,Bronx,10473.0,Closed,Unknown,0
63662445,2025-01-06 12:44:21,2025-01-30 00:00:00,DOB,Elevator,Elevator - Single Device On Property/No Alternate Service,Manhattan,10028.0,Closed,Unknown,23
63662446,2025-01-06 19:30:40,2025-10-14 00:00:00,DOB,Elevator,Elevator - Single Device On Property/No Alternate Service,Bronx,10468.0,Closed,Unknown,280
63662447,2025-01-06 14:36:08,2025-11-17 00:00:00,DOB,Elevator,Elevator - Single Device On Property/No Alternate Service,Bronx,10453.0,Closed,Unknown,314
63662452,2025-01-06 15:27:51,2025-02-10 00:00:00,DOB,Elevator,Elevator - Single Device On Property/No Alternate Service,Queens,11432.0,Closed,Unknown,34
63662497,2025-01-06 18:48:28,2025-02-13 00:00:00,DOB,General Construction/Plumbing,Site Conditions Endangering Workers,Brooklyn,11231.0,Closed,Unknown,37
63662498,2025-01-05 19:43:00,2025-01-27 00:00:00,DOB,Special Projects Inspection Team (Spit),Illegal Hotel Rooms In Residential Building,Queens,11428.0,Closed,Unknown,21
63662504,2025-01-06 09:01:42,2025-06-12 00:00:00,DOB,General Construction/Plumbing,Fence - None/Inadequate,Queens,11364.0,Closed,Unknown,156
63662530,2025-01-06 15:15:49,2025-01-07 00:00:00,DOB,Best/Site Safety,Demolition - Unsafe,Manhattan,10003.0,Closed,Unknown,0
63662531,2025-01-06 12:14:15,2025-01-13 00:00:00,DOB,Building/Use,Illegal Conversion Of Residential Building/Space,Manhattan,10022.0,Closed,Unknown,6
63662534,2025-01-06 13:02:50,2025-01-22 00:00:00,DOB,Building/Use,Illegal Conversion Of Residential Building/Space,Manhattan,10075.0,Closed,Unknown,15
63662539,2025-01-06 18:42:28,2025-02-12 00:00:00,DOB,General Construction/Plumbing,Vent/Exhaust - Illegal/Improper,Manhattan,10025.0,Closed,Unknown,36
63662579,2025-01-05 22:37:48,2025-09-09 00:00:00,DOB,Elevator,Elevator - Single Device On Property/No Alternate Service,Bronx,10473.0,Closed,Unknown,246
63662597,2025-01-06 14:39:08,2025-01-07 00:00:00,DOB,Elevator,Elevator - Multiple Devices On Property,Brooklyn,11211.0,Closed,Unknown,0
63662690,2025-01-06 09:04:57,2025-01-08 00:00:00,DOB,Boilers,Boiler - Defective/Inoperative/No Permit,Manhattan,10003.0,Closed,Unknown,1
63662697,2025-01-06 11:31:16,2025-07-09 00:00:00,DOB,General Construction/Plumbing,Building Permit - None,Brooklyn,11236.0,Closed,Unknown,183
63662700,2025-01-05 21:22:15,2025-01-06 00:00:00,DOB,General Construction/Plumbing,Sidewalk Shed/Pipe Scafford - Inadequate Defective/None,Manhattan,10027.0,Closed,Unknown,0
63662784,2025-01-06 10:39:00,2025-01-07 00:00:00,DOB,General Construction/Plumbing,Building Shaking/Vibrating/Structural Stability,Manhattan,10029.0,Closed,Unknown,0
63662906,2025-01-07 14:28:55,2025-01-07 14:28:55,DOB,Real Time Enforcement,Work Without A Permit - Occupied Multiple Dwelling,Manhattan,10016.0,Closed,Unknown,0
63662914,2025-01-07 13:02:40,2025-01-07 13:02:40,DOB,Real Time Enforcement,Work Without A Permit - Occupied Multiple Dwelling,Bronx,10460.0,Closed,Unknown,0
63662918,2025-01-06 22:21:29,2025-01-08 00:00:00,DOB,Boilers,Boiler - Defective/Inoperative/No Permit,Manhattan,10034.0,Closed,Unknown,1
63662919,2025-01-07 13:32:54,2025-02-20 00:00:00,DOB,Building/Use,Illegal Conversion Of Residential Building/Space,Brooklyn,11222.0,Closed,Unknown,43
63662920,2025-01-07 13:08:50,2025-03-22 00:00:00,DOB,Building/Use,Illegal Conversion Of Residential Building/Space,Queens,11432.0,Closed,Unknown,73
63662921,2025-01-07 17:24:12,2025-05-29 00:00:00,DOB,Building/Use,Zoning - Non-Conforming/Illegal Vehicle Storage,Brooklyn,11203.0,Closed,Unknown,141
63662926,2025-01-07 14:37:57,2025-03-04 00:00:00,DOB,Special Projects Inspection Team (Spit),Illegal Hotel Rooms In Residential Building,Queens,11357.0,Closed,Unknown,55
63662928,2025-01-07 13:05:42,2025-01-08 00:00:00,DOB,General Construction/Plumbing,Site Conditions Endangering Workers,Brooklyn,11209.0,Closed,Unknown,0
63662929,2025-01-07 08:12:36,2025-01-17 00:00:00,DOB,Boilers,Boiler - Defective/Inoperative/No Permit,Manhattan,10033.0,Closed,Unknown,9
63662933,2025-01-07 13:20:52,2025-01-13 00:00:00,DOB,Boilers,Boiler - Defective/Inoperative/No Permit,Brooklyn,11226.0,Closed,Unknown,5
63662934,2025-01-07 14:47:37,2025-01-10 00:00:00,DOB,Electrical,Electrical Wiring Defective/Exposed,Queens,11385.0,Closed,Unknown,2
63662937,2025-01-07 10:55:36,2025-01-17 00:00:00,DOB,Electrical,Electrical Wiring Defective/Exposed,Manhattan,10016.0,Closed,Unknown,9
63662949,2025-01-07 15:02:49,2025-01-23 00:00:00,DOB,Boilers,Boiler - Defective/Inoperative/No Permit,Queens,11428.0,Closed,Unknown,15
63662950,2025-01-06 22:30:31,2025-01-10 00:00:00,DOB,Emergency Response Team (Ert),After Hours Work - Illegal,Manhattan,10029.0,Closed,Unknown,3
63662953,2025-01-06 22:51:35,2025-01-09 00:00:00,DOB,General Construction/Plumbing,Fence - None/Inadequate,Brooklyn,11219.0,Closed,Unknown,2
63662954,2025-01-07 10:09:08,2025-05-22 00:00:00,DOB,General Construction/Plumbing,Vent/Exhaust - Illegal/Improper,Staten Island,10309.0,Closed,Unknown,134
63662959,2025-01-07 16:13:11,2025-02-11 00:00:00,DOB,General Construction/Plumbing,Fence - None/Inadequate,Queens,11101.0,Closed,Unknown,34
63662960,2025-01-07 11:16:40,2025-05-12 00:00:00,DOB,General Construction/Plumbing,Vent/Exhaust - Illegal/Improper,Queens,11375.0,Closed,Unknown,124
63663053,2025-01-07 08:09:35,2025-03-05 00:00:00,DOB,Elevator,Elevator - Multiple Devices On Property,Bronx,10452.0,Closed,Unknown,56
63663061,2025-01-07 04:56:25,2025-02-27 00:00:00,DOB,Elevator,Elevator - Multiple Devices On Property,Queens,11373.0,Closed,Unknown,50
63663062,2025-01-07 16:56:11,2025-01-09 00:00:00,DOB,Elevator,Elevator - Multiple Devices On Property,Manhattan,10006.0,Closed,Unknown,1
63663070,2025-01-07 13:39:20,2025-01-14 00:00:00,DOB,Elevator,Elevator - Single Device On Property/No Alternate Service,Bronx,10473.0,Closed,Unknown,6
63663081,2025-01-07 07:54:30,2025-01-21 00:00:00,DOB,Elevator,Elevator - Single Device On Property/No Alternate Service,Brooklyn,11234.0,Closed,Unknown,13
63663082,2025-01-07 13:58:03,2025-05-06 00:00:00,DOB,Elevator,Elevator - Single Device On Property/No Alternate Service,Manhattan,10027.0,Closed,Unknown,118
63663087,2025-01-07 09:13:56,2025-01-09 00:00:00,DOB,Elevator,Elevator - Multiple Devices On Property,Bronx,10472.0,Closed,Unknown,1
63663088,2025-01-07 01:10:16,2025-01-09 00:00:00,DOB,Elevator,Elevator - Single Device On Property/No Alternate Service,Manhattan,10039.0,Closed,Unknown,1
63664373,2025-01-07 14:28:44,2025-04-30 00:00:00,DOB,General Construction/Plumbing,Curb Cut/Driveway/Carport - Illegal,Bronx,10467.0,Closed,Unknown,112
63664499,2025-01-07 13:11:50,2025-01-23 00:00:00,DOB,Building/Use,No Certificate Of Occupancy/Illegal/Contrary To CO,Staten Island,10301.0,Closed,Unknown,15
63664511,2025-01-07 14:04:04,2025-10-14 00:00:00,DOB,Special Projects Inspection Team (Spit),Sign/Awning/Marquee - Illegal/No Permit,Bronx,10461.0,Closed,Unknown,279
63664512,2025-01-07 15:57:38,2025-01-10 00:00:00,DOB,Investigations And Discipline (Iad),Investigative Inspection,Manhattan,10038.0,Closed,Unknown,2
63664539,2025-01-07 09:53:46,2025-01-07 09:53:46,DOB,General Construction/Plumbing,Building Shaking/Vibrating/Structural Stability,Staten Island,10314.0,Closed,Unknown,0
63664540,2025-01-07 08:55:23,2025-01-29 00:00:00,DOB,Special Projects Inspection Team (Spit),Illegal Hotel Rooms In Residential Building,Queens,11432.0,Closed,Unknown,21
63664545,2025-01-07 08:55:05,2025-01-07 08:55:05,DOB,Building/Use,Illegal Conversion Of Residential Building/Space,Queens,11414.0,Closed,Unknown,0
63664811,2025-01-07 11:43:44,2025-01-09 00:00:00,DOB,Boilers,Boiler - Defective/Inoperative/No Permit,Brooklyn,11212.0,Closed,Unknown,1
63664812,2025-01-07 13:02:40,2025-01-27 00:00:00,DOB,Boilers,Boiler - Defective/Inoperative/No Permit,Bronx,10454.0,Closed,Unknown,19
63664841,2025-01-07 10:36:29,2025-01-07 10:36:29,DOB,Real Time Enforcement,Work Without A Permit - Occupied Multiple Dwelling,Bronx,10467.0,Closed,Unknown,0
63664842,2025-01-07 09:13:41,2025-01-07 09:13:41,DOB,Real Time Enforcement,Work Without A Permit - Occupied Multiple Dwelling,Manhattan,10019.0,Closed,Unknown,0
63664849,2025-01-07 13:05:49,2025-01-08 00:00:00,DOB,General Construction/Plumbing,Site Conditions Endangering Workers,Brooklyn,11206.0,Closed,Unknown,0
63664850,2025-01-07 08:09:36,2025-01-09 00:00:00,DOB,Boilers,Boiler - Defective/Inoperative/No Permit,Bronx,10464.0,Closed,Unknown,1
63664851,2025-01-07 16:53:05,2025-02-13 00:00:00,DOB,Building/Use,Illegal Conversion Of Residential Building/Space,Manhattan,10014.0,Closed,Unknown,36
63664854,2025-01-07 14:19:43,2025-01-07 14:19:43,DOB,Real Time Enforcement,Work Without A Permit - Occupied Multiple Dwelling,Brooklyn,11209.0,Closed,Unknown,0
63664873,2025-01-07 16:43:42,2025-01-08 00:00:00,DOB,General Construction/Plumbing,Building Shaking/Vibrating/Structural Stability,Queens,11420.0,Closed,Unknown,0
63664874,2025-01-07 10:48:31,2025-02-20 00:00:00,DOB,General Construction/Plumbing,Cons - Contrary/Beyond Approved Plans/Permits,Brooklyn,11221.0,Closed,Unknown,43
63664875,2025-01-07 16:37:39,2025-02-06 00:00:00,DOB,General Construction/Plumbing,Cons - Contrary/Beyond Approved Plans/Permits,Queens,11417.0,Closed,Unknown,29
63664876,2025-01-07 10:27:26,2025-02-18 00:00:00,DOB,General Construction/Plumbing,Debris - Excessive,Brooklyn,11249.0,Closed,Unknown,41
63664877,2025-01-07 13:42:31,2025-01-17 00:00:00,DOB,Boilers,Boiler - Defective/Inoperative/No Permit,Brooklyn,11205.0,Closed,Unknown,9
63664878,2025-01-07 17:27:13,2025-01-15 00:00:00,DOB,Boilers,Boiler - Defective/Inoperative/No Permit,Queens,11421.0,Closed,Unknown,7
63664884,2025-01-07 09:50:41,2025-01-07 09:50:41,DOB,Real Time Enforcement,Work Without A Permit - Occupied Multiple Dwelling,Manhattan,10044.0,Closed,Unknown,0
63664893,2025-01-07 10:33:28,2025-01-08 00:00:00,DOB,General Construction/Plumbing,Sidewalk Shed/Pipe Scafford - Inadequate Defective/None,Bronx,10460.0,Closed,Unknown,0
63664894,2025-01-07 13:35:55,2025-01-16 00:00:00,DOB,General Construction/Plumbing,Sidewalk Shed/Pipe Scafford - Inadequate Defective/None,Manhattan,10075.0,Closed,Unknown,8
63664907,2025-01-07 14:31:55,2025-02-07 00:00:00,DOB,Special Projects Inspection Team (Spit),Illegal Hotel Rooms In Residential Building,Manhattan,10065.0,Closed,Unknown,30
63664908,2025-01-07 11:13:39,2025-05-30 00:00:00,DOB,General Construction/Plumbing,"Building - Vacant, Open And Unguarded",Brooklyn,11205.0,Closed,Unknown,142
63664943,2025-01-07 07:30:26,2025-01-10 00:00:00,DOB,Elevator,Elevator - Multiple Devices On Property,Manhattan,10022.0,Closed,Unknown,2
63664949,2025-01-07 18:28:07,2025-02-04 00:00:00,DOB,Elevator,Elevator - Single Device On Property/No Alternate Service,Brooklyn,11210.0,Closed,Unknown,27
63664950,2025-01-07 12:53:38,2025-01-31 00:00:00,DOB,Elevator,Elevator - Single Device On Property/No Alternate Service,Brooklyn,11209.0,Closed,Unknown,23
63664951,2025-01-07 17:57:27,2025-01-09 00:00:00,DOB,Elevator,Elevator - Single Device On Property/No Alternate Service,Bronx,10462.0,Closed,Unknown,1
63664952,2025-01-07 18:28:07,2025-01-10 00:00:00,DOB,Elevator,Elevator - Single Device On Property/No Alternate Service,Manhattan,10039.0,Closed,Unknown,2
63664955,2025-01-07 17:08:17,2025-01-08 00:00:00,DOB,Elevator,Elevator - Multiple Devices On Property,Brooklyn,11211.0,Closed,Unknown,0
63664956,2025-01-06 22:54:35,2025-04-21 00:00:00,DOB,Elevator,Elevator - Single Device On Property/No Alternate Service,Brooklyn,11210.0,Closed,Unknown,104
63664965,2025-01-06 21:29:25,2025-01-10 00:00:00,DOB,Elevator,Elevator - Single Device On Property/No Alternate Service,Bronx,10459.0,Closed,Unknown,3
63664988,2025-01-07 11:16:39,2025-06-25 00:00:00,DOB,Elevator,Elevator - Single Device On Property/No Alternate Service,Manhattan,10032.0,Closed,Unknown,168
63666466,2025-01-07 11:10:38,2025-01-07 11:10:38,DOB,General Construction/Plumbing,Site Conditions Endangering Workers,Queens,11428.0,Closed,Unknown,0
63666510,2025-01-07 03:29:12,2025-01-07 03:29:12,DOB,General Construction/Plumbing,Sidewalk Shed/Pipe Scafford - Inadequate Defective/None,Brooklyn,11218.0,Closed,Unknown,0
63666512,2025-01-07 17:42:16,2025-06-30 00:00:00,DOB,General Construction/Plumbing,Building Permit - None,Staten Island,10309.0,Closed,Unknown,173
63666535,2025-01-07 11:40:43,2025-01-22 00:00:00,DOB,Emergency Response Team (Ert),Lights From Parking Lot Shining On Building,Manhattan,10033.0,Closed,Unknown,14
63666539,2025-01-07 11:19:40,2025-01-08 00:00:00,DOB,General Construction/Plumbing,Building Shaking/Vibrating/Structural Stability,Bronx,10452.0,Closed,Unknown,0
63666540,2025-01-07 12:14:06,2025-01-08 00:00:00,DOB,General Construction/Plumbing,Egress - Doors Locked/Blocked/Improper/No Secondary Means,Brooklyn,11236.0,Closed,Unknown,0
63666544,2025-01-07 09:07:40,2025-01-07 09:07:40,DOB,Building/Use,Illegal Conversion Of Residential Building/Space,Brooklyn,11216.0,Closed,Unknown,0
63666565,2025-01-07 12:59:40,2025-01-15 00:00:00,DOB,Electrical,Electrical Wiring Defective/Exposed,Queens,11361.0,Closed,Unknown,7
63666566,2025-01-07 12:08:04,2025-01-08 00:00:00,DOB,General Construction/Plumbing,Building Permit - None,Brooklyn,11209.0,Closed,Unknown,0
63666567,2025-01-07 14:25:43,2025-01-13 00:00:00,DOB,General Construction/Plumbing,Building Permit - None,Queens,11106.0,Closed,Unknown,5
63666568,2025-01-07 14:19:42,2025-01-07 14:19:42,DOB,General Construction/Plumbing,Building Permit - None,Brooklyn,11207.0,Closed,Unknown,0
63666571,2025-01-07 08:49:03,2025-04-17 00:00:00,DOB,General Construction/Plumbing,Curb Cut/Driveway/Carport - Illegal,Brooklyn,11223.0,Closed,Unknown,99
63666803,2025-01-07 16:50:03,2025-01-09 00:00:00,DOB,Boilers,Boiler - Defective/Inoperative/No Permit,Bronx,10452.0,Closed,Unknown,1
63666804,2025-01-07 18:13:04,2025-04-15 00:00:00,DOB,Building/Use,Illegal Conversion Of Residential Building/Space,Queens,11367.0,Closed,Unknown,97
63666807,2025-01-07 11:25:41,2025-01-07 11:25:41,DOB,Real Time Enforcement,Work Without A Permit - Occupied Multiple Dwelling,Brooklyn,11213.0,Closed,Unknown,0
63666818,2025-01-07 10:27:17,2025-02-21 00:00:00,DOB,General Construction/Plumbing,Cons - Contrary/Beyond Approved Plans/Permits,Brooklyn,11217.0,Closed,Unknown,44
63666843,2025-01-06 19:40:10,2025-01-29 00:00:00,DOB,Special Projects Inspection Team (Spit),Illegal Hotel Rooms In Residential Building,Brooklyn,11223.0,Closed,Unknown,22
63666844,2025-01-07 09:07:38,2025-03-11 00:00:00,DOB,Building/Use,Illegal Conversion Of Residential Building/Space,Brooklyn,11203.0,Closed,Unknown,62
63666845,2025-01-07 16:19:11,2025-05-08 00:00:00,DOB,Building/Use,Zoning - Non-Conforming/Illegal Vehicle Storage,Queens,11423.0,Closed,Unknown,120
63666862,2025-01-07 11:37:43,2025-01-08 00:00:00,DOB,Real Time Enforcement,Work Without A Permit - Occupied Multiple Dwelling,Queens,11374.0,Closed,Unknown,0
63666863,2025-01-07 10:00:07,2025-01-07 10:00:07,DOB,Real Time Enforcement,Work Without A Permit - Occupied Multiple Dwelling,Brooklyn,11213.0,Closed,Unknown,0
63666867,2025-01-07 16:34:38,2025-01-13 00:00:00,DOB,Plumbing,Plumbing Work - Illegal/No Permit/Standpipe/Sprinkler,Queens,11428.0,Closed,Unknown,5
63666869,2025-01-07 11:49:46,2025-01-10 00:00:00,DOB,Real Time Enforcement,Work Without A Permit - Occupied Multiple Dwelling,Queens,11372.0,Closed,Unknown,2
63666882,2025-01-07 07:18:24,2025-01-15 00:00:00,DOB,Boilers,Boiler - Defective/Inoperative/No Permit,Brooklyn,11238.0,Closed,Unknown,7
63666883,2025-01-07 15:14:52,2025-02-06 00:00:00,DOB,Building/Use,Illegal Conversion Of Residential Building/Space,Bronx,10459.0,Closed,Unknown,29
63666884,2025-01-07 17:57:19,2025-04-10 00:00:00,DOB,Building/Use,Illegal Conversion Of Residential Building/Space,Queens,11367.0,Closed,Unknown,92
63666885,2025-01-07 15:36:30,2025-03-12 00:00:00,DOB,Building/Use,Illegal Conversion Of Residential Building/Space,Queens,11433.0,Closed,Unknown,63
63666898,2025-01-06 23:42:43,2025-01-16 00:00:00,DOB,General Construction/Plumbing,Sidewalk Shed/Pipe Scafford - Inadequate Defective/None,Brooklyn,11207.0,Closed,Unknown,9
63666939,2025-01-07 07:33:27,2025-11-13 00:00:00,DOB,Elevator,Elevator - Multiple Devices On Property,Bronx,10457.0,Closed,Unknown,309
63666940,2025-01-06 21:49:45,2025-01-15 00:00:00,DOB,Elevator,Elevator - Single Device On Property/No Alternate Service,Brooklyn,11219.0,Closed,Unknown,8
63666941,2025-01-07 17:39:15,2025-05-13 00:00:00,DOB,Elevator,Elevator - Single Device On Property/No Alternate Service,Bronx,10451.0,Closed,Unknown,125
63666942,2025-01-07 17:30:14,2025-02-24 00:00:00,DOB,Elevator,Elevator - Single Device On Property/No Alternate Service,Bronx,10468.0,Closed,Unknown,47
63666943,2025-01-07 07:06:15,2025-05-02 00:00:00,DOB,Elevator,Elevator - Single Device On Property/No Alternate Service,Manhattan,10036.0,Closed,Unknown,114
63666952,2025-01-07 17:02:13,2025-01-08 00:00:00,DOB,Elevator,Elevator - Multiple Devices On Property,Brooklyn,11211.0,Closed,Unknown,0
63666953,2025-01-07 16:46:42,2025-01-08 00:00:00,DOB,Elevator,Elevator - Multiple Devices On Property,Brooklyn,11211.0,Closed,Unknown,0
63666954,2025-01-07 10:58:37,2025-01-07 10:58:37,DOB,Elevator,Elevator - Single Device On Property/No Alternate Service,Manhattan,10029.0,Closed,Unknown,0
63666955,2025-01-06 23:30:40,2025-05-07 00:00:00,DOB,Elevator,Elevator - Single Device On Property/No Alternate Service,Queens,11435.0,Closed,Unknown,120
63666956,2025-01-07 14:07:18,2025-05-16 00:00:00,DOB,Elevator,Elevator - Single Device On Property/No Alternate Service,Bronx,10468.0,Closed,Unknown,128
63666964,2025-01-07 08:27:38,2025-01-09 00:00:00,DOB,Elevator,Elevator - Multiple Devices On Property,Bronx,10453.0,Closed,Unknown,1
63666965,2025-01-07 11:19:40,2025-01-09 00:00:00,DOB,Elevator,Elevator - Single Device On Property/No Alternate Service,Bronx,10458.0,Closed,Unknown,1
63666966,2025-01-07 16:59:12,2025-01-09 00:00:00,DOB,Elevator,Elevator - Single Device On Property/No Alternate Service,Manhattan,10039.0,Closed,Unknown,1
63666967,2025-01-07 19:13:14,2025-06-10 00:00:00,DOB,Elevator,Elevator - Single Device On Property/No Alternate Service,Queens,11377.0,Closed,Unknown,153
63666983,2025-01-07 18:37:08,2025-01-09 00:00:00,DOB,Elevator,Elevator - Multiple Devices On Property,Bronx,10457.0,Closed,Unknown,1
63666984,2025-01-07 14:16:42,2025-04-07 00:00:00,DOB,Elevator,Elevator - Single Device On Property/No Alternate Service,Brooklyn,11211.0,Closed,Unknown,89
63666985,2025-01-07 17:58:02,2025-01-22 00:00:00,DOB,Elevator,Elevator - Single Device On Property/No Alternate Service,Queens,11694.0,Closed,Unknown,14
63668366,2025-01-07 16:40:39,2025-01-08 00:00:00,DOB,General Construction/Plumbing,Curb Cut/Driveway/Carport - Illegal,Brooklyn,11215.0,Closed,Unknown,0
63668367,2025-01-07 15:02:41,2025-09-10 00:00:00,DOB,General Construction/Plumbing,Curb Cut/Driveway/Carport - Illegal,Brooklyn,11220.0,Closed,Unknown,245
63668500,2025-01-07 12:32:11,2025-01-07 12:32:11,DOB,Building/Use,Illegal Conversion Of Residential Building/Space,Brooklyn,11208.0,Closed,Unknown,0
63668505,2025-01-07 08:12:35,2025-01-08 00:00:00,DOB,General Construction/Plumbing,Building Shaking/Vibrating/Structural Stability,Brooklyn,11215.0,Closed,Unknown,0
63668506,2025-01-07 11:25:41,2025-01-10 00:00:00,DOB,General Construction/Plumbing,Building Shaking/Vibrating/Structural Stability,Brooklyn,11209.0,Closed,Unknown,2
63668507,2025-01-07 17:15:41,2025-01-10 00:00:00,DOB,General Construction/Plumbing,Working Contrary To Stop Work Order,Brooklyn,11230.0,Closed,Unknown,2
63668511,2025-01-07 16:47:03,2025-01-13 00:00:00,DOB,General Construction/Plumbing,Building Permit - None,Queens,11105.0,Closed,Unknown,5
63668512,2025-01-07 16:06:42,2025-01-13 00:00:00,DOB,General Construction/Plumbing,Building Permit - None,Queens,11419.0,Closed,Unknown,5
63668516,2025-01-07 10:06:08,2025-01-08 00:00:00,DOB,General Construction/Plumbing,Building Shaking/Vibrating/Structural Stability,Brooklyn,11228.0,Closed,Unknown,0
63668524,2025-01-07 13:35:55,2025-01-13 00:00:00,DOB,General Construction/Plumbing,Building Permit - None,Queens,11101.0,Closed,Unknown,5
63668529,2025-01-07 08:24:38,2025-09-22 00:00:00,DOB,General Construction/Plumbing,Building Shaking/Vibrating/Structural Stability,Bronx,10464.0,Closed,Unknown,257
63668530,2025-01-07 13:46:02,2025-02-25 00:00:00,DOB,General Construction/Plumbing,Cons - Contrary/Beyond Approved Plans/Permits,Brooklyn,11222.0,Closed,Unknown,48
63668531,2025-01-06 20:52:33,2025-01-09 00:00:00,DOB,Plumbing,Plumbing-Defective/Leaking/Not Maintained,Manhattan,10002.0,Closed,Unknown,2
63668713,2025-01-07 13:36:20,2025-03-18 00:00:00,DOB,Special Projects Inspection Team (Spit),Illegal Hotel Rooms In Residential Building,Manhattan,10022.0,Closed,Unknown,69
63668714,2025-01-07 15:33:30,2025-01-10 00:00:00,DOB,Boilers,Boiler - Defective/Inoperative/No Permit,Manhattan,10025.0,Closed,Unknown,2
63668715,2025-01-07 14:40:57,2025-11-18 00:00:00,DOB,Building/Use,Illegal Conversion Of Residential Building/Space,Queens,11361.0,Closed,Unknown,314
63668717,2025-01-07 12:53:39,2025-01-13 00:00:00,DOB,Electrical,Electrical Wiring Defective/Exposed,Queens,11357.0,Closed,Unknown,5
63668727,2025-01-07 10:30:27,2025-01-15 00:00:00,DOB,Electrical,Electrical Wiring Defective/Exposed,Bronx,10453.0,Closed,Unknown,7
63668728,2025-01-07 16:31:37,2025-01-13 00:00:00,DOB,Electrical,Electrical Wiring Defective/Exposed,Queens,11428.0,Closed,Unknown,5
63668742,2025-01-07 10:24:11,2025-03-03 00:00:00,DOB,General Construction/Plumbing,Cons - Contrary/Beyond Approved Plans/Permits,Brooklyn,11232.0,Closed,Unknown,54
63668743,2025-01-07 08:18:37,2025-02-11 00:00:00,DOB,General Construction/Plumbing,Debris - Excessive,Queens,11435.0,Closed,Unknown,34
63668745,2025-01-07 10:00:06,2025-02-20 00:00:00,DOB,General Construction/Plumbing,Cons - Contrary/Beyond Approved Plans/Permits,Brooklyn,11215.0,Closed,Unknown,43
63668746,2025-01-07 09:41:39,2025-02-18 00:00:00,DOB,General Construction/Plumbing,Cons - Contrary/Beyond Approved Plans/Permits,Brooklyn,11222.0,Closed,Unknown,41
63668747,2025-01-07 18:58:12,2025-01-08 00:00:00,DOB,Plumbing,Failure To Retain Water/Improper Drainage- (LL103/89),Brooklyn,11210.0,Closed,Unknown,0
63668756,2025-01-06 19:46:12,2025-01-06 19:46:12,DOB,Real Time Enforcement,Work Without A Permit - Occupied Multiple Dwelling,Brooklyn,11207.0,Closed,Unknown,0
63668766,2025-01-07 09:50:46,2025-01-27 00:00:00,DOB,Building/Use,Illegal Conversion Of Residential Building/Space,Manhattan,10037.0,Closed,Unknown,19
63668779,2025-01-07 19:22:35,2025-09-16 00:00:00,DOB,Building/Use,Illegal Conversion Of Residential Building/Space,Queens,11420.0,Closed,Unknown,251
63668780,2025-01-07 17:45:16,2025-01-12 00:00:00,DOB,Electrical,Electrical Wiring Defective/Exposed,Brooklyn,11249.0,Closed,Unknown,4
63668781,2025-01-06 21:28:40,2025-01-10 00:00:00,DOB,Emergency Response Team (Ert),After Hours Work - Illegal,Brooklyn,11222.0,Closed,Unknown,3
63668798,2025-01-07 10:52:27,2025-05-20 00:00:00,DOB,General Construction/Plumbing,Cons - Contrary/Beyond Approved Plans/Permits,Brooklyn,11213.0,Closed,Unknown,132
63668808,2025-01-07 10:30:28,2025-11-17 00:00:00,DOB,Elevator,Elevator - Multiple Devices On Property,Bronx,10453.0,Closed,Unknown,313
63668809,2025-01-07 09:47:40,2025-01-09 00:00:00,DOB,Elevator,Elevator - Single Device On Property/No Alternate Service,Brooklyn,11212.0,Closed,Unknown,1
63668810,2025-01-07 14:07:05,2025-04-08 00:00:00,DOB,Elevator,Elevator - Single Device On Property/No Alternate Service,Manhattan,10012.0,Closed,Unknown,90
63668811,2025-01-06 23:54:45,2025-01-08 00:00:00,DOB,Boilers,Boiler - Defective/Inoperative/No Permit,Manhattan,10014.0,Closed,Unknown,1
63668812,2025-01-07 12:50:38,2025-01-08 00:00:00,DOB,Electrical,Electrical Wiring Defective/Exposed,Brooklyn,11206.0,Closed,Unknown,0
63668826,2025-01-07 18:31:07,2025-01-08 00:00:00,DOB,General Construction/Plumbing,Debris - Falling Or In Danger Of Falling,Manhattan,10025.0,Closed,Unknown,0
63668827,2025-01-07 12:53:38,2025-02-06 00:00:00,DOB,General Construction/Plumbing,Fence - None/Inadequate,Manhattan,10001.0,Closed,Unknown,29
63668835,2025-01-07 09:16:56,2025-07-22 00:00:00,DOB,Plumbing,Failure To Retain Water/Improper Drainage- (LL103/89),Brooklyn,11209.0,Closed,Unknown,195
63668858,2025-01-07 11:22:40,2025-04-03 00:00:00,DOB,Elevator,Elevator - Single Device On Property/No Alternate Service,Bronx,10453.0,Closed,Unknown,85
63670318,2025-01-07 08:03:53,2025-01-07 08:03:53,DOB,General Construction/Plumbing,Site Conditions Endangering Workers,Manhattan,10017.0,Closed,Unknown,0
63670321,2025-01-07 12:05:04,2025-02-06 00:00:00,DOB,Building/Use,No Certificate Of Occupancy/Illegal/Contrary To CO,Manhattan,10029.0,Closed,Unknown,29
63670325,2025-01-07 09:16:56,2025-01-07 09:16:56,DOB,Building/Use,Zoning - Non-Conforming/Illegal Vehicle Storage,Manhattan,10014.0,Closed,Unknown,0
63670326,2025-01-06 22:42:33,2025-01-06 22:42:33,DOB,Emergency Response Team (Ert),After Hours Work - Illegal,Manhattan,10028.0,Closed,Unknown,0
63670335,2025-01-07 08:46:02,2025-01-07 08:46:02,DOB,Building/Use,Illegal Conversion Of Residential Building/Space,Queens,11420.0,Closed,Unknown,0
63670345,2025-01-07 12:35:15,2025-01-09 00:00:00,DOB,Plumbing,Sprinkler System - Inadequate,Bronx,10452.0,Closed,Unknown,1
63670370,2025-01-07 10:24:11,2025-03-12 00:00:00,DOB,Building/Use,No Certificate Of Occupancy/Illegal/Contrary To CO,Manhattan,10003.0,Closed,Unknown,63
63670382,2025-01-07 17:33:14,2025-01-08 00:00:00,DOB,General Construction/Plumbing,Building Permit - None,Staten Island,10309.0,Closed,Unknown,0
63670546,2025-01-07 17:18:11,2025-01-08 00:00:00,DOB,Building/Use,Illegal Conversion Of Residential Building/Space,Manhattan,10019.0,Closed,Unknown,0
63670547,2025-01-07 13:14:51,2025-01-21 00:00:00,DOB,Electrical,Electrical Wiring Defective/Exposed,Queens,11373.0,Closed,Unknown,13
63670551,2025-01-07 12:44:17,2025-01-08 00:00:00,DOB,Plumbing,Plumbing-Defective/Leaking/Not Maintained,Brooklyn,11223.0,Closed,Unknown,0
63670563,2025-01-07 12:23:08,2025-01-08 00:00:00,DOB,Plumbing,Sprinkler System - Inadequate,Manhattan,10025.0,Closed,Unknown,0
63670598,2025-01-07 14:10:40,2025-01-21 00:00:00,DOB,Elevator,Elevator - Multiple Devices On Property,Brooklyn,11206.0,Closed,Unknown,13
63670599,2025-01-07 08:58:23,2025-01-09 00:00:00,DOB,Elevator,Elevator - Multiple Devices On Property,Bronx,10453.0,Closed,Unknown,1
63670600,2025-01-06 19:49:13,2025-05-23 00:00:00,DOB,Elevator,Elevator - Multiple Devices On Property,Bronx,10467.0,Closed,Unknown,136
63670601,2025-01-07 16:28:13,2025-02-21 00:00:00,DOB,Elevator,Elevator - Multiple Devices On Property,Queens,11101.0,Closed,Unknown,44
63670602,2025-01-07 12:17:07,2025-03-21 00:00:00,DOB,Elevator,Elevator - Single Device On Property/No Alternate Service,Bronx,10458.0,Closed,Unknown,72
63670610,2025-01-07 01:07:16,2025-12-09 00:00:00,DOB,Elevator,Elevator - Single Device On Property/No Alternate Service,Bronx,10452.0,Closed,Unknown,335
63670611,2025-01-06 20:34:21,2025-02-07 00:00:00,DOB,Special Projects Inspection Team (Spit),Illegal Hotel Rooms In Residential Building,Manhattan,10029.0,Closed,Unknown,31
63670612,2025-01-07 11:01:38,2025-11-21 00:00:00,DOB,Building/Use,Illegal Conversion Of Residential Building/Space,Queens,11413.0,Closed,Unknown,317
63670613,2025-01-07 15:45:37,2025-10-08 00:00:00,DOB,Building/Use,Illegal Conversion Of Residential Building/Space,Brooklyn,11233.0,Closed,Unknown,273
63670614,2025-01-07 12:23:09,2025-04-11 00:00:00,DOB,Building/Use,Illegal Conversion Of Residential Building/Space,Brooklyn,11233.0,Closed,Unknown,93
63670626,2025-01-07 17:15:10,2025-01-08 00:00:00,DOB,General Construction/Plumbing,Debris - Excessive,Brooklyn,11235.0,Closed,Unknown,0
63670629,2025-01-07 14:41:16,2025-01-07 14:41:16,DOB,Real Time Enforcement,Work Without A Permit - Occupied Multiple Dwelling,Manhattan,10030.0,Closed,Unknown,0
63670630,2025-01-07 11:25:41,2025-01-15 00:00:00,DOB,Plumbing,Plumbing-Defective/Leaking/Not Maintained,Queens,11368.0,Closed,Unknown,7
63670646,2025-01-07 18:10:04,2025-12-09 00:00:00,DOB,Building/Use,Illegal Conversion Of Residential Building/Space,Queens,11356.0,Closed,Unknown,335
63670647,2025-01-07 18:49:10,2025-01-14 00:00:00,DOB,Boilers,Boiler - Defective/Inoperative/No Permit,Bronx,10453.0,Closed,Unknown,6
63670648,2025-01-07 14:22:43,2025-03-13 00:00:00,DOB,Building/Use,Illegal Conversion Of Residential Building/Space,Staten Island,10314.0,Closed,Unknown,64
63670658,2025-01-07 10:27:12,2025-02-27 00:00:00,DOB,General Construction/Plumbing,Cons - Contrary/Beyond Approved Plans/Permits,Brooklyn,11232.0,Closed,Unknown,50
63670668,2025-01-07 16:59:12,2025-01-09 00:00:00,DOB,Elevator,Elevator - Multiple Devices On Property,Manhattan,10006.0,Closed,Unknown,1
63670669,2025-01-07 10:45:31,2025-02-28 00:00:00,DOB,Elevator,Elevator - Single Device On Property/No Alternate Service,Queens,11368.0,Closed,Unknown,51
63670670,2025-01-07 15:18:26,2025-01-09 00:00:00,DOB,Elevator,Elevator - Single Device On Property/No Alternate Service,Brooklyn,11219.0,Closed,Unknown,1
63670671,2025-01-07 16:25:12,2025-01-08 00:00:00,DOB,Elevator,Elevator - Single Device On Property/No Alternate Service,Bronx,10455.0,Closed,Unknown,0
63670683,2025-01-07 10:24:11,2025-01-10 00:00:00,DOB,Elevator,Elevator - Single Device On Property/No Alternate Service,Manhattan,10033.0,Closed,Unknown,2
63672111,2025-01-07 09:16:59,2025-10-08 00:00:00,DOB,Special Projects Inspection Team (Spit),Advertising Sign/Billboard/Posters/Flexible Fabric - Illegal,Manhattan,10009.0,Closed,Unknown,273
63672210,2025-01-07 00:48:54,2025-01-07 00:48:54,DOB,Building/Use,Illegal Conversion Of Residential Building/Space,Queens,11412.0,Closed,Unknown,0
63672301,2025-01-07 14:59:41,2025-01-18 00:00:00,DOB,General Construction/Plumbing,Building Permit - None,Brooklyn,11219.0,Closed,Unknown,10
63672304,2025-01-07 09:20:01,2025-01-08 00:00:00,DOB,General Construction/Plumbing,Building Permit - None,Brooklyn,11208.0,Closed,Unknown,0
63672409,2025-01-07 07:51:49,2025-07-30 00:00:00,DOB,Building/Use,Illegal Conversion Of Residential Building/Space,Queens,11436.0,Closed,Unknown,203
63672410,2025-01-07 17:02:17,2025-02-13 00:00:00,DOB,Building/Use,Illegal Conversion Of Residential Building/Space,Queens,11420.0,Closed,Unknown,36
63672426,2025-01-07 14:44:17,2025-01-30 00:00:00,DOB,Building/Use,Illegal Conversion Of Residential Building/Space,Queens,11357.0,Closed,Unknown,22
63672427,2025-01-07 10:52:19,2025-01-10 00:00:00,DOB,Electrical,Electrical Wiring Defective/Exposed,Queens,11357.0,Closed,Unknown,2
63672431,2025-01-07 09:10:40,2025-01-09 00:00:00,DOB,Boilers,Boiler - Defective/Inoperative/No Permit,Bronx,10472.0,Closed,Unknown,1
63672432,2025-01-07 11:28:42,2025-01-14 00:00:00,DOB,Boilers,Boiler - Defective/Inoperative/No Permit,Manhattan,10030.0,Closed,Unknown,6
63672433,2025-01-07 14:07:08,2025-11-18 00:00:00,DOB,Building/Use,Illegal. Commercial Use In Resident Zone,Brooklyn,11213.0,Closed,Unknown,314
63672443,2025-01-07 15:51:37,2025-01-08 00:00:00,DOB,Real Time Enforcement,Work Without A Permit - Occupied Multiple Dwelling,Brooklyn,11221.0,Closed,Unknown,0
63672452,2025-01-07 17:08:17,2025-01-23 00:00:00,DOB,General Construction/Plumbing,Fence - None/Inadequate,Staten Island,10314.0,Closed,Unknown,15
63672458,2025-01-07 14:13:41,2025-01-08 00:00:00,DOB,Best/Site Safety,Demolition - Unsafe,Brooklyn,11219.0,Closed,Unknown,0
63672464,2025-01-06 22:17:51,2025-03-26 00:00:00,DOB,General Construction/Plumbing,Vent/Exhaust - Illegal/Improper,Manhattan,10034.0,Closed,Unknown,78
63672473,2025-01-07 10:52:18,2025-01-07 10:52:18,DOB,Elevator,Elevator - Multiple Devices On Property,Manhattan,10035.0,Closed,Unknown,0
63672474,2025-01-07 16:53:11,2025-01-09 00:00:00,DOB,Elevator,Elevator - Multiple Devices On Property,Bronx,10456.0,Closed,Unknown,1
63672478,2025-01-07 09:54:05,2025-02-28 00:00:00,DOB,Elevator,Elevator - Single Device On Property/No Alternate Service,Brooklyn,11233.0,Closed,Unknown,51
63672487,2025-01-07 11:28:42,2025-01-07 11:28:42,DOB,Elevator,Elevator - Single Device On Property/No Alternate Service,Brooklyn,11211.0,Closed,Unknown,0
63672572,2025-01-07 17:57:19,2025-01-14 00:00:00,DOB,Boilers,Boiler - Defective/Inoperative/No Permit,Bronx,10452.0,Closed,Unknown,6
63672573,2025-01-07 16:37:39,2025-03-28 00:00:00,DOB,Building/Use,Illegal Conversion Of Residential Building/Space,Brooklyn,11236.0,Closed,Unknown,79
63672574,2025-01-07 18:55:11,2025-01-30 00:00:00,DOB,Building/Use,Illegal Conversion Of Residential Building/Space,Manhattan,10013.0,Closed,Unknown,22
63672575,2025-01-07 15:17:52,2025-01-08 00:00:00,DOB,Building/Use,Illegal Conversion Of Residential Building/Space,Staten Island,10306.0,Closed,Unknown,0
63672621,2025-01-07 10:49:18,2025-08-04 00:00:00,DOB,General Construction/Plumbing,Cons - Contrary/Beyond Approved Plans/Permits,Brooklyn,11221.0,Closed,Unknown,208
63672639,2025-01-07 10:36:48,2025-02-21 00:00:00,DOB,General Construction/Plumbing,Cons - Contrary/Beyond Approved Plans/Permits,Brooklyn,11211.0,Closed,Unknown,44
63672652,2025-01-07 08:33:39,2025-01-09 00:00:00,DOB,Elevator,Elevator - Multiple Devices On Property,Bronx,10453.0,Closed,Unknown,1
63674000,2025-01-06 22:05:13,2025-01-29 00:00:00,DOB,Special Projects Inspection Team (Spit),Advertising Sign/Billboard/Posters/Flexible Fabric - Illegal,Queens,11363.0,Closed,Unknown,22
63674001,2025-01-07 16:31:14,2025-01-08 00:00:00,DOB,General Construction/Plumbing,Curb Cut/Driveway/Carport - Illegal,Brooklyn,11224.0,Closed,Unknown,0
63674030,2025-01-07 08:15:36,2025-01-07 08:15:36,DOB,General Construction/Plumbing,Working Contrary To Stop Work Order,Queens,11435.0,Closed,Unknown,0
63674031,2025-01-07 08:39:41,2025-01-07 08:39:41,DOB,Building/Use,No Certificate Of Occupancy/Illegal/Contrary To CO,Brooklyn,11207.0,Closed,Unknown,0
63674074,2025-01-06 21:31:40,2025-04-01 00:00:00,DOB,Investigations And Discipline (Iad),Investigative Inspection,Brooklyn,11222.0,Closed,Unknown,84
63674103,2025-01-07 15:57:39,2025-01-08 00:00:00,DOB,General Construction/Plumbing,Building Permit - None,Brooklyn,11207.0,Closed,Unknown,0
63674111,2025-01-07 08:36:40,2025-01-08 00:00:00,DOB,General Construction/Plumbing,Building Permit - None,Queens,11105.0,Closed,Unknown,0
63674112,2025-01-07 12:35:15,2025-11-06 00:00:00,DOB,General Construction/Plumbing,Cons - Contrary/Beyond Approved Plans/Permits,Queens,11355.0,Closed,Unknown,302
63674113,2025-01-07 08:42:41,2025-01-07 08:42:41,DOB,General Construction/Plumbing,Fence - None/Inadequate,Queens,11420.0,Closed,Unknown,0
63674114,2025-01-06 22:42:33,2025-01-07 00:00:00,DOB,General Construction/Plumbing,Fence - None/Inadequate,Brooklyn,11201.0,Closed,Unknown,0
63674122,2025-01-06 20:46:32,2025-01-07 00:00:00,DOB,Emergency Response Team (Ert),After Hours Work - Illegal,Brooklyn,11215.0,Closed,Unknown,0
63674127,2025-01-07 14:53:38,2025-01-08 00:00:00,DOB,General Construction/Plumbing,Cons - Contrary/Beyond Approved Plans/Permits,Brooklyn,11219.0,Closed,Unknown,0
63674128,2025-01-07 14:53:38,2025-01-07 14:53:38,DOB,General Construction/Plumbing,Cons - Contrary/Beyond Approved Plans/Permits,Brooklyn,11235.0,Closed,Unknown,0
63674186,2025-01-07 16:03:40,2025-11-20 00:00:00,DOB,Building/Use,No Certificate Of Occupancy/Illegal/Contrary To CO,Queens,11693.0,Closed,Unknown,316
63674192,2025-01-07 11:25:41,2025-01-09 00:00:00,DOB,General Construction/Plumbing,Building Permit - None,Bronx,10472.0,Closed,Unknown,1
63674193,2025-01-06 21:28:40,2025-01-07 00:00:00,DOB,General Construction/Plumbing,Building Permit - None,Queens,11435.0,Closed,Unknown,0
63674194,2025-01-07 05:48:14,2025-01-07 05:48:14,DOB,General Construction/Plumbing,Building Permit - None,Brooklyn,11214.0,Closed,Unknown,0
63674195,2025-01-07 12:23:27,2025-01-07 12:23:27,DOB,General Construction/Plumbing,Building Shaking/Vibrating/Structural Stability,Brooklyn,11212.0,Closed,Unknown,0
63674196,2025-01-07 13:42:31,2025-01-07 13:42:31,DOB,General Construction/Plumbing,Sidewalk Shed/Pipe Scafford - Inadequate Defective/None,Staten Island,10312.0,Closed,Unknown,0
63674197,2025-01-07 09:20:01,2025-01-07 09:20:01,DOB,General Construction/Plumbing,Vent/Exhaust - Illegal/Improper,Manhattan,10002.0,Closed,Unknown,0
63674262,2025-01-07 14:17:01,2025-01-07 14:17:01,DOB,Real Time Enforcement,Work Without A Permit - Occupied Multiple Dwelling,Brooklyn,11209.0,Closed,Unknown,0
63674276,2025-01-07 18:58:12,2025-04-08 00:00:00,DOB,Elevator,Elevator - Multiple Devices On Property,Brooklyn,11224.0,Closed,Unknown,90
63674277,2025-01-06 21:10:37,2025-01-28 00:00:00,DOB,Elevator,Elevator - Single Device On Property/No Alternate Service,Bronx,10468.0,Closed,Unknown,21
63674286,2025-01-07 12:50:38,2025-01-09 00:00:00,DOB,Elevator,Elevator - Multiple Devices On Property,Bronx,10453.0,Closed,Unknown,1
63674287,2025-01-07 07:12:15,2025-05-22 00:00:00,DOB,Elevator,Elevator - Multiple Devices On Property,Bronx,10453.0,Closed,Unknown,134
63674290,2025-01-07 16:43:42,2025-04-22 00:00:00,DOB,Building/Use,Illegal. Commercial Use In Resident Zone,Queens,11423.0,Closed,Unknown,104
63674291,2025-01-07 12:44:16,2025-01-10 00:00:00,DOB,Elevator,Elevator - Multiple Devices On Property,Queens,11435.0,Closed,Unknown,2
63674292,2025-01-07 12:29:10,2025-03-03 00:00:00,DOB,Elevator,Elevator - Single Device On Property/No Alternate Service,Queens,11373.0,Closed,Unknown,54
63674293,2025-01-07 09:13:41,2025-02-03 00:00:00,DOB,Elevator,Elevator - Single Device On Property/No Alternate Service,Queens,11375.0,Closed,Unknown,26
63674294,2025-01-07 18:52:11,2025-01-09 00:00:00,DOB,Elevator,Elevator - Single Device On Property/No Alternate Service,Bronx,10457.0,Closed,Unknown,1
63674295,2025-01-07 12:20:07,2025-01-10 00:00:00,DOB,Elevator,Elevator - Single Device On Property/No Alternate Service,Manhattan,10029.0,Closed,Unknown,2
63674301,2025-01-07 08:03:34,2025-02-03 00:00:00,DOB,Special Projects Inspection Team (Spit),Illegal Hotel Rooms In Residential Building,Queens,11372.0,Closed,Unknown,26
63674302,2025-01-07 17:08:34,2025-12-19 00:00:00,DOB,Building/Use,Illegal Conversion Of Residential Building/Space,Queens,11419.0,Closed,Unknown,345
63674303,2025-01-07 09:16:56,2025-12-05 00:00:00,DOB,Building/Use,Illegal Conversion Of Residential Building/Space,Brooklyn,11235.0,Closed,Unknown,331
63674304,2025-01-07 14:47:17,2025-11-21 00:00:00,DOB,Building/Use,Illegal Conversion Of Residential Building/Space,Queens,11434.0,Closed,Unknown,317
63674305,2025-01-06 21:52:45,2025-01-08 00:00:00,DOB,Electrical,Electrical Wiring Defective/Exposed,Queens,11109.0,Closed,Unknown,1
63674306,2025-01-07 13:02:41,2025-01-14 00:00:00,DOB,Electrical,Electrical Wiring Defective/Exposed,Queens,11372.0,Closed,Unknown,6
63674307,2025-01-07 05:47:32,2025-06-04 00:00:00,DOB,General Construction/Plumbing,"Building - Vacant, Open And Unguarded",Brooklyn,11224.0,Closed,Unknown,147
63674323,2025-01-07 13:39:30,2025-01-08 00:00:00,DOB,General Construction/Plumbing,Sidewalk Shed/Pipe Scafford - Inadequate Defective/None,Manhattan,10014.0,Closed,Unknown,0
63674324,2025-01-07 09:23:21,2025-01-08 00:00:00,DOB,General Construction/Plumbing,Sidewalk Shed/Pipe Scafford - Inadequate Defective/None,Manhattan,10002.0,Closed,Unknown,0
63674362,2025-01-07 08:58:23,2025-01-08 00:00:00,DOB,Real Time Enforcement,Work Without A Permit - Occupied Multiple Dwelling,Manhattan,10002.0,Closed,Unknown,0
63674377,2025-01-07 10:42:57,2025-03-19 00:00:00,DOB,Elevator,Elevator - Multiple Devices On Property,Bronx,10460.0,Closed,Unknown,70
63674378,2025-01-07 09:29:31,2025-01-10 00:00:00,DOB,Elevator,Elevator - Single Device On Property/No Alternate Service,Brooklyn,11207.0,Closed,Unknown,2
63674382,2025-01-07 09:47:40,2025-02-22 00:00:00,DOB,Building/Use,Illegal Conversion Of Residential Building/Space,Queens,11354.0,Closed,Unknown,45
63674383,2025-01-07 07:03:07,2025-01-08 00:00:00,DOB,Building/Use,Illegal Conversion Of Residential Building/Space,Queens,11428.0,Closed,Unknown,0
63674386,2025-01-07 11:52:46,2025-01-09 00:00:00,DOB,General Construction/Plumbing,Fence - None/Inadequate,Brooklyn,11219.0,Closed,Unknown,1
63674387,2025-01-07 13:42:59,2025-01-17 00:00:00,DOB,General Construction/Plumbing,Fence - None/Inadequate,Queens,11375.0,Closed,Unknown,9
63674506,2025-01-07 06:21:00,2025-07-11 00:00:00,DOB,Elevator,Elevator - Single Device On Property/No Alternate Service,Brooklyn,11207.0,Closed,Unknown,184
63674518,2025-01-07 03:14:10,2025-01-15 00:00:00,DOB,Boilers,Boiler - Defective/Inoperative/No Permit,Queens,11385.0,Closed,Unknown,7
63674519,2025-01-07 10:48:59,2025-01-10 00:00:00,DOB,Electrical,Electrical Wiring Defective/Exposed,Queens,11354.0,Closed,Unknown,2
63674536,2025-01-07 10:58:36,2025-05-15 00:00:00,DOB,General Construction/Plumbing,Cons - Contrary/Beyond Approved Plans/Permits,Brooklyn,11216.0,Closed,Unknown,127
63674537,2025-01-07 16:53:05,2025-01-09 00:00:00,DOB,General Construction/Plumbing,Sidewalk Shed/Pipe Scafford - Inadequate Defective/None,Manhattan,10007.0,Closed,Unknown,1
63675917,2025-01-07 16:16:11,2025-06-03 00:00:00,DOB,General Construction/Plumbing,Curb Cut/Driveway/Carport - Illegal,Brooklyn,11228.0,Closed,Unknown,146
63675944,2025-01-07 14:37:56,2025-01-08 00:00:00,DOB,Special Projects Inspection Team (Spit),Advertising Sign/Billboard/Posters/Flexible Fabric - Illegal,Bronx,10467.0,Closed,Unknown,0
63676027,2025-01-07 12:05:03,2025-05-23 00:00:00,DOB,General Construction/Plumbing,Excavation Undermining Adjacent Building,Brooklyn,11215.0,Closed,Unknown,135
63676033,2025-01-07 12:47:37,2025-01-08 00:00:00,DOB,General Construction/Plumbing,Building Permit - None,Manhattan,10001.0,Closed,Unknown,0
63676079,2025-01-07 08:52:03,2025-01-07 08:52:03,DOB,Building/Use,Illegal Conversion Of Residential Building/Space,Queens,11420.0,Closed,Unknown,0
63676080,2025-01-07 14:50:38,2025-01-08 00:00:00,DOB,General Construction/Plumbing,Cons - Contrary/Beyond Approved Plans/Permits,Brooklyn,11231.0,Closed,Unknown,0
63676082,2025-01-07 11:13:39,2025-01-07 11:13:39,DOB,General Construction/Plumbing,Sidewalk Shed/Pipe Scafford - Inadequate Defective/None,Bronx,10452.0,Closed,Unknown,0
63676134,2025-01-07 17:36:15,2025-01-08 00:00:00,DOB,General Construction/Plumbing,Building Permit - None,Queens,11367.0,Closed,Unknown,0
63676138,2025-01-07 03:41:14,2025-01-07 03:41:14,DOB,General Construction/Plumbing,Safety Netting/Guard Rails - Damaged/Inadequate/None (6 Stories/75 Feet Or Less),Brooklyn,11218.0,Closed,Unknown,0
63676184,2025-01-07 19:19:34,2025-09-12 00:00:00,DOB,Elevator,Elevator - Single Device On Property/No Alternate Service,Bronx,10463.0,Closed,Unknown,247
63676189,2025-01-07 19:28:36,2025-05-09 00:00:00,DOB,Elevator,Elevator - Single Device On Property/No Alternate Service,Brooklyn,11223.0,Closed,Unknown,121
63676190,2025-01-07 13:46:01,2025-01-09 00:00:00,DOB,Elevator,Elevator - Single Device On Property/No Alternate Service,Bronx,10459.0,Closed,Unknown,1
63676191,2025-01-07 07:57:32,2025-11-18 00:00:00,DOB,Elevator,Elevator - Single Device On Property/No Alternate Service,Bronx,10453.0,Closed,Unknown,314
63676238,2025-01-07 15:27:28,2025-01-13 00:00:00,DOB,Boilers,Boiler - Defective/Inoperative/No Permit,Brooklyn,11237.0,Closed,Unknown,5
63676239,2025-01-07 11:52:47,2025-01-16 00:00:00,DOB,Boilers,Boiler - Defective/Inoperative/No Permit,Bronx,10460.0,Closed,Unknown,8
63676240,2025-01-07 15:27:28,2025-03-07 00:00:00,DOB,Building/Use,Illegal Conversion Of Residential Building/Space,Bronx,10474.0,Closed,Unknown,58
63676256,2025-01-06 21:19:38,2025-01-10 00:00:00,DOB,Emergency Response Team (Ert),After Hours Work - Illegal,Manhattan,10075.0,Closed,Unknown,3
63676257,2025-01-06 22:01:47,2025-04-03 00:00:00,DOB,Elevator,Elevator - Single Device On Property/No Alternate Service,Brooklyn,11209.0,Closed,Unknown,86
63676258,2025-01-07 15:57:57,2025-01-21 00:00:00,DOB,Elevator,Elevator - Single Device On Property/No Alternate Service,Brooklyn,11229.0,Closed,Unknown,13
63676259,2025-01-07 18:07:03,2025-01-08 00:00:00,DOB,Elevator,Elevator - Single Device On Property/No Alternate Service,Bronx,10453.0,Closed,Unknown,0
63676260,2025-01-07 10:45:31,2025-07-01 00:00:00,DOB,Elevator,Elevator - Single Device On Property/No Alternate Service,Brooklyn,11226.0,Closed,Unknown,174
63676265,2025-01-07 12:38:15,2025-01-08 00:00:00,DOB,Plumbing,Sprinkler System - Inadequate,Queens,11105.0,Closed,Unknown,0
63676266,2025-01-07 11:10:39,2025-02-10 00:00:00,DOB,Special Projects Inspection Team (Spit),Sign/Awning/Marquee - Illegal/No Permit,Queens,11421.0,Closed,Unknown,33
63676267,2025-01-07 15:14:52,2025-01-08 00:00:00,DOB,General Construction/Plumbing,Cons - Contrary/Beyond Approved Plans/Permits,Brooklyn,11235.0,Closed,Unknown,0
63676268,2025-01-07 12:41:16,2025-01-09 00:00:00,DOB,General Construction/Plumbing,Sidewalk Shed/Pipe Scafford - Inadequate Defective/None,Bronx,10468.0,Closed,Unknown,1
63676269,2025-01-07 15:33:30,2025-01-14 00:00:00,DOB,Plumbing,Plumbing Work - Illegal/No Permit/Standpipe/Sprinkler,Queens,11417.0,Closed,Unknown,6
63676321,2025-01-07 11:43:44,2025-01-08 00:00:00,DOB,Building/Use,Illegal Conversion Of Residential Building/Space,Bronx,10457.0,Closed,Unknown,0
63676326,2025-01-07 11:49:46,2025-01-14 00:00:00,DOB,Building/Use,Illegal Conversion Of Residential Building/Space,Manhattan,10034.0,Closed,Unknown,6
63676327,2025-01-07 19:25:35,2025-09-16 00:00:00,DOB,Building/Use,Illegal Conversion Of Residential Building/Space,Queens,11420.0,Closed,Unknown,251
63676329,2025-01-07 12:44:17,2025-01-09 00:00:00,DOB,Plumbing,Sprinkler System - Inadequate,Queens,11101.0,Closed,Unknown,1
63676364,2025-01-07 16:03:42,2025-03-26 00:00:00,DOB,Elevator,Elevator - Multiple Devices On Property,Brooklyn,11214.0,Closed,Unknown,77
63676365,2025-01-06 19:43:10,2025-04-30 00:00:00,DOB,Elevator,Elevator - Multiple Devices On Property,Bronx,10451.0,Closed,Unknown,113
63676366,2025-01-06 22:08:24,2025-07-30 00:00:00,DOB,Elevator,Elevator - Multiple Devices On Property,Manhattan,10029.0,Closed,Unknown,204
63676367,2025-01-07 19:01:13,2025-01-09 00:00:00,DOB,Elevator,Elevator - Single Device On Property/No Alternate Service,Brooklyn,11219.0,Closed,Unknown,1
63676430,2025-01-06 23:42:44,2025-01-07 00:00:00,DOB,Real Time Enforcement,Work Without A Permit - Occupied Multiple Dwelling,Manhattan,10022.0,Closed,Unknown,0
63676431,2025-01-07 13:17:51,2025-01-13 00:00:00,DOB,Boilers,Boiler - Defective/Inoperative/No Permit,Brooklyn,11211.0,Closed,Unknown,5
63676432,2025-01-07 09:38:38,2025-01-28 00:00:00,DOB,Building/Use,Illegal Conversion Of Residential Building/Space,Manhattan,10036.0,Closed,Unknown,20
63676433,2025-01-07 17:57:52,2025-12-10 00:00:00,DOB,Building/Use,Illegal Conversion Of Residential Building/Space,Queens,11423.0,Closed,Unknown,336
63676446,2025-01-07 09:44:40,2025-03-03 00:00:00,DOB,General Construction/Plumbing,"Building - Vacant, Open And Unguarded",Queens,11368.0,Closed,Unknown,54
63676458,2025-01-07 19:16:33,2025-04-08 00:00:00,DOB,General Construction/Plumbing,Cons - Contrary/Beyond Approved Plans/Permits,Brooklyn,11205.0,Closed,Unknown,90
63676468,2025-01-07 11:53:02,2025-05-19 00:00:00,DOB,Plumbing,Failure To Retain Water/Improper Drainage- (LL103/89),Brooklyn,11226.0,Closed,Unknown,131
63677921,2025-01-07 10:24:11,2025-01-07 10:24:11,DOB,Special Projects Inspection Team (Spit),Sign - In Danger Of Falling,Queens,11101.0,Closed,Unknown,0
63677924,2025-01-07 09:47:40,2025-06-02 00:00:00,DOB,General Construction/Plumbing,Curb Cut/Driveway/Carport - Illegal,Brooklyn,11223.0,Closed,Unknown,145
63677947,2025-01-07 11:52:47,2025-01-16 00:00:00,DOB,General Construction/Plumbing,Building Permit - None,Queens,11370.0,Closed,Unknown,8
63677948,2025-01-07 12:32:11,2025-01-09 00:00:00,DOB,General Construction/Plumbing,Building Permit - None,Bronx,10465.0,Closed,Unknown,1
63677951,2025-01-07 13:35:55,2025-01-07 13:35:55,DOB,Electrical,Electrical Wiring Defective/Exposed,Queens,11418.0,Closed,Unknown,0
63677982,2025-01-07 15:18:03,2025-01-08 00:00:00,DOB,General Construction/Plumbing,Building Permit - None,Brooklyn,11214.0,Closed,Unknown,0
63677984,2025-01-07 14:28:44,2025-01-09 00:00:00,DOB,General Construction/Plumbing,Working Contrary To Stop Work Order,Brooklyn,11206.0,Closed,Unknown,1
63678039,2025-01-07 16:22:12,2025-04-16 00:00:00,DOB,Building/Use,No Certificate Of Occupancy/Illegal/Contrary To CO,Queens,11103.0,Closed,Unknown,98
63678043,2025-01-07 10:42:30,2025-01-07 10:42:30,DOB,Building/Use,Illegal Conversion Of Residential Building/Space,Brooklyn,11222.0,Closed,Unknown,0
63678690,2025-01-07 21:33:15,2025-01-10 00:00:00,DOB,Boilers,Boiler - Defective/Inoperative/No Permit,Bronx,10460.0,Closed,Unknown,2
63680218,2025-01-07 20:01:51,2025-01-10 00:00:00,DOB,Plumbing,Plumbing-Defective/Leaking/Not Maintained,Manhattan,10019.0,Closed,Unknown,2
63680219,2025-01-07 20:47:01,2026-02-10 00:00:00,DOB,Special Projects Inspection Team (Spit),Adult Establishment,Queens,11355.0,Closed,Unknown,398
63680571,2025-01-07 23:27:30,2025-01-16 00:00:00,DOB,Emergency Response Team (Ert),After Hours Work - Illegal,Queens,11103.0,Closed,Unknown,8
63680598,2025-01-07 19:58:50,2025-01-13 00:00:00,DOB,Electrical,Electrical Wiring Defective/Exposed,Manhattan,10024.0,Closed,Unknown,5
63680705,2025-01-07 20:40:58,2025-06-11 00:00:00,DOB,General Construction/Plumbing,Vent/Exhaust - Illegal/Improper,Manhattan,10022.0,Closed,Unknown,154
63681837,2025-01-07 19:49:49,2025-01-08 00:00:00,DOB,General Construction/Plumbing,Sidewalk Shed/Pipe Scafford - Inadequate Defective/None,Manhattan,10002.0,Closed,Unknown,0
63682252,2025-01-07 20:34:57,2025-01-10 00:00:00,DOB,Boilers,Boiler - Defective/Inoperative/No Permit,Brooklyn,11225.0,Closed,Unknown,2
63682292,2025-01-07 23:58:05,2025-07-09 00:00:00,DOB,Building/Use,Illegal Conversion Of Residential Building/Space,Queens,11434.0,Closed,Unknown,182
63682386,2025-01-07 21:18:12,2025-01-08 00:00:00,DOB,General Construction/Plumbing,Building Shaking/Vibrating/Structural Stability,Brooklyn,11219.0,Closed,Unknown,0
63682427,2025-01-07 20:35:16,2025-01-10 00:00:00,DOB,Elevator,Elevator - Single Device On Property/No Alternate Service,Brooklyn,11230.0,Closed,Unknown,2
63683532,2025-01-07 21:57:18,2025-01-08 00:00:00,DOB,General Construction/Plumbing,Vent/Exhaust - Illegal/Improper,Manhattan,10016.0,Closed,Unknown,0
63683944,2025-01-07 22:00:19,2025-01-09 00:00:00,DOB,Boilers,Boiler - Defective/Inoperative/No Permit,Bronx,10457.0,Closed,Unknown,1
63684061,2025-01-07 20:53:22,2025-02-11 00:00:00,DOB,General Construction/Plumbing,Debris - Excessive,Queens,11356.0,Closed,Unknown,34
63684071,2025-01-07 23:40:01,2025-05-02 00:00:00,DOB,General Construction/Plumbing,Failure To Maintain,Manhattan,10019.0,Closed,Unknown,114
63685109,2025-01-07 23:06:29,2025-01-07 23:06:29,DOB,Emergency Response Team (Ert),After Hours Work - Illegal,Manhattan,10005.0,Closed,Unknown,0
63685656,2025-01-07 20:19:54,2025-06-18 00:00:00,DOB,Elevator,Elevator - Single Device On Property/No Alternate Service,Manhattan,10026.0,Closed,Unknown,161
63685769,2025-01-07 23:30:31,2025-01-08 00:00:00,DOB,Emergency Response Team (Ert),After Hours Work - Illegal,Brooklyn,11211.0,Closed,Unknown,0
63685794,2025-01-07 23:36:53,2025-10-16 00:00:00,DOB,Special Projects Inspection Team (Spit),Sign/Awning/Marquee - Illegal/No Permit,Brooklyn,11209.0,Closed,Unknown,281
63685870,2025-01-07 20:25:55,2025-01-10 00:00:00,DOB,Elevator,Elevator - Single Device On Property/No Alternate Service,Brooklyn,11230.0,Closed,Unknown,2
63686896,2025-01-07 23:18:29,2025-01-10 00:00:00,DOB,Investigations And Discipline (Iad),Investigative Inspection,Queens,11364.0,Closed,Unknown,2
63687359,2025-01-07 19:40:38,2025-07-11 00:00:00,DOB,Elevator,Elevator - Multiple Devices On Property,Brooklyn,11225.0,Closed,Unknown,184
63687482,2025-01-07 19:55:50,2025-01-30 00:00:00,DOB,Special Projects Inspection Team (Spit),Illegal Hotel Rooms In Residential Building,Brooklyn,11211.0,Closed,Unknown,22
63687570,2025-01-07 19:37:37,2025-05-05 00:00:00,DOB,Elevator,Elevator - Single Device On Property/No Alternate Service,Brooklyn,11205.0,Closed,Unknown,117
63687574,2025-01-07 20:47:21,2025-07-01 00:00:00,DOB,Elevator,Elevator - Single Device On Property/No Alternate Service,Brooklyn,11230.0,Closed,Unknown,174
63688143,2025-01-07 21:14:27,2025-01-07 21:14:27,DOB,Real Time Enforcement,Work Without A Permit - Occupied Multiple Dwelling,Brooklyn,11237.0,Closed,Unknown,0
63688907,2025-01-07 21:15:11,2025-01-14 00:00:00,DOB,Plumbing,Plumbing Work - Illegal/No Permit/Standpipe/Sprinkler,Queens,11419.0,Closed,Unknown,6
63688985,2025-01-07 22:22:08,2025-06-23 00:00:00,DOB,Elevator,Elevator - Single Device On Property/No Alternate Service,Manhattan,10028.0,Closed,Unknown,166
63689936,2025-01-07 19:46:48,2025-01-18 00:00:00,DOB,General Construction/Plumbing,Building Permit - None,Queens,11419.0,Closed,Unknown,10
63690114,2025-01-07 21:21:13,2025-01-08 00:00:00,DOB,General Construction/Plumbing,Egress - Doors Locked/Blocked/Improper/No Secondary Means,Brooklyn,11237.0,Closed,Unknown,0
63690633,2025-01-07 22:51:27,2025-04-21 00:00:00,DOB,Elevator,Elevator - Single Device On Property/No Alternate Service,Brooklyn,11211.0,Closed,Unknown,103
69074345,2025-01-02 10:44:39,2026-05-21 00:00:00,DOB,General Construction/Plumbing,Building Permit - None,Queens,11365.0,Closed,Unknown,503
