Unique_Key,Created_Date,Closed_Date,Agency,Complaint_Type,Descriptor,Borough,Incident_Zip,Status,Open_Data_Channel_Type,Resolution_Days
63572256,2025-01-01 00:19:00,2025-01-01 00:19:00,DOT,Traffic Signal Condition,Controller,Queens,11360.0,Closed,Unknown,0
63575321,2025-01-01 02:27:33,2025-01-02 12:40:00,DOT,Street Condition,Pothole,Brooklyn,11219.0,Closed,Unknown,1
63577122,2025-01-01 00:22:00,2025-01-01 07:05:00,DOT,Traffic Signal Condition,Controller,Queens,11101.0,Closed,Unknown,0
63577327,2025-01-01 00:56:00,2025-01-03 13:25:00,DOT,Street Light Condition,Street Light Out,Bronx,10465.0,Closed,Unknown,2
63578936,2025-01-01 00:10:00,2025-01-01 02:30:00,DOT,Traffic Signal Condition,Controller,Queens,11423.0,Closed,Unknown,0
63580318,2025-01-01 00:57:00,2025-05-08 15:03:00,DOT,Street Light Condition,Street Light Out,Bronx,10461.0,Closed,Unknown,127
63580421,2025-01-01 02:55:52,2025-01-06 11:00:00,DOT,Street Condition,Pothole,Queens,11414.0,Closed,Unknown,5
63580493,2025-01-01 00:02:00,2025-01-01 00:02:00,DOT,Traffic Signal Condition,Controller,Queens,11104.0,Closed,Unknown,0
63580615,2025-01-01 00:58:00,2025-01-03 13:15:00,DOT,Street Light Condition,Street Light Out,Bronx,10464.0,Closed,Unknown,2
63582137,2025-01-01 00:05:00,2025-01-01 00:05:00,DOT,Traffic Signal Condition,Controller,Queens,11360.0,Closed,Unknown,0
63585580,2025-01-01 02:31:08,2025-01-06 10:20:00,DOT,Street Condition,Pothole,Queens,11417.0,Closed,Unknown,5
63585610,2025-01-01 20:18:47,2025-01-09 08:13:43,DOT,Outdoor Dining,Site Setup Condition,Queens,11105.0,Closed,Phone,7
63585754,2025-01-01 09:11:00,2025-01-01 09:15:00,DOT,Traffic Signal Condition,Time Switch,Brooklyn,11224.0,Closed,Unknown,0
63585872,2025-01-01 12:48:16,2025-01-07 09:21:01,DOT,Outdoor Dining,Site Setup Condition,Queens,11106.0,Closed,Online,5
63585951,2025-01-01 22:24:00,2025-01-02 11:55:00,DOT,Street Light Condition,Lamppost Knocked Down,Bronx,10452.0,Closed,Unknown,0
63586192,2025-01-01 20:44:32,2025-01-03 08:30:50,DOT,Street Condition,Cave-in,Brooklyn,11219.0,Closed,Online,1
63586193,2025-01-01 12:39:55,2025-01-02 15:01:52,DOT,Street Condition,Cave-in,Staten Island,10305.0,Closed,Phone,1
63586194,2025-01-01 16:49:35,2025-01-03 10:54:42,DOT,Street Condition,Cave-in,Queens,11364.0,Closed,Online,1
63586195,2025-01-01 13:04:31,2025-01-03 10:00:55,DOT,Street Condition,Defective Hardware,Queens,11001.0,Closed,Phone,1
63586208,2025-01-01 11:11:21,2025-01-10 12:07:56,DOT,Bus Stop Shelter Complaint,Broken Glass,Queens,11370.0,Closed,Online,9
63586222,2025-01-01 12:15:24,2025-01-02 11:20:43,DOT,Sidewalk Condition,Defective Hardware,Brooklyn,11219.0,Closed,Online,0
63586223,2025-01-01 16:43:17,2025-01-13 15:07:42,DOT,Street Sign - Dangling,"No Parking, Standing, Stopping",Queens,11385.0,Closed,Phone,11
63586225,2025-01-01 13:24:12,2025-01-16 07:20:39,DOT,Street Condition,Guard Rail - Street,Staten Island,10309.0,Closed,Phone,14
63586226,2025-01-01 15:57:00,2025-01-11 12:55:00,DOT,Traffic Signal Condition,Pedestrian Signal,Brooklyn,11211.0,Closed,Unknown,9
63586227,2025-01-01 18:55:00,2025-05-05 14:45:00,DOT,Street Light Condition,Street Light Dayburning,Queens,11106.0,Closed,Unknown,123
63586228,2025-01-01 12:53:00,2025-06-11 10:33:00,DOT,Street Light Condition,Street Light Out,Staten Island,10312.0,Closed,Unknown,160
63586231,2025-01-01 01:43:00,2025-01-02 08:00:00,DOT,Traffic Signal Condition,Pedestrian Signal,Brooklyn,11215.0,Closed,Unknown,1
63586232,2025-01-01 11:38:00,2025-01-02 03:15:00,DOT,Traffic Signal Condition,Ped Lamp,Brooklyn,11218.0,Closed,Unknown,0
63586234,2025-01-01 16:44:00,2025-01-02 07:30:00,DOT,Street Light Condition,Street Light Out,Manhattan,10000.0,Closed,Unknown,0
63586576,2025-01-01 07:07:00,2025-01-01 08:20:00,DOT,Traffic Signal Condition,Controller,Queens,11360.0,Closed,Unknown,0
63586616,2025-01-01 11:45:00,2025-01-01 12:30:00,DOT,Traffic Signal Condition,Controller,Manhattan,10002.0,Closed,Unknown,0
63586617,2025-01-01 06:51:00,2025-01-01 07:00:00,DOT,Traffic Signal Condition,Controller,Brooklyn,11214.0,Closed,Unknown,0
63586629,2025-01-01 16:05:00,2025-01-01 16:50:00,DOT,Traffic Signal Condition,Controller,Bronx,10468.0,Closed,Unknown,0
63586717,2025-01-01 15:55:00,2025-10-30 09:58:00,DOT,Street Light Condition,Lamppost Leaning,Queens,11355.0,Closed,Unknown,301
63586814,2025-01-01 20:50:00,2025-01-03 12:27:00,DOT,Street Light Condition,Street Light Out,Queens,11428.0,Closed,Unknown,1
63586867,2025-01-02 02:50:13,2025-01-02 09:20:00,DOT,Street Condition,Pothole,Queens,11101.0,Closed,Unknown,0
63586880,2025-01-01 12:33:38,2025-01-03 09:45:00,DOT,Street Condition,Pothole,Queens,11418.0,Closed,Unknown,1
63586963,2025-01-01 16:22:26,2025-01-03 09:40:00,DOT,Street Condition,Pothole,Queens,11429.0,Closed,Unknown,1
63586964,2025-01-01 12:29:15,2025-01-03 10:07:00,DOT,Street Condition,Pothole,Queens,11418.0,Closed,Unknown,1
63587290,2025-01-01 12:50:44,2025-01-08 10:07:40,DOT,Sidewalk Condition,Broken Sidewalk,Queens,11372.0,Closed,Phone,6
63587291,2025-01-01 22:04:39,2025-01-03 14:55:45,DOT,Street Condition,Blocked - Construction,Brooklyn,11220.0,Closed,Online,1
63587292,2025-01-01 10:34:49,2025-01-02 08:27:12,DOT,Street Condition,Failed Street Repair,Brooklyn,11210.0,Closed,Phone,0
63587307,2025-01-01 09:52:21,2025-01-02 08:29:57,DOT,Street Condition,"Rough, Pitted or Cracked Roads",Queens,11422.0,Closed,Phone,0
63587386,2025-01-01 09:18:19,2025-01-09 13:05:21,DOT,Sidewalk Condition,Broken Sidewalk,Staten Island,10308.0,Closed,Phone,8
63587387,2025-01-01 19:59:29,2026-01-27 12:31:40,DOT,Sidewalk Condition,Broken Sidewalk,Bronx,10463.0,Closed,Mobile,390
63587388,2025-01-01 04:28:31,2025-01-02 12:03:27,DOT,Street Condition,Defective Hardware,Manhattan,10012.0,Closed,Online,1
63587398,2025-01-01 08:24:23,2025-06-25 13:47:20,DOT,Street Sign - Damaged,"No Parking, Standing, Stopping",Queens,11435.0,Closed,Online,175
63587404,2025-01-01 10:28:11,2025-01-03 06:58:19,DOT,Sidewalk Condition,Sidewalk Collapsed,Manhattan,10027.0,Closed,Online,1
63587405,2025-01-01 09:54:36,2025-01-02 08:32:49,DOT,Street Condition,"Rough, Pitted or Cracked Roads",Queens,11422.0,Closed,Phone,0
63587496,2025-01-01 12:58:05,2025-01-03 08:34:31,DOT,Street Condition,Cave-in,Brooklyn,11201.0,Closed,Online,1
63587774,2025-01-01 12:24:00,2025-01-01 13:35:00,DOT,Street Light Condition,Fixture/Luminaire Hanging,Brooklyn,11222.0,Closed,Unknown,0
63587811,2025-01-01 10:00:00,2025-01-01 11:50:00,DOT,Traffic Signal Condition,Time Switch,Queens,11434.0,Closed,Unknown,0
63587829,2025-01-01 15:18:32,2025-01-07 09:23:50,DOT,Broken Parking Meter,Out of Order,Brooklyn,11210.0,Closed,Online,5
63587844,2025-01-01 22:05:00,2025-01-01 23:45:00,DOT,Traffic Signal Condition,Controller,Queens,11420.0,Closed,Unknown,0
63587869,2025-01-01 06:57:00,2025-01-01 07:20:00,DOT,Traffic Signal Condition,Controller,Queens,11104.0,Closed,Unknown,0
63587882,2025-01-01 02:45:00,2025-01-01 10:20:00,DOT,Traffic Signal Condition,Controller,Brooklyn,11214.0,Closed,Unknown,0
63587899,2025-01-01 20:58:00,2025-01-01 21:55:00,DOT,Traffic Signal Condition,Controller,Bronx,10466.0,Closed,Unknown,0
63587977,2025-01-01 06:56:00,2025-01-01 07:30:00,DOT,Traffic Signal Condition,Controller,Queens,11421.0,Closed,Unknown,0
63588003,2025-01-01 06:53:00,2025-01-01 07:00:00,DOT,Traffic Signal Condition,Controller,Brooklyn,11221.0,Closed,Unknown,0
63588013,2025-01-02 00:15:00,2025-01-02 01:35:00,DOT,Traffic Signal Condition,Controller,Queens,11360.0,Closed,Unknown,0
63588014,2025-01-01 22:11:00,2025-01-02 00:45:00,DOT,Traffic Signal Condition,Controller,Brooklyn,11219.0,Closed,Unknown,0
63588057,2025-01-01 13:05:00,2025-01-09 11:25:00,DOT,Street Light Condition,Street Light Out,Brooklyn,11204.0,Closed,Unknown,7
63588176,2025-01-01 16:08:08,2025-01-03 09:05:52,DOT,Street Condition,Dumpster - Construction Waste,Queens,11369.0,Closed,Online,1
63588177,2025-01-01 11:43:28,2025-01-08 14:44:59,DOT,Curb Condition,Broken Curb,Brooklyn,11221.0,Closed,Online,7
63588199,2025-01-01 22:20:07,2025-04-16 11:02:11,DOT,Curb Condition,Defacement,Brooklyn,11228.0,Closed,Online,104
63588200,2025-01-01 18:49:26,2025-04-16 13:35:56,DOT,Curb Condition,Defacement,Brooklyn,11212.0,Closed,Phone,104
63588349,2025-01-01 14:35:08,2025-01-06 11:43:00,DOT,Street Condition,Pothole,Queens,11421.0,Closed,Unknown,4
63588515,2025-01-01 18:00:28,2025-01-02 10:18:15,DOT,Sidewalk Condition,Blocked - Construction,Bronx,10453.0,Closed,Phone,0
63588516,2025-01-01 17:12:56,2025-01-02 12:51:28,DOT,Sidewalk Condition,Blocked - Construction,Manhattan,10001.0,Closed,Online,0
63588517,2025-01-01 16:13:38,2025-01-09 11:14:17,DOT,Street Sign - Dangling,Street Cleaning - ASP,Queens,11385.0,Closed,Online,7
63588555,2025-01-01 19:54:00,2025-01-08 12:59:00,DOT,Street Light Condition,Street Light Out,Queens,11373.0,Closed,Unknown,6
63588581,2025-01-01 13:37:36,2025-01-06 13:18:15,DOT,Sidewalk Condition,Broken Sidewalk,Brooklyn,11218.0,Closed,Online,4
63588722,2025-01-01 13:55:50,2025-01-03 09:05:06,DOT,Sidewalk Condition,Sidewalk Grating - Defective,Queens,11354.0,Closed,Online,1
63588723,2025-01-01 13:26:44,2025-01-02 13:21:21,DOT,Street Condition,Cave-in,Brooklyn,11234.0,Closed,Phone,0
63588804,2025-01-01 10:56:04,2025-01-09 08:04:19,DOT,Outdoor Dining,Sidewalk Zone Blocked,Manhattan,10010.0,Closed,Online,7
63589035,2025-01-01 07:04:00,2025-01-01 07:45:00,DOT,Traffic Signal Condition,Controller,Queens,11101.0,Closed,Unknown,0
63589138,2025-01-01 07:06:00,2025-01-01 08:45:00,DOT,Traffic Signal Condition,Controller,Queens,11354.0,Closed,Unknown,0
63589151,2025-01-01 06:54:00,2025-01-01 07:00:00,DOT,Traffic Signal Condition,Controller,Brooklyn,11224.0,Closed,Unknown,0
63589157,2025-01-01 01:50:00,2025-01-02 01:50:00,DOT,Traffic Signal Condition,Veh Signal Lamp,Brooklyn,11235.0,Closed,Unknown,1
63589238,2025-01-01 16:28:57,2025-01-01 16:28:57,DOT,Street Condition,Pothole,Manhattan,10021.0,Closed,Unknown,0
63589355,2025-01-01 14:59:39,2025-01-08 14:40:47,DOT,Curb Condition,Broken Curb,Brooklyn,11231.0,Closed,Online,6
63589423,2025-01-01 15:28:20,2025-01-03 08:20:00,DOT,Street Condition,Pothole,Queens,11103.0,Closed,Unknown,1
63589603,2025-01-01 23:45:10,2025-01-07 15:58:09,DOT,Sidewalk Condition,Broken Sidewalk,Brooklyn,11211.0,Closed,Mobile,5
63589604,2025-01-01 17:36:28,2025-01-14 14:12:00,DOT,Street Condition,Line/Marking - After Repaving,Brooklyn,11226.0,Closed,Online,12
63589605,2025-01-01 16:06:22,2025-01-02 06:47:28,DOT,Street Sign - Damaged,Other/Unknown,Manhattan,10019.0,Closed,Mobile,0
63589627,2025-01-01 20:30:00,2025-01-11 13:20:00,DOT,Street Light Condition,Street Light Lamp Missing,Brooklyn,11226.0,Closed,Unknown,9
63589637,2025-01-01 16:13:26,2025-01-02 09:40:00,DOT,Street Condition,Pothole,Manhattan,10021.0,Closed,Unknown,0
63589638,2025-01-01 15:28:04,2025-01-02 13:45:00,DOT,Street Condition,Pothole,Manhattan,10003.0,Closed,Unknown,0
63589853,2025-01-01 22:21:35,2025-01-02 15:18:41,DOT,Street Condition,Defective Hardware,Staten Island,10312.0,Closed,Online,0
63589854,2025-01-01 19:57:23,2025-01-02 10:52:04,DOT,Sidewalk Condition,Broken Sidewalk,Queens,11369.0,Closed,Phone,0
63589855,2025-01-01 07:14:06,2025-01-02 11:52:07,DOT,Street Condition,Failed Street Repair,Bronx,10463.0,Closed,Phone,1
63589856,2025-01-01 09:49:02,2025-01-08 09:12:31,DOT,Street Condition,"Rough, Pitted or Cracked Roads",Brooklyn,11239.0,Closed,Online,6
63590020,2025-01-01 17:14:00,2025-01-11 12:00:00,DOT,Street Light Condition,Street Light Out,Brooklyn,11218.0,Closed,Unknown,9
63590254,2025-01-01 06:02:00,2025-01-01 07:45:00,DOT,Traffic Signal Condition,Time Switch,Queens,11101.0,Closed,Unknown,0
63590322,2025-01-01 09:44:00,2025-01-01 10:25:00,DOT,Traffic Signal Condition,Controller,Queens,11357.0,Closed,Unknown,0
63590331,2025-01-01 15:57:00,2025-01-01 17:20:00,DOT,Traffic Signal Condition,Pedestrian Signal,Manhattan,10037.0,Closed,Unknown,0
63590343,2025-01-01 23:30:00,2025-01-02 00:45:00,DOT,Traffic Signal Condition,Controller,Queens,11423.0,Closed,Unknown,0
63590358,2025-01-01 12:07:00,2025-01-01 12:10:00,DOT,Traffic Signal Condition,Controller,Queens,11434.0,Closed,Unknown,0
63590390,2025-01-01 11:05:32,2025-01-07 09:10:11,DOT,Outdoor Dining,Site Setup Condition,Queens,11432.0,Closed,Online,5
63590434,2025-01-01 16:58:00,2025-01-01 18:00:00,DOT,Traffic Signal Condition,Controller,Brooklyn,11210.0,Closed,Unknown,0
63590435,2025-01-01 14:37:00,2025-01-01 16:25:00,DOT,Traffic Signal Condition,Controller,Brooklyn,11219.0,Closed,Unknown,0
63590443,2025-01-01 07:52:00,2025-01-01 09:35:00,DOT,Traffic Signal Condition,Controller Cabinet,Queens,11101.0,Closed,Unknown,0
63590482,2025-01-01 11:20:00,2025-01-01 12:40:00,DOT,Traffic Signal Condition,Controller,Queens,11420.0,Closed,Unknown,0
63590499,2025-01-01 04:29:00,2025-01-01 08:45:00,DOT,Traffic Signal Condition,Controller,Queens,11354.0,Closed,Unknown,0
63590522,2025-01-01 16:23:00,2025-01-01 17:35:00,DOT,Traffic Signal Condition,Veh Signal Head,Brooklyn,11221.0,Closed,Unknown,0
63590526,2025-01-01 18:40:00,2025-01-07 14:00:00,DOT,Street Light Condition,Street Light Out,Brooklyn,11223.0,Closed,Unknown,5
63590527,2025-01-01 17:02:00,2025-01-07 13:57:00,DOT,Street Light Condition,Street Light Out,Brooklyn,11212.0,Closed,Unknown,5
63590551,2025-01-01 14:51:00,2025-02-07 10:20:00,DOT,Street Light Condition,Street Light Out,Queens,11434.0,Closed,Unknown,36
63590604,2025-01-01 12:59:00,2025-01-30 16:29:00,DOT,Street Light Condition,Street Light Out,Brooklyn,11210.0,Closed,Unknown,29
63590605,2025-01-01 20:15:00,2025-01-02 14:03:00,DOT,Street Light Condition,Street Light Out,Bronx,10462.0,Closed,Unknown,0
63590623,2025-01-01 17:58:04,2025-01-02 11:05:00,DOT,Street Condition,Pothole,Queens,11375.0,Closed,Unknown,0
63590626,2025-01-01 14:32:36,2025-01-02 08:55:00,DOT,Street Condition,Pothole,Bronx,10467.0,Closed,Unknown,0
63590627,2025-01-02 03:07:23,2025-01-02 07:45:00,DOT,Street Condition,Pothole,Queens,11385.0,Closed,Unknown,0
63590652,2025-01-01 19:23:21,2025-02-11 10:14:25,DOT,Curb Condition,Broken Curb,Staten Island,10312.0,Closed,Online,40
63590653,2025-01-01 12:58:15,2025-04-07 11:06:31,DOT,Curb Condition,Defacement,Queens,11378.0,Closed,Online,95
63590669,2025-01-01 12:20:41,2025-01-02 12:20:00,DOT,Street Condition,Pothole,Manhattan,10011.0,Closed,Unknown,0
63590681,2025-01-01 02:39:44,2025-01-02 11:30:02,DOT,Street Condition,Dumpster - Construction Waste,Brooklyn,11224.0,Closed,Online,1
63590682,2025-01-01 14:21:30,2025-01-10 12:09:18,DOT,Bus Stop Shelter Complaint,Dirty/Graffiti,Manhattan,10003.0,Closed,Phone,8
63590924,2025-01-01 16:21:46,2025-01-02 10:15:51,DOT,Street Condition,Failed Street Repair,Bronx,10453.0,Closed,Phone,0
63590925,2025-01-01 13:58:08,2025-01-09 07:03:17,DOT,Street Sign - Dangling,St Name - Attached to Pole,Staten Island,10312.0,Closed,Online,7
63591055,2025-01-01 13:51:19,2025-01-06 14:00:45,DOT,Sidewalk Condition,Sidewalk Violation,Queens,11378.0,Closed,Online,5
63591056,2025-01-01 13:54:07,2025-01-06 13:52:45,DOT,Sidewalk Condition,Sidewalk Violation,Queens,11361.0,Closed,Online,4
63591057,2025-01-01 16:11:51,2025-01-02 11:21:50,DOT,Street Condition,Defective Hardware,Brooklyn,11203.0,Closed,Online,0
63591058,2025-01-01 11:38:20,2025-01-03 08:12:14,DOT,Street Sign - Damaged,St Name - Over Intersection,Brooklyn,11223.0,Closed,Online,1
63591094,2025-01-01 17:07:00,2025-01-07 13:56:00,DOT,Street Light Condition,Street Light Out,Brooklyn,11212.0,Closed,Unknown,5
63591095,2025-01-01 22:17:00,2025-01-02 14:12:00,DOT,Street Light Condition,Street Light Out,Bronx,10465.0,Closed,Unknown,0
63591096,2025-01-01 07:38:00,2025-07-15 15:33:00,DOT,Street Light Condition,Street Light Out,Bronx,10452.0,Closed,Unknown,195
63591139,2025-01-01 17:18:05,2025-01-07 10:32:42,DOT,Sidewalk Condition,Broken Sidewalk,Brooklyn,11217.0,Closed,Online,5
63591140,2025-01-01 15:46:54,2025-01-08 09:45:44,DOT,Sidewalk Condition,Broken Sidewalk,Brooklyn,11223.0,Closed,Mobile,6
63591141,2025-01-01 21:42:10,2025-01-03 04:23:27,DOT,Street Condition,Plate Condition - Shifted,Brooklyn,11204.0,Closed,Phone,1
63591161,2025-01-01 21:55:00,2025-01-02 13:43:00,DOT,Street Light Condition,Street Light Out,Queens,11434.0,Closed,Unknown,0
63591238,2025-01-01 18:38:03,2025-01-07 15:41:50,DOT,Sidewalk Condition,Broken Sidewalk,Brooklyn,11220.0,Closed,Mobile,5
63591239,2025-01-01 22:42:54,2025-01-22 14:44:30,DOT,Sidewalk Condition,Broken Sidewalk,Manhattan,10029.0,Closed,Mobile,20
63591240,2025-01-01 14:30:31,2025-01-03 14:11:01,DOT,Street Condition,Defective Hardware,Staten Island,10301.0,Closed,Online,1
63591257,2025-01-01 02:11:00,2025-01-02 12:30:00,DOT,Traffic Signal Condition,Pedestrian Signal,Manhattan,10020.0,Closed,Unknown,1
63591262,2025-01-01 06:45:00,2025-01-03 00:00:00,DOT,Street Light Condition,Traffic Signal Light,Manhattan,10036.0,Closed,Unknown,1
63591500,2025-01-01 19:10:01,2025-01-10 09:31:13,DOT,Outdoor Dining,Site Setup Condition,Brooklyn,11219.0,Closed,Phone,8
63591539,2025-01-01 22:44:00,2025-01-02 08:40:00,DOT,Traffic Signal Condition,Base Door,Brooklyn,11230.0,Closed,Unknown,0
63591542,2025-01-01 01:17:00,2025-01-01 03:15:00,DOT,Traffic Signal Condition,Controller,Bronx,10474.0,Closed,Unknown,0
63591575,2025-01-01 01:07:00,2025-01-01 03:30:00,DOT,Traffic Signal Condition,Controller,Brooklyn,11249.0,Closed,Unknown,0
63591578,2025-01-01 14:07:00,2025-01-01 15:55:00,DOT,Traffic Signal Condition,Controller,Manhattan,10021.0,Closed,Unknown,0
63591589,2025-01-01 22:22:00,2025-01-02 00:50:00,DOT,Traffic Signal Condition,Controller,Bronx,10470.0,Closed,Unknown,0
63591590,2025-01-01 10:10:00,2025-01-01 11:50:00,DOT,Traffic Signal Condition,Controller Cabinet,Queens,11434.0,Closed,Unknown,0
63591593,2025-01-01 11:37:58,2025-01-02 11:14:52,DOT,Street Condition,Plate Condition - Noisy,Queens,11103.0,Closed,Online,0
63591610,2025-01-01 16:57:00,2025-01-01 18:20:00,DOT,Traffic Signal Condition,Veh Sgnl Mult Lamps,Queens,11434.0,Closed,Unknown,0
63591646,2025-01-01 20:36:46,2025-01-01 20:36:46,DOT,Street Condition,Pothole,Staten Island,10312.0,Closed,Unknown,0
63591677,2025-01-01 15:03:00,2025-01-01 17:00:00,DOT,Traffic Signal Condition,Controller,Brooklyn,11223.0,Closed,Unknown,0
63591679,2025-01-01 01:26:00,2025-01-01 08:40:00,DOT,Traffic Signal Condition,Controller,Brooklyn,11207.0,Closed,Unknown,0
63591715,2025-01-01 02:25:00,2025-01-02 10:45:00,DOT,Traffic Signal Condition,Controller,Bronx,10459.0,Closed,Unknown,1
63591771,2025-01-01 16:20:00,2025-01-02 14:08:00,DOT,Street Light Condition,Lamppost Damaged,Bronx,10453.0,Closed,Unknown,0
63591833,2025-01-01 15:13:35,2026-01-02 11:25:00,DOT,Street Condition,Pothole,Manhattan,10006.0,Closed,Unknown,365
63591866,2025-01-01 12:22:06,2025-01-03 10:38:00,DOT,Street Condition,Pothole,Queens,11358.0,Closed,Unknown,1
63591870,2025-01-01 13:07:55,2025-01-03 11:00:00,DOT,Street Condition,Pothole,Brooklyn,11222.0,Closed,Unknown,1
63592169,2025-01-01 23:31:00,2025-01-02 01:20:00,DOT,Traffic Signal Condition,Ped Lamp,Manhattan,10037.0,Closed,Unknown,0
63592193,2025-01-01 11:07:00,2025-04-15 09:39:00,DOT,Street Light Condition,Lamppost Base Door/Cover Open,Manhattan,10004.0,Closed,Unknown,103
63592287,2025-01-01 16:33:23,2025-01-13 11:54:56,DOT,Sidewalk Condition,Sidewalk Collapsed,Manhattan,10023.0,Closed,Online,11
63592288,2025-01-01 17:56:12,2025-01-03 09:27:17,DOT,Street Condition,Failed Street Repair,Queens,11375.0,Closed,Online,1
63592289,2025-01-01 18:34:00,2025-01-02 13:36:00,DOT,Street Light Condition,Street Light Out,Queens,11420.0,Closed,Unknown,0
63592325,2025-01-01 13:01:02,2025-01-03 10:54:36,DOT,Street Condition,Cave-in,Queens,11364.0,Closed,Phone,1
63592336,2025-01-01 20:09:37,2025-01-06 09:42:36,DOT,Street Condition,Cave-in,Manhattan,10035.0,Closed,Phone,4
63592337,2025-01-01 09:17:55,2025-01-02 13:08:04,DOT,Street Condition,Defective Hardware,Queens,11106.0,Closed,Phone,1
63592362,2025-01-01 22:08:00,2025-01-02 13:34:00,DOT,Street Light Condition,Street Light Out,Queens,11420.0,Closed,Unknown,0
63592363,2025-01-01 17:57:00,2025-01-11 11:43:00,DOT,Street Light Condition,Street Light Out,Brooklyn,11236.0,Closed,Unknown,9
63592364,2025-01-01 22:17:00,2025-04-16 08:40:00,DOT,Street Light Condition,Street Light Out,Bronx,10467.0,Closed,Unknown,104
63592398,2025-01-01 10:57:31,2025-01-08 14:54:05,DOT,Sidewalk Condition,Pedestrian Ramp Defective,Brooklyn,11234.0,Closed,Online,7
63592399,2025-01-01 09:43:49,2025-01-07 07:03:15,DOT,Street Condition,Cave-in,Bronx,10457.0,Closed,Phone,5
63592421,2025-01-01 20:22:54,2025-01-03 12:31:43,DOT,Street Condition,Blocked - Construction,Bronx,10452.0,Closed,Online,1
63592422,2025-01-01 08:10:16,2025-01-06 09:42:01,DOT,Street Condition,Cave-in,Manhattan,10021.0,Closed,Phone,5
63592442,2025-01-01 20:58:00,2025-01-07 04:05:00,DOT,Street Light Condition,Street Light Out,Manhattan,10036.0,Closed,Unknown,5
63592453,2025-01-01 16:35:00,2025-01-28 12:20:00,DOT,Traffic Signal Condition,Pedestrian Signal,Brooklyn,11210.0,Closed,Unknown,26
63592454,2025-01-01 16:34:00,2025-01-02 06:05:00,DOT,Traffic Signal Condition,Pedestrian Signal,Brooklyn,11221.0,Closed,Unknown,0
63592828,2025-01-01 10:04:00,2025-01-01 12:00:00,DOT,Traffic Signal Condition,Time Switch,Brooklyn,11218.0,Closed,Unknown,0
63592844,2025-01-01 18:02:00,2025-01-01 19:20:00,DOT,Traffic Signal Condition,Controller,Queens,11694.0,Closed,Unknown,0
63592845,2025-01-01 01:07:00,2025-01-01 03:25:00,DOT,Traffic Signal Condition,Controller,Queens,11355.0,Closed,Unknown,0
63592876,2025-01-01 23:16:00,2025-01-02 00:45:00,DOT,Traffic Signal Condition,Controller,Staten Island,10307.0,Closed,Unknown,0
63592886,2025-01-01 06:00:00,2025-01-01 08:20:00,DOT,Traffic Signal Condition,Controller,Manhattan,10034.0,Closed,Unknown,0
63592903,2025-01-01 04:18:00,2025-01-01 07:40:00,DOT,Traffic Signal Condition,Controller,Brooklyn,11217.0,Closed,Unknown,0
63592905,2025-01-01 21:04:00,2025-01-01 23:00:00,DOT,Traffic Signal Condition,Controller,Manhattan,10016.0,Closed,Unknown,0
63592917,2025-01-01 14:20:00,2025-01-01 18:20:00,DOT,Traffic Signal Condition,Controller Cabinet,Queens,11434.0,Closed,Unknown,0
63593003,2025-01-01 10:16:00,2025-01-01 10:16:00,DOT,Street Condition,Pothole,Brooklyn,11219.0,Closed,Unknown,0
63593135,2025-01-01 14:33:50,2025-01-03 11:40:00,DOT,Street Condition,Pothole,Brooklyn,11218.0,Closed,Unknown,1
63593136,2025-01-01 17:07:09,2025-01-02 13:10:00,DOT,Street Condition,Pothole,Staten Island,10314.0,Closed,Unknown,0
63593522,2025-01-01 21:20:21,2025-01-02 09:24:11,DOT,Street Condition,Defective Hardware,Manhattan,10011.0,Closed,Online,0
63593523,2025-01-01 21:04:27,2025-05-19 07:12:13,DOT,Street Sign - Missing,"No Parking, Standing, Stopping",Staten Island,10314.0,Closed,Online,137
63593547,2025-01-01 11:11:37,2025-01-06 09:41:09,DOT,Sidewalk Condition,Cellar Door Open/Unprotected,Manhattan,10014.0,Closed,Phone,4
63593577,2025-01-01 17:56:00,2025-01-02 13:48:00,DOT,Street Light Condition,Street Light Out,Queens,11435.0,Closed,Unknown,0
63593678,2025-01-01 10:33:49,2025-01-03 05:49:19,DOT,Street Sign - Damaged,St Name - Attached to Pole,Brooklyn,11230.0,Closed,Mobile,1
63593706,2025-01-01 13:56:00,2025-02-07 10:21:00,DOT,Street Light Condition,Street Light Out,Queens,11434.0,Closed,Unknown,36
63593708,2025-01-01 14:00:25,2025-01-03 08:35:43,DOT,Sidewalk Condition,Sidewalk Collapsed,Brooklyn,11207.0,Closed,Online,1
63593710,2025-01-01 14:12:00,2025-01-03 13:25:00,DOT,Street Light Condition,Street Light Out,Bronx,10462.0,Closed,Unknown,1
63594040,2025-01-01 09:24:49,2025-03-19 17:00:16,DOT,Bench,Damaged/Bent/Loose/Leaning,Brooklyn,11220.0,Closed,Online,77
63594046,2025-01-01 10:13:00,2025-01-01 11:40:00,DOT,Traffic Signal Condition,Controller,Queens,11101.0,Closed,Unknown,0
63594047,2025-01-01 04:34:00,2025-01-01 07:30:00,DOT,Traffic Signal Condition,Controller,Queens,11421.0,Closed,Unknown,0
63594055,2025-01-01 09:48:50,2025-01-07 09:09:26,DOT,Outdoor Dining,Site Setup Condition,Manhattan,10023.0,Closed,Online,5
63594064,2025-01-01 02:40:00,2025-01-01 09:30:00,DOT,Traffic Signal Condition,Controller,Brooklyn,11224.0,Closed,Unknown,0
63594070,2025-01-01 09:39:00,2025-01-01 10:30:00,DOT,Traffic Signal Condition,Controller,Manhattan,10021.0,Closed,Unknown,0
63594135,2025-01-01 10:45:11,2025-01-10 12:08:01,DOT,Bus Stop Shelter Complaint,Broken Glass,Queens,11370.0,Closed,Phone,9
63594143,2025-01-01 11:52:00,2025-01-01 20:33:00,DOT,Traffic Signal Condition,Veh Sgnl Mult Lamps,Brooklyn,11208.0,Closed,Unknown,0
63594144,2025-01-01 14:28:00,2025-01-01 15:50:00,DOT,Traffic Signal Condition,Veh Sgnl Mult Lamps,Manhattan,10002.0,Closed,Unknown,0
63594151,2025-01-01 20:50:00,2025-01-01 23:00:00,DOT,Traffic Signal Condition,Controller,Manhattan,10011.0,Closed,Unknown,0
63594178,2025-01-01 11:41:48,2025-01-10 12:08:57,DOT,Bus Stop Shelter Complaint,Broken Glass,Queens,11105.0,Closed,Online,9
63594186,2025-01-01 12:46:00,2025-01-01 18:55:00,DOT,Traffic Signal Condition,Veh Signal Lamp,Manhattan,10031.0,Closed,Unknown,0
63594190,2025-01-01 11:51:30,2025-01-01 11:51:30,DOT,Street Condition,Pothole,Brooklyn,11234.0,Closed,Unknown,0
63594203,2025-01-01 19:05:00,2025-01-09 10:23:00,DOT,Street Light Condition,Street Light Dayburning,Queens,11105.0,Closed,Unknown,7
63594206,2025-01-01 07:07:00,2025-02-10 08:59:00,DOT,Street Light Condition,Multiple Street Lights Out,Queens,11427.0,Closed,Unknown,40
63594266,2025-01-01 13:47:00,2025-01-01 16:20:00,DOT,Traffic Signal Condition,Pedestrian Signal,Manhattan,10003.0,Closed,Unknown,0
63594296,2025-01-01 18:19:00,2025-01-03 13:24:00,DOT,Street Light Condition,Street Light Out,Bronx,10462.0,Closed,Unknown,1
63594297,2025-01-01 22:03:00,2025-01-02 14:10:00,DOT,Street Light Condition,Street Light Out,Bronx,10465.0,Closed,Unknown,0
63594308,2025-01-01 20:29:35,2025-01-01 20:29:35,DOT,Street Condition,Pothole,Manhattan,10022.0,Closed,Unknown,0
63594381,2025-01-01 17:23:39,2025-01-08 14:33:00,DOT,Curb Condition,Broken Curb,Brooklyn,11217.0,Closed,Online,6
63594555,2025-01-01 09:44:03,2025-01-02 06:56:24,DOT,Bus Stop Shelter Complaint,Sign Missing or Defective,Manhattan,10011.0,Closed,Online,0
63594641,2025-01-01 15:06:27,2025-01-02 07:30:37,DOT,Street Sign - Damaged,Other/Unknown,Brooklyn,11231.0,Closed,Mobile,0
63594649,2025-01-01 01:09:00,2025-01-11 10:55:00,DOT,Street Light Condition,Street Light Out,Staten Island,10301.0,Closed,Unknown,10
63594650,2025-01-01 21:19:00,2025-01-04 02:00:00,DOT,Street Light Condition,Street Light Out,Manhattan,10021.0,Closed,Unknown,2
63594672,2025-01-01 21:52:00,2025-04-15 09:40:00,DOT,Street Light Condition,Street Light Out,Queens,11369.0,Closed,Unknown,103
63594912,2025-01-01 19:00:07,2025-01-09 11:22:55,DOT,Street Sign - Dangling,Other/Unknown,Queens,11423.0,Closed,Phone,7
63594913,2025-01-01 16:46:24,2025-01-02 06:39:38,DOT,Street Sign - Dangling,Other/Unknown,Brooklyn,11232.0,Closed,Online,0
63594914,2025-01-01 21:21:57,2025-01-07 07:46:24,DOT,Street Sign - Dangling,Stop,Manhattan,10019.0,Closed,Phone,5
63594945,2025-01-01 12:14:57,2025-01-08 10:06:55,DOT,Sidewalk Condition,Broken Sidewalk,Queens,11419.0,Closed,Mobile,6
63594946,2025-01-01 17:15:17,2025-01-09 07:02:39,DOT,Street Sign - Dangling,St Name - Over Intersection,Staten Island,10312.0,Closed,Phone,7
63595204,2025-01-01 14:02:00,2025-01-01 19:55:00,DOT,Traffic Signal Condition,Base Door,Manhattan,10040.0,Closed,Unknown,0
63595225,2025-01-01 01:17:00,2025-01-01 07:00:00,DOT,Traffic Signal Condition,Controller,Brooklyn,11215.0,Closed,Unknown,0
63595226,2025-01-01 14:11:00,2025-01-01 15:50:00,DOT,Traffic Signal Condition,Controller,Manhattan,10002.0,Closed,Unknown,0
63595238,2025-01-01 03:58:00,2025-01-01 08:30:00,DOT,Traffic Signal Condition,Controller,Queens,11420.0,Closed,Unknown,0
63595245,2025-01-01 13:57:10,2025-01-02 12:55:22,DOT,Street Condition,Plate Condition - Noisy,Queens,11354.0,Closed,Phone,0
63595317,2025-01-01 11:56:00,2025-01-01 12:00:00,DOT,Traffic Signal Condition,Time Switch,Queens,11420.0,Closed,Unknown,0
63595365,2025-01-01 04:07:25,2025-01-07 09:18:56,DOT,Outdoor Dining,Site Setup Condition,Brooklyn,11231.0,Closed,Online,6
63595377,2025-01-01 19:51:00,2025-01-01 23:42:00,DOT,Traffic Signal Condition,Controller,Queens,11435.0,Closed,Unknown,0
63595384,2025-01-01 13:46:59,2025-01-02 10:26:52,DOT,Street Condition,Plate Condition - Noisy,Brooklyn,11230.0,Closed,Online,0
63595385,2025-01-01 12:02:43,2025-01-02 16:44:17,DOT,Street Condition,Plate Condition - Noisy,Manhattan,10007.0,Closed,Online,1
63595394,2025-01-01 11:27:16,2025-01-10 12:08:15,DOT,Bus Stop Shelter Complaint,Broken Glass,Queens,11105.0,Closed,Online,9
63595401,2025-01-01 01:04:00,2025-01-01 03:30:00,DOT,Traffic Signal Condition,Controller,Brooklyn,11249.0,Closed,Unknown,0
63595415,2025-01-01 09:00:00,2025-01-02 23:50:00,DOT,Street Light Condition,Street Light Out,Manhattan,10009.0,Closed,Unknown,1
63595425,2025-01-01 09:20:00,2025-01-01 10:15:00,DOT,Traffic Signal Condition,Pedestrian Signal,Bronx,10458.0,Closed,Unknown,0
63595461,2025-01-01 21:12:00,2025-01-02 13:39:00,DOT,Street Light Condition,Street Light Out,Queens,11691.0,Closed,Unknown,0
63595462,2025-01-01 16:17:00,2025-01-29 11:30:00,DOT,Street Light Condition,Street Light Out,Queens,11365.0,Closed,Unknown,27
63595500,2025-01-01 02:10:00,2025-02-24 11:02:00,DOT,Street Light Condition,Street Light Out,Queens,11693.0,Closed,Unknown,54
63595597,2025-01-02 19:28:00,2025-01-02 20:30:00,DOT,Traffic Signal Condition,Controller,Brooklyn,11204.0,Closed,Unknown,0
63595598,2025-01-02 11:11:00,2025-01-02 11:45:00,DOT,Traffic Signal Condition,Controller,Brooklyn,11203.0,Closed,Unknown,0
63595643,2025-01-02 14:26:00,2025-01-02 16:05:00,DOT,Traffic Signal Condition,Post,Manhattan,10002.0,Closed,Unknown,0
63595658,2025-01-02 10:42:01,2025-01-02 16:37:48,DOT,Street Condition,Failed Street Repair,Queens,11362.0,Closed,Phone,0
63595732,2025-01-02 21:25:59,2025-01-07 14:25:22,DOT,Street Condition,Blocked - Construction,Brooklyn,11204.0,Closed,Online,4
63595760,2025-01-02 06:43:29,2025-01-02 12:56:26,DOT,Street Condition,Cave-in,Brooklyn,11234.0,Closed,Unknown,0
63595762,2025-01-02 06:41:26,2025-01-02 12:57:55,DOT,Street Condition,Cave-in,Brooklyn,11234.0,Closed,Unknown,0
63595794,2025-01-02 11:55:00,2025-01-02 13:00:00,DOT,Traffic Signal Condition,Controller,Brooklyn,11201.0,Closed,Unknown,0
63595843,2025-01-02 12:01:41,2025-01-02 12:01:41,DOT,Street Condition,Pothole,Staten Island,10314.0,Closed,Unknown,0
63595845,2025-01-02 10:25:00,2025-01-03 12:01:00,DOT,Street Light Condition,Lamppost Leaning,Queens,11366.0,Closed,Unknown,1
63595882,2025-01-02 19:07:03,2025-01-07 09:19:28,DOT,Outdoor Dining,Street Zone Blocked,Brooklyn,11231.0,Closed,Online,4
63596012,2025-01-01 14:41:22,2025-01-02 09:40:00,DOT,Street Condition,Pothole,Queens,11434.0,Closed,Unknown,0
63596014,2025-01-01 23:07:11,2025-01-02 19:30:00,DOT,Street Condition,Pothole,Brooklyn,11215.0,Closed,Unknown,0
63596015,2025-01-01 14:26:27,2025-01-02 11:51:00,DOT,Street Condition,Pothole,Brooklyn,11230.0,Closed,Unknown,0
63596051,2025-01-02 12:00:54,2025-01-07 11:29:00,DOT,Street Condition,Pothole,Staten Island,10314.0,Closed,Unknown,4
63596052,2025-01-02 11:15:42,2025-01-03 08:45:00,DOT,Street Condition,Pothole,Brooklyn,11215.0,Closed,Unknown,0
63596054,2025-01-02 14:11:00,2025-01-02 15:55:00,DOT,Traffic Signal Condition,Pedestrian Signal,Manhattan,10037.0,Closed,Unknown,0
63596062,2025-01-02 12:12:00,2025-01-04 01:35:00,DOT,Traffic Signal Condition,Veh Sgnl Mult Lamps,Queens,11374.0,Closed,Unknown,1
63596083,2025-01-02 11:58:00,2025-01-03 09:16:00,DOT,Street Light Condition,Street Light Dayburning,Queens,11432.0,Closed,Unknown,0
63596085,2025-01-02 09:09:00,2025-01-03 08:35:00,DOT,Traffic Signal Condition,Veh Signal Lamp,Queens,11358.0,Closed,Unknown,0
63596103,2025-01-02 15:49:00,2025-01-08 10:45:00,DOT,Street Light Condition,Street Light Out,Brooklyn,11201.0,Closed,Unknown,5
63596104,2025-01-02 12:57:00,2025-01-10 11:43:00,DOT,Street Light Condition,Street Light Out,Brooklyn,11209.0,Closed,Unknown,7
63596136,2025-01-02 09:12:56,2025-01-07 13:23:22,DOT,Curb Condition,Broken Curb,Queens,11429.0,Closed,Online,5
63596143,2025-01-02 17:47:00,2025-01-06 09:40:00,DOT,Traffic Signal Condition,Controller,Brooklyn,11207.0,Closed,Unknown,3
63596148,2025-01-02 14:45:00,2025-01-04 01:55:00,DOT,Traffic Signal Condition,LED Lense,Brooklyn,11218.0,Closed,Unknown,1
63596150,2025-01-02 17:14:00,2025-01-03 08:50:00,DOT,Traffic Signal Condition,LED Lense,Queens,11421.0,Closed,Unknown,0
63596165,2025-01-02 14:12:00,2025-01-03 03:15:00,DOT,Traffic Signal Condition,LED Pedestrian Unit,Queens,11004.0,Closed,Unknown,0
63596182,2025-01-02 09:50:00,2025-01-03 21:00:00,DOT,Traffic Signal Condition,Support Bracket,Bronx,10456.0,Closed,Unknown,1
63596211,2025-01-02 15:11:52,2025-01-03 13:57:24,DOT,Street Condition,Dumpster - Construction Waste,Brooklyn,11220.0,Closed,Phone,0
63596221,2025-01-02 15:39:58,2025-01-08 12:19:48,DOT,Curb Condition,Broken Curb,Manhattan,10011.0,Closed,Online,5
63596224,2025-01-02 15:32:02,2025-01-08 12:22:02,DOT,Curb Condition,Broken Curb,Manhattan,10031.0,Closed,Online,5
63596229,2025-01-02 05:57:00,2025-01-08 10:35:00,DOT,Street Light Condition,Street Light Out,Brooklyn,11208.0,Closed,Unknown,6
63596238,2025-01-02 18:30:00,2025-01-03 12:24:00,DOT,Street Light Condition,Street Light Out,Queens,11434.0,Closed,Unknown,0
63596239,2025-01-02 09:07:00,2025-01-03 09:00:00,DOT,Traffic Signal Condition,Post,Brooklyn,11201.0,Closed,Unknown,0
63596461,2025-01-03 00:56:14,2025-01-06 14:32:27,DOT,Sidewalk Condition,Cellar Door Defective,Bronx,10458.0,Closed,Phone,3
63596518,2025-01-02 10:50:41,2025-01-07 10:34:19,DOT,Sidewalk Condition,Sidewalk Violation,Bronx,10473.0,Closed,Phone,4
63596520,2025-01-02 08:19:58,2025-01-06 08:24:53,DOT,Street Condition,Defective Hardware,Brooklyn,11222.0,Closed,Online,4
63596523,2025-01-02 09:32:30,2025-01-10 08:29:32,DOT,Street Condition,Defective Hardware,Brooklyn,11218.0,Closed,Online,7
63596541,2025-01-02 07:55:21,2025-01-03 12:54:57,DOT,Street Condition,Blocked - Construction,Brooklyn,11232.0,Closed,Online,1
63596542,2025-01-02 03:35:15,2025-01-07 17:15:04,DOT,Street Condition,"Rough, Pitted or Cracked Roads",Brooklyn,11212.0,Closed,Phone,5
63596548,2025-01-02 12:39:15,2025-01-03 12:10:32,DOT,Street Condition,Defective Hardware,Brooklyn,11221.0,Closed,Phone,0
63596556,2025-01-02 05:45:18,2025-01-03 07:19:13,DOT,Street Sign - Missing,St Name - Attached to Pole,Brooklyn,11237.0,Closed,Mobile,1
63596664,2025-01-02 08:08:44,2025-01-07 13:33:09,DOT,Sidewalk Condition,Broken Sidewalk,Queens,11436.0,Closed,Phone,5
63596672,2025-01-02 21:23:30,2025-01-10 09:14:38,DOT,Sidewalk Condition,Broken Sidewalk,Queens,11102.0,Closed,Mobile,7
63596969,2025-01-02 23:55:10,2025-01-03 10:05:00,DOT,Street Condition,Pothole,Queens,11370.0,Closed,Unknown,0
63596980,2025-01-02 11:56:36,2025-01-06 11:15:00,DOT,Street Condition,Pothole,Staten Island,10314.0,Closed,Unknown,3
63596990,2025-01-02 09:18:17,2025-01-03 13:20:00,DOT,Street Condition,Pothole,Queens,11358.0,Closed,Unknown,1
63596992,2025-01-02 14:27:26,2025-01-03 09:30:00,DOT,Street Condition,Pothole,Brooklyn,11249.0,Closed,Unknown,0
63596999,2025-01-02 10:49:11,2025-01-03 10:45:00,DOT,Street Condition,Pothole,Manhattan,10003.0,Closed,Unknown,0
63597131,2025-01-02 13:05:19,2025-01-06 07:37:39,DOT,Sidewalk Condition,Sidewalk Violation,Brooklyn,11235.0,Closed,Online,3
63597132,2025-01-02 13:04:01,2025-01-06 14:02:34,DOT,Sidewalk Condition,Sidewalk Violation,Queens,11417.0,Closed,Online,4
63597133,2025-01-02 11:47:44,2025-01-03 11:27:38,DOT,Street Sign - Damaged,Stop,Brooklyn,11213.0,Closed,Phone,0
63597153,2025-01-02 16:06:20,2025-01-07 11:57:14,DOT,Sidewalk Condition,Broken Sidewalk,Brooklyn,11203.0,Closed,Phone,4
63597154,2025-01-02 12:53:59,2025-01-06 13:59:02,DOT,Sidewalk Condition,Sidewalk Violation,Queens,11360.0,Closed,Online,4
63597155,2025-01-02 12:42:17,2025-01-06 13:57:11,DOT,Sidewalk Condition,Sidewalk Violation,Queens,11418.0,Closed,Phone,4
63597197,2025-01-02 09:08:46,2025-01-06 17:16:10,DOT,Sidewalk Condition,Broken Sidewalk,Manhattan,10022.0,Closed,Online,4
63597203,2025-01-02 09:17:09,2025-01-07 15:58:27,DOT,Sidewalk Condition,Broken Sidewalk,Manhattan,10021.0,Closed,Mobile,5
63597310,2025-01-02 19:20:31,2025-01-06 09:55:46,DOT,Sidewalk Condition,Blocked - Construction,Manhattan,10128.0,Closed,Online,3
63597315,2025-01-02 03:33:00,2025-01-03 12:11:01,DOT,Street Sign - Missing,"No Parking, Standing, Stopping",Staten Island,10312.0,Closed,Mobile,1
63597329,2025-01-02 16:58:45,2025-01-03 12:50:54,DOT,Street Condition,Failed Street Repair,Brooklyn,11206.0,Closed,Phone,0
63597353,2025-01-02 01:59:00,2025-01-21 09:40:00,DOT,Street Light Condition,Street Light Out,Bronx,10475.0,Closed,Unknown,19
63597359,2025-01-02 22:04:00,2025-01-03 13:19:00,DOT,Street Light Condition,Street Light Out,Bronx,10468.0,Closed,Unknown,0
63597361,2025-01-02 20:38:00,2025-01-03 13:02:00,DOT,Street Light Condition,Street Light Out,Queens,11385.0,Closed,Unknown,0
63597362,2025-01-02 07:44:00,2025-01-12 14:35:00,DOT,Street Light Condition,Street Light Out,Staten Island,10306.0,Closed,Unknown,10
63597369,2025-01-02 15:40:47,2025-01-10 09:43:27,DOT,Outdoor Dining,Sidewalk Zone Blocked,Queens,11414.0,Closed,Online,7
63597400,2025-01-02 11:47:00,2025-02-10 13:10:00,DOT,Street Light Condition,Street Light Out,Queens,11434.0,Closed,Unknown,39
63597409,2025-01-02 08:00:47,2025-01-07 09:25:21,DOT,Outdoor Dining,Unauthorized Restaurant,Bronx,10466.0,Closed,Online,5
63597419,2025-01-02 19:02:56,2025-01-07 09:18:57,DOT,Outdoor Dining,Site Setup Condition,Brooklyn,11231.0,Closed,Online,4
63597440,2025-01-02 16:51:30,2025-01-07 09:29:13,DOT,Outdoor Dining,Site Setup Condition,Queens,11379.0,Closed,Online,4
63597441,2025-01-02 03:03:00,2025-01-02 04:10:00,DOT,Traffic Signal Condition,Controller,Brooklyn,11216.0,Closed,Unknown,0
63597447,2025-01-02 04:30:00,2025-01-02 09:00:00,DOT,Traffic Signal Condition,Controller,Staten Island,10314.0,Closed,Unknown,0
63597454,2025-01-02 08:57:00,2025-01-02 09:35:00,DOT,Traffic Signal Condition,Controller,Brooklyn,11210.0,Closed,Unknown,0
63597472,2025-01-02 16:43:00,2025-01-02 18:20:00,DOT,Traffic Signal Condition,Controller,Brooklyn,11220.0,Closed,Unknown,0
63597473,2025-01-02 08:27:00,2025-01-02 09:10:00,DOT,Traffic Signal Condition,Controller,Brooklyn,11234.0,Closed,Unknown,0
63597529,2025-01-02 15:04:00,2025-01-02 18:20:00,DOT,Traffic Signal Condition,Veh Signal Head,Queens,11377.0,Closed,Unknown,0
63597665,2025-01-02 15:19:33,2025-01-03 12:54:08,DOT,Street Condition,Blocked - Construction,Brooklyn,11236.0,Closed,Phone,0
63597666,2025-01-02 16:21:00,2025-01-03 09:14:06,DOT,Street Condition,Blocked - Construction,Manhattan,10003.0,Closed,Phone,0
63597667,2025-01-02 12:02:57,2025-01-03 06:52:55,DOT,Street Sign - Damaged,Other/Unknown,Brooklyn,11226.0,Closed,Phone,0
63597670,2025-01-02 21:27:17,2025-01-03 09:01:45,DOT,Street Condition,Defective Hardware,Queens,11368.0,Closed,Online,0
63597673,2025-01-02 15:57:53,2025-01-03 12:00:06,DOT,Street Condition,Blocked - Construction,Manhattan,10011.0,Closed,Online,0
63597674,2025-01-02 19:40:48,2025-01-03 09:28:28,DOT,Street Condition,Defective Hardware,Queens,11426.0,Closed,Online,0
63597675,2025-01-02 18:46:51,2025-01-06 13:34:23,DOT,Street Sign - Dangling,Stop,Brooklyn,11206.0,Closed,Online,3
63597680,2025-01-02 15:24:39,2025-01-06 10:43:13,DOT,Street Sign - Damaged,Other/Unknown,Staten Island,10309.0,Closed,Phone,3
63597681,2025-01-02 14:29:00,2025-04-23 11:44:00,DOT,Street Light Condition,Lamppost Damaged,Brooklyn,11215.0,Closed,Unknown,110
63597684,2025-01-02 10:52:21,2025-01-07 10:47:16,DOT,Sidewalk Condition,Sidewalk Violation,Brooklyn,11231.0,Closed,Phone,4
63597685,2025-01-02 14:18:20,2025-01-10 07:39:03,DOT,Sidewalk Condition,Sidewalk Violation,Queens,11364.0,Closed,Online,7
63597688,2025-01-02 18:43:00,2025-01-03 11:05:56,DOT,Street Condition,Blocked - Construction,Bronx,10465.0,Closed,Phone,0
63597703,2025-01-03 00:48:00,2025-01-03 01:35:00,DOT,Traffic Signal Condition,Controller,Bronx,10452.0,Closed,Unknown,0
63597704,2025-01-02 08:47:49,2025-01-03 12:38:00,DOT,Street Condition,Pothole,Queens,11355.0,Closed,Unknown,1
63597705,2025-01-02 20:45:13,2025-01-03 10:05:00,DOT,Street Condition,Pothole,Manhattan,10017.0,Closed,Unknown,0
63597706,2025-01-02 20:01:56,2025-01-07 09:15:00,DOT,Street Condition,Pothole,Brooklyn,11222.0,Closed,Unknown,4
63597845,2025-01-01 22:23:50,2025-01-02 18:50:00,DOT,Street Condition,Pothole,Queens,11106.0,Closed,Unknown,0
63597858,2025-01-02 08:10:00,2025-01-02 14:03:00,DOT,Street Light Condition,Fixture/Luminaire Hanging,Bronx,10462.0,Closed,Unknown,0
63597874,2025-01-01 22:26:13,2025-01-02 19:40:00,DOT,Street Condition,Pothole,Queens,11377.0,Closed,Unknown,0
63597875,2025-01-01 14:16:26,2025-01-02 10:48:00,DOT,Street Condition,Pothole,Brooklyn,11235.0,Closed,Unknown,0
63597878,2025-01-02 20:05:16,2025-01-02 23:35:57,DOT,Street Condition,Plate Condition - Noisy,Manhattan,10002.0,Closed,Phone,0
63597881,2025-01-02 14:28:00,2025-03-07 13:56:00,DOT,Street Light Condition,Street Light Out,Brooklyn,11210.0,Closed,Unknown,63
63597887,2025-01-02 09:52:00,2025-01-02 15:50:00,DOT,Traffic Signal Condition,Ped Multiple Lamps,Brooklyn,11231.0,Closed,Unknown,0
63597888,2025-01-02 22:35:31,2025-01-03 11:03:00,DOT,Street Condition,Pothole,Queens,11355.0,Closed,Unknown,0
63597889,2025-01-02 13:32:20,2025-01-03 09:38:00,DOT,Street Condition,Pothole,Brooklyn,11235.0,Closed,Unknown,0
63597893,2025-01-02 14:04:16,2025-01-03 13:25:00,DOT,Street Condition,Pothole,Brooklyn,11214.0,Closed,Unknown,0
63597897,2025-01-02 11:54:47,2025-01-06 12:57:00,DOT,Street Condition,Pothole,Staten Island,10314.0,Closed,Unknown,4
63597899,2025-01-02 15:37:57,2025-01-06 09:59:09,DOT,Street Condition,Plate Condition - Noisy,Manhattan,10036.0,Closed,Online,3
63597908,2025-01-02 08:42:43,2025-01-02 15:13:34,DOT,Sidewalk Condition,Sidewalk Collapsed,Queens,11369.0,Closed,Phone,0
63597916,2025-01-02 08:28:32,2025-01-02 16:28:30,DOT,Street Condition,Defective Hardware,Manhattan,10007.0,Closed,Online,0
63597917,2025-01-02 13:58:43,2025-01-06 07:57:13,DOT,Street Condition,Plate Condition - Noisy,Brooklyn,11217.0,Closed,Online,3
63597978,2025-01-02 14:12:00,2025-01-03 04:15:00,DOT,Traffic Signal Condition,LED Pedestrian Unit,Queens,11423.0,Closed,Unknown,0
63597984,2025-01-02 15:36:00,2025-01-03 00:30:00,DOT,Traffic Signal Condition,APS,Manhattan,10019.0,Closed,Unknown,0
63597996,2025-01-02 13:07:42,2025-01-03 09:51:38,DOT,Street Condition,Plate Condition - Noisy,Manhattan,10065.0,Closed,Online,0
63597998,2025-01-02 14:18:00,2025-02-21 09:40:00,DOT,Street Light Condition,Lamppost Knocked Down,Queens,11414.0,Closed,Unknown,49
63598048,2025-01-02 08:40:00,2025-01-02 10:00:00,DOT,Traffic Signal Condition,Veh Signal Head,Brooklyn,11232.0,Closed,Unknown,0
63598055,2025-01-02 14:13:00,2025-01-03 02:35:00,DOT,Traffic Signal Condition,LED Pedestrian Unit,Queens,11004.0,Closed,Unknown,0
63598096,2025-01-02 14:45:00,2025-01-09 15:47:00,DOT,Street Light Condition,Street Light Out,Queens,11415.0,Closed,Unknown,7
63598129,2025-01-02 09:28:00,2025-01-02 10:00:00,DOT,Street Light Condition,Street Light Out,Manhattan,10002.0,Closed,Unknown,0
63598153,2025-01-02 07:24:00,2025-01-09 11:30:00,DOT,Street Light Condition,Street Light Out,Brooklyn,11229.0,Closed,Unknown,7
63598154,2025-01-02 16:05:00,2025-01-07 09:52:00,DOT,Street Light Condition,Street Light Out,Queens,11357.0,Closed,Unknown,4
63598168,2025-01-02 18:25:00,2025-01-10 11:36:00,DOT,Street Light Condition,Street Light Out,Brooklyn,11229.0,Closed,Unknown,7
63598178,2025-01-02 10:00:00,2025-01-03 10:15:00,DOT,Street Light Condition,Street Light Cycling,Manhattan,10128.0,Closed,Unknown,1
63598180,2025-01-02 16:08:38,2025-07-17 13:53:57,DOT,Curb Condition,Defacement,Brooklyn,11203.0,Closed,Phone,195
63598192,2025-01-02 19:26:17,2025-01-03 08:24:43,DOT,Street Sign - Dangling,Bus Stop,Queens,11369.0,Closed,Phone,0
63598193,2025-01-02 13:33:00,2025-01-04 00:10:00,DOT,Traffic Signal Condition,LED Lense,Brooklyn,11234.0,Closed,Unknown,1
63598195,2025-01-02 15:02:00,2025-01-03 01:40:00,DOT,Traffic Signal Condition,LED Lense,Queens,11364.0,Closed,Unknown,0
63598216,2025-01-02 16:40:51,2025-01-09 11:00:56,DOT,Curb Condition,Broken Curb,Brooklyn,11216.0,Closed,Online,6
63598219,2025-01-02 13:01:45,2025-01-07 13:49:47,DOT,Curb Condition,Broken Curb,Staten Island,10303.0,Closed,Phone,5
63598228,2025-01-02 16:47:56,2025-01-08 12:16:13,DOT,Curb Condition,Broken Curb,Manhattan,10013.0,Closed,Online,5
63598229,2025-01-02 15:47:42,2025-01-09 15:22:54,DOT,Curb Condition,Broken Curb,Brooklyn,11211.0,Closed,Online,6
63598693,2025-01-02 22:12:31,2025-01-06 11:52:22,DOT,Sidewalk Condition,Cellar Door Open/Unprotected,Brooklyn,11231.0,Closed,Online,3
63598701,2025-01-02 15:14:00,2025-01-09 11:26:21,DOT,Street Sign - Dangling,"No Parking, Standing, Stopping",Queens,11432.0,Closed,Mobile,6
63598719,2025-01-02 13:55:35,2025-01-06 08:13:43,DOT,Street Condition,Plate Condition - Shifted,Brooklyn,11217.0,Closed,Online,3
63598917,2025-01-02 12:56:46,2025-01-07 17:41:33,DOT,Sidewalk Condition,Broken Sidewalk,Staten Island,10308.0,Closed,Mobile,5
63598919,2025-01-02 10:45:13,2025-01-03 12:15:21,DOT,Sidewalk Condition,Sidewalk Violation,Bronx,10473.0,Closed,Phone,1
63599013,2025-01-02 08:44:00,2025-01-06 07:28:12,DOT,Sidewalk Condition,Sidewalk Violation,Brooklyn,11225.0,Closed,Online,3
63599014,2025-01-02 18:13:15,2025-01-06 07:42:10,DOT,Sidewalk Condition,Sidewalk Violation,Brooklyn,11229.0,Closed,Online,3
63599077,2025-01-02 08:17:14,2025-01-08 11:41:05,DOT,Street Sign - Damaged,Stop,Queens,11373.0,Closed,Phone,6
63599084,2025-01-02 15:58:55,2025-01-09 11:27:00,DOT,Street Sign - Damaged,Street Cleaning - ASP,Queens,11375.0,Closed,Online,6
63599194,2025-01-02 16:22:14,2025-01-03 09:00:01,DOT,Street Condition,Cave-in,Queens,11378.0,Closed,Phone,0
63599208,2025-01-02 14:58:44,2025-01-03 08:39:45,DOT,Street Condition,Cave-in,Staten Island,10314.0,Closed,Phone,0
63599214,2025-01-02 06:42:29,2025-01-03 08:33:21,DOT,Street Condition,Cave-in,Brooklyn,11208.0,Closed,Unknown,1
63599215,2025-01-02 23:46:41,2025-01-13 15:08:45,DOT,Street Sign - Dangling,St Name - Over Intersection,Queens,11385.0,Closed,Online,10
63599216,2025-01-02 11:59:57,2025-01-09 09:48:57,DOT,Sidewalk Condition,Pedestrian Ramp Defective,Manhattan,10031.0,Closed,Phone,6
63599217,2025-01-02 10:33:35,2025-01-15 06:40:09,DOT,Street Sign - Dangling,St Name - Over Intersection,Bronx,10455.0,Closed,Phone,12
63599236,2025-01-02 14:58:00,2025-01-03 13:13:00,DOT,Street Light Condition,Street Light Out,Bronx,10469.0,Closed,Unknown,0
63599238,2025-01-02 11:34:00,2025-01-12 13:36:00,DOT,Street Light Condition,Street Light Out,Staten Island,10301.0,Closed,Unknown,10
63599249,2025-01-02 06:49:00,2025-01-12 09:52:00,DOT,Street Light Condition,Street Light Out,Brooklyn,11234.0,Closed,Unknown,10
63599251,2025-01-02 13:27:00,2025-01-02 13:44:00,DOT,Street Light Condition,Street Light Out,Queens,11434.0,Closed,Unknown,0
63599292,2025-01-02 14:20:10,2025-01-07 08:39:32,DOT,Outdoor Dining,Site Setup Condition,Manhattan,10011.0,Closed,Online,4
63599295,2025-01-02 19:04:24,2025-01-07 09:26:10,DOT,Outdoor Dining,Site Setup Condition,Brooklyn,11231.0,Closed,Online,4
63599348,2025-01-02 23:54:00,2025-01-03 00:45:00,DOT,Traffic Signal Condition,Controller,Queens,11102.0,Closed,Unknown,0
63599367,2025-01-02 08:07:00,2025-01-06 08:30:00,DOT,Traffic Signal Condition,Cable,Manhattan,10009.0,Closed,Unknown,4
63599409,2025-01-02 18:23:18,2025-01-09 11:02:14,DOT,Curb Condition,Curb Defect-Metal Protruding,Bronx,10458.0,Closed,Mobile,6
63599441,2025-01-02 13:34:00,2025-01-20 12:45:00,DOT,Traffic Signal Condition,Controller,Bronx,10459.0,Closed,Unknown,17
63599454,2025-01-02 15:37:00,2025-01-09 11:19:00,DOT,Street Light Condition,Street Light Dayburning,Brooklyn,11234.0,Closed,Unknown,6
63599474,2025-01-02 06:02:44,2025-01-07 14:05:18,DOT,Street Condition,"Rough, Pitted or Cracked Roads",Brooklyn,11233.0,Closed,Online,5
63599522,2025-01-02 16:04:28,2025-01-10 09:12:54,DOT,Sidewalk Condition,Sidewalk Violation,Queens,11366.0,Closed,Phone,7
63599523,2025-01-02 19:12:43,2025-01-03 09:14:43,DOT,Street Condition,Defective Hardware,Manhattan,10007.0,Closed,Online,0
63599528,2025-01-02 16:22:51,2025-01-02 23:05:00,DOT,Street Condition,Pothole,Staten Island,10307.0,Closed,Unknown,0
63599529,2025-01-02 23:58:01,2025-01-03 09:40:00,DOT,Street Condition,Pothole,Queens,11357.0,Closed,Unknown,0
63599530,2025-01-02 21:14:59,2025-01-06 09:00:00,DOT,Street Condition,Pothole,Queens,11420.0,Closed,Unknown,3
63599550,2025-01-02 10:10:20,2025-01-03 08:30:00,DOT,Street Condition,Pothole,Bronx,10456.0,Closed,Unknown,0
63599551,2025-01-02 11:58:20,2025-01-06 10:45:00,DOT,Street Condition,Pothole,Staten Island,10314.0,Closed,Unknown,3
63599552,2025-01-02 14:44:14,2025-01-03 12:00:00,DOT,Street Condition,Pothole,Manhattan,10013.0,Closed,Unknown,0
63599562,2025-01-02 14:46:46,2025-01-06 11:00:00,DOT,Street Condition,Pothole,Queens,11365.0,Closed,Unknown,3
63599563,2025-01-02 07:26:44,2025-01-06 13:00:00,DOT,Street Condition,Pothole,Queens,11378.0,Closed,Unknown,4
63599564,2025-01-02 13:11:11,2025-01-03 12:05:00,DOT,Street Condition,Pothole,Brooklyn,11228.0,Closed,Unknown,0
63599567,2025-01-02 14:24:00,2025-01-12 13:20:00,DOT,Traffic Signal Condition,Pedestrian Signal,Manhattan,10033.0,Closed,Unknown,9
63599599,2025-01-02 09:18:33,2025-01-07 06:04:25,DOT,Broken Parking Meter,Out of Order,Manhattan,10065.0,Closed,Phone,4
63599601,2025-01-01 14:09:51,2025-01-02 08:35:00,DOT,Street Condition,Pothole,Brooklyn,11236.0,Closed,Unknown,0
63599656,2025-01-02 09:09:15,2025-01-09 08:11:45,DOT,Broken Parking Meter,Out of Order,Manhattan,10027.0,Closed,Phone,6
63599657,2025-01-02 13:56:29,2025-01-29 07:45:47,DOT,Broken Parking Meter,Out of Order,Queens,11354.0,Closed,Mobile,26
63599705,2025-01-01 22:20:58,2025-01-02 16:05:00,DOT,Street Condition,Pothole,Queens,11102.0,Closed,Unknown,0
63599714,2025-01-02 17:31:00,2025-01-02 19:10:00,DOT,Traffic Signal Condition,Veh Signal Lamp,Brooklyn,11204.0,Closed,Unknown,0
63599762,2025-01-02 18:41:00,2025-01-03 13:03:00,DOT,Street Light Condition,Street Light Out,Queens,11378.0,Closed,Unknown,0
63599800,2025-01-02 08:20:00,2025-01-03 20:00:00,DOT,Traffic Signal Condition,LED Lense,Bronx,10460.0,Closed,Unknown,1
63599809,2025-01-02 09:57:00,2025-01-12 10:03:00,DOT,Street Light Condition,Street Light Cycling,Brooklyn,11236.0,Closed,Unknown,10
63599856,2025-01-02 10:50:00,2025-01-02 22:50:00,DOT,Traffic Signal Condition,Ped Flasher,Brooklyn,11213.0,Closed,Unknown,0
63599863,2025-01-02 21:40:00,2025-01-02 23:30:00,DOT,Traffic Signal Condition,Post,Brooklyn,11219.0,Closed,Unknown,0
63599878,2025-01-02 18:35:00,2025-01-28 10:33:00,DOT,Street Light Condition,Street Light Out,Queens,11433.0,Closed,Unknown,25
63599888,2025-01-02 15:12:00,2025-01-02 15:35:00,DOT,Traffic Signal Condition,Cable,Manhattan,10002.0,Closed,Unknown,0
63599900,2025-01-02 13:03:38,2025-01-09 15:54:14,DOT,Curb Condition,Broken Curb,Brooklyn,11232.0,Closed,Online,7
63599902,2025-01-02 14:11:00,2025-01-03 04:15:00,DOT,Traffic Signal Condition,LED Lense,Queens,11423.0,Closed,Unknown,0
63599919,2025-01-02 14:09:00,2025-01-08 10:28:00,DOT,Street Light Condition,Street Light Out,Brooklyn,11207.0,Closed,Unknown,5
63599924,2025-01-02 14:49:03,2025-01-09 08:08:12,DOT,Broken Parking Meter,Coin or Card Did Not Register,Manhattan,10025.0,Closed,Phone,6
63599929,2025-01-02 11:57:27,2025-01-07 06:38:39,DOT,Broken Parking Meter,No Receipt,Manhattan,10003.0,Closed,Phone,4
63599933,2025-01-02 13:32:00,2025-01-12 14:47:00,DOT,Street Light Condition,Street Light Out,Staten Island,10305.0,Closed,Unknown,10
63599999,2025-01-02 15:50:00,2025-01-09 15:17:43,DOT,Curb Condition,Broken Curb,Brooklyn,11229.0,Closed,Online,6
63600001,2025-01-02 16:36:47,2025-01-08 12:17:14,DOT,Curb Condition,Broken Curb,Manhattan,10024.0,Closed,Online,5
63600068,2025-01-02 12:14:32,2025-01-09 16:17:32,DOT,Curb Condition,Broken Curb,Brooklyn,11206.0,Closed,Online,7
63600496,2025-01-02 13:31:21,2025-01-07 11:12:10,DOT,Sidewalk Condition,Broken Sidewalk,Brooklyn,11218.0,Closed,Mobile,4
63600497,2025-01-02 20:18:52,2025-01-04 06:14:01,DOT,Street Sign - Dangling,Other/Unknown,Brooklyn,11238.0,Closed,Mobile,1
63600502,2025-01-02 11:41:45,2025-01-07 07:45:15,DOT,Street Sign - Dangling,"No Parking, Standing, Stopping",Manhattan,10128.0,Closed,Phone,4
63600569,2025-01-02 12:29:33,2025-01-07 17:40:24,DOT,Sidewalk Condition,Broken Sidewalk,Staten Island,10312.0,Closed,Mobile,5
63600588,2025-01-02 15:13:43,2025-01-03 15:09:02,DOT,Street Sign - Dangling,St Name - Attached to Pole,Brooklyn,11229.0,Closed,Phone,0
63600651,2025-01-02 17:39:49,2025-01-08 11:19:32,DOT,Sidewalk Condition,Broken Sidewalk,Manhattan,10036.0,Closed,Online,5
63600764,2025-01-02 08:38:22,2025-01-08 12:03:56,DOT,Street Sign - Dangling,"No Parking, Standing, Stopping",Manhattan,10004.0,Closed,Mobile,6
63600782,2025-01-02 09:20:21,2025-01-04 09:46:40,DOT,Sidewalk Condition,Sidewalk Violation,Staten Island,10302.0,Closed,Phone,2
63600783,2025-01-02 09:24:39,2025-01-07 10:56:34,DOT,Street Sign - Damaged,"No Parking, Standing, Stopping",Manhattan,10033.0,Closed,Mobile,5
63600867,2025-01-02 13:28:21,2025-01-06 14:06:08,DOT,Sidewalk Condition,Sidewalk Violation,Queens,11356.0,Closed,Online,4
63601003,2025-01-02 13:06:04,2025-01-06 08:17:50,DOT,Street Condition,Failed Street Repair,Brooklyn,11216.0,Closed,Phone,3
63601031,2025-01-02 15:15:08,2025-01-03 12:08:08,DOT,Street Condition,Cave-in,Brooklyn,11216.0,Closed,Unknown,0
63601033,2025-01-02 10:01:46,2025-01-02 10:36:31,DOT,Bus Stop Shelter Complaint,Dirty/Graffiti,Queens,11103.0,Closed,Online,0
63601034,2025-01-02 11:41:32,2025-01-02 12:16:25,DOT,Broken Parking Meter,Out of Order,Queens,11367.0,Closed,Mobile,0
63601037,2025-01-02 14:04:00,2025-01-03 02:35:00,DOT,Traffic Signal Condition,APS,Brooklyn,11204.0,Closed,Unknown,0
63601057,2025-01-02 07:12:00,2025-01-08 10:27:00,DOT,Street Light Condition,Street Light Out,Brooklyn,11207.0,Closed,Unknown,6
63601059,2025-01-02 09:48:21,2025-01-02 15:29:40,DOT,Street Condition,Cave-in,Staten Island,10314.0,Closed,Online,0
63601064,2025-01-02 01:25:52,2025-01-07 15:40:49,DOT,Outdoor Dining,Sidewalk Zone Blocked,Brooklyn,11204.0,Closed,Phone,5
63601109,2025-01-02 15:30:00,2025-01-02 15:48:00,DOT,Street Light Condition,Street Light Out,Queens,11367.0,Closed,Unknown,0
63601118,2025-01-02 12:54:00,2025-01-02 15:35:00,DOT,Traffic Signal Condition,Controller,Manhattan,10002.0,Closed,Unknown,0
63601183,2025-01-02 14:10:00,2025-01-08 11:50:00,DOT,Traffic Signal Condition,Controller,Bronx,10466.0,Closed,Unknown,5
63601197,2025-01-02 06:16:00,2025-01-02 08:00:00,DOT,Traffic Signal Condition,Controller,Bronx,10456.0,Closed,Unknown,0
63601203,2025-01-02 08:07:00,2025-03-06 13:32:00,DOT,Street Light Condition,Lamppost Base Door/Cover Missing,Manhattan,10037.0,Closed,Unknown,63
63601217,2025-01-02 09:54:00,2025-01-07 14:50:00,DOT,Traffic Signal Condition,Pedestrian Signal,Manhattan,10025.0,Closed,Unknown,5
63601312,2025-01-02 10:18:42,2025-01-03 12:35:00,DOT,Street Condition,Defective Hardware,Bronx,10462.0,Closed,Online,1
63601328,2025-01-02 14:06:05,2025-01-09 17:26:41,DOT,Sidewalk Condition,Sidewalk Violation,Queens,11412.0,Closed,Phone,7
63601336,2025-01-02 08:22:00,2025-01-14 12:05:00,DOT,Traffic Signal Condition,Controller,Queens,11372.0,Closed,Unknown,12
63601344,2025-01-02 15:27:28,2025-01-03 08:13:21,DOT,Street Condition,Defective Hardware,Queens,11693.0,Closed,Online,0
63601345,2025-01-02 15:57:56,2025-01-03 11:09:21,DOT,Street Condition,Defective Hardware,Bronx,10470.0,Closed,Online,0
63601370,2025-01-02 11:21:51,2025-01-03 13:20:00,DOT,Street Condition,Pothole,Manhattan,10004.0,Closed,Unknown,1
63601374,2025-01-02 14:20:23,2025-01-03 08:49:00,DOT,Street Condition,Pothole,Queens,11356.0,Closed,Unknown,0
63601375,2025-01-03 03:27:41,2025-01-03 08:25:00,DOT,Street Condition,Pothole,Manhattan,10031.0,Closed,Unknown,0
63601376,2025-01-02 11:08:36,2025-01-03 13:45:00,DOT,Street Condition,Pothole,Manhattan,10004.0,Closed,Unknown,1
63601377,2025-01-02 08:23:00,2025-01-24 13:05:00,DOT,Traffic Signal Condition,APS,Bronx,10455.0,Closed,Unknown,22
63601394,2025-01-02 23:39:10,2025-01-03 06:30:00,DOT,Street Condition,Pothole,Staten Island,10314.0,Closed,Unknown,0
63601395,2025-01-02 17:28:41,2025-01-06 09:37:00,DOT,Street Condition,Pothole,Queens,11417.0,Closed,Unknown,3
63601396,2025-01-02 17:01:32,2025-01-03 12:50:00,DOT,Street Condition,Pothole,Queens,11422.0,Closed,Unknown,0
63601450,2025-01-02 15:32:00,2025-01-02 16:35:00,DOT,Traffic Signal Condition,Pedestrian Signal,Brooklyn,11218.0,Closed,Unknown,0
63601451,2025-01-02 01:28:00,2025-01-02 02:45:00,DOT,Traffic Signal Condition,Pedestrian Signal,Brooklyn,11218.0,Closed,Unknown,0
63601454,2025-01-01 22:22:52,2025-01-02 18:05:00,DOT,Street Condition,Pothole,Queens,11101.0,Closed,Unknown,0
63601456,2025-01-01 14:22:53,2025-01-02 11:23:00,DOT,Street Condition,Pothole,Brooklyn,11235.0,Closed,Unknown,0
63601460,2025-01-01 22:21:57,2025-01-02 17:15:00,DOT,Street Condition,Pothole,Queens,11101.0,Closed,Unknown,0
63601468,2025-01-02 21:35:10,2025-01-07 15:38:41,DOT,Outdoor Dining,Unauthorized Restaurant,Brooklyn,11249.0,Closed,Online,4
63601492,2025-01-02 12:27:28,2025-01-02 12:27:28,DOT,Street Condition,Pothole,Staten Island,10304.0,Closed,Unknown,0
63601493,2025-01-02 18:50:30,2025-01-02 18:50:30,DOT,Street Condition,Pothole,Queens,11377.0,Closed,Unknown,0
63601494,2025-01-01 23:06:09,2025-01-02 16:50:00,DOT,Street Condition,Pothole,Brooklyn,11207.0,Closed,Unknown,0
63601495,2025-01-01 14:14:18,2025-01-02 10:29:00,DOT,Street Condition,Pothole,Brooklyn,11235.0,Closed,Unknown,0
63601496,2025-01-02 11:04:17,2025-01-03 10:05:00,DOT,Street Condition,Pothole,Bronx,10451.0,Closed,Unknown,0
63601497,2025-01-02 14:23:47,2025-01-03 21:40:00,DOT,Street Condition,Pothole,Staten Island,10305.0,Closed,Unknown,1
63601498,2025-01-02 13:14:57,2025-01-06 12:37:00,DOT,Street Condition,Pothole,Queens,11421.0,Closed,Unknown,3
63601520,2025-01-02 09:20:48,2025-03-05 11:15:12,DOT,Bench,Missing,Brooklyn,11209.0,Closed,Online,62
63601541,2025-01-02 08:45:00,2025-01-02 10:00:00,DOT,Traffic Signal Condition,Pedestrian Signal,Manhattan,10039.0,Closed,Unknown,0
63601573,2025-01-02 18:54:03,2025-01-03 08:41:57,DOT,Street Condition,Crash Cushion Defect,Manhattan,10003.0,Closed,Online,0
63601589,2025-01-02 07:01:00,2025-01-08 11:14:00,DOT,Street Light Condition,Street Light Out,Brooklyn,11222.0,Closed,Unknown,6
63601591,2025-01-02 14:47:29,2025-01-02 14:47:29,DOT,Street Condition,Pothole,Queens,11365.0,Closed,Unknown,0
63601647,2025-01-02 06:30:00,2025-01-03 11:20:00,DOT,Traffic Signal Condition,LED Lense,Brooklyn,11234.0,Closed,Unknown,1
63601748,2025-01-02 09:00:00,2025-01-02 09:35:00,DOT,Traffic Signal Condition,Vehicle Signal,Manhattan,10013.0,Closed,Unknown,0
63601752,2025-01-02 16:38:28,2025-01-09 07:52:09,DOT,Curb Condition,Broken Curb,Brooklyn,11217.0,Closed,Online,6
63601761,2025-01-02 14:43:00,2025-01-04 02:00:00,DOT,Traffic Signal Condition,LED Lense,Bronx,10461.0,Closed,Unknown,1
63601847,2025-01-02 17:23:17,2025-01-08 13:26:06,DOT,Sidewalk Condition,Sidewalk Collapsed,Manhattan,10026.0,Closed,Online,5
63601861,2025-01-02 12:39:18,2025-01-07 06:03:40,DOT,Broken Parking Meter,No Receipt,Manhattan,10001.0,Closed,Online,4
63601887,2025-01-02 23:07:23,2025-01-06 08:04:27,DOT,Street Sign - Dangling,School Crossing,Bronx,10458.0,Closed,Mobile,3
63601900,2025-01-02 15:34:33,2025-01-08 12:20:52,DOT,Curb Condition,Broken Curb,Manhattan,10011.0,Closed,Online,5
63602436,2025-01-02 01:06:36,2025-05-05 07:24:46,DOT,Street Sign - Missing,Other/Unknown,Manhattan,10001.0,Closed,Mobile,123
63602576,2025-01-02 15:01:30,2025-01-06 14:11:40,DOT,Sidewalk Condition,Sidewalk Violation,Queens,11364.0,Closed,Phone,3
63602577,2025-01-02 16:11:02,2025-01-07 17:53:46,DOT,Street Sign - Damaged,Street Cleaning - ASP,Manhattan,10002.0,Closed,Phone,5
63602644,2025-01-02 16:02:47,2025-01-09 11:27:34,DOT,Street Sign - Dangling,Other/Unknown,Queens,11368.0,Closed,Phone,6
63602649,2025-01-02 15:55:19,2025-01-08 11:18:43,DOT,Sidewalk Condition,Broken Sidewalk,Manhattan,10029.0,Closed,Mobile,5
63602727,2025-01-02 17:07:06,2025-01-09 11:28:03,DOT,Street Sign - Dangling,Other/Unknown,Queens,11368.0,Closed,Online,6
63602884,2025-01-02 12:40:55,2025-01-09 17:13:05,DOT,Sidewalk Condition,Sidewalk Violation,Queens,11106.0,Closed,Phone,7
63602885,2025-01-02 10:55:39,2025-01-03 12:53:11,DOT,Street Condition,Cave-in,Brooklyn,11219.0,Closed,Online,1
63602906,2025-01-02 07:18:00,2025-01-12 10:54:00,DOT,Street Light Condition,Street Light Out,Staten Island,10301.0,Closed,Unknown,10
63602913,2025-01-02 19:28:00,2025-01-03 12:00:00,DOT,Street Light Condition,Street Light Out,Manhattan,10034.0,Closed,Unknown,0
63602914,2025-01-02 06:44:00,2025-01-12 09:48:00,DOT,Street Light Condition,Street Light Out,Brooklyn,11234.0,Closed,Unknown,10
63602917,2025-01-02 15:33:09,2025-01-10 09:43:21,DOT,Outdoor Dining,Sidewalk Zone Blocked,Queens,11414.0,Closed,Online,7
63602926,2025-01-02 18:09:00,2025-01-12 11:17:00,DOT,Street Light Condition,Street Light Out,Brooklyn,11234.0,Closed,Unknown,9
63602927,2025-01-02 16:41:00,2025-01-07 13:45:00,DOT,Street Light Condition,Street Light Out,Brooklyn,11217.0,Closed,Unknown,4
63602942,2025-01-02 16:18:00,2025-01-02 17:15:00,DOT,Traffic Signal Condition,Controller,Brooklyn,11217.0,Closed,Unknown,0
63602989,2025-01-02 06:20:00,2025-01-02 08:50:00,DOT,Traffic Signal Condition,Controller,Bronx,10451.0,Closed,Unknown,0
63602990,2025-01-02 14:17:48,2025-01-07 09:16:10,DOT,Outdoor Dining,Site Setup Condition,Manhattan,10014.0,Closed,Online,4
63602992,2025-01-02 20:20:00,2025-01-04 03:55:00,DOT,Traffic Signal Condition,Veh Signal Lamp,Brooklyn,11204.0,Closed,Unknown,1
63602995,2025-01-02 10:17:00,2025-01-02 12:00:00,DOT,Traffic Signal Condition,Controller,Bronx,10452.0,Closed,Unknown,0
63603000,2025-01-02 10:59:00,2025-01-02 12:30:00,DOT,Traffic Signal Condition,Controller,Brooklyn,11203.0,Closed,Unknown,0
63603087,2025-01-01 11:15:00,2025-05-16 11:40:00,DOT,Traffic Signal Condition,On Messenger,Bronx,10459.0,Closed,Unknown,135
63603093,2025-01-02 11:58:08,2025-01-07 17:21:49,DOT,Sidewalk Condition,Sidewalk Violation,Staten Island,10301.0,Closed,Phone,5
63603094,2025-01-02 07:58:39,2025-01-09 06:50:23,DOT,Street Sign - Dangling,Speed Limit,Staten Island,10312.0,Closed,Phone,6
63603095,2025-01-02 10:33:55,2025-01-03 12:06:39,DOT,Street Sign - Dangling,Stop,Staten Island,10312.0,Closed,Phone,1
63603096,2025-01-02 15:27:05,2025-01-06 09:36:15,DOT,Street Sign - Dangling,Stop,Staten Island,10305.0,Closed,Online,3
63603177,2025-01-02 15:11:37,2025-01-10 08:31:57,DOT,Sidewalk Condition,Sidewalk Violation,Queens,11364.0,Closed,Phone,7
63603178,2025-01-02 13:43:27,2025-01-09 17:26:36,DOT,Sidewalk Condition,Sidewalk Violation,Queens,11412.0,Closed,Phone,7
63603179,2025-01-02 08:50:09,2025-01-03 08:11:29,DOT,Street Condition,Defective Hardware,Queens,11694.0,Closed,Online,0
63603180,2025-01-02 23:56:53,2025-01-03 09:52:00,DOT,Street Condition,Pothole,Queens,11357.0,Closed,Unknown,0
63603181,2025-01-02 12:21:20,2025-01-03 10:00:00,DOT,Street Condition,Pothole,Brooklyn,11222.0,Closed,Unknown,0
63603185,2025-01-02 15:44:44,2025-01-21 07:09:07,DOT,Street Condition,"Rough, Pitted or Cracked Roads",Manhattan,10017.0,Closed,Online,18
63603186,2025-01-02 09:19:10,2025-01-15 12:34:39,DOT,Street Condition,"Rough, Pitted or Cracked Roads",Brooklyn,11201.0,Closed,Online,13
63603196,2025-01-02 14:07:52,2025-01-02 14:10:25,DOT,Street Condition,"Rough, Pitted or Cracked Roads",Staten Island,10312.0,Closed,Online,0
63603213,2025-01-02 22:39:39,2025-01-03 08:20:00,DOT,Street Condition,Pothole,Queens,11433.0,Closed,Unknown,0
63603214,2025-01-02 07:32:37,2025-01-03 14:10:00,DOT,Street Condition,Pothole,Queens,11378.0,Closed,Unknown,1
63603215,2025-01-02 22:58:36,2025-01-02 22:58:36,DOT,Street Condition,Pothole,Queens,11433.0,Closed,Unknown,0
63603216,2025-01-01 23:15:41,2025-01-02 21:40:00,DOT,Street Condition,Pothole,Brooklyn,11222.0,Closed,Unknown,0
63603224,2025-01-02 12:19:01,2025-01-02 21:00:00,DOT,Street Condition,Pothole,Staten Island,10309.0,Closed,Unknown,0
63603227,2025-01-02 12:03:01,2025-01-06 09:25:00,DOT,Street Condition,Pothole,Staten Island,10314.0,Closed,Unknown,3
63603228,2025-01-02 18:20:47,2025-01-03 10:47:00,DOT,Street Condition,Pothole,Queens,11429.0,Closed,Unknown,0
63603232,2025-01-02 12:47:00,2025-01-02 15:35:00,DOT,Traffic Signal Condition,Time Switch,Manhattan,10002.0,Closed,Unknown,0
63603243,2025-01-03 00:57:00,2025-01-03 01:40:00,DOT,Traffic Signal Condition,Controller,Brooklyn,11219.0,Closed,Unknown,0
63603278,2025-01-02 13:44:02,2025-01-02 15:31:57,DOT,Street Condition,Defective Hardware,Staten Island,10304.0,Closed,Phone,0
63603304,2025-01-01 14:21:56,2025-01-02 11:11:00,DOT,Street Condition,Pothole,Brooklyn,11235.0,Closed,Unknown,0
63603311,2025-01-02 08:55:02,2025-01-02 14:16:43,DOT,Street Condition,Blocked - Construction,Staten Island,10305.0,Closed,Unknown,0
63603315,2025-01-01 14:46:27,2025-01-02 13:30:00,DOT,Street Condition,Pothole,Brooklyn,11204.0,Closed,Unknown,0
63603324,2025-01-02 11:19:58,2025-01-09 08:14:33,DOT,Broken Parking Meter,Out of Order,Manhattan,10032.0,Closed,Phone,6
63603325,2025-01-02 08:21:26,2025-01-07 06:39:20,DOT,Broken Parking Meter,Out of Order,Manhattan,10003.0,Closed,Phone,4
63603326,2025-01-01 14:15:24,2025-01-02 10:37:00,DOT,Street Condition,Pothole,Brooklyn,11235.0,Closed,Unknown,0
63603327,2025-01-01 14:11:20,2025-01-02 09:50:00,DOT,Street Condition,Pothole,Brooklyn,11235.0,Closed,Unknown,0
63603330,2025-01-02 20:47:00,2025-01-03 13:17:00,DOT,Street Light Condition,Street Light Out,Bronx,10466.0,Closed,Unknown,0
63603333,2025-01-02 20:56:00,2025-01-06 10:52:00,DOT,Street Light Condition,Street Light Out,Queens,11358.0,Closed,Unknown,3
63603334,2025-01-02 16:22:00,2025-01-02 17:30:00,DOT,Traffic Signal Condition,Veh Signal Lamp,Queens,11435.0,Closed,Unknown,0
63603405,2025-01-02 08:16:36,2025-01-02 12:55:27,DOT,Street Condition,Plate Condition - Noisy,Queens,11354.0,Closed,Phone,0
63603430,2025-01-02 13:17:00,2025-01-12 10:00:00,DOT,Street Light Condition,Street Light Out,Brooklyn,11236.0,Closed,Unknown,9
63603442,2025-01-02 21:02:00,2025-01-12 11:05:00,DOT,Street Light Condition,Street Light Out,Staten Island,10312.0,Closed,Unknown,9
63603455,2025-01-02 10:51:00,2025-02-03 10:35:00,DOT,Street Light Condition,Street Light Out,Queens,11432.0,Closed,Unknown,31
63603458,2025-01-02 09:53:26,2025-01-07 12:28:43,DOT,Curb Condition,Broken Curb,Bronx,10453.0,Closed,Phone,5
63603503,2025-01-02 14:10:00,2025-01-03 09:40:00,DOT,Traffic Signal Condition,LED Pedestrian Unit,Queens,11419.0,Closed,Unknown,0
63603571,2025-01-02 15:06:00,2025-01-02 17:25:00,DOT,Traffic Signal Condition,Veh Signal Head,Staten Island,10314.0,Closed,Unknown,0
63603577,2025-01-02 04:43:49,2025-01-02 12:03:32,DOT,Street Condition,Defective Hardware,Manhattan,10012.0,Closed,Online,0
63603581,2025-01-02 08:38:41,2025-01-09 11:24:25,DOT,Street Sign - Dangling,School Crossing,Queens,11420.0,Closed,Online,7
63603656,2025-01-02 10:50:48,2025-01-02 16:40:44,DOT,Street Condition,Defective Hardware,Queens,11374.0,Closed,Online,0
63603660,2025-01-02 09:30:39,2025-01-03 08:14:05,DOT,Street Condition,Plate Condition - Noisy,Queens,11418.0,Closed,Phone,0
63603680,2025-01-02 09:00:00,2025-02-02 10:20:00,DOT,Traffic Signal Condition,APS,Brooklyn,11223.0,Closed,Unknown,31
63603697,2025-01-02 14:26:00,2025-01-03 00:30:00,DOT,Traffic Signal Condition,APS,Bronx,10454.0,Closed,Unknown,0
63603723,2025-01-02 05:00:00,2025-01-12 11:09:00,DOT,Street Light Condition,Flood Light Lamp Cycling,Staten Island,10306.0,Closed,Unknown,10
63603737,2025-01-02 16:26:05,2025-07-17 13:54:03,DOT,Curb Condition,Defacement,Brooklyn,11203.0,Closed,Online,195
63603738,2025-01-02 12:22:11,2025-04-16 10:36:15,DOT,Curb Condition,Defacement,Queens,11419.0,Closed,Phone,103
63603746,2025-01-02 14:19:37,2025-01-09 15:48:50,DOT,Curb Condition,Broken Curb,Brooklyn,11201.0,Closed,Online,7
63604189,2025-01-02 16:22:58,2025-01-06 14:13:01,DOT,Sidewalk Condition,Sidewalk Violation,Queens,11366.0,Closed,Phone,3
63604416,2025-01-02 09:08:34,2025-01-06 07:29:52,DOT,Sidewalk Condition,Sidewalk Violation,Brooklyn,11218.0,Closed,Phone,3
63604418,2025-01-02 07:31:34,2025-01-29 07:41:16,DOT,Street Sign - Damaged,Bus Stop,Staten Island,10309.0,Closed,Mobile,27
63604445,2025-01-02 14:46:44,2025-01-06 14:09:13,DOT,Sidewalk Condition,Sidewalk Violation,Queens,11378.0,Closed,Phone,3
63604495,2025-01-02 14:11:31,2025-01-07 11:29:11,DOT,Sidewalk Condition,Broken Sidewalk,Brooklyn,11217.0,Closed,Online,4
63604546,2025-01-02 12:27:11,2025-01-07 17:38:46,DOT,Sidewalk Condition,Broken Sidewalk,Staten Island,10312.0,Closed,Mobile,5
63604550,2025-01-02 15:26:07,2025-01-06 17:19:08,DOT,Sidewalk Condition,Broken Sidewalk,Manhattan,10027.0,Closed,Phone,4
63604668,2025-01-02 13:48:00,2025-01-09 11:25:41,DOT,Street Sign - Dangling,Street Cleaning - ASP,Queens,11372.0,Closed,Phone,6
63604680,2025-01-02 16:20:20,2025-01-08 09:05:57,DOT,Street Condition,Cave-in,Queens,11419.0,Closed,Phone,5
63604681,2025-01-02 16:38:29,2025-01-10 08:25:20,DOT,Street Sign - Dangling,Street Cleaning - ASP,Brooklyn,11216.0,Closed,Phone,7
63604682,2025-01-02 14:28:50,2025-01-07 07:52:54,DOT,Street Sign - Missing,"No Parking, Standing, Stopping",Manhattan,10001.0,Closed,Mobile,4
63604702,2025-01-02 11:14:05,2025-01-03 08:35:07,DOT,Sidewalk Condition,Blocked - Construction,Queens,11105.0,Closed,Phone,0
63604703,2025-01-02 15:01:45,2025-01-07 11:40:04,DOT,Sidewalk Condition,Sidewalk Violation,Brooklyn,11220.0,Closed,Online,4
63604704,2025-01-02 18:27:05,2025-01-03 16:12:22,DOT,Street Condition,Cave-in,Staten Island,10302.0,Closed,Phone,0
63604710,2025-01-02 11:14:24,2025-01-07 14:31:12,DOT,Street Condition,Cave-in,Brooklyn,11219.0,Closed,Phone,5
63604711,2025-01-02 06:44:38,2025-01-07 14:56:49,DOT,Street Condition,Cave-in,Brooklyn,11208.0,Closed,Unknown,5
63604726,2025-01-02 16:46:00,2025-01-07 13:43:00,DOT,Street Light Condition,Street Light Out,Brooklyn,11217.0,Closed,Unknown,4
63604727,2025-01-02 05:26:00,2025-01-12 11:04:00,DOT,Street Light Condition,Street Light Out,Staten Island,10314.0,Closed,Unknown,10
63604733,2025-01-02 22:34:00,2025-01-08 21:30:00,DOT,Street Light Condition,Street Light Out,Brooklyn,11217.0,Closed,Unknown,5
63604737,2025-01-02 07:49:24,2025-01-02 12:57:19,DOT,Street Condition,"Rough, Pitted or Cracked Roads",Staten Island,10312.0,Closed,Phone,0
63604738,2025-01-02 10:02:50,2025-01-02 15:10:08,DOT,Street Condition,Defective Hardware,Staten Island,10304.0,Closed,Phone,0
63604740,2025-01-02 22:05:00,2025-01-03 13:36:00,DOT,Street Light Condition,Street Light Out,Bronx,10465.0,Closed,Unknown,0
63604747,2025-01-02 16:15:00,2025-01-17 12:26:00,DOT,Street Light Condition,Street Light Out,Queens,11413.0,Closed,Unknown,14
63604748,2025-01-02 06:39:00,2025-01-03 13:11:00,DOT,Street Light Condition,Street Light Out,Queens,11379.0,Closed,Unknown,1
63604749,2025-01-02 16:23:00,2025-02-19 08:31:00,DOT,Street Light Condition,Street Light Out,Brooklyn,11201.0,Closed,Unknown,47
63604756,2025-01-02 13:35:09,2025-01-10 09:42:29,DOT,Outdoor Dining,Sidewalk Zone Blocked,Queens,11361.0,Closed,Online,7
63604762,2025-01-02 18:04:00,2025-03-20 02:30:00,DOT,Traffic Signal Condition,Street Light Feed,Queens,11372.0,Closed,Unknown,76
63604824,2025-01-02 17:17:00,2025-01-02 19:10:00,DOT,Traffic Signal Condition,Controller,Brooklyn,11204.0,Closed,Unknown,0
63604825,2025-01-02 11:25:00,2025-01-02 12:00:00,DOT,Traffic Signal Condition,Controller,Brooklyn,11215.0,Closed,Unknown,0
63604837,2025-01-02 16:45:00,2025-01-03 07:00:00,DOT,Street Light Condition,Lamppost Leaning,Manhattan,10000.0,Closed,Unknown,0
63604844,2025-01-02 13:35:00,2025-01-02 15:20:00,DOT,Traffic Signal Condition,Controller,Manhattan,10021.0,Closed,Unknown,0
63604854,2025-01-02 07:40:00,2025-01-02 09:00:00,DOT,Traffic Signal Condition,Controller,Brooklyn,11236.0,Closed,Unknown,0
63604870,2025-01-02 06:17:00,2025-01-02 07:35:00,DOT,Traffic Signal Condition,Controller,Staten Island,10305.0,Closed,Unknown,0
63604871,2025-01-02 04:01:00,2025-01-02 04:45:00,DOT,Traffic Signal Condition,Controller,Queens,11434.0,Closed,Unknown,0
63604872,2025-01-02 14:28:00,2025-01-02 23:20:00,DOT,Traffic Signal Condition,Pedestrian Signal,Manhattan,10009.0,Closed,Unknown,0
63604878,2025-01-02 13:02:45,2025-01-10 12:15:37,DOT,Bus Stop Shelter Complaint,Broken Glass,Brooklyn,11236.0,Closed,Phone,7
63604891,2025-01-02 14:36:00,2025-03-06 14:17:00,DOT,Street Light Condition,Foreign Attachment On Lamppost,Manhattan,10035.0,Closed,Unknown,62
63604928,2025-01-02 12:15:40,2025-01-03 09:50:38,DOT,Street Condition,Defective Hardware,Manhattan,10004.0,Closed,Online,0
63604929,2025-01-02 14:48:20,2025-01-06 08:20:14,DOT,Street Condition,Defective Hardware,Brooklyn,11229.0,Closed,Phone,3
63604930,2025-01-02 09:54:10,2025-01-03 12:05:59,DOT,Street Sign - Dangling,Stop,Staten Island,10306.0,Closed,Online,1
63604931,2025-01-02 15:09:00,2025-01-02 15:55:00,DOT,Traffic Signal Condition,Veh Sgnl Mult Lamps,Queens,11360.0,Closed,Unknown,0
63604948,2025-01-02 14:40:00,2025-03-06 13:28:00,DOT,Street Light Condition,Foreign Attachment On Lamppost,Manhattan,10037.0,Closed,Unknown,62
63605026,2025-01-02 17:41:54,2025-01-03 08:40:00,DOT,Street Condition,Pothole,Queens,11434.0,Closed,Unknown,0
63605027,2025-01-02 16:48:16,2025-01-03 11:25:00,DOT,Street Condition,Pothole,Manhattan,10013.0,Closed,Unknown,0
63605030,2025-01-02 09:49:54,2025-01-03 10:30:00,DOT,Street Condition,Pothole,Brooklyn,11211.0,Closed,Unknown,1
63605047,2025-01-02 15:09:48,2025-01-15 09:08:33,DOT,Street Condition,"Rough, Pitted or Cracked Roads",Brooklyn,11221.0,Closed,Phone,12
63605048,2025-01-02 19:01:48,2025-01-04 04:38:11,DOT,Street Sign - Missing,St Name - Attached to Pole,Brooklyn,11231.0,Closed,Mobile,1
63605052,2025-01-02 11:46:57,2025-01-03 11:20:00,DOT,Street Condition,Pothole,Queens,11427.0,Closed,Unknown,0
63605064,2025-01-02 08:21:08,2025-01-03 09:15:00,DOT,Street Condition,Pothole,Brooklyn,11223.0,Closed,Unknown,1
63605089,2025-01-01 14:41:04,2025-01-02 09:25:00,DOT,Street Condition,Pothole,Queens,11434.0,Closed,Unknown,0
63605090,2025-01-01 14:13:22,2025-01-02 10:15:00,DOT,Street Condition,Pothole,Brooklyn,11235.0,Closed,Unknown,0
63605091,2025-01-02 13:45:00,2025-01-02 23:25:00,DOT,Traffic Signal Condition,APS,Queens,11377.0,Closed,Unknown,0
63605107,2025-01-02 12:06:57,2025-01-07 09:27:43,DOT,Outdoor Dining,Barrier Condition,Bronx,10453.0,Closed,Online,4
63605152,2025-01-02 14:14:00,2025-01-03 02:05:00,DOT,Traffic Signal Condition,Base Door,Queens,11004.0,Closed,Unknown,0
63605217,2025-01-01 14:25:19,2025-01-02 11:47:00,DOT,Street Condition,Pothole,Brooklyn,11230.0,Closed,Unknown,0
63605219,2025-01-01 14:12:08,2025-01-02 10:00:00,DOT,Street Condition,Pothole,Brooklyn,11235.0,Closed,Unknown,0
63605227,2025-01-02 14:14:00,2025-01-04 09:00:00,DOT,Traffic Signal Condition,LED Lense,Bronx,10454.0,Closed,Unknown,1
63605275,2025-01-02 03:49:00,2025-01-06 12:07:00,DOT,Street Light Condition,Street Light Out,Bronx,10465.0,Closed,Unknown,4
63605276,2025-01-02 07:18:00,2025-01-08 10:19:00,DOT,Street Light Condition,Street Light Out,Brooklyn,11207.0,Closed,Unknown,6
63605305,2025-01-02 14:53:00,2025-01-09 11:26:00,DOT,Street Light Condition,Street Light Out,Brooklyn,11214.0,Closed,Unknown,6
63605309,2025-01-02 06:45:00,2025-01-12 10:53:00,DOT,Street Light Condition,Street Light Out,Brooklyn,11204.0,Closed,Unknown,10
63605314,2025-01-02 20:49:31,2025-01-02 23:08:37,DOT,Street Condition,Plate Condition - Noisy,Manhattan,10003.0,Closed,Online,0
63605315,2025-01-02 20:12:43,2025-01-02 23:15:32,DOT,Street Condition,Plate Condition - Shifted,Brooklyn,11220.0,Closed,Online,0
63605326,2025-01-02 15:07:33,2025-01-07 10:43:28,DOT,Curb Condition,Broken Curb,Queens,11415.0,Closed,Online,4
63605344,2025-01-02 14:07:00,2025-01-04 02:15:00,DOT,Traffic Signal Condition,LED Lense,Queens,11373.0,Closed,Unknown,1
63605392,2025-01-02 10:31:11,2025-01-07 09:24:26,DOT,Broken Parking Meter,Coin or Card Did Not Register,Queens,11368.0,Closed,Phone,4
63605424,2025-01-02 07:49:35,2025-01-02 16:28:20,DOT,Street Condition,Cave-in,Queens,11378.0,Closed,Unknown,0
63605429,2025-01-02 20:00:00,2025-01-12 11:01:00,DOT,Street Light Condition,Street Light Cycling,Brooklyn,11229.0,Closed,Unknown,9
63605440,2025-01-02 08:55:55,2025-01-02 14:57:09,DOT,Street Condition,Cave-in,Staten Island,10304.0,Closed,Unknown,0
63605441,2025-01-02 09:24:12,2025-01-02 15:03:55,DOT,Street Condition,Cave-in,Queens,11357.0,Closed,Phone,0
63605498,2025-01-02 16:31:13,2025-01-03 06:30:10,DOT,Street Sign - Dangling,Bus Stop,Queens,11373.0,Closed,Phone,0
63605501,2025-01-02 16:56:11,2025-01-08 12:15:01,DOT,Curb Condition,Broken Curb,Manhattan,10021.0,Closed,Online,5
63605538,2025-01-02 05:30:00,2025-01-05 10:40:00,DOT,Traffic Signal Condition,Pedestrian Signal,Bronx,10452.0,Closed,Unknown,3
63605575,2025-01-02 21:36:00,2025-01-04 09:50:00,DOT,Traffic Signal Condition,Pedestrian Signal,Brooklyn,11219.0,Closed,Unknown,1
63605587,2025-01-02 15:41:28,2025-01-08 12:19:02,DOT,Curb Condition,Broken Curb,Manhattan,10011.0,Closed,Online,5
63605611,2025-01-02 16:28:47,2025-01-09 14:50:20,DOT,Curb Condition,Broken Curb,Brooklyn,11201.0,Closed,Online,6
63605612,2025-01-02 15:36:54,2025-01-07 10:38:52,DOT,Curb Condition,Broken Curb,Queens,11372.0,Closed,Online,4
63605718,2025-01-02 17:45:36,2025-01-09 10:01:04,DOT,Curb Condition,Broken Curb,Brooklyn,11221.0,Closed,Online,6
63605827,2025-01-02 08:42:09,2025-03-12 07:27:19,DOT,Curb Condition,Defacement,Manhattan,10027.0,Closed,Mobile,68
63606040,2025-01-02 14:20:31,2025-01-06 07:40:32,DOT,Sidewalk Condition,Sidewalk Violation,Brooklyn,11215.0,Closed,Phone,3
63606053,2025-01-02 08:35:03,2025-01-03 14:13:34,DOT,Street Condition,Plate Condition - Open,Brooklyn,11211.0,Closed,Phone,1
63606054,2025-01-02 16:15:04,2025-01-15 06:39:34,DOT,Street Sign - Damaged,"No Parking, Standing, Stopping",Bronx,10456.0,Closed,Online,12
63606057,2025-01-02 13:32:10,2025-01-07 07:47:05,DOT,Street Sign - Damaged,Stop,Manhattan,10019.0,Closed,Mobile,4
63606163,2025-01-02 13:58:12,2025-01-04 09:48:10,DOT,Sidewalk Condition,Sidewalk Violation,Staten Island,10306.0,Closed,Online,1
63606189,2025-01-02 08:28:53,2025-01-07 10:45:14,DOT,Sidewalk Condition,Broken Sidewalk,Brooklyn,11217.0,Closed,Online,5
63606190,2025-01-02 13:07:45,2025-01-06 14:04:31,DOT,Sidewalk Condition,Sidewalk Violation,Queens,11363.0,Closed,Online,4
63606230,2025-01-02 13:02:20,2025-01-06 07:35:52,DOT,Sidewalk Condition,Sidewalk Violation,Brooklyn,11205.0,Closed,Online,3
63606272,2025-01-02 18:46:41,2025-01-10 08:26:29,DOT,Street Sign - Dangling,"No Parking, Standing, Stopping",Brooklyn,11201.0,Closed,Phone,7
63606412,2025-01-02 12:28:48,2025-01-07 17:39:25,DOT,Sidewalk Condition,Broken Sidewalk,Staten Island,10312.0,Closed,Mobile,5
63606455,2025-01-02 13:27:28,2025-01-07 16:09:50,DOT,Sidewalk Condition,Broken Sidewalk,Brooklyn,11205.0,Closed,Mobile,5
63606456,2025-01-02 12:52:50,2025-01-07 11:10:38,DOT,Sidewalk Condition,Broken Sidewalk,Brooklyn,11219.0,Closed,Online,4
63606457,2025-01-02 11:30:10,2025-01-06 17:17:29,DOT,Sidewalk Condition,Broken Sidewalk,Manhattan,10027.0,Closed,Phone,4
63606472,2025-01-02 14:14:59,2025-01-15 13:07:22,DOT,Street Sign - Dangling,Other/Unknown,Manhattan,10013.0,Closed,Phone,12
63606484,2025-01-02 17:51:57,2025-01-03 08:29:01,DOT,Street Sign - Dangling,Other/Unknown,Manhattan,10013.0,Closed,Mobile,0
63606610,2025-01-02 23:37:13,2025-01-03 15:31:23,DOT,Street Condition,Failed Street Repair,Brooklyn,11219.0,Closed,Phone,0
63606614,2025-01-02 11:54:36,2025-01-13 15:08:18,DOT,Street Sign - Dangling,Street Cleaning - ASP,Queens,11432.0,Closed,Online,11
63606626,2025-01-02 09:58:00,2025-01-02 12:15:00,DOT,Traffic Signal Condition,Controller Cabinet,Queens,11360.0,Closed,Unknown,0
63606627,2025-01-02 14:43:00,2025-01-02 16:20:00,DOT,Traffic Signal Condition,Warning Buzzer,Queens,11101.0,Closed,Unknown,0
63606667,2025-01-02 01:58:00,2025-01-15 10:19:00,DOT,Street Light Condition,Street Light Out,Bronx,10461.0,Closed,Unknown,13
63606669,2025-01-03 00:22:00,2025-05-15 09:20:00,DOT,Street Light Condition,Street Light Out,Brooklyn,11210.0,Closed,Unknown,132
63606670,2025-01-02 09:08:00,2025-01-09 11:23:00,DOT,Street Light Condition,Street Light Out,Brooklyn,11223.0,Closed,Unknown,7
63606676,2025-01-02 06:27:00,2025-01-02 08:30:00,DOT,Traffic Signal Condition,Controller,Brooklyn,11234.0,Closed,Unknown,0
63606680,2025-01-02 06:48:00,2025-01-12 09:50:00,DOT,Street Light Condition,Street Light Out,Brooklyn,11234.0,Closed,Unknown,10
63606681,2025-01-02 06:30:00,2025-01-03 13:01:00,DOT,Street Light Condition,Street Light Out,Queens,11379.0,Closed,Unknown,1
63606687,2025-01-02 08:03:00,2025-01-02 09:55:00,DOT,Traffic Signal Condition,Controller,Queens,11360.0,Closed,Unknown,0
63606709,2025-01-02 11:52:00,2025-01-03 17:38:00,DOT,Traffic Signal Condition,Veh Signal Head,Brooklyn,11229.0,Closed,Unknown,1
63606798,2025-01-02 17:43:00,2025-01-02 19:55:00,DOT,Traffic Signal Condition,Controller,Bronx,10460.0,Closed,Unknown,0
63606801,2025-01-02 14:36:00,2025-01-06 11:00:00,DOT,Traffic Signal Condition,APS,Bronx,10453.0,Closed,Unknown,3
63606802,2025-01-02 13:46:00,2025-01-02 15:35:00,DOT,Traffic Signal Condition,Controller,Manhattan,10024.0,Closed,Unknown,0
63606803,2025-01-02 15:13:56,2025-01-10 08:54:41,DOT,Sidewalk Condition,Sidewalk Violation,Queens,11426.0,Closed,Online,7
63606808,2025-01-02 13:24:00,2025-01-02 13:24:00,DOT,Traffic Signal Condition,Controller,Queens,11691.0,Closed,Unknown,0
63606842,2025-01-02 15:24:00,2025-01-02 16:10:00,DOT,Traffic Signal Condition,Pedestrian Signal,Manhattan,10037.0,Closed,Unknown,0
63606869,2025-01-02 08:19:00,2025-01-02 13:00:00,DOT,Traffic Signal Condition,Veh Signal Lamp,Manhattan,10023.0,Closed,Unknown,0
63606876,2025-01-02 08:13:00,2025-01-02 11:00:00,DOT,Traffic Signal Condition,APS,Bronx,10459.0,Closed,Unknown,0
63606885,2025-01-02 15:56:22,2025-01-03 10:55:00,DOT,Street Condition,Pothole,Brooklyn,11214.0,Closed,Unknown,0
63606906,2025-01-02 16:16:17,2025-01-03 09:30:29,DOT,Street Condition,"Rough, Pitted or Cracked Roads",Queens,11413.0,Closed,Phone,0
63606935,2025-01-02 23:34:00,2025-01-03 00:20:00,DOT,Traffic Signal Condition,Controller,Brooklyn,11210.0,Closed,Unknown,0
63606973,2025-01-02 11:55:13,2025-01-08 18:51:53,DOT,Street Sign - Dangling,Stop,Bronx,10469.0,Closed,Phone,6
63606974,2025-01-02 12:40:06,2025-01-07 11:12:18,DOT,Street Sign - Missing,Stop,Brooklyn,11239.0,Closed,Phone,4
63606976,2025-01-02 11:38:07,2025-01-06 06:56:17,DOT,Street Sign - Damaged,Other/Unknown,Bronx,10454.0,Closed,Mobile,3
63606980,2025-01-01 14:23:56,2025-01-02 11:31:00,DOT,Street Condition,Pothole,Brooklyn,11229.0,Closed,Unknown,0
63606984,2025-01-02 12:25:54,2025-01-03 23:50:00,DOT,Street Condition,Pothole,Staten Island,10304.0,Closed,Unknown,1
63606985,2025-01-02 15:12:19,2025-01-03 11:45:00,DOT,Street Condition,Pothole,Queens,11429.0,Closed,Unknown,0
63607013,2025-01-02 15:44:03,2025-01-03 09:10:00,DOT,Street Condition,Pothole,Queens,11423.0,Closed,Unknown,0
63607014,2025-01-02 17:18:27,2025-01-03 12:25:00,DOT,Street Condition,Pothole,Manhattan,10006.0,Closed,Unknown,0
63607015,2025-01-02 17:56:49,2025-01-03 10:42:00,DOT,Street Condition,Pothole,Brooklyn,11219.0,Closed,Unknown,0
63607016,2025-01-02 11:59:43,2025-01-03 10:25:00,DOT,Street Condition,Pothole,Brooklyn,11214.0,Closed,Unknown,0
63607019,2025-01-02 15:23:00,2025-05-15 13:57:00,DOT,Street Light Condition,Street Light Out,Brooklyn,11220.0,Closed,Unknown,132
63607021,2025-01-02 22:58:07,2025-01-06 12:45:00,DOT,Street Condition,Pothole,Queens,11432.0,Closed,Unknown,3
63607022,2025-01-02 16:21:20,2025-01-06 11:29:00,DOT,Street Condition,Pothole,Queens,11421.0,Closed,Unknown,3
63607032,2025-01-02 10:01:00,2025-04-16 09:15:00,DOT,Street Light Condition,Street Light Out,Bronx,10454.0,Closed,Unknown,103
63607058,2025-01-02 14:07:00,2025-01-04 01:10:00,DOT,Traffic Signal Condition,Base Door,Queens,11417.0,Closed,Unknown,1
63607059,2025-01-01 07:00:00,2025-01-02 11:03:00,DOT,Street Condition,Pothole,Staten Island,10306.0,Closed,Unknown,1
63607060,2025-01-01 14:40:42,2025-01-02 09:10:00,DOT,Street Condition,Pothole,Queens,11434.0,Closed,Unknown,0
63607061,2025-01-03 00:28:00,2025-01-03 02:00:00,DOT,Traffic Signal Condition,Controller,Staten Island,10310.0,Closed,Unknown,0
63607067,2025-01-02 14:13:00,2025-01-03 02:05:00,DOT,Traffic Signal Condition,Base Door,Queens,11004.0,Closed,Unknown,0
63607085,2025-01-01 12:37:57,2025-01-02 09:07:00,DOT,Street Condition,Pothole,Queens,11428.0,Closed,Unknown,0
63607134,2025-01-01 14:50:13,2025-01-02 13:55:00,DOT,Street Condition,Pothole,Brooklyn,11201.0,Closed,Unknown,0
63607144,2025-01-02 21:03:00,2025-10-07 17:37:00,DOT,Street Light Condition,Street Light Out,Manhattan,10031.0,Closed,Unknown,277
63607153,2025-01-02 15:19:00,2025-01-12 10:32:00,DOT,Street Light Condition,Street Light Out,Brooklyn,11223.0,Closed,Unknown,9
63607171,2025-01-02 14:44:00,2025-01-04 00:45:00,DOT,Traffic Signal Condition,LED Lense,Bronx,10456.0,Closed,Unknown,1
63607172,2025-01-02 15:21:00,2025-01-03 18:35:00,DOT,Traffic Signal Condition,LED Lense,Brooklyn,11203.0,Closed,Unknown,1
63607195,2025-01-02 12:20:55,2025-01-07 09:20:07,DOT,Outdoor Dining,Barrier Condition,Queens,11106.0,Closed,Phone,4
63607209,2025-01-02 14:45:00,2025-01-04 03:30:00,DOT,Traffic Signal Condition,LED Lense,Brooklyn,11218.0,Closed,Unknown,1
63607232,2025-01-02 07:28:44,2025-01-10 12:14:50,DOT,Bus Stop Shelter Complaint,Damaged Other,Queens,11434.0,Closed,Online,8
63607246,2025-01-02 06:23:00,2025-01-12 14:42:00,DOT,Street Light Condition,Street Light Out,Staten Island,10306.0,Closed,Unknown,10
63607272,2025-01-02 13:25:13,2025-01-07 15:37:06,DOT,Outdoor Dining,Site Setup Condition,Manhattan,10002.0,Closed,Online,5
63607303,2025-01-02 07:43:00,2025-03-12 01:45:00,DOT,Traffic Signal Condition,LED Pedestrian Unit,Brooklyn,11235.0,Closed,Unknown,68
63607330,2025-01-02 13:36:41,2025-01-08 07:35:53,DOT,Broken Parking Meter,No Receipt,Staten Island,10301.0,Closed,Phone,5
63607383,2025-01-02 16:27:15,2025-01-09 14:53:54,DOT,Curb Condition,Broken Curb,Brooklyn,11201.0,Closed,Online,6
63607384,2025-01-02 22:00:55,2025-01-22 15:00:16,DOT,Curb Condition,Broken Curb,Queens,11377.0,Closed,Online,19
63607437,2025-01-03 00:26:50,2025-01-03 05:34:49,DOT,Street Condition,Plate Condition - Noisy,Manhattan,10036.0,Closed,Online,0
63607447,2025-01-02 10:53:37,2025-01-06 10:10:00,DOT,Street Condition,Pothole,Staten Island,10314.0,Closed,Unknown,3
63607464,2025-01-02 19:31:58,2025-01-03 12:38:22,DOT,Street Sign - Dangling,Bus Stop,Queens,11691.0,Closed,Online,0
63607496,2025-01-02 10:18:00,2025-01-02 11:15:00,DOT,Traffic Signal Condition,Ped Multiple Lamps,Brooklyn,11210.0,Closed,Unknown,0
63607512,2025-01-02 15:08:55,2025-01-09 15:31:51,DOT,Curb Condition,Broken Curb,Brooklyn,11232.0,Closed,Mobile,7
63607563,2025-01-02 16:01:00,2025-01-02 16:07:00,DOT,Street Light Condition,Fixture/Luminaire Door Open,Bronx,10461.0,Closed,Unknown,0
63607848,2025-01-02 09:51:54,2025-01-09 16:25:08,DOT,Curb Condition,Broken Curb,Brooklyn,11218.0,Closed,Online,7
63607967,2025-01-02 12:53:07,2025-01-06 07:33:42,DOT,Sidewalk Condition,Sidewalk Violation,Brooklyn,11218.0,Closed,Online,3
63607968,2025-01-02 10:45:23,2025-01-16 12:19:42,DOT,Sidewalk Condition,Sidewalk Violation,Bronx,10473.0,Closed,Online,14
63608336,2025-01-02 14:31:55,2025-01-07 10:35:41,DOT,Sidewalk Condition,Broken Sidewalk,Bronx,10457.0,Closed,Online,4
63608356,2025-01-02 10:37:30,2025-01-09 17:03:16,DOT,Sidewalk Condition,Broken Sidewalk,Queens,11412.0,Closed,Phone,7
63608357,2025-01-02 20:04:53,2025-01-07 12:12:39,DOT,Sidewalk Condition,Broken Sidewalk,Brooklyn,11211.0,Closed,Phone,4
63608361,2025-01-02 17:26:21,2025-01-09 11:23:42,DOT,Street Sign - Dangling,St Name - Attached to Pole,Queens,11436.0,Closed,Phone,6
63608419,2025-01-02 11:19:37,2025-01-09 17:09:49,DOT,Sidewalk Condition,Sidewalk Violation,Queens,11375.0,Closed,Phone,7
63608431,2025-01-02 12:14:48,2025-01-13 09:54:19,DOT,Sidewalk Condition,Blocked - Construction,Manhattan,10003.0,Closed,Phone,10
63608512,2025-01-02 19:41:33,2025-01-03 13:50:56,DOT,Sidewalk Condition,Defective Hardware,Bronx,10469.0,Closed,Phone,0
63608513,2025-01-02 15:15:44,2025-01-04 06:52:59,DOT,Street Sign - Dangling,St Name - Over Intersection,Manhattan,10128.0,Closed,Online,1
63608518,2025-01-02 14:28:00,2025-01-09 11:33:00,DOT,Street Light Condition,Street Light Out,Brooklyn,11229.0,Closed,Unknown,6
63608519,2025-01-02 13:20:00,2025-04-15 09:25:00,DOT,Street Light Condition,Street Light Out,Queens,11433.0,Closed,Unknown,102
63608523,2025-01-02 11:56:38,2025-01-07 15:38:07,DOT,Outdoor Dining,Sidewalk Zone Blocked,Manhattan,10023.0,Closed,Phone,5
63608534,2025-01-02 20:47:00,2025-01-12 11:03:00,DOT,Street Light Condition,Street Light Out,Brooklyn,11229.0,Closed,Unknown,9
63608535,2025-01-02 16:37:00,2025-01-08 10:55:00,DOT,Street Light Condition,Street Light Out,Brooklyn,11217.0,Closed,Unknown,5
63608538,2025-01-03 00:17:00,2025-01-13 11:52:00,DOT,Street Light Condition,Street Light Out,Brooklyn,11210.0,Closed,Unknown,10
63608555,2025-01-02 03:28:38,2025-01-02 07:31:01,DOT,Street Sign - Missing,"No Parking, Standing, Stopping",Staten Island,10312.0,Closed,Mobile,0
63608616,2025-01-02 22:05:18,2025-01-07 09:21:25,DOT,Outdoor Dining,Street Zone Blocked,Queens,11106.0,Closed,Online,4
63608639,2025-01-02 19:36:17,2025-01-07 16:15:26,DOT,Sidewalk Condition,Sidewalk Collapsed,Bronx,10455.0,Closed,Online,4
63608647,2025-01-02 11:32:09,2025-01-07 09:00:56,DOT,Street Condition,Blocked - Construction,Queens,11367.0,Closed,Phone,4
63608648,2025-01-02 13:38:47,2025-01-07 10:38:51,DOT,Street Condition,Defective Hardware,Queens,11103.0,Closed,Online,4
63608655,2025-01-02 14:49:00,2025-01-02 17:45:00,DOT,Traffic Signal Condition,Controller,Manhattan,10024.0,Closed,Unknown,0
63608656,2025-01-02 17:01:56,2025-01-07 08:40:56,DOT,Outdoor Dining,Site Setup Condition,Queens,11694.0,Closed,Online,4
63608661,2025-01-02 10:32:34,2025-01-02 22:43:00,DOT,Street Condition,Pothole,Staten Island,10309.0,Closed,Unknown,0
63608662,2025-01-02 16:40:41,2025-01-03 13:02:00,DOT,Street Condition,Pothole,Queens,11422.0,Closed,Unknown,0
63608663,2025-01-02 18:28:50,2025-01-03 14:15:00,DOT,Street Condition,Pothole,Manhattan,10012.0,Closed,Unknown,0
63608664,2025-01-02 19:03:32,2025-01-03 12:05:00,DOT,Street Condition,Pothole,Brooklyn,11203.0,Closed,Unknown,0
63608749,2025-01-01 22:27:25,2025-01-02 21:10:00,DOT,Street Condition,Pothole,Queens,11102.0,Closed,Unknown,0
63608770,2025-01-02 14:06:00,2025-01-02 23:35:00,DOT,Traffic Signal Condition,LED Pedestrian Unit,Queens,11378.0,Closed,Unknown,0
63608785,2025-01-02 08:11:00,2025-01-07 12:00:00,DOT,Traffic Signal Condition,Cable,Manhattan,10023.0,Closed,Unknown,5
63608790,2025-01-02 08:14:00,2025-01-09 08:00:00,DOT,Traffic Signal Condition,Cable,Manhattan,10007.0,Closed,Unknown,6
63608796,2025-01-02 02:50:00,2025-01-02 14:04:00,DOT,Street Light Condition,Fixture/Luminaire Hanging,Bronx,10462.0,Closed,Unknown,0
63608837,2025-01-02 10:13:00,2025-01-02 11:40:00,DOT,Traffic Signal Condition,Veh Signal Head,Staten Island,10312.0,Closed,Unknown,0
63608863,2025-01-02 18:45:00,2025-01-10 12:30:00,DOT,Traffic Signal Condition,Controller,Brooklyn,11228.0,Closed,Unknown,7
63608874,2025-01-02 16:15:00,2025-01-02 17:30:00,DOT,Traffic Signal Condition,Controller,Queens,11435.0,Closed,Unknown,0
63608881,2025-01-02 09:29:00,2025-01-02 10:05:00,DOT,Traffic Signal Condition,Controller Cabinet,Brooklyn,11236.0,Closed,Unknown,0
63608911,2025-01-02 03:51:00,2025-01-02 14:09:00,DOT,Street Light Condition,Street Light Out,Bronx,10465.0,Closed,Unknown,0
63608940,2025-01-02 18:07:00,2025-01-07 13:41:00,DOT,Street Light Condition,Street Light Out,Brooklyn,11231.0,Closed,Unknown,4
63609006,2025-01-02 03:53:39,2025-02-10 06:51:55,DOT,Street Sign - Damaged,Other/Unknown,Staten Island,10312.0,Closed,Mobile,39
63609033,2025-01-02 21:01:27,2025-05-29 14:24:16,DOT,Curb Condition,Defacement,Queens,11365.0,Closed,Mobile,146
63609036,2025-01-02 12:47:36,2025-01-02 14:44:41,DOT,Street Condition,Cave-in,Queens,11101.0,Closed,Unknown,0
63609040,2025-01-02 12:23:35,2025-01-03 13:10:00,DOT,Street Condition,Pothole,Staten Island,10306.0,Closed,Unknown,1
63609051,2025-01-02 10:00:00,2025-01-02 15:30:00,DOT,Traffic Signal Condition,APS,Queens,11372.0,Closed,Unknown,0
63609052,2025-01-02 13:00:00,2025-04-15 09:35:00,DOT,Street Light Condition,Street Light Lamp Missing,Queens,11374.0,Closed,Unknown,102
63609055,2025-01-02 09:35:18,2025-01-06 10:38:28,DOT,Street Condition,Plate Condition - Noisy,Manhattan,10023.0,Closed,Phone,4
63609059,2025-01-02 10:19:18,2025-01-03 13:40:00,DOT,Street Condition,Pothole,Queens,11374.0,Closed,Unknown,1
63609060,2025-01-02 16:22:30,2025-01-03 12:40:00,DOT,Street Condition,Pothole,Brooklyn,11237.0,Closed,Unknown,0
63609075,2025-01-02 12:31:20,2025-01-29 07:44:22,DOT,Broken Parking Meter,No Receipt,Queens,11105.0,Closed,Phone,26
63609119,2025-01-02 11:32:00,2025-03-10 18:35:00,DOT,Traffic Signal Condition,Controller,Bronx,10459.0,Closed,Unknown,67
63609132,2025-01-01 14:28:20,2025-01-02 12:05:00,DOT,Street Condition,Pothole,Brooklyn,11230.0,Closed,Unknown,0
63609133,2025-01-01 14:27:25,2025-01-02 11:56:00,DOT,Street Condition,Pothole,Brooklyn,11210.0,Closed,Unknown,0
63609171,2025-01-02 15:43:22,2025-01-08 12:18:16,DOT,Curb Condition,Broken Curb,Manhattan,10011.0,Closed,Online,5
63609173,2025-01-02 14:53:10,2025-01-08 12:23:17,DOT,Curb Condition,Broken Curb,Manhattan,10024.0,Closed,Online,5
63609174,2025-01-01 12:43:48,2025-01-02 11:30:00,DOT,Street Condition,Pothole,Queens,11101.0,Closed,Unknown,0
63609254,2025-01-02 17:57:00,2025-01-12 11:59:00,DOT,Street Light Condition,Street Light Out,Brooklyn,11203.0,Closed,Unknown,9
63609273,2025-01-02 10:07:22,2025-01-10 12:15:13,DOT,Bus Stop Shelter Complaint,Dirty/Graffiti,Manhattan,10023.0,Closed,Phone,8
63609317,2025-01-02 09:50:46,2025-01-09 16:20:18,DOT,Curb Condition,Broken Curb,Brooklyn,11215.0,Closed,Online,7
63609540,2025-01-02 21:30:08,2025-01-04 09:20:16,DOT,Street Sign - Missing,St Name - Attached to Pole,Queens,11361.0,Closed,Online,1
63609608,2025-01-02 14:14:00,2025-01-09 11:00:00,DOT,Traffic Signal Condition,Pedestrian Signal,Queens,11369.0,Closed,Unknown,6
63609617,2025-01-02 19:36:55,2025-01-07 12:02:15,DOT,Sidewalk Condition,Broken Sidewalk,Brooklyn,11222.0,Closed,Phone,4
63609628,2025-01-02 08:15:34,2025-01-09 16:55:54,DOT,Sidewalk Condition,Broken Sidewalk,Queens,11433.0,Closed,Online,7
63609792,2025-01-02 14:21:23,2025-01-08 18:48:04,DOT,Street Sign - Damaged,Bus Stop,Bronx,10456.0,Closed,Phone,6
63609794,2025-01-02 13:06:45,2025-01-07 08:33:04,DOT,Street Sign - Damaged,"No Parking, Standing, Stopping",Brooklyn,11230.0,Closed,Phone,4
63609865,2025-01-02 13:13:40,2025-01-07 07:45:47,DOT,Street Sign - Dangling,"No Parking, Standing, Stopping",Manhattan,10009.0,Closed,Phone,4
63610019,2025-01-02 20:08:33,2025-01-03 22:15:00,DOT,Street Condition,Pothole,Staten Island,10304.0,Closed,Unknown,1
63610021,2025-01-02 12:21:45,2025-01-02 20:40:00,DOT,Street Condition,Pothole,Staten Island,10312.0,Closed,Unknown,0
63610022,2025-01-02 12:00:08,2025-01-07 10:58:00,DOT,Street Condition,Pothole,Staten Island,10314.0,Closed,Unknown,4
63610026,2025-01-02 09:23:39,2025-01-03 10:02:00,DOT,Street Condition,Pothole,Queens,11429.0,Closed,Unknown,1
63610156,2025-01-02 10:31:27,2025-01-06 07:32:06,DOT,Sidewalk Condition,Sidewalk Violation,Brooklyn,11236.0,Closed,Phone,3
63610188,2025-01-02 08:13:11,2025-01-04 09:18:27,DOT,Street Sign - Damaged,Street Cleaning - ASP,Brooklyn,11220.0,Closed,Mobile,2
63610328,2025-01-02 16:15:14,2025-01-03 13:44:44,DOT,Sidewalk Condition,Blocked - Construction,Queens,11385.0,Closed,Phone,0
63610329,2025-01-02 19:13:09,2025-01-06 09:41:35,DOT,Street Condition,Failed Street Repair,Manhattan,10031.0,Closed,Online,3
63610334,2025-01-02 12:25:10,2025-01-07 16:02:54,DOT,Sidewalk Condition,Broken Sidewalk,Brooklyn,11222.0,Closed,Online,5
63610336,2025-01-02 10:34:41,2025-01-09 17:03:13,DOT,Sidewalk Condition,Broken Sidewalk,Queens,11412.0,Closed,Phone,7
63610338,2025-01-02 09:24:23,2025-05-06 06:25:12,DOT,Street Sign - Missing,"No Parking, Standing, Stopping",Staten Island,10301.0,Closed,Mobile,123
63610427,2025-01-02 01:56:00,2025-08-27 11:52:00,DOT,Street Light Condition,Street Light Out,Bronx,10461.0,Closed,Unknown,237
63610447,2025-01-02 12:15:59,2025-01-03 13:39:01,DOT,Street Condition,Failed Street Repair,Brooklyn,11228.0,Closed,Phone,1
63610450,2025-01-02 10:00:33,2025-01-09 11:25:07,DOT,Street Sign - Dangling,St Name - Over Intersection,Queens,11360.0,Closed,Phone,7
63610453,2025-01-02 23:31:53,2025-01-03 12:47:38,DOT,Sidewalk Condition,Blocked - Construction,Brooklyn,11224.0,Closed,Online,0
63610454,2025-01-02 13:58:52,2025-01-03 14:10:38,DOT,Street Condition,Cave-in,Brooklyn,11209.0,Closed,Phone,1
63610455,2025-01-02 12:27:50,2025-01-08 09:09:33,DOT,Street Condition,Cave-in,Brooklyn,11212.0,Closed,Phone,5
63610472,2025-01-02 21:40:00,2025-01-03 13:14:00,DOT,Street Light Condition,Street Light Out,Bronx,10462.0,Closed,Unknown,0
63610473,2025-01-02 06:27:00,2025-01-12 09:54:00,DOT,Street Light Condition,Street Light Out,Brooklyn,11234.0,Closed,Unknown,10
63610478,2025-01-02 18:47:00,2025-01-12 11:18:00,DOT,Street Light Condition,Street Light Out,Brooklyn,11234.0,Closed,Unknown,9
63610499,2025-01-03 21:38:57,2025-01-09 08:17:20,DOT,Outdoor Dining,Site Setup Condition,Manhattan,10014.0,Closed,Online,5
63610508,2025-01-03 11:14:00,2025-01-17 12:00:00,DOT,Traffic Signal Condition,Time Switch,Queens,11372.0,Closed,Unknown,14
63610620,2025-01-03 11:05:04,2025-01-06 04:49:02,DOT,Broken Parking Meter,No Receipt,Manhattan,10034.0,Closed,Phone,2
63610705,2025-01-03 14:30:00,2025-02-12 11:02:00,DOT,Street Light Condition,Bracket Arm Missing,Staten Island,10304.0,Closed,Unknown,39
63610708,2025-01-03 07:30:28,2025-01-03 12:21:46,DOT,Street Condition,Cave-in,Brooklyn,11234.0,Closed,Unknown,0
63610717,2025-01-03 11:51:20,2025-01-07 09:45:33,DOT,Curb Condition,Broken Curb,Brooklyn,11219.0,Closed,Online,3
63610876,2025-01-03 12:15:02,2025-01-06 09:57:04,DOT,Street Condition,Cave-in,Manhattan,10002.0,Closed,Phone,2
63610877,2025-01-03 09:55:31,2025-01-06 10:02:14,DOT,Street Condition,Defective Hardware,Manhattan,10003.0,Closed,Phone,3
63610878,2025-01-03 12:13:45,2025-01-04 08:20:34,DOT,Street Sign - Missing,St Name - Attached to Pole,Staten Island,10312.0,Closed,Online,0
63610885,2025-01-03 18:38:00,2025-01-03 20:20:00,DOT,Traffic Signal Condition,Ped Lamp,Manhattan,10038.0,Closed,Unknown,0
63610887,2025-01-03 10:39:08,2025-01-07 10:47:42,DOT,Sidewalk Condition,Defective Hardware,Queens,11105.0,Closed,Online,4
63610891,2025-01-03 09:15:32,2025-01-07 10:42:12,DOT,Sidewalk Condition,Broken Sidewalk,Bronx,10451.0,Closed,Mobile,4
63610892,2025-01-03 17:37:03,2025-01-09 07:38:11,DOT,Street Condition,Defective Hardware,Manhattan,10032.0,Closed,Online,5
63610893,2025-01-03 07:30:23,2025-01-07 07:20:01,DOT,Street Sign - Dangling,"No Parking, Standing, Stopping",Brooklyn,11218.0,Closed,Phone,3
63610894,2025-01-03 20:05:17,2025-01-06 08:00:55,DOT,Street Sign - Missing,"No Parking, Standing, Stopping",Staten Island,10312.0,Closed,Mobile,2
63610896,2025-01-03 08:34:18,2025-01-06 17:06:11,DOT,Sidewalk Condition,Pedestrian Ramp Defective,Queens,11106.0,Closed,Phone,3
63610897,2025-01-03 16:50:52,2025-01-06 11:20:13,DOT,Street Condition,Failed Street Repair,Manhattan,10024.0,Closed,Phone,2
63610898,2025-01-03 14:41:46,2025-01-06 13:35:24,DOT,Street Sign - Damaged,Stop,Brooklyn,11249.0,Closed,Mobile,2
63610899,2025-01-03 15:40:21,2025-01-06 14:19:16,DOT,Sidewalk Condition,Sidewalk Violation,Queens,11105.0,Closed,Phone,2
63610900,2025-01-03 09:50:03,2025-01-10 09:46:41,DOT,Sidewalk Condition,Sidewalk Violation,Queens,11421.0,Closed,Phone,6
63610901,2025-01-03 15:08:56,2025-01-06 09:44:00,DOT,Street Condition,Cave-in,Manhattan,10036.0,Closed,Online,2
63610902,2025-01-03 13:40:52,2025-01-08 15:36:00,DOT,Street Sign - Dangling,One Way,Queens,11418.0,Closed,Phone,5
63610904,2025-01-03 12:30:00,2025-01-03 14:30:00,DOT,Traffic Signal Condition,Pedestrian Signal,Brooklyn,11218.0,Closed,Unknown,0
63610907,2025-01-03 10:38:00,2025-01-03 11:20:00,DOT,Traffic Signal Condition,Pedestrian Signal,Brooklyn,11236.0,Closed,Unknown,0
63610910,2025-01-03 14:15:00,2025-01-03 18:25:00,DOT,Traffic Signal Condition,Veh Signal Head,Queens,11362.0,Closed,Unknown,0
63610914,2025-01-03 07:33:22,2025-01-03 09:20:00,DOT,Street Condition,Pothole,Manhattan,10025.0,Closed,Unknown,0
63610917,2025-01-01 08:58:53,2025-01-02 22:28:00,DOT,Street Condition,Pothole,Queens,11364.0,Closed,Unknown,1
63610918,2025-01-02 22:36:06,2025-01-03 18:55:00,DOT,Street Condition,Pothole,Manhattan,10031.0,Closed,Unknown,0
63610920,2025-01-01 08:56:22,2025-01-02 21:32:00,DOT,Street Condition,Pothole,Queens,11366.0,Closed,Unknown,1
63610922,2025-01-02 14:41:47,2025-01-03 10:25:00,DOT,Street Condition,Pothole,Queens,11370.0,Closed,Unknown,0
63610923,2025-01-02 13:53:41,2025-01-03 09:45:00,DOT,Street Condition,Pothole,Brooklyn,11229.0,Closed,Unknown,0
63610924,2025-01-02 13:52:28,2025-01-03 13:40:00,DOT,Street Condition,Pothole,Brooklyn,11223.0,Closed,Unknown,0
63610928,2025-01-03 09:33:00,2025-01-06 12:06:00,DOT,Street Light Condition,Street Light Out,Bronx,10465.0,Closed,Unknown,3
63610932,2025-01-03 12:34:28,2025-01-03 12:34:28,DOT,Street Condition,Pothole,Manhattan,10004.0,Closed,Unknown,0
63610933,2025-01-02 23:00:32,2025-01-03 22:20:00,DOT,Street Condition,Pothole,Queens,11101.0,Closed,Unknown,0
63610934,2025-01-01 10:49:58,2025-01-02 01:40:00,DOT,Street Condition,Pothole,Queens,11367.0,Closed,Unknown,0
63610943,2025-01-03 19:07:00,2025-01-07 11:57:00,DOT,Street Light Condition,Street Light Cycling,Queens,11418.0,Closed,Unknown,3
63610952,2025-01-03 02:27:00,2025-01-03 16:10:00,DOT,Traffic Signal Condition,Veh Sgnl Mult Lamps,Brooklyn,11208.0,Closed,Unknown,0
63610962,2025-01-03 15:56:00,2025-02-19 08:56:00,DOT,Street Light Condition,Street Light Out,Queens,11385.0,Closed,Unknown,46
63611054,2025-01-03 16:38:53,2025-01-09 08:10:41,DOT,Outdoor Dining,Sidewalk Zone Blocked,Manhattan,10023.0,Closed,Phone,5
63611383,2025-01-03 12:20:00,2025-01-03 14:10:00,DOT,Traffic Signal Condition,Controller,Queens,11360.0,Closed,Unknown,0
63611462,2025-01-03 09:42:00,2025-01-03 11:25:00,DOT,Traffic Signal Condition,Controller,Brooklyn,11225.0,Closed,Unknown,0
63611475,2025-01-03 02:21:00,2025-01-03 03:35:00,DOT,Traffic Signal Condition,Controller,Brooklyn,11233.0,Closed,Unknown,0
63611634,2025-01-03 12:48:00,2025-01-03 13:40:00,DOT,Traffic Signal Condition,Controller,Queens,11372.0,Closed,Unknown,0
63611738,2025-01-03 09:15:00,2025-01-03 09:15:00,DOT,Street Light Condition,Multiple Street Lights Out,Queens,11420.0,Closed,Unknown,0
63611747,2025-01-03 07:03:00,2025-01-03 07:50:00,DOT,Traffic Signal Condition,Controller Cabinet,Brooklyn,11219.0,Closed,Unknown,0
63611798,2025-01-03 10:18:16,2025-01-03 13:43:19,DOT,Street Condition,Blocked - Construction,Queens,11422.0,Closed,Phone,0
63611904,2025-01-03 07:28:16,2025-01-03 13:38:22,DOT,Street Condition,Cave-in,Brooklyn,11211.0,Closed,Unknown,0
63611905,2025-01-03 05:39:18,2025-01-03 12:15:08,DOT,Street Condition,Cave-in,Bronx,10465.0,Closed,Online,0
63611931,2025-01-03 09:11:00,2025-01-07 09:50:00,DOT,Street Light Condition,Street Light Lamp Dim,Queens,11103.0,Closed,Unknown,4
63611937,2025-01-03 11:16:40,2025-01-03 13:52:34,DOT,Street Condition,Failed Street Repair,Manhattan,10173.0,Closed,Online,0
63611941,2025-01-03 11:37:16,2025-01-03 14:28:48,DOT,Sidewalk Condition,Blocked - Construction,Manhattan,10011.0,Closed,Online,0
63611942,2025-01-03 01:38:00,2025-04-15 09:30:00,DOT,Street Light Condition,Street Light Out,Queens,11365.0,Closed,Unknown,102
63611951,2025-01-03 10:15:00,2025-01-03 13:37:00,DOT,Street Light Condition,Street Light Out,Bronx,10461.0,Closed,Unknown,0
63611962,2025-01-03 09:16:00,2025-01-13 09:00:00,DOT,Street Light Condition,Street Light Out,Brooklyn,11235.0,Closed,Unknown,9
63611963,2025-01-03 09:23:00,2025-01-08 13:07:00,DOT,Street Light Condition,Street Light Out,Queens,11103.0,Closed,Unknown,5
63611987,2025-01-01 12:15:28,2025-01-02 22:21:00,DOT,Street Condition,Pothole,Queens,11420.0,Closed,Unknown,1
63611988,2025-01-03 12:56:39,2025-01-07 07:48:00,DOT,Street Condition,Pothole,Queens,11356.0,Closed,Unknown,3
63612042,2025-01-03 13:49:18,2025-01-07 22:25:04,DOT,Street Condition,Plate Condition - Noisy,Manhattan,10032.0,Closed,Online,4
63612044,2025-01-03 20:00:33,2025-01-06 14:20:00,DOT,Street Condition,Pothole,Manhattan,10022.0,Closed,Unknown,2
63612045,2025-01-03 22:08:23,2025-01-06 11:25:00,DOT,Street Condition,Pothole,Queens,11432.0,Closed,Unknown,2
63612113,2025-01-03 09:00:24,2025-01-09 07:52:33,DOT,Outdoor Dining,Site Setup Condition,Manhattan,10014.0,Closed,Online,5
63612187,2025-01-03 15:38:05,2025-01-07 11:02:55,DOT,Street Condition,Dumpster - Construction Waste,Brooklyn,11204.0,Closed,Online,3
63612188,2025-01-03 14:21:57,2025-01-07 13:51:51,DOT,Curb Condition,Broken Curb,Staten Island,10306.0,Closed,Phone,3
63612189,2025-01-03 10:42:36,2025-03-28 08:59:43,DOT,Curb Condition,Defacement,Queens,11421.0,Closed,Phone,83
63612260,2025-01-03 11:00:00,2025-01-03 15:05:00,DOT,Traffic Signal Condition,Veh Signal Lamp,Brooklyn,11207.0,Closed,Unknown,0
63612321,2025-01-01 09:01:17,2025-01-02 01:13:00,DOT,Street Condition,Pothole,Queens,11366.0,Closed,Unknown,0
63612322,2025-01-03 18:05:43,2025-01-03 18:05:43,DOT,Street Condition,Pothole,Brooklyn,11238.0,Closed,Unknown,0
63612323,2025-01-01 06:19:37,2025-01-03 00:40:00,DOT,Street Condition,Pothole,Brooklyn,11214.0,Closed,Unknown,1
63612324,2025-01-01 10:41:50,2025-01-02 21:12:00,DOT,Street Condition,Pothole,Queens,11354.0,Closed,Unknown,1
63612325,2025-01-03 10:00:55,2025-01-07 17:25:33,DOT,Street Sign - Dangling,One Way,Manhattan,10004.0,Closed,Online,4
63612330,2025-01-03 22:17:00,2025-06-17 11:15:00,DOT,Traffic Signal Condition,Veh Signal Head,Brooklyn,11224.0,Closed,Unknown,164
63612357,2025-01-03 12:54:43,2025-01-10 09:14:10,DOT,Sidewalk Condition,Blocked - Construction,Brooklyn,11215.0,Closed,Phone,6
63612358,2025-01-03 12:46:49,2025-01-07 13:51:24,DOT,Sidewalk Condition,Sidewalk Violation,Brooklyn,11234.0,Closed,Online,4
63612359,2025-01-03 13:31:39,2025-01-06 13:02:19,DOT,Street Condition,Blocked - Construction,Manhattan,10024.0,Closed,Online,2
63612360,2025-01-03 19:37:51,2025-01-06 10:28:51,DOT,Street Condition,Defective Hardware,Bronx,10468.0,Closed,Phone,2
63612361,2025-01-03 12:12:17,2025-01-07 10:48:43,DOT,Street Condition,Failed Street Repair,Queens,11369.0,Closed,Phone,3
63612363,2025-01-01 09:56:03,2025-01-02 21:55:00,DOT,Street Condition,Pothole,Queens,11436.0,Closed,Unknown,1
63612381,2025-01-03 14:59:00,2025-01-04 07:16:00,DOT,Traffic Signal Condition,Veh Signal Lamp,Brooklyn,11215.0,Closed,Unknown,0
63612382,2025-01-01 09:53:16,2025-01-02 21:25:00,DOT,Street Condition,Pothole,Queens,11420.0,Closed,Unknown,1
63612391,2025-01-03 14:35:00,2025-01-04 09:45:00,DOT,Traffic Signal Condition,Pedestrian Signal,Bronx,10454.0,Closed,Unknown,0
63612395,2025-01-01 09:00:12,2025-01-02 00:42:00,DOT,Street Condition,Pothole,Queens,11366.0,Closed,Unknown,0
63612397,2025-01-02 22:56:27,2025-01-03 20:50:00,DOT,Street Condition,Pothole,Queens,11435.0,Closed,Unknown,0
63612398,2025-01-02 14:41:25,2025-01-03 09:35:00,DOT,Street Condition,Pothole,Queens,11370.0,Closed,Unknown,0
63612417,2025-01-03 10:14:59,2025-01-04 12:02:49,DOT,Sidewalk Condition,Sidewalk Violation,Staten Island,10306.0,Closed,Phone,1
63612418,2025-01-03 16:30:30,2025-01-06 09:54:10,DOT,Sidewalk Condition,Sidewalk Violation,Brooklyn,11234.0,Closed,Phone,2
63612419,2025-01-03 17:19:43,2025-01-07 08:59:06,DOT,Street Condition,Defective Hardware,Queens,11420.0,Closed,Online,3
63612420,2025-01-03 07:39:00,2026-02-03 10:43:00,DOT,Street Light Condition,Lamppost Damaged,Brooklyn,11222.0,Closed,Unknown,396
63612424,2025-01-03 11:50:00,2025-01-03 12:23:00,DOT,Street Light Condition,Street Light Out,Queens,11433.0,Closed,Unknown,0
63612433,2025-01-03 11:19:40,2025-01-06 12:29:36,DOT,Street Condition,Failed Street Repair,Queens,11358.0,Closed,Online,3
63612434,2025-01-03 17:41:21,2025-01-08 09:58:09,DOT,Street Sign - Dangling,"No Parking, Standing, Stopping",Manhattan,10013.0,Closed,Mobile,4
63612441,2025-01-03 09:02:08,2025-01-24 16:01:16,DOT,Sidewalk Condition,Broken Sidewalk,Manhattan,10014.0,Closed,Mobile,21
63612442,2025-01-03 09:33:36,2025-01-10 09:23:27,DOT,Sidewalk Condition,Sidewalk Violation,Queens,11104.0,Closed,Online,6
63612443,2025-01-03 12:30:09,2025-01-10 11:14:51,DOT,Street Condition,Blocked - Construction,Manhattan,10011.0,Closed,Phone,6
63612444,2025-01-03 15:42:18,2025-01-06 14:40:40,DOT,Street Condition,Defective Hardware,Brooklyn,11238.0,Closed,Online,2
63612445,2025-01-03 01:42:00,2025-01-04 14:25:00,DOT,Traffic Signal Condition,Veh Signal Lamp,Queens,11413.0,Closed,Unknown,1
63612446,2025-01-02 22:39:09,2025-01-03 19:32:00,DOT,Street Condition,Pothole,Manhattan,10031.0,Closed,Unknown,0
63612462,2025-01-03 13:46:19,2025-01-03 13:46:19,DOT,Street Condition,Pothole,Queens,11419.0,Closed,Unknown,0
63612467,2025-01-03 19:47:00,2025-01-06 10:50:00,DOT,Street Light Condition,Street Light Out,Queens,11422.0,Closed,Unknown,2
63612477,2025-01-03 14:21:00,2025-01-04 09:40:00,DOT,Traffic Signal Condition,Post,Queens,11432.0,Closed,Unknown,0
63612478,2025-01-01 08:57:58,2025-01-02 22:04:00,DOT,Street Condition,Pothole,Queens,11364.0,Closed,Unknown,1
63612479,2025-01-01 06:01:21,2025-01-02 20:45:00,DOT,Street Condition,Pothole,Brooklyn,11232.0,Closed,Unknown,1
63612481,2025-01-01 09:51:21,2025-01-02 20:50:00,DOT,Street Condition,Pothole,Queens,11417.0,Closed,Unknown,1
63612482,2025-01-03 10:08:26,2025-01-03 10:08:26,DOT,Street Condition,Pothole,Queens,11419.0,Closed,Unknown,0
63612880,2025-01-03 09:26:00,2025-01-03 16:50:00,DOT,Traffic Signal Condition,LED Lense,Manhattan,10023.0,Closed,Unknown,0
63612881,2025-01-03 06:37:00,2025-01-14 04:10:00,DOT,Traffic Signal Condition,LED Lense,Brooklyn,11235.0,Closed,Unknown,10
63613211,2025-01-03 23:00:00,2025-01-03 23:50:00,DOT,Traffic Signal Condition,Controller,Queens,11355.0,Closed,Unknown,0
63613226,2025-01-03 06:54:00,2025-01-03 08:50:00,DOT,Traffic Signal Condition,Controller,Manhattan,10022.0,Closed,Unknown,0
63613231,2025-01-03 13:00:00,2025-01-03 15:15:00,DOT,Traffic Signal Condition,Controller,Bronx,10456.0,Closed,Unknown,0
63613339,2025-01-03 12:17:31,2025-01-03 13:38:16,DOT,Street Condition,Defective Hardware,Manhattan,10011.0,Closed,Phone,0
63613351,2025-01-03 14:27:00,2025-01-04 07:20:00,DOT,Traffic Signal Condition,Veh Signal Visor,Queens,11355.0,Closed,Unknown,0
63613433,2025-01-03 07:01:00,2025-01-31 10:42:00,DOT,Street Light Condition,Street Light Out,Queens,11694.0,Closed,Unknown,28
63613439,2025-01-03 13:44:00,2025-01-05 07:55:00,DOT,Traffic Signal Condition,Ped Lamp,Queens,11368.0,Closed,Unknown,1
63613461,2025-01-03 09:02:00,2025-01-04 02:35:00,DOT,Street Light Condition,Street Light Out,Manhattan,10028.0,Closed,Unknown,0
63613463,2025-01-03 07:22:00,2025-01-03 07:22:00,DOT,Street Light Condition,Street Light Out,Manhattan,10021.0,Closed,Unknown,0
63613484,2025-01-03 21:16:32,2025-01-06 10:25:00,DOT,Street Condition,Pothole,Queens,11385.0,Closed,Unknown,2
63613485,2025-01-03 13:19:11,2025-01-06 09:11:00,DOT,Street Condition,Pothole,Queens,11422.0,Closed,Unknown,2
63613494,2025-01-03 15:38:13,2025-01-06 11:20:00,DOT,Street Condition,Pothole,Brooklyn,11238.0,Closed,Unknown,2
63613505,2025-01-03 12:08:00,2025-01-03 13:45:00,DOT,Traffic Signal Condition,Time Switch,Brooklyn,11208.0,Closed,Unknown,0
63613530,2025-01-03 03:38:23,2025-02-05 13:25:45,DOT,Bike Rack,Damaged/Bent/Loose/Leaning,Queens,11419.0,Closed,Online,33
63613566,2025-01-01 12:19:33,2025-01-02 23:24:00,DOT,Street Condition,Pothole,Queens,11434.0,Closed,Unknown,1
63613585,2025-01-03 15:00:50,2025-01-06 09:50:00,DOT,Street Condition,Pothole,Manhattan,10029.0,Closed,Unknown,2
63613607,2025-01-03 11:47:21,2025-01-06 04:46:38,DOT,Broken Parking Meter,Bent/Loose,Brooklyn,11230.0,Closed,Phone,2
63613667,2025-01-03 18:16:18,2025-01-13 15:10:14,DOT,Street Sign - Dangling,Yield,Queens,11379.0,Closed,Online,9
63613669,2025-01-03 14:53:21,2025-01-09 16:30:04,DOT,Curb Condition,Broken Curb,Brooklyn,11217.0,Closed,Online,6
63613748,2025-01-03 11:30:00,2025-01-03 11:50:00,DOT,Traffic Signal Condition,Vehicle Signal,Brooklyn,11234.0,Closed,Unknown,0
63613751,2025-01-03 14:55:04,2025-01-06 01:47:15,DOT,Street Condition,Plate Condition - Noisy,Queens,11434.0,Closed,Phone,2
63613776,2025-01-04 00:06:10,2025-01-06 06:59:06,DOT,Sidewalk Condition,Blocked - Construction,Bronx,10452.0,Closed,Phone,2
63613801,2025-01-03 13:43:42,2025-01-03 13:43:42,DOT,Street Condition,Pothole,Staten Island,10312.0,Closed,Unknown,0
63613802,2025-01-01 12:33:55,2025-01-03 01:40:00,DOT,Street Condition,Pothole,Brooklyn,11229.0,Closed,Unknown,1
63613803,2025-01-01 12:31:49,2025-01-02 22:40:00,DOT,Street Condition,Pothole,Brooklyn,11203.0,Closed,Unknown,1
63613804,2025-01-01 06:17:48,2025-01-03 00:10:00,DOT,Street Condition,Pothole,Brooklyn,11214.0,Closed,Unknown,1
63613805,2025-01-01 10:47:47,2025-01-02 23:24:00,DOT,Street Condition,Pothole,Queens,11367.0,Closed,Unknown,1
63613806,2025-01-03 08:16:00,2025-01-07 13:58:00,DOT,Street Light Condition,Fixture/Luminaire Hanging,Brooklyn,11223.0,Closed,Unknown,4
63613830,2025-01-01 10:41:04,2025-01-02 21:05:00,DOT,Street Condition,Pothole,Queens,11354.0,Closed,Unknown,1
63613834,2025-01-03 13:53:28,2025-01-30 14:57:05,DOT,Sidewalk Condition,Blocked - Construction,Manhattan,10034.0,Closed,Phone,27
63613835,2025-01-03 16:04:01,2025-01-06 11:22:50,DOT,Sidewalk Condition,Dumpster - Construction Waste,Manhattan,10033.0,Closed,Phone,2
63613836,2025-01-03 14:14:54,2025-01-07 13:55:20,DOT,Sidewalk Condition,Sidewalk Violation,Brooklyn,11213.0,Closed,Phone,3
63613837,2025-01-03 17:01:32,2025-01-06 13:36:18,DOT,Street Sign - Missing,Stop,Brooklyn,11222.0,Closed,Mobile,2
63613848,2025-01-03 15:30:00,2025-01-03 17:25:00,DOT,Street Light Condition,Street Light Out,Queens,11368.0,Closed,Unknown,0
63613849,2025-01-03 14:45:00,2025-01-13 13:34:00,DOT,Street Light Condition,Street Light Out,Staten Island,10304.0,Closed,Unknown,9
63613863,2025-01-03 16:04:18,2025-01-09 16:27:40,DOT,Curb Condition,Broken Curb,Brooklyn,11203.0,Closed,Online,6
63613904,2025-01-03 09:27:40,2025-01-31 14:03:16,DOT,Bus Stop Shelter Complaint,Lighting,Queens,11103.0,Closed,Online,28
63613905,2025-01-03 20:38:45,2025-01-07 13:38:10,DOT,Curb Condition,Broken Curb,Brooklyn,11209.0,Closed,Mobile,3
63613907,2025-01-03 14:39:00,2025-01-04 17:00:00,DOT,Traffic Signal Condition,Post,Bronx,10457.0,Closed,Unknown,1
63613962,2025-01-03 08:43:08,2025-01-08 11:48:07,DOT,Sidewalk Condition,Broken Sidewalk,Manhattan,10029.0,Closed,Phone,5
63613963,2025-01-03 13:14:15,2025-01-06 07:48:50,DOT,Sidewalk Condition,Sidewalk Violation,Brooklyn,11211.0,Closed,Phone,2
63613964,2025-01-03 10:30:42,2025-01-16 14:53:40,DOT,Street Condition,Failed Street Repair,Brooklyn,11211.0,Closed,Online,13
63613965,2025-01-03 19:39:02,2025-01-06 05:00:40,DOT,Street Sign - Damaged,Other/Unknown,Brooklyn,11217.0,Closed,Online,2
63613966,2025-01-02 13:49:52,2025-01-03 12:25:00,DOT,Street Condition,Pothole,Brooklyn,11228.0,Closed,Unknown,0
63613976,2025-01-03 17:56:07,2025-01-07 09:23:01,DOT,Sidewalk Condition,Broken Sidewalk,Manhattan,10028.0,Closed,Mobile,3
63613977,2025-01-03 17:26:26,2025-01-07 13:58:52,DOT,Sidewalk Condition,Broken Sidewalk,Brooklyn,11238.0,Closed,Mobile,3
63613978,2025-01-03 14:38:15,2025-01-06 07:58:31,DOT,Sidewalk Condition,Sidewalk Violation,Brooklyn,11226.0,Closed,Phone,2
63613980,2025-01-01 09:52:22,2025-01-02 21:15:00,DOT,Street Condition,Pothole,Queens,11420.0,Closed,Unknown,1
63613981,2025-01-03 18:04:00,2025-01-03 18:24:00,DOT,Street Light Condition,Lamppost Wire Exposed,Queens,11433.0,Closed,Unknown,0
63613997,2025-01-03 12:07:55,2025-01-07 10:45:00,DOT,Sidewalk Condition,Sidewalk Violation,Bronx,10468.0,Closed,Online,3
63613998,2025-01-03 12:57:40,2025-01-07 13:51:27,DOT,Sidewalk Condition,Sidewalk Violation,Brooklyn,11234.0,Closed,Phone,4
63613999,2025-01-03 09:16:07,2025-01-07 08:49:24,DOT,Street Condition,Blocked - Construction,Brooklyn,11204.0,Closed,Phone,3
63614000,2025-01-03 10:23:37,2025-01-08 10:34:50,DOT,Street Condition,Cave-in,Brooklyn,11226.0,Closed,Online,5
63614001,2025-01-03 13:53:00,2025-01-04 13:35:00,DOT,Traffic Signal Condition,Veh Signal Lamp,Brooklyn,11206.0,Closed,Unknown,0
63614003,2025-01-02 22:57:20,2025-01-03 21:30:00,DOT,Street Condition,Pothole,Queens,11418.0,Closed,Unknown,0
63614004,2025-01-02 14:42:21,2025-01-03 13:10:00,DOT,Street Condition,Pothole,Queens,11375.0,Closed,Unknown,0
63614026,2025-01-03 05:49:00,2025-01-03 13:24:00,DOT,Street Light Condition,Street Light Out,Bronx,10465.0,Closed,Unknown,0
63614027,2025-01-03 18:29:00,2025-01-08 10:37:00,DOT,Street Light Condition,Street Light Out,Brooklyn,11207.0,Closed,Unknown,4
63614028,2025-01-03 09:12:20,2025-01-04 06:51:40,DOT,Street Sign - Missing,St Name - Attached to Pole,Brooklyn,11229.0,Closed,Phone,0
63614032,2025-01-03 05:42:00,2025-01-06 11:50:00,DOT,Traffic Signal Condition,Pedestrian Signal,Bronx,10463.0,Closed,Unknown,3
63614046,2025-01-03 15:04:00,2025-01-03 15:22:00,DOT,Street Light Condition,Street Light Out,Queens,11423.0,Closed,Unknown,0
63614748,2025-01-03 22:11:00,2025-01-03 23:10:00,DOT,Traffic Signal Condition,Controller,Queens,11105.0,Closed,Unknown,0
63614750,2025-01-03 04:14:00,2025-01-03 05:05:00,DOT,Traffic Signal Condition,Controller,Brooklyn,11207.0,Closed,Unknown,0
63614751,2025-01-03 05:31:00,2025-01-03 07:50:00,DOT,Traffic Signal Condition,Controller,Manhattan,10278.0,Closed,Unknown,0
63614752,2025-01-03 14:33:00,2026-06-10 09:37:00,DOT,Street Light Condition,Lamppost Missing,Queens,11416.0,Closed,Unknown,522
63614758,2025-01-03 18:35:00,2025-01-04 02:20:00,DOT,Traffic Signal Condition,Ped Multiple Lamps,Manhattan,10035.0,Closed,Unknown,0
63614772,2025-01-03 07:31:00,2025-01-03 08:45:00,DOT,Traffic Signal Condition,Controller Cabinet,Brooklyn,11215.0,Closed,Unknown,0
63614978,2025-01-03 09:56:00,2025-01-14 14:27:00,DOT,Street Light Condition,Street Light Out,Staten Island,10314.0,Closed,Unknown,11
63614991,2025-01-03 10:10:22,2025-01-03 11:40:32,DOT,Street Condition,"Rough, Pitted or Cracked Roads",Manhattan,10025.0,Closed,Online,0
63614996,2025-01-03 22:10:00,2025-01-04 03:35:00,DOT,Traffic Signal Condition,Underground,Manhattan,10033.0,Closed,Unknown,0
63615011,2025-01-03 22:10:00,2025-01-04 00:30:00,DOT,Traffic Signal Condition,Underground,Manhattan,10036.0,Closed,Unknown,0
63615015,2025-01-03 15:01:11,2025-01-06 09:20:00,DOT,Street Condition,Pothole,Manhattan,10029.0,Closed,Unknown,2
63615016,2025-01-03 15:48:55,2025-01-06 10:55:00,DOT,Street Condition,Pothole,Brooklyn,11249.0,Closed,Unknown,2
63615027,2025-01-03 14:59:44,2025-01-06 10:40:00,DOT,Street Condition,Pothole,Manhattan,10029.0,Closed,Unknown,2
63615028,2025-01-03 20:57:35,2025-01-07 11:15:00,DOT,Street Condition,Pothole,Queens,11421.0,Closed,Unknown,3
63615089,2025-01-01 12:21:46,2025-01-03 01:15:00,DOT,Street Condition,Pothole,Queens,11434.0,Closed,Unknown,1
63615090,2025-01-01 12:16:12,2025-01-02 22:40:00,DOT,Street Condition,Pothole,Queens,11420.0,Closed,Unknown,1
63615116,2025-01-03 15:14:59,2025-01-07 09:29:18,DOT,Outdoor Dining,Site Setup Condition,Queens,11379.0,Closed,Online,3
63615134,2025-01-03 11:05:44,2025-01-13 15:01:21,DOT,Street Condition,Plate Condition - Noisy,Brooklyn,11217.0,Closed,Online,10
63615157,2025-01-03 06:39:13,2025-01-10 12:16:00,DOT,Bus Stop Shelter Complaint,Broken Glass,Bronx,10451.0,Closed,Online,7
63615169,2025-01-03 20:45:19,2025-01-06 08:30:00,DOT,Street Condition,Pothole,Brooklyn,11207.0,Closed,Unknown,2
63615170,2025-01-04 00:20:59,2025-01-06 08:45:00,DOT,Street Condition,Pothole,Bronx,10451.0,Closed,Unknown,2
63615197,2025-01-03 11:19:37,2025-01-09 08:01:04,DOT,Broken Parking Meter,Coin or Card Did Not Register,Manhattan,10025.0,Closed,Phone,5
63615199,2025-01-03 15:05:00,2025-01-04 13:30:00,DOT,Traffic Signal Condition,Pedestrian Signal,Brooklyn,11217.0,Closed,Unknown,0
63615201,2025-01-03 20:20:22,2025-01-31 14:04:53,DOT,Bus Stop Shelter Complaint,Lighting,Brooklyn,11201.0,Closed,Online,27
63615263,2025-01-03 14:26:00,2025-01-04 03:25:00,DOT,Traffic Signal Condition,LED Pedestrian Unit,Queens,11428.0,Closed,Unknown,0
63615273,2025-01-02 13:50:45,2025-01-03 12:45:00,DOT,Street Condition,Pothole,Brooklyn,11209.0,Closed,Unknown,0
63615276,2025-01-01 10:46:05,2025-01-02 22:50:00,DOT,Street Condition,Pothole,Queens,11367.0,Closed,Unknown,1
63615295,2025-01-03 14:40:00,2025-01-04 17:50:00,DOT,Traffic Signal Condition,LED Pedestrian Unit,Bronx,10469.0,Closed,Unknown,1
63615314,2025-01-03 13:17:04,2025-01-07 11:30:08,DOT,Street Condition,Blocked - Construction,Queens,11105.0,Closed,Phone,3
63615315,2025-01-01 09:57:23,2025-01-02 22:40:00,DOT,Street Condition,Pothole,Queens,11433.0,Closed,Unknown,1
63615322,2025-01-03 12:46:26,2025-01-07 06:00:23,DOT,Broken Parking Meter,Timer Defect - Fast/Fail,Manhattan,10010.0,Closed,Online,3
63615327,2025-01-03 14:10:27,2025-01-03 22:45:00,DOT,Street Condition,Pothole,Staten Island,10310.0,Closed,Unknown,0
63615329,2025-01-02 13:52:19,2025-01-03 08:33:00,DOT,Street Condition,Pothole,Brooklyn,11234.0,Closed,Unknown,0
63615332,2025-01-03 14:34:00,2025-01-03 14:39:00,DOT,Street Light Condition,Street Light Out,Bronx,10471.0,Closed,Unknown,0
63615359,2025-01-03 12:05:13,2025-01-06 07:46:19,DOT,Sidewalk Condition,Sidewalk Violation,Brooklyn,11234.0,Closed,Phone,2
63615360,2025-01-03 10:20:22,2025-01-06 14:17:47,DOT,Sidewalk Condition,Sidewalk Violation,Queens,11421.0,Closed,Phone,3
63615361,2025-01-03 14:04:53,2025-01-08 11:24:11,DOT,Sidewalk Condition,Sidewalk Violation,Manhattan,10031.0,Closed,Online,4
63615362,2025-01-03 11:01:32,2025-01-10 10:00:18,DOT,Sidewalk Condition,Sidewalk Violation,Queens,11377.0,Closed,Phone,6
63615363,2025-01-03 18:37:16,2025-01-09 12:21:06,DOT,Sidewalk Condition,Sidewalk Violation,Brooklyn,11238.0,Closed,Online,5
63615372,2025-01-03 22:08:00,2025-02-14 10:41:00,DOT,Street Light Condition,Street Light Out,Queens,11364.0,Closed,Unknown,41
63615381,2025-01-03 13:41:00,2025-01-03 14:37:00,DOT,Street Light Condition,Street Light Lamp Missing,Queens,11004.0,Closed,Unknown,0
63615382,2025-01-03 18:38:00,2025-01-13 09:55:00,DOT,Street Light Condition,Street Light Out,Brooklyn,11234.0,Closed,Unknown,9
63615383,2025-01-03 11:45:00,2025-02-21 12:57:00,DOT,Street Light Condition,Street Light Out,Queens,11378.0,Closed,Unknown,49
63615384,2025-01-03 08:29:00,2025-01-13 14:39:00,DOT,Street Light Condition,Street Light Out,Staten Island,10312.0,Closed,Unknown,10
63615385,2025-01-03 08:57:00,2025-01-03 08:57:00,DOT,Street Light Condition,Street Light Out,Bronx,10451.0,Closed,Unknown,0
63615397,2025-01-03 19:23:00,2025-01-07 12:44:52,DOT,Street Condition,Failed Street Repair,Brooklyn,11214.0,Closed,Online,3
63615398,2025-01-03 17:46:01,2025-02-05 06:54:45,DOT,Street Sign - Damaged,Other/Unknown,Brooklyn,11220.0,Closed,Online,32
63615399,2025-01-03 10:14:32,2025-01-15 06:41:44,DOT,Street Sign - Dangling,"No Parking, Standing, Stopping",Bronx,10455.0,Closed,Mobile,11
63615427,2025-01-02 14:00:10,2025-01-03 12:50:00,DOT,Street Condition,Pothole,Brooklyn,11203.0,Closed,Unknown,0
63615428,2025-01-01 06:17:19,2025-01-02 22:30:00,DOT,Street Condition,Pothole,Brooklyn,11214.0,Closed,Unknown,1
63615429,2025-01-01 06:03:33,2025-01-02 22:05:00,DOT,Street Condition,Pothole,Brooklyn,11232.0,Closed,Unknown,1
63615430,2025-01-01 09:58:11,2025-01-02 23:00:00,DOT,Street Condition,Pothole,Queens,11412.0,Closed,Unknown,1
63615483,2025-01-03 14:18:08,2025-01-07 17:42:42,DOT,Sidewalk Condition,Broken Sidewalk,Staten Island,10306.0,Closed,Phone,4
63615484,2025-01-03 08:46:30,2025-01-07 10:24:19,DOT,Sidewalk Condition,Broken Sidewalk,Bronx,10468.0,Closed,Mobile,4
63615485,2025-01-03 18:23:51,2025-01-06 10:03:52,DOT,Street Condition,Cave-in,Manhattan,10158.0,Closed,Online,2
63615490,2025-01-03 14:26:00,2025-01-11 13:30:00,DOT,Traffic Signal Condition,Support Bracket,Queens,11365.0,Closed,Unknown,7
63615505,2025-01-03 14:55:00,2025-01-06 10:48:00,DOT,Street Light Condition,Street Light Out,Queens,11433.0,Closed,Unknown,2
63615507,2025-01-02 13:50:43,2025-01-03 13:30:00,DOT,Street Condition,Pothole,Brooklyn,11234.0,Closed,Unknown,0
63615508,2025-01-01 12:31:19,2025-01-02 21:55:00,DOT,Street Condition,Pothole,Brooklyn,11203.0,Closed,Unknown,1
63615518,2025-01-03 20:56:55,2025-01-08 09:22:32,DOT,Sidewalk Condition,Broken Sidewalk,Brooklyn,11232.0,Closed,Phone,4
63615532,2025-01-03 10:15:10,2026-01-27 12:19:21,DOT,Sidewalk Condition,Sidewalk Collapsed,Bronx,10463.0,Closed,Online,389
63615533,2025-01-03 11:35:43,2025-01-06 09:56:44,DOT,Street Condition,Defective Hardware,Manhattan,10019.0,Closed,Phone,2
63615534,2025-01-03 17:36:07,2025-01-06 12:37:03,DOT,Street Condition,"Rough, Pitted or Cracked Roads",Queens,11694.0,Closed,Phone,2
63615535,2025-01-01 10:00:05,2025-01-03 10:35:00,DOT,Street Condition,Pothole,Queens,11411.0,Closed,Unknown,2
63615545,2025-01-03 17:25:19,2025-01-15 06:40:27,DOT,Street Sign - Dangling,Other/Unknown,Bronx,10469.0,Closed,Phone,11
63615560,2025-01-03 09:29:00,2025-01-04 13:30:00,DOT,Traffic Signal Condition,Ped Lamp,Brooklyn,11210.0,Closed,Unknown,1
63615834,2025-01-03 10:53:00,2025-01-11 09:40:00,DOT,Traffic Signal Condition,Cable,Manhattan,10002.0,Closed,Unknown,7
63616262,2025-01-03 17:27:00,2025-01-03 18:50:00,DOT,Traffic Signal Condition,Cable,Manhattan,10128.0,Closed,Unknown,0
63616264,2025-01-03 11:23:00,2025-01-03 11:50:00,DOT,Traffic Signal Condition,Controller,Brooklyn,11206.0,Closed,Unknown,0
63616265,2025-01-03 08:06:00,2025-01-03 09:30:00,DOT,Traffic Signal Condition,Controller,Queens,11106.0,Closed,Unknown,0
63616266,2025-01-03 06:59:00,2025-01-03 08:00:00,DOT,Traffic Signal Condition,Controller Cabinet,Brooklyn,11223.0,Closed,Unknown,0
63616267,2025-01-03 05:28:00,2025-01-03 08:00:00,DOT,Traffic Signal Condition,Controller,Brooklyn,11223.0,Closed,Unknown,0
63616270,2025-01-03 11:58:00,2025-01-03 13:05:00,DOT,Traffic Signal Condition,Controller,Staten Island,10302.0,Closed,Unknown,0
63616271,2025-01-03 15:41:00,2025-01-03 17:25:00,DOT,Traffic Signal Condition,Controller,Queens,11354.0,Closed,Unknown,0
63616273,2025-01-03 06:32:00,2025-01-03 07:50:00,DOT,Traffic Signal Condition,Controller,Bronx,10467.0,Closed,Unknown,0
63616275,2025-01-03 14:57:00,2025-01-03 16:00:00,DOT,Traffic Signal Condition,Controller,Bronx,10463.0,Closed,Unknown,0
63616279,2025-01-03 07:05:00,2025-01-03 09:30:00,DOT,Traffic Signal Condition,Controller Cabinet,Brooklyn,11221.0,Closed,Unknown,0
63616327,2025-01-03 09:07:11,2025-01-03 14:35:13,DOT,Street Condition,Plate Condition - Noisy,Manhattan,10065.0,Closed,Online,0
63616341,2025-01-03 09:38:38,2025-01-03 12:38:00,DOT,Street Condition,Failed Street Repair,Staten Island,10314.0,Closed,Online,0
63616342,2025-01-03 10:54:56,2025-01-03 13:09:55,DOT,Street Condition,Failed Street Repair,Staten Island,10314.0,Closed,Unknown,0
63616469,2025-01-03 13:27:00,2025-01-03 14:50:00,DOT,Traffic Signal Condition,Pedestrian Signal,Brooklyn,11205.0,Closed,Unknown,0
63616486,2025-01-03 14:20:00,2025-01-27 09:09:00,DOT,Street Light Condition,Street Light Out,Queens,11368.0,Closed,Unknown,23
63616487,2025-01-03 09:18:00,2025-01-08 13:10:00,DOT,Street Light Condition,Street Light Lamp Dim,Queens,11103.0,Closed,Unknown,5
63616488,2025-01-03 20:12:00,2025-01-06 10:53:00,DOT,Street Light Condition,Street Light Out,Queens,11419.0,Closed,Unknown,2
63616489,2025-01-03 17:45:00,2025-01-03 17:58:00,DOT,Street Light Condition,Street Light Out,Queens,11426.0,Closed,Unknown,0
63616493,2025-01-03 09:34:00,2025-01-04 07:30:00,DOT,Traffic Signal Condition,Controller Cabinet,Queens,11375.0,Closed,Unknown,0
63616496,2025-01-03 08:57:00,2025-01-03 08:57:00,DOT,Street Light Condition,Street Light Out,Bronx,10463.0,Closed,Unknown,0
63616516,2025-01-03 14:53:30,2025-01-06 10:15:00,DOT,Street Condition,Pothole,Staten Island,10308.0,Closed,Unknown,2
63616520,2025-01-03 15:00:03,2025-01-06 10:00:00,DOT,Street Condition,Pothole,Manhattan,10029.0,Closed,Unknown,2
63616521,2025-01-03 09:59:06,2025-01-06 08:25:00,DOT,Street Condition,Pothole,Manhattan,10006.0,Closed,Unknown,2
63616522,2025-01-03 10:26:43,2025-01-06 08:40:00,DOT,Street Condition,Pothole,Queens,11375.0,Closed,Unknown,2
63616523,2025-01-03 10:23:43,2025-01-07 10:10:00,DOT,Street Condition,Pothole,Queens,11365.0,Closed,Unknown,3
63616600,2025-01-03 23:56:23,2025-01-06 10:20:00,DOT,Street Condition,Pothole,Staten Island,10301.0,Closed,Unknown,2
63616601,2025-01-03 08:56:40,2025-01-04 12:20:00,DOT,Street Condition,Pothole,Staten Island,10304.0,Closed,Unknown,1
63616616,2025-01-03 15:54:51,2025-01-13 14:44:07,DOT,Bike Rack,Damaged/Bent/Loose/Leaning,Queens,11105.0,Closed,Online,9
63616661,2025-01-03 18:31:33,2025-01-14 10:21:32,DOT,Curb Condition,Broken Curb,Bronx,10474.0,Closed,Mobile,10
63616693,2025-01-03 10:17:16,2025-01-13 07:32:59,DOT,Street Condition,Plate Condition - Noisy,Brooklyn,11222.0,Closed,Online,9
63616699,2025-01-03 17:09:00,2025-01-03 19:00:00,DOT,Traffic Signal Condition,Pedestrian Signal,Queens,11691.0,Closed,Unknown,0
63616751,2025-01-03 22:03:46,2025-01-07 09:21:06,DOT,Outdoor Dining,Site Setup Condition,Queens,11106.0,Closed,Online,3
63616771,2025-01-03 18:25:04,2025-01-14 10:21:26,DOT,Curb Condition,Broken Curb,Bronx,10474.0,Closed,Mobile,10
63616780,2025-01-03 14:10:47,2025-01-07 06:06:04,DOT,Broken Parking Meter,Out of Order,Manhattan,10014.0,Closed,Phone,3
63616789,2025-01-03 10:10:00,2025-01-03 15:30:00,DOT,Traffic Signal Condition,Veh Signal Visor,Staten Island,10312.0,Closed,Unknown,0
63616800,2025-01-03 17:31:13,2025-01-07 12:08:17,DOT,Street Condition,Dumpster - Construction Waste,Brooklyn,11221.0,Closed,Phone,3
63616824,2025-01-03 13:23:49,2025-01-07 15:13:50,DOT,Curb Condition,Broken Curb,Bronx,10452.0,Closed,Phone,4
63616835,2025-01-02 13:59:08,2025-01-03 10:35:00,DOT,Street Condition,Pothole,Brooklyn,11219.0,Closed,Unknown,0
63616836,2025-01-02 13:51:28,2025-01-03 13:05:00,DOT,Street Condition,Pothole,Brooklyn,11228.0,Closed,Unknown,0
63616837,2025-01-01 06:02:48,2025-01-02 21:35:00,DOT,Street Condition,Pothole,Brooklyn,11232.0,Closed,Unknown,1
63616883,2025-01-02 22:54:11,2025-01-03 18:00:00,DOT,Street Condition,Pothole,Queens,11432.0,Closed,Unknown,0
63616884,2025-01-01 09:58:44,2025-01-03 10:34:00,DOT,Street Condition,Pothole,Queens,11412.0,Closed,Unknown,2
63616891,2025-01-03 11:45:00,2025-01-03 11:50:00,DOT,Traffic Signal Condition,Veh Sgnl Mult Lamps,Queens,11420.0,Closed,Unknown,0
63616894,2025-01-03 12:52:43,2025-03-28 08:55:31,DOT,Curb Condition,Defacement,Queens,11435.0,Closed,Online,83
63616897,2025-01-01 06:16:37,2025-01-02 21:10:00,DOT,Street Condition,Pothole,Brooklyn,11228.0,Closed,Unknown,1
63616899,2025-01-02 22:55:06,2025-01-03 19:25:00,DOT,Street Condition,Pothole,Queens,11434.0,Closed,Unknown,0
63616900,2025-01-01 10:48:22,2025-01-02 00:50:00,DOT,Street Condition,Pothole,Queens,11367.0,Closed,Unknown,0
63616914,2025-01-03 16:24:41,2025-01-29 12:18:02,DOT,Sidewalk Condition,Sidewalk Violation,Queens,11363.0,Closed,Online,25
63616915,2025-01-03 10:54:29,2025-01-07 11:19:21,DOT,Street Condition,Blocked - Construction,Queens,11435.0,Closed,Unknown,4
63616916,2025-01-03 14:13:36,2025-01-07 12:06:09,DOT,Street Condition,Blocked - Construction,Brooklyn,11238.0,Closed,Online,3
63616917,2025-01-03 09:59:18,2025-01-06 10:02:21,DOT,Street Condition,Defective Hardware,Manhattan,10003.0,Closed,Online,3
63616918,2025-01-03 20:10:48,2025-01-06 09:40:26,DOT,Street Condition,Failed Street Repair,Manhattan,10075.0,Closed,Online,2
63616929,2025-01-03 10:06:00,2025-05-15 13:55:00,DOT,Street Light Condition,Lamppost Damaged,Brooklyn,11226.0,Closed,Unknown,132
63616930,2025-01-03 14:18:00,2025-01-11 14:10:00,DOT,Traffic Signal Condition,Post,Queens,11385.0,Closed,Unknown,7
63616934,2025-01-03 15:40:38,2025-01-06 09:58:17,DOT,Sidewalk Condition,Blocked - Construction,Manhattan,10018.0,Closed,Online,2
63616935,2025-01-03 10:40:26,2025-01-10 09:52:07,DOT,Sidewalk Condition,Sidewalk Violation,Queens,11373.0,Closed,Phone,6
63616936,2025-01-03 07:31:27,2025-01-06 08:27:13,DOT,Street Condition,Cave-in,Brooklyn,11222.0,Closed,Unknown,3
63616937,2025-01-03 12:56:25,2025-01-07 06:05:25,DOT,Street Sign - Dangling,St Name - Attached to Pole,Brooklyn,11229.0,Closed,Phone,3
63616938,2025-01-03 10:43:49,2025-01-13 15:09:44,DOT,Street Sign - Dangling,Street Cleaning - ASP,Queens,11435.0,Closed,Mobile,10
63616939,2025-01-03 16:26:00,2025-01-13 09:58:00,DOT,Street Light Condition,Street Light Out,Brooklyn,11234.0,Closed,Unknown,9
63616941,2025-01-03 18:34:00,2025-01-13 13:35:00,DOT,Street Light Condition,Street Light Out,Staten Island,10301.0,Closed,Unknown,9
63616942,2025-01-03 10:11:00,2025-01-04 13:30:00,DOT,Traffic Signal Condition,Pedestrian Signal,Brooklyn,11217.0,Closed,Unknown,1
63616960,2025-01-03 15:29:00,2025-10-30 15:33:00,DOT,Street Light Condition,Street Light Out,Queens,11368.0,Closed,Unknown,300
63616966,2025-01-03 14:19:00,2025-01-04 08:40:00,DOT,Traffic Signal Condition,Base Door,Queens,11432.0,Closed,Unknown,0
63616967,2025-01-01 12:33:17,2025-01-03 01:00:00,DOT,Street Condition,Pothole,Brooklyn,11234.0,Closed,Unknown,1
63616969,2025-01-02 22:52:58,2025-01-03 17:15:00,DOT,Street Condition,Pothole,Queens,11422.0,Closed,Unknown,0
63616970,2025-01-01 10:54:48,2025-01-02 22:28:00,DOT,Street Condition,Pothole,Queens,11367.0,Closed,Unknown,1
63616999,2025-01-03 16:33:54,2025-01-06 09:54:24,DOT,Sidewalk Condition,Sidewalk Violation,Brooklyn,11234.0,Closed,Phone,2
63617000,2025-01-03 10:55:45,2025-01-06 09:57:43,DOT,Street Condition,Defective Hardware,Manhattan,10009.0,Closed,Online,2
63617001,2025-01-03 15:37:49,2025-01-06 09:50:16,DOT,Street Condition,Failed Street Repair,Manhattan,10128.0,Closed,Online,2
63617030,2025-01-03 23:16:28,2025-01-08 08:58:54,DOT,Street Condition,Failed Street Repair,Staten Island,10306.0,Closed,Online,4
63617031,2025-01-03 12:39:13,2025-01-06 12:31:03,DOT,Street Condition,"Rough, Pitted or Cracked Roads",Queens,11414.0,Closed,Online,2
63617079,2025-01-03 17:39:05,2025-01-06 10:02:57,DOT,Sidewalk Condition,Blocked - Construction,Manhattan,10003.0,Closed,Phone,2
63617080,2025-01-03 10:14:43,2025-01-14 08:10:58,DOT,Sidewalk Condition,Sidewalk Violation,Brooklyn,11204.0,Closed,Phone,10
63617081,2025-01-03 16:21:48,2025-01-06 10:03:21,DOT,Street Condition,Blocked - Construction,Manhattan,10003.0,Closed,Phone,2
63617082,2025-01-03 12:05:34,2025-01-08 07:46:06,DOT,Street Condition,Blocked - Construction,Brooklyn,11215.0,Closed,Online,4
63617359,2025-01-03 20:58:13,2025-01-08 09:34:23,DOT,Outdoor Dining,Sidewalk Zone Blocked,Brooklyn,11235.0,Closed,Phone,4
63617396,2025-01-03 08:08:00,2025-01-05 17:10:00,DOT,Traffic Signal Condition,Controller,Queens,11102.0,Closed,Unknown,2
63617397,2025-01-03 04:07:00,2025-04-26 16:30:00,DOT,Traffic Signal Condition,Controller,Bronx,10454.0,Closed,Unknown,113
63617417,2025-01-03 12:00:00,2025-01-06 10:30:00,DOT,Traffic Signal Condition,Controller,Brooklyn,11238.0,Closed,Unknown,2
63617430,2025-01-03 14:55:00,2025-01-04 08:15:00,DOT,Traffic Signal Condition,Controller,Queens,11356.0,Closed,Unknown,0
63617445,2025-01-03 14:27:00,2025-01-04 01:30:00,DOT,Traffic Signal Condition,LED Lense,Manhattan,10021.0,Closed,Unknown,0
63617446,2025-01-03 10:09:00,2025-01-07 11:20:00,DOT,Traffic Signal Condition,LED Lense,Staten Island,10301.0,Closed,Unknown,4
63617471,2025-01-03 18:37:00,2025-01-04 09:55:00,DOT,Traffic Signal Condition,LED Lense,Brooklyn,11236.0,Closed,Unknown,0
63617817,2025-01-03 19:33:00,2025-01-03 20:46:00,DOT,Traffic Signal Condition,Controller,Brooklyn,11219.0,Closed,Unknown,0
63617819,2025-01-03 14:21:00,2026-01-18 14:40:00,DOT,Traffic Signal Condition,Blank Out Matrix Sgn,Queens,11432.0,Closed,Unknown,380
63617823,2025-01-03 19:36:00,2025-01-03 20:35:00,DOT,Traffic Signal Condition,Controller,Brooklyn,11206.0,Closed,Unknown,0
63617824,2025-01-03 02:10:00,2025-01-03 03:35:00,DOT,Traffic Signal Condition,Controller,Brooklyn,11233.0,Closed,Unknown,0
63617828,2025-01-03 12:54:00,2025-01-03 14:40:00,DOT,Traffic Signal Condition,Controller,Queens,11433.0,Closed,Unknown,0
63617981,2025-01-03 14:32:00,2025-01-04 11:20:00,DOT,Traffic Signal Condition,Pedestrian Signal,Brooklyn,11226.0,Closed,Unknown,0
63617992,2025-01-03 05:12:14,2025-01-03 13:49:31,DOT,Street Condition,Defective Hardware,Bronx,10457.0,Closed,Phone,0
63618018,2025-01-03 09:16:00,2025-01-03 09:16:00,DOT,Street Light Condition,Street Light Out,Queens,11420.0,Closed,Unknown,0
63618019,2025-01-03 22:52:00,2025-05-21 09:15:00,DOT,Traffic Signal Condition,Ped Lamp,Queens,11004.0,Closed,Unknown,137
63618048,2025-01-03 10:08:00,2025-01-03 12:55:00,DOT,Traffic Signal Condition,Pedestrian Signal,Brooklyn,11221.0,Closed,Unknown,0
63618066,2025-01-03 09:24:00,2025-01-06 09:40:00,DOT,Traffic Signal Condition,Controller Cabinet,Brooklyn,11207.0,Closed,Unknown,3
63618069,2025-01-03 14:18:00,2025-02-10 13:09:00,DOT,Street Light Condition,Street Light Out,Queens,11385.0,Closed,Unknown,37
63618089,2025-01-03 09:20:01,2025-01-06 12:10:00,DOT,Street Condition,Pothole,Brooklyn,11238.0,Closed,Unknown,3
63618090,2025-01-03 10:17:33,2025-01-06 08:21:00,DOT,Street Condition,Pothole,Queens,11429.0,Closed,Unknown,2
63618106,2025-01-03 12:48:46,2025-01-06 07:40:00,DOT,Street Condition,Pothole,Manhattan,10035.0,Closed,Unknown,2
63618132,2025-01-03 13:28:57,2025-01-03 15:45:19,DOT,Street Condition,Cave-in,Staten Island,10314.0,Closed,Online,0
63618138,2025-01-03 14:41:56,2025-01-06 09:39:00,DOT,Street Condition,Pothole,Staten Island,10308.0,Closed,Unknown,2
63618139,2025-01-03 11:38:12,2025-01-06 13:20:00,DOT,Street Condition,Pothole,Queens,11365.0,Closed,Unknown,3
63618172,2025-01-03 21:40:37,2025-01-09 08:16:21,DOT,Outdoor Dining,Site Setup Condition,Manhattan,10014.0,Closed,Online,5
63618190,2025-01-03 14:10:00,2025-01-04 00:30:00,DOT,Traffic Signal Condition,Pedestrian Signal,Manhattan,10012.0,Closed,Unknown,0
63618191,2025-01-03 15:54:17,2025-01-06 09:40:00,DOT,Street Condition,Pothole,Queens,11374.0,Closed,Unknown,2
63618192,2025-01-03 12:03:41,2025-01-06 07:57:00,DOT,Street Condition,Pothole,Queens,11433.0,Closed,Unknown,2
63618193,2025-01-03 11:58:40,2025-01-07 10:05:00,DOT,Street Condition,Pothole,Queens,11418.0,Closed,Unknown,3
63618206,2025-01-03 15:18:59,2025-01-08 07:48:24,DOT,Street Condition,Plate Condition - Noisy,Brooklyn,11216.0,Closed,Online,4
63618207,2025-01-03 10:32:00,2025-06-08 11:15:00,DOT,Traffic Signal Condition,Time Switch,Queens,11420.0,Closed,Unknown,156
63618208,2025-01-03 07:28:44,2025-01-15 14:42:42,DOT,Bike Rack,Abandoned Bike,Brooklyn,11220.0,Closed,Online,12
63618260,2025-01-01 11:06:58,2025-01-02 02:24:00,DOT,Street Condition,Pothole,Queens,11367.0,Closed,Unknown,0
63618283,2025-01-01 10:47:06,2025-01-02 23:13:00,DOT,Street Condition,Pothole,Queens,11367.0,Closed,Unknown,1
63618298,2025-01-03 14:25:00,2025-01-11 12:20:00,DOT,Traffic Signal Condition,LED Pedestrian Unit,Queens,11428.0,Closed,Unknown,7
63618299,2025-01-03 16:17:00,2025-01-27 15:28:00,DOT,Street Light Condition,Lamppost Leaning,Bronx,10459.0,Closed,Unknown,23
63618300,2025-01-03 14:17:00,2025-01-05 08:45:00,DOT,Traffic Signal Condition,Post,Queens,11372.0,Closed,Unknown,1
63618306,2025-01-02 13:59:37,2025-01-03 11:11:00,DOT,Street Condition,Pothole,Brooklyn,11219.0,Closed,Unknown,0
63618307,2025-01-01 06:04:19,2025-01-02 22:35:00,DOT,Street Condition,Pothole,Brooklyn,11232.0,Closed,Unknown,1
63618330,2025-01-03 05:48:00,2025-01-03 13:34:00,DOT,Street Light Condition,Street Light Out,Bronx,10465.0,Closed,Unknown,0
63618331,2025-01-03 19:06:00,2025-01-06 08:15:00,DOT,Street Light Condition,Street Light Out,Manhattan,10027.0,Closed,Unknown,2
63618360,2025-01-03 10:58:00,2025-01-03 15:05:00,DOT,Traffic Signal Condition,Veh Signal Head,Brooklyn,11207.0,Closed,Unknown,0
63618370,2025-01-03 17:02:28,2025-05-03 11:18:07,DOT,Curb Condition,Defacement,Brooklyn,11218.0,Closed,Online,119
63618374,2025-01-03 12:07:00,2025-01-13 09:45:00,DOT,Street Light Condition,Street Light Out,Brooklyn,11210.0,Closed,Unknown,9
63618375,2025-01-03 13:39:00,2025-01-13 14:36:00,DOT,Street Light Condition,Street Light Out,Staten Island,10306.0,Closed,Unknown,10
63618376,2025-01-03 08:30:00,2025-01-13 14:24:00,DOT,Street Light Condition,Street Light Out,Staten Island,10310.0,Closed,Unknown,10
63618422,2025-01-03 03:02:15,2025-01-06 06:54:07,DOT,Sidewalk Condition,Defective Hardware,Bronx,10473.0,Closed,Phone,3
63618423,2025-01-03 13:42:34,2025-01-10 11:10:14,DOT,Sidewalk Condition,Sidewalk Violation,Queens,11378.0,Closed,Phone,6
63618424,2025-01-03 09:31:47,2025-01-10 09:23:21,DOT,Sidewalk Condition,Sidewalk Violation,Queens,11104.0,Closed,Online,6
63618425,2025-01-03 11:49:25,2025-01-15 13:49:35,DOT,Street Condition,Blocked - Construction,Queens,11373.0,Closed,Unknown,12
63618438,2025-01-03 14:16:00,2025-01-05 08:25:00,DOT,Traffic Signal Condition,Base Door,Queens,11369.0,Closed,Unknown,1
63618442,2025-01-01 10:42:43,2025-01-02 21:25:00,DOT,Street Condition,Pothole,Queens,11354.0,Closed,Unknown,1
63618472,2025-01-03 10:05:36,2025-01-29 06:27:48,DOT,Broken Parking Meter,Coin or Card Did Not Register,Brooklyn,11237.0,Closed,Online,25
63618483,2025-01-03 11:38:23,2025-01-07 10:44:55,DOT,Street Condition,Blocked - Construction,Queens,11361.0,Closed,Unknown,3
63618484,2025-01-03 23:13:59,2025-01-08 08:57:38,DOT,Street Condition,Cave-in,Staten Island,10306.0,Closed,Online,4
63618485,2025-01-03 07:29:15,2025-01-06 08:22:31,DOT,Street Condition,Cave-in,Brooklyn,11249.0,Closed,Unknown,3
63618486,2025-01-03 15:27:51,2025-01-09 06:35:18,DOT,Street Condition,Cave-in,Queens,11364.0,Closed,Phone,5
63618498,2025-01-03 20:06:04,2026-01-27 12:28:59,DOT,Sidewalk Condition,Broken Sidewalk,Bronx,10463.0,Closed,Mobile,388
63618512,2025-01-03 14:32:31,2025-01-31 17:47:54,DOT,Street Condition,Cave-in,Queens,11370.0,Closed,Unknown,28
63618513,2025-01-03 20:08:20,2025-01-06 08:03:55,DOT,Street Sign - Missing,"No Parking, Standing, Stopping",Staten Island,10312.0,Closed,Mobile,2
63618527,2025-01-03 09:32:00,2025-06-03 12:03:00,DOT,Street Light Condition,Street Light Cycling,Bronx,10465.0,Closed,Unknown,151
63618528,2025-01-03 18:26:00,2025-12-09 17:01:00,DOT,Street Light Condition,Street Light Out,Bronx,10469.0,Closed,Unknown,339
63618562,2025-01-03 17:30:00,2025-01-06 10:47:00,DOT,Street Light Condition,Street Light Out,Queens,11367.0,Closed,Unknown,2
63618577,2025-01-03 22:15:00,2025-01-13 10:45:00,DOT,Street Light Condition,Street Light Out,Brooklyn,11223.0,Closed,Unknown,9
63618578,2025-01-03 13:24:00,2025-01-04 08:30:00,DOT,Traffic Signal Condition,Pedestrian Signal,Brooklyn,11234.0,Closed,Unknown,0
63618579,2025-01-03 07:24:00,2025-07-16 19:13:00,DOT,Street Light Condition,Street Light Out,Brooklyn,11201.0,Closed,Unknown,194
63618646,2025-01-03 11:23:50,2025-01-14 13:54:13,DOT,Sidewalk Condition,Blocked - Construction,Queens,11358.0,Closed,Unknown,11
63618652,2025-01-03 15:56:25,2025-01-04 12:06:49,DOT,Sidewalk Condition,Sidewalk Violation,Staten Island,10302.0,Closed,Online,0
63618670,2025-01-03 13:46:56,2025-01-07 14:11:30,DOT,Sidewalk Condition,Broken Sidewalk,Queens,11103.0,Closed,Mobile,4
63618671,2025-01-03 16:49:02,2025-01-07 15:37:43,DOT,Sidewalk Condition,Broken Sidewalk,Queens,11105.0,Closed,Mobile,3
63618672,2025-01-03 09:16:34,2025-01-07 10:43:11,DOT,Sidewalk Condition,Broken Sidewalk,Bronx,10451.0,Closed,Mobile,4
63618673,2025-01-03 07:43:01,2025-01-06 07:59:47,DOT,Street Condition,Cave-in,Brooklyn,11219.0,Closed,Unknown,3
63618674,2025-01-03 10:36:09,2025-01-13 07:45:07,DOT,Street Condition,Defective Hardware,Brooklyn,11214.0,Closed,Online,9
63618675,2025-01-04 01:05:06,2025-01-06 11:21:13,DOT,Street Condition,Defective Hardware,Manhattan,10024.0,Closed,Online,2
63618676,2025-01-03 11:52:05,2025-01-10 08:29:49,DOT,Street Sign - Dangling,Other/Unknown,Brooklyn,11213.0,Closed,Online,6
63618916,2025-01-03 09:07:43,2025-01-13 09:37:18,DOT,Outdoor Dining,Sidewalk Zone Blocked,Brooklyn,11237.0,Closed,Online,10
63618929,2025-01-03 14:37:00,2025-01-04 07:55:00,DOT,Traffic Signal Condition,Controller,Staten Island,10314.0,Closed,Unknown,0
63618996,2025-01-03 11:53:00,2025-01-04 07:55:00,DOT,Traffic Signal Condition,LED Lense,Brooklyn,11209.0,Closed,Unknown,0
63619343,2025-01-03 14:15:00,2025-01-03 18:55:00,DOT,Traffic Signal Condition,Base Door,Queens,11362.0,Closed,Unknown,0
63619344,2025-01-03 06:22:00,2025-01-03 07:50:00,DOT,Traffic Signal Condition,Controller,Manhattan,10278.0,Closed,Unknown,0
63619345,2025-01-03 15:37:00,2025-01-03 17:35:00,DOT,Traffic Signal Condition,Controller,Bronx,10453.0,Closed,Unknown,0
63619346,2025-01-03 09:03:00,2025-01-03 11:50:00,DOT,Traffic Signal Condition,Controller Cabinet,Brooklyn,11230.0,Closed,Unknown,0
63619348,2025-01-03 13:07:00,2025-01-03 15:05:00,DOT,Traffic Signal Condition,Controller,Brooklyn,11215.0,Closed,Unknown,0
63619349,2025-01-03 17:06:00,2025-01-03 18:00:00,DOT,Traffic Signal Condition,Controller,Brooklyn,11212.0,Closed,Unknown,0
63619350,2025-01-03 13:15:00,2025-01-03 14:10:00,DOT,Traffic Signal Condition,Controller,Queens,11420.0,Closed,Unknown,0
63619351,2025-01-03 09:06:00,2025-01-03 12:10:00,DOT,Traffic Signal Condition,Controller Cabinet,Brooklyn,11207.0,Closed,Unknown,0
63619352,2025-01-03 22:54:00,2025-01-07 07:15:00,DOT,Street Light Condition,Street Light Dayburning,Manhattan,10012.0,Closed,Unknown,3
63619413,2025-01-03 13:22:30,2025-01-03 15:08:38,DOT,Street Condition,Defective Hardware,Queens,11427.0,Closed,Unknown,0
63619414,2025-01-03 12:37:33,2025-01-03 16:01:30,DOT,Street Condition,Failed Street Repair,Manhattan,10007.0,Closed,Phone,0
63619415,2025-01-03 10:37:18,2025-01-03 12:53:42,DOT,Street Sign - Damaged,Other/Unknown,Manhattan,10023.0,Closed,Phone,0
63619425,2025-01-03 14:26:10,2025-01-03 16:00:56,DOT,Street Condition,Defective Hardware,Manhattan,10007.0,Closed,Online,0
63619499,2025-01-03 11:09:13,2025-01-03 13:31:10,DOT,Street Condition,Cave-in,Queens,11417.0,Closed,Unknown,0
63619521,2025-01-03 14:29:00,2025-01-04 09:15:00,DOT,Traffic Signal Condition,Veh Signal Visor,Queens,11432.0,Closed,Unknown,0
63619529,2025-01-03 14:13:00,2025-01-04 00:45:00,DOT,Traffic Signal Condition,Post,Queens,11417.0,Closed,Unknown,0
63619543,2025-01-03 10:20:00,2025-01-03 10:55:00,DOT,Traffic Signal Condition,Pedestrian Signal,Manhattan,10169.0,Closed,Unknown,0
63619548,2025-01-03 06:07:26,2025-01-03 15:34:00,DOT,Street Condition,Defective Hardware,Brooklyn,11231.0,Closed,Online,0
63619551,2025-01-03 11:15:21,2025-01-03 13:42:13,DOT,Street Condition,Cave-in,Queens,11417.0,Closed,Unknown,0
63619552,2025-01-03 11:56:00,2025-01-11 13:46:00,DOT,Street Light Condition,Street Light Lamp Missing,Brooklyn,11209.0,Closed,Unknown,8
63619553,2025-01-03 14:23:00,2025-02-07 14:08:00,DOT,Street Light Condition,Street Light Out,Queens,11368.0,Closed,Unknown,34
63619554,2025-01-03 21:54:00,2025-01-06 12:16:00,DOT,Street Light Condition,Street Light Out,Bronx,10461.0,Closed,Unknown,2
63619555,2025-01-03 11:18:00,2025-01-06 11:02:00,DOT,Street Light Condition,Street Light Out,Queens,11355.0,Closed,Unknown,2
63619556,2025-01-03 16:46:00,2025-01-13 10:54:00,DOT,Street Light Condition,Street Light Out,Staten Island,10312.0,Closed,Unknown,9
63619605,2025-01-03 09:22:56,2025-01-06 08:45:00,DOT,Street Condition,Pothole,Manhattan,10006.0,Closed,Unknown,2
63619606,2025-01-01 12:19:53,2025-01-03 00:04:00,DOT,Street Condition,Pothole,Queens,11434.0,Closed,Unknown,1
63619607,2025-01-03 10:53:48,2025-01-06 08:02:00,DOT,Street Condition,Pothole,Queens,11368.0,Closed,Unknown,2
63619615,2025-01-03 15:47:37,2025-01-06 11:15:00,DOT,Street Condition,Pothole,Brooklyn,11249.0,Closed,Unknown,2
63619644,2025-01-04 03:36:02,2025-01-06 13:40:00,DOT,Street Condition,Pothole,Manhattan,10022.0,Closed,Unknown,2
63619645,2025-01-03 15:33:57,2025-01-06 09:40:00,DOT,Street Condition,Pothole,Bronx,10468.0,Closed,Unknown,2
63619659,2025-01-01 12:20:30,2025-01-03 00:21:00,DOT,Street Condition,Pothole,Queens,11413.0,Closed,Unknown,1
63619678,2025-01-03 06:56:00,2025-01-04 04:25:00,DOT,Traffic Signal Condition,LED Pedestrian Unit,Brooklyn,11204.0,Closed,Unknown,0
63619686,2025-01-03 09:56:43,2025-01-03 14:28:07,DOT,Sidewalk Condition,Defective Hardware,Manhattan,10005.0,Closed,Phone,0
63619758,2025-01-02 13:55:02,2025-01-03 10:02:00,DOT,Street Condition,Pothole,Brooklyn,11223.0,Closed,Unknown,0
63619759,2025-01-01 06:00:17,2025-01-02 20:10:00,DOT,Street Condition,Pothole,Brooklyn,11232.0,Closed,Unknown,1
63619760,2025-01-02 12:48:08,2025-01-03 07:45:00,DOT,Street Condition,Pothole,Queens,11367.0,Closed,Unknown,0
63619761,2025-01-03 11:21:00,2025-01-03 13:27:00,DOT,Street Light Condition,Fixture/Luminaire Hanging,Bronx,10461.0,Closed,Unknown,0
63619766,2025-01-03 13:22:55,2025-01-06 10:08:45,DOT,Street Condition,Plate Condition - Noisy,Manhattan,10036.0,Closed,Online,2
63619774,2025-01-03 21:01:02,2025-01-10 12:17:06,DOT,Bus Stop Shelter Complaint,Broken Glass,Brooklyn,11216.0,Closed,Online,6
63619780,2025-01-03 10:56:00,2025-01-03 12:50:00,DOT,Traffic Signal Condition,Veh Signal Head,Brooklyn,11215.0,Closed,Unknown,0
63619783,2025-01-03 13:50:18,2025-01-07 09:12:13,DOT,Outdoor Dining,Site Setup Condition,Queens,11364.0,Closed,Phone,3
63619784,2025-01-03 17:38:09,2025-01-13 09:36:06,DOT,Outdoor Dining,Street Zone Blocked,Brooklyn,11209.0,Closed,Phone,9
63619809,2025-01-02 22:32:48,2025-01-03 17:05:00,DOT,Street Condition,Pothole,Manhattan,10033.0,Closed,Unknown,0
63619810,2025-01-02 12:49:22,2025-01-03 09:15:00,DOT,Street Condition,Pothole,Queens,11385.0,Closed,Unknown,0
63619817,2025-01-03 13:42:49,2025-01-09 16:34:07,DOT,Curb Condition,Broken Curb,Brooklyn,11231.0,Closed,Online,6
63619832,2025-01-03 12:46:49,2025-01-09 08:04:17,DOT,Broken Parking Meter,Out of Order,Manhattan,10025.0,Closed,Phone,5
63619834,2025-01-03 12:10:40,2025-01-07 08:32:47,DOT,Sidewalk Condition,Canopy Complaint,Brooklyn,11223.0,Closed,Online,3
63619845,2025-01-03 11:28:00,2026-07-21 08:55:00,DOT,Street Light Condition,Street Light Out,Queens,11418.0,Closed,Unknown,563
63619852,2025-01-03 08:53:00,2025-01-13 09:44:00,DOT,Street Light Condition,Street Light Out,Brooklyn,11226.0,Closed,Unknown,10
63619856,2025-01-01 08:59:33,2025-01-02 00:07:00,DOT,Street Condition,Pothole,Queens,11364.0,Closed,Unknown,0
63619881,2025-01-03 20:17:57,2025-01-06 08:23:07,DOT,Street Sign - Dangling,Bus Stop,Brooklyn,11201.0,Closed,Online,2
63619882,2025-01-03 10:29:26,2025-01-22 15:39:11,DOT,Curb Condition,Broken Curb,Manhattan,10014.0,Closed,Online,19
63619886,2025-01-02 13:54:33,2025-01-03 09:51:00,DOT,Street Condition,Pothole,Brooklyn,11229.0,Closed,Unknown,0
63619888,2025-01-02 14:41:04,2025-01-03 09:10:00,DOT,Street Condition,Pothole,Queens,11106.0,Closed,Unknown,0
63619899,2025-01-03 09:50:25,2025-01-03 09:50:25,DOT,Street Condition,Pothole,Queens,11374.0,Closed,Unknown,0
63619900,2025-01-02 13:48:48,2025-01-03 10:00:00,DOT,Street Condition,Pothole,Brooklyn,11214.0,Closed,Unknown,0
63619941,2025-01-01 09:55:26,2025-01-02 21:35:00,DOT,Street Condition,Pothole,Queens,11420.0,Closed,Unknown,1
63619955,2025-01-03 11:54:38,2025-01-08 07:44:55,DOT,Sidewalk Condition,Blocked - Construction,Brooklyn,11215.0,Closed,Online,4
63619983,2025-01-03 11:58:31,2025-01-07 10:43:08,DOT,Sidewalk Condition,Defective Hardware,Queens,11102.0,Closed,Online,3
63620005,2025-01-03 14:17:00,2025-01-05 09:05:00,DOT,Traffic Signal Condition,Veh Signal Head,Queens,11372.0,Closed,Unknown,1
63620010,2025-01-03 10:40:41,2025-01-04 11:50:16,DOT,Sidewalk Condition,Sidewalk Violation,Bronx,10461.0,Closed,Online,1
63620011,2025-01-03 14:41:04,2025-01-07 13:39:04,DOT,Street Condition,Cave-in,Queens,11692.0,Closed,Phone,3
63620064,2025-01-03 01:56:59,2025-01-10 09:20:58,DOT,Sidewalk Condition,Broken Sidewalk,Queens,11435.0,Closed,Online,7
63620065,2025-01-03 13:32:01,2025-01-08 11:22:20,DOT,Sidewalk Condition,Sidewalk Violation,Manhattan,10031.0,Closed,Phone,4
63620066,2025-01-03 10:44:46,2025-01-07 13:48:21,DOT,Sidewalk Condition,Sidewalk Violation,Brooklyn,11217.0,Closed,Online,4
63620067,2025-01-03 13:24:49,2025-01-08 13:13:20,DOT,Street Condition,Cave-in,Bronx,10465.0,Closed,Online,4
63620068,2025-01-03 22:29:28,2025-01-08 13:21:13,DOT,Street Condition,Defective Hardware,Bronx,10461.0,Closed,Phone,4
63620069,2025-01-03 17:36:56,2025-01-07 16:58:22,DOT,Street Sign - Damaged,"No Parking, Standing, Stopping",Brooklyn,11220.0,Closed,Online,3
63620080,2025-01-03 14:15:44,2025-01-08 15:41:18,DOT,Sidewalk Condition,Blocked - Construction,Brooklyn,11238.0,Closed,Online,5
63620081,2025-01-03 10:07:32,2025-01-06 14:22:30,DOT,Sidewalk Condition,Sidewalk Grating - Defective,Brooklyn,11237.0,Closed,Online,3
63620082,2025-01-03 23:11:44,2025-01-08 08:59:15,DOT,Street Condition,Cave-in,Staten Island,10306.0,Closed,Online,4
63620083,2025-01-03 10:19:25,2025-01-08 09:09:15,DOT,Street Condition,Cave-in,Queens,11415.0,Closed,Phone,4
63620084,2025-01-03 22:47:14,2025-01-06 11:06:47,DOT,Street Condition,Failed Street Repair,Staten Island,10301.0,Closed,Phone,2
63620085,2025-01-04 01:11:53,2025-01-06 12:40:02,DOT,Street Condition,"Rough, Pitted or Cracked Roads",Queens,11412.0,Closed,Phone,2
63620086,2025-01-03 16:40:08,2025-01-06 08:35:19,DOT,Street Sign - Damaged,Bus Stop,Queens,11354.0,Closed,Mobile,2
63620125,2025-01-03 10:21:01,2025-01-07 13:46:21,DOT,Sidewalk Condition,Broken Sidewalk,Brooklyn,11219.0,Closed,Mobile,4
63620126,2025-01-03 20:13:01,2025-01-07 09:12:14,DOT,Street Condition,Defective Hardware,Queens,11432.0,Closed,Online,3
63620127,2025-01-03 21:13:19,2025-01-07 08:26:31,DOT,Street Condition,Defective Hardware,Brooklyn,11218.0,Closed,Online,3
63620425,2025-01-03 14:08:22,2025-01-07 15:37:32,DOT,Outdoor Dining,Sidewalk Zone Blocked,Manhattan,10001.0,Closed,Phone,4
63620430,2025-01-03 08:37:50,2025-01-07 15:39:55,DOT,Outdoor Dining,Sidewalk Zone Blocked,Manhattan,10001.0,Closed,Online,4
63620464,2025-01-03 06:55:00,2025-01-04 09:20:00,DOT,Traffic Signal Condition,LED Lense,Brooklyn,11230.0,Closed,Unknown,1
63620468,2025-01-03 08:42:00,2025-01-04 05:35:00,DOT,Traffic Signal Condition,LED Lense,Bronx,10460.0,Closed,Unknown,0
63620867,2025-01-03 18:47:00,2025-01-03 20:10:00,DOT,Traffic Signal Condition,Controller,Brooklyn,11207.0,Closed,Unknown,0
63620869,2025-01-03 06:28:00,2025-01-03 07:50:00,DOT,Traffic Signal Condition,Controller,Bronx,10460.0,Closed,Unknown,0
63620870,2025-01-03 12:07:00,2025-01-03 13:40:00,DOT,Traffic Signal Condition,Controller,Brooklyn,11214.0,Closed,Unknown,0
63620871,2025-01-03 10:06:00,2025-01-03 16:05:00,DOT,Traffic Signal Condition,Base Door,Manhattan,10030.0,Closed,Unknown,0
63620873,2025-01-03 19:16:00,2025-01-03 19:45:00,DOT,Traffic Signal Condition,Controller,Queens,11432.0,Closed,Unknown,0
63620874,2025-01-03 13:41:00,2025-01-03 15:30:00,DOT,Traffic Signal Condition,Controller,Manhattan,10032.0,Closed,Unknown,0
63620875,2025-01-03 12:28:00,2025-01-03 14:40:00,DOT,Traffic Signal Condition,Controller,Queens,11105.0,Closed,Unknown,0
63621030,2025-01-03 08:52:08,2025-01-03 09:58:47,DOT,Street Sign - Damaged,Other/Unknown,Manhattan,10169.0,Closed,Mobile,0
63621034,2025-01-03 05:44:50,2025-01-03 12:15:32,DOT,Street Condition,Cave-in,Bronx,10465.0,Closed,Online,0
63621068,2025-01-03 09:42:09,2025-01-03 11:25:47,DOT,Street Sign - Missing,Other/Unknown,Queens,11379.0,Closed,Phone,0
63621069,2025-01-03 06:17:52,2025-01-03 06:54:28,DOT,Street Sign - Missing,Stop,Staten Island,10308.0,Closed,Online,0
63621088,2025-01-03 13:05:00,2025-01-08 11:02:00,DOT,Street Light Condition,Street Light Out,Brooklyn,11221.0,Closed,Unknown,4
63621089,2025-01-03 17:24:00,2025-01-13 14:02:00,DOT,Street Light Condition,Street Light Out,Staten Island,10312.0,Closed,Unknown,9
63621093,2025-01-03 07:12:00,2025-01-03 16:55:00,DOT,Traffic Signal Condition,APS,Bronx,10453.0,Closed,Unknown,0
63621094,2025-01-03 16:12:00,2025-01-03 16:22:00,DOT,Street Light Condition,Street Light Out,Queens,11413.0,Closed,Unknown,0
63621103,2025-01-03 12:37:00,2025-01-03 13:23:00,DOT,Street Light Condition,Street Light Out,Bronx,10465.0,Closed,Unknown,0
63621106,2025-01-04 00:41:00,2025-01-10 10:50:00,DOT,Street Light Condition,Street Light Out,Brooklyn,11223.0,Closed,Unknown,6
63621121,2025-01-03 15:46:51,2025-01-06 12:50:00,DOT,Street Condition,Pothole,Manhattan,10075.0,Closed,Unknown,2
63621122,2025-01-03 14:58:37,2025-01-06 12:55:00,DOT,Street Condition,Pothole,Staten Island,10306.0,Closed,Unknown,2
63621148,2025-01-04 03:37:46,2025-01-06 14:00:00,DOT,Street Condition,Pothole,Manhattan,10022.0,Closed,Unknown,2
63621149,2025-01-03 14:59:18,2025-01-06 11:20:00,DOT,Street Condition,Pothole,Manhattan,10029.0,Closed,Unknown,2
63621150,2025-01-01 12:21:22,2025-01-03 00:44:00,DOT,Street Condition,Pothole,Queens,11422.0,Closed,Unknown,1
63621151,2025-01-03 15:01:55,2025-01-06 08:40:00,DOT,Street Condition,Pothole,Manhattan,10029.0,Closed,Unknown,2
63621152,2025-01-03 12:13:07,2025-01-06 12:20:00,DOT,Street Condition,Pothole,Brooklyn,11214.0,Closed,Unknown,3
63621153,2025-01-03 15:00:41,2025-01-06 09:50:00,DOT,Street Condition,Pothole,Staten Island,10308.0,Closed,Unknown,2
63621154,2025-01-03 14:49:18,2025-01-07 11:30:00,DOT,Street Condition,Pothole,Staten Island,10308.0,Closed,Unknown,3
63621165,2025-01-03 10:05:03,2025-01-06 10:25:00,DOT,Street Condition,Pothole,Queens,11426.0,Closed,Unknown,3
63621166,2025-01-03 09:48:06,2025-01-06 09:15:00,DOT,Street Condition,Pothole,Queens,11374.0,Closed,Unknown,2
63621167,2025-01-03 21:42:20,2025-01-06 09:40:00,DOT,Street Condition,Pothole,Manhattan,10013.0,Closed,Unknown,2
63621168,2025-01-01 12:17:24,2025-01-02 22:56:00,DOT,Street Condition,Pothole,Queens,11420.0,Closed,Unknown,1
63621246,2025-01-03 09:50:18,2025-01-03 14:28:00,DOT,Sidewalk Condition,Defective Hardware,Manhattan,10005.0,Closed,Phone,0
63621319,2025-01-03 14:19:00,2025-01-04 04:45:00,DOT,Traffic Signal Condition,LED Pedestrian Unit,Queens,11432.0,Closed,Unknown,0
63621342,2025-01-03 16:39:55,2025-01-07 08:37:46,DOT,Outdoor Dining,Site Setup Condition,Manhattan,10014.0,Closed,Online,3
63621345,2025-01-03 14:44:00,2025-01-03 15:03:00,DOT,Street Light Condition,Fixture/Luminaire Hanging,Bronx,10454.0,Closed,Unknown,0
63621371,2025-01-03 14:14:00,2025-01-03 19:30:00,DOT,Traffic Signal Condition,Veh Signal Head,Queens,11362.0,Closed,Unknown,0
63621406,2025-01-03 15:37:34,2025-01-09 07:42:47,DOT,Broken Parking Meter,Coin or Card Did Not Register,Manhattan,10021.0,Closed,Phone,5
63621407,2025-01-03 13:59:57,2025-01-10 12:16:21,DOT,Bus Stop Shelter Complaint,Broken Glass,Bronx,10468.0,Closed,Online,6
63621411,2025-01-03 09:17:40,2025-01-08 08:33:06,DOT,Broken Parking Meter,Coin or Card Did Not Register,Queens,11415.0,Closed,Phone,4
63621431,2025-01-03 11:47:51,2025-01-07 06:23:51,DOT,Broken Parking Meter,Coin or Card Did Not Register,Manhattan,10003.0,Closed,Phone,3
63621453,2025-01-02 14:19:02,2025-01-03 13:15:00,DOT,Street Condition,Pothole,Queens,11413.0,Closed,Unknown,0
63621454,2025-01-01 10:51:43,2025-01-02 02:07:00,DOT,Street Condition,Pothole,Queens,11367.0,Closed,Unknown,0
63621455,2025-01-01 09:59:26,2025-01-03 10:34:00,DOT,Street Condition,Pothole,Queens,11412.0,Closed,Unknown,2
63621462,2025-01-01 12:32:13,2025-01-03 00:30:00,DOT,Street Condition,Pothole,Brooklyn,11234.0,Closed,Unknown,1
63621465,2025-01-02 22:59:11,2025-01-03 21:45:00,DOT,Street Condition,Pothole,Queens,11421.0,Closed,Unknown,0
63621479,2025-01-03 20:13:39,2025-01-07 15:40:58,DOT,Sidewalk Condition,Broken Sidewalk,Queens,11413.0,Closed,Mobile,3
63621480,2025-01-03 10:13:14,2025-01-04 11:54:48,DOT,Sidewalk Condition,Sidewalk Violation,Manhattan,10030.0,Closed,Phone,1
63621545,2025-01-03 20:19:00,2025-01-13 09:59:00,DOT,Street Light Condition,Street Light Out,Brooklyn,11236.0,Closed,Unknown,9
63621546,2025-01-03 19:44:00,2025-01-08 10:17:00,DOT,Street Light Condition,Street Light Out,Brooklyn,11233.0,Closed,Unknown,4
63621547,2025-01-03 18:56:00,2025-02-14 10:37:00,DOT,Street Light Condition,Street Light Out,Brooklyn,11223.0,Closed,Unknown,41
63621552,2025-01-01 10:43:18,2025-01-02 21:36:00,DOT,Street Condition,Pothole,Queens,11355.0,Closed,Unknown,1
63621553,2025-01-03 13:45:00,2025-09-19 15:42:00,DOT,Street Light Condition,Lamppost Wire Exposed,Staten Island,10309.0,Closed,Unknown,259
63621559,2025-01-03 14:48:00,2025-04-16 08:40:00,DOT,Street Light Condition,Street Light Out,Bronx,10467.0,Closed,Unknown,102
63621637,2025-01-03 10:49:00,2026-07-24 11:41:00,DOT,Street Light Condition,Street Light Out,Queens,11106.0,Closed,Unknown,567
63621638,2025-01-03 11:23:00,2025-01-05 12:45:00,DOT,Traffic Signal Condition,Post,Bronx,10454.0,Closed,Unknown,2
63621645,2025-01-03 17:55:44,2025-01-06 15:18:40,DOT,Sidewalk Condition,Blocked - Construction,Bronx,10472.0,Closed,Phone,2
63621646,2025-01-03 16:33:46,2026-01-27 12:28:00,DOT,Sidewalk Condition,Broken Sidewalk,Bronx,10463.0,Closed,Mobile,388
63621661,2025-01-03 07:58:35,2025-01-07 11:20:26,DOT,Sidewalk Condition,Blocked - Construction,Queens,11105.0,Closed,Online,4
63621662,2025-01-03 13:45:00,2025-01-07 14:05:12,DOT,Sidewalk Condition,Broken Sidewalk,Queens,11101.0,Closed,Mobile,4
63621672,2025-01-03 20:08:14,2025-01-06 14:21:03,DOT,Sidewalk Condition,Sidewalk Violation,Queens,11368.0,Closed,Online,2
63621673,2025-01-03 13:38:36,2025-01-06 17:16:44,DOT,Street Condition,Defective Hardware,Queens,11103.0,Closed,Online,3
63621674,2025-01-03 14:45:54,2025-01-06 12:35:53,DOT,Street Condition,"Rough, Pitted or Cracked Roads",Queens,11374.0,Closed,Online,2
63621682,2025-01-03 12:17:41,2025-01-10 10:07:24,DOT,Sidewalk Condition,Sidewalk Violation,Queens,11434.0,Closed,Phone,6
63621726,2025-01-03 19:01:04,2025-01-07 14:12:00,DOT,Sidewalk Condition,Broken Sidewalk,Brooklyn,11219.0,Closed,Online,3
63621727,2025-01-03 09:39:24,2025-01-07 15:59:48,DOT,Sidewalk Condition,Broken Sidewalk,Manhattan,10021.0,Closed,Mobile,4
63621757,2025-01-03 13:49:22,2025-01-04 11:53:33,DOT,Sidewalk Condition,Sidewalk Violation,Bronx,10473.0,Closed,Phone,0
63621758,2025-01-03 09:46:23,2025-01-07 12:28:39,DOT,Sidewalk Condition,Sidewalk Violation,Brooklyn,11220.0,Closed,Phone,4
63622014,2025-01-03 20:28:35,2025-01-08 09:35:09,DOT,Outdoor Dining,Sidewalk Zone Blocked,Brooklyn,11235.0,Closed,Phone,4
63622027,2025-01-03 14:37:00,2025-01-04 11:00:00,DOT,Traffic Signal Condition,LED Lense,Bronx,10463.0,Closed,Unknown,0
63622047,2025-01-03 13:35:00,2025-01-03 17:15:00,DOT,Traffic Signal Condition,LED Lense,Staten Island,10310.0,Closed,Unknown,0
63622413,2025-01-03 10:30:00,2025-01-03 19:40:00,DOT,Traffic Signal Condition,Underground,Manhattan,10016.0,Closed,Unknown,0
63622414,2025-01-03 15:38:00,2025-01-03 16:55:00,DOT,Traffic Signal Condition,Controller,Brooklyn,11207.0,Closed,Unknown,0
63622417,2025-01-03 22:10:00,2025-01-04 03:00:00,DOT,Traffic Signal Condition,Underground,Manhattan,10029.0,Closed,Unknown,0
63622418,2025-01-03 13:10:00,2025-01-03 14:50:00,DOT,Traffic Signal Condition,Controller,Brooklyn,11220.0,Closed,Unknown,0
63622426,2025-01-03 01:40:00,2025-01-03 03:00:00,DOT,Traffic Signal Condition,Controller,Bronx,10460.0,Closed,Unknown,0
63622427,2025-01-03 03:33:00,2025-01-03 05:10:00,DOT,Traffic Signal Condition,Controller,Queens,11430.0,Closed,Unknown,0
63622428,2025-01-03 20:21:00,2025-01-03 20:40:00,DOT,Traffic Signal Condition,Controller,Manhattan,10002.0,Closed,Unknown,0
63622565,2025-01-03 08:28:00,2025-01-03 13:16:00,DOT,Street Light Condition,Street Light Cycling,Bronx,10466.0,Closed,Unknown,0
63622649,2025-01-03 13:06:00,2025-01-03 16:00:00,DOT,Traffic Signal Condition,Ped Multiple Lamps,Brooklyn,11234.0,Closed,Unknown,0
63622658,2025-01-03 16:34:00,2025-01-06 10:51:00,DOT,Street Light Condition,Street Light Out,Queens,11354.0,Closed,Unknown,2
63622672,2025-01-01 12:20:51,2025-01-03 00:28:00,DOT,Street Condition,Pothole,Queens,11413.0,Closed,Unknown,1
63622673,2025-01-01 12:19:11,2025-01-02 23:11:00,DOT,Street Condition,Pothole,Queens,11434.0,Closed,Unknown,1
63622677,2025-01-03 14:58:10,2025-01-06 12:10:00,DOT,Street Condition,Pothole,Manhattan,10029.0,Closed,Unknown,2
63622682,2025-01-03 15:01:32,2025-01-06 09:00:00,DOT,Street Condition,Pothole,Manhattan,10029.0,Closed,Unknown,2
63622683,2025-01-03 14:58:51,2025-01-06 11:50:00,DOT,Street Condition,Pothole,Manhattan,10029.0,Closed,Unknown,2
63622684,2025-01-03 11:18:52,2025-01-06 08:00:00,DOT,Street Condition,Pothole,Manhattan,10004.0,Closed,Unknown,2
63622685,2025-01-03 12:56:20,2025-01-06 13:20:00,DOT,Street Condition,Pothole,Bronx,10461.0,Closed,Unknown,3
63622692,2025-01-03 11:57:00,2025-01-07 09:45:00,DOT,Street Condition,Pothole,Queens,11418.0,Closed,Unknown,3
63622695,2025-01-04 23:16:00,2025-01-05 01:00:00,DOT,Street Light Condition,Lamppost Knocked Down,Queens,11362.0,Closed,Unknown,0
63622712,2025-01-04 12:45:35,2025-03-11 12:43:46,DOT,Bike Rack,Abandoned Bike,Manhattan,10030.0,Closed,Phone,65
63622815,2025-01-04 15:37:00,2025-01-04 16:10:00,DOT,Traffic Signal Condition,Pedestrian Signal,Brooklyn,11204.0,Closed,Unknown,0
63622816,2025-01-04 14:00:56,2025-01-07 09:13:41,DOT,Outdoor Dining,Site Setup Condition,Manhattan,10014.0,Closed,Phone,2
63622831,2025-01-04 06:48:07,2025-01-05 23:57:57,DOT,Street Condition,Plate Condition - Noisy,Manhattan,10023.0,Closed,Online,1
63622839,2025-01-04 19:20:00,2025-01-05 15:55:00,DOT,Traffic Signal Condition,Veh Signal Lamp,Queens,11358.0,Closed,Unknown,0
63622930,2025-01-04 11:39:00,2025-01-06 10:30:00,DOT,Traffic Signal Condition,Wireless,Brooklyn,11238.0,Closed,Unknown,1
63622996,2025-01-04 15:54:00,2025-01-04 15:54:00,DOT,Traffic Signal Condition,Controller,Queens,11355.0,Closed,Unknown,0
63623045,2025-01-04 11:03:00,2025-01-04 12:30:00,DOT,Traffic Signal Condition,Controller,Bronx,10466.0,Closed,Unknown,0
63623054,2025-01-04 05:01:00,2025-01-04 06:00:00,DOT,Traffic Signal Condition,Controller,Bronx,10458.0,Closed,Unknown,0
63623141,2025-01-04 21:15:00,2025-01-04 21:30:00,DOT,Traffic Signal Condition,Controller,Brooklyn,11228.0,Closed,Unknown,0
63623142,2025-01-04 05:41:00,2025-01-04 07:30:00,DOT,Traffic Signal Condition,Controller,Brooklyn,11221.0,Closed,Unknown,0
63623153,2025-01-04 05:44:00,2025-01-04 06:00:00,DOT,Traffic Signal Condition,Controller,Brooklyn,11221.0,Closed,Unknown,0
63623212,2025-01-04 09:23:00,2025-01-04 10:55:00,DOT,Traffic Signal Condition,Controller,Queens,11432.0,Closed,Unknown,0
63623267,2025-01-04 20:23:00,2025-01-05 02:10:00,DOT,Traffic Signal Condition,Controller,Brooklyn,11229.0,Closed,Unknown,0
63623268,2025-01-05 00:54:00,2025-01-05 02:00:00,DOT,Traffic Signal Condition,Controller,Manhattan,10003.0,Closed,Unknown,0
63623335,2025-01-04 23:06:00,2025-01-05 00:35:00,DOT,Traffic Signal Condition,Controller,Brooklyn,11213.0,Closed,Unknown,0
63623405,2025-01-04 20:34:00,2025-01-30 11:17:00,DOT,Street Light Condition,Street Light Out,Brooklyn,11222.0,Closed,Unknown,25
63623438,2025-01-04 12:04:00,2025-01-14 10:37:00,DOT,Street Light Condition,Street Light Out,Staten Island,10306.0,Closed,Unknown,9
63623450,2025-01-04 23:08:00,2025-01-09 01:35:00,DOT,Street Light Condition,Street Light Out,Manhattan,10282.0,Closed,Unknown,4
63623455,2025-01-04 10:31:28,2025-01-08 11:25:00,DOT,Sidewalk Condition,Broken Sidewalk,Manhattan,10014.0,Closed,Phone,4
63623457,2025-01-04 12:18:32,2025-01-13 12:00:10,DOT,Street Condition,Line/Marking - After Repaving,Bronx,10472.0,Closed,Online,8
63623458,2025-01-04 10:27:10,2025-01-06 12:44:06,DOT,Street Condition,"Rough, Pitted or Cracked Roads",Queens,11420.0,Closed,Online,2
63623459,2025-01-04 17:01:18,2025-01-14 11:15:37,DOT,Street Sign - Dangling,Speed Limit,Queens,11360.0,Closed,Mobile,9
63623473,2025-01-04 20:21:00,2025-01-06 06:05:00,DOT,Traffic Signal Condition,Pedestrian Signal,Brooklyn,11237.0,Closed,Unknown,1
63623480,2025-01-04 11:33:20,2025-01-06 11:45:02,DOT,Sidewalk Condition,Blocked - Construction,Manhattan,10034.0,Closed,Phone,2
63623481,2025-01-04 12:46:20,2025-01-06 06:59:25,DOT,Street Condition,Blocked - Construction,Bronx,10468.0,Closed,Phone,1
63623484,2025-01-04 12:17:33,2025-01-07 10:35:12,DOT,Street Condition,Blocked - Construction,Queens,11378.0,Closed,Online,2
63623492,2025-01-04 10:58:58,2025-01-08 15:36:28,DOT,Street Sign - Missing,Stop,Queens,11356.0,Closed,Online,4
63623535,2025-01-04 16:10:51,2025-01-08 15:36:54,DOT,Street Sign - Dangling,Stop,Queens,11435.0,Closed,Phone,3
63623551,2025-01-04 08:07:27,2025-01-06 07:06:03,DOT,Street Condition,"Rough, Pitted or Cracked Roads",Staten Island,10301.0,Closed,Phone,1
63623552,2025-01-04 13:13:46,2025-01-06 07:20:37,DOT,Street Sign - Damaged,Bus Stop,Queens,11373.0,Closed,Mobile,1
63623553,2025-01-04 08:24:03,2025-01-07 06:42:07,DOT,Street Sign - Damaged,St Name - Attached to Pole,Brooklyn,11211.0,Closed,Online,2
63623554,2025-01-04 09:07:55,2026-01-05 13:12:33,DOT,Street Sign - Missing,Street Cleaning - ASP,Brooklyn,11220.0,Closed,Mobile,366
63623743,2025-01-04 14:34:00,2025-01-04 14:34:00,DOT,Traffic Signal Condition,Veh Signal Head,Brooklyn,11238.0,Closed,Unknown,0
63623745,2025-01-04 09:30:00,2025-01-04 10:40:00,DOT,Traffic Signal Condition,Wireless,Brooklyn,11211.0,Closed,Unknown,0
63623746,2025-01-04 15:16:00,2025-01-15 13:13:00,DOT,Street Light Condition,Street Light Out,Brooklyn,11234.0,Closed,Unknown,10
63623747,2025-01-04 05:32:00,2026-04-29 15:24:00,DOT,Street Light Condition,Street Light Out,Queens,11691.0,Closed,Unknown,480
63623750,2025-01-04 22:36:00,2026-06-01 17:10:00,DOT,Street Light Condition,Street Light Out,Queens,11378.0,Closed,Unknown,512
63624287,2025-01-04 07:13:00,2025-01-04 08:15:00,DOT,Traffic Signal Condition,Pedestrian Signal,Queens,11426.0,Closed,Unknown,0
63624363,2025-01-04 13:40:04,2025-01-06 13:03:15,DOT,Street Condition,Dumpster - Construction Waste,Manhattan,10024.0,Closed,Online,1
63624433,2025-01-04 20:08:40,2025-01-31 14:05:40,DOT,Bus Stop Shelter Complaint,Lighting,Brooklyn,11220.0,Closed,Online,26
63624486,2025-01-04 10:11:06,2025-01-09 09:00:38,DOT,Curb Condition,Broken Curb,Manhattan,10007.0,Closed,Online,4
63624747,2025-01-05 01:23:02,2025-02-20 17:29:15,DOT,Street Sign - Damaged,"No Parking, Standing, Stopping",Queens,11435.0,Closed,Online,46
63624748,2025-01-04 09:40:20,2025-03-19 05:09:11,DOT,Street Sign - Missing,Construction,Brooklyn,11237.0,Closed,Phone,73
63624835,2025-01-04 09:27:54,2025-01-07 10:27:05,DOT,Sidewalk Condition,Blocked - Construction,Brooklyn,11219.0,Closed,Phone,3
63624836,2025-01-04 14:01:21,2025-01-07 12:40:27,DOT,Sidewalk Condition,Broken Sidewalk,Brooklyn,11222.0,Closed,Mobile,2
63624854,2025-01-04 10:46:52,2025-01-08 09:25:37,DOT,Sidewalk Condition,Broken Sidewalk,Brooklyn,11232.0,Closed,Phone,3
63624855,2025-01-04 05:30:00,2025-01-06 09:49:59,DOT,Street Condition,Defective Hardware,Staten Island,10312.0,Closed,Online,2
63624856,2025-01-04 12:44:08,2025-01-09 07:43:19,DOT,Street Sign - Dangling,St Name - Over Intersection,Staten Island,10305.0,Closed,Phone,4
63624857,2025-01-04 18:13:29,2025-01-06 08:08:54,DOT,Street Sign - Missing,Bus Stop,Manhattan,10004.0,Closed,Phone,1
63624983,2025-01-04 14:06:37,2025-02-26 13:52:09,DOT,Sidewalk Condition,Broken Sidewalk,Manhattan,10014.0,Closed,Mobile,52
63624984,2025-01-04 15:19:21,2025-01-07 16:08:42,DOT,Sidewalk Condition,Broken Sidewalk,Queens,11101.0,Closed,Phone,3
63624985,2025-01-04 11:07:23,2025-01-06 14:22:45,DOT,Sidewalk Condition,Sidewalk Violation,Queens,11364.0,Closed,Online,2
63624989,2025-01-04 15:05:33,2025-01-08 09:57:17,DOT,Street Sign - Damaged,"No Parking, Standing, Stopping",Manhattan,10001.0,Closed,Mobile,3
63624994,2025-01-04 21:12:03,2025-01-09 10:19:50,DOT,Street Condition,Cave-in,Brooklyn,11234.0,Closed,Online,4
63624995,2025-01-04 19:18:23,2025-01-07 10:44:32,DOT,Street Sign - Damaged,Other/Unknown,Queens,11416.0,Closed,Online,2
63624996,2025-01-04 14:52:18,2025-01-14 11:14:13,DOT,Street Sign - Dangling,St Name - Attached to Pole,Queens,11422.0,Closed,Mobile,9
63624997,2025-01-04 15:32:35,2025-01-07 06:07:00,DOT,Street Sign - Missing,Street Cleaning - ASP,Brooklyn,11249.0,Closed,Mobile,2
63624998,2025-01-04 08:06:08,2025-01-09 07:49:49,DOT,Street Sign - Dangling,One Way,Staten Island,10302.0,Closed,Phone,4
63625087,2025-01-04 17:34:00,2025-01-06 10:00:00,DOT,Street Light Condition,Street Light Out,Manhattan,10024.0,Closed,Unknown,1
63625094,2025-01-04 07:23:00,2025-01-04 09:15:00,DOT,Traffic Signal Condition,Wireless,Brooklyn,11234.0,Closed,Unknown,0
63625095,2025-01-04 20:50:00,2025-01-14 10:47:00,DOT,Street Light Condition,Street Light Out,Staten Island,10305.0,Closed,Unknown,9
63625102,2025-01-04 19:04:00,2025-01-14 10:33:00,DOT,Street Light Condition,Street Light Out,Staten Island,10314.0,Closed,Unknown,9
63625131,2025-01-04 22:23:00,2025-01-04 23:45:00,DOT,Traffic Signal Condition,Controller,Manhattan,10011.0,Closed,Unknown,0
63625143,2025-01-04 16:22:00,2025-01-04 16:45:00,DOT,Traffic Signal Condition,Controller,Brooklyn,11238.0,Closed,Unknown,0
63625158,2025-01-04 01:43:00,2025-01-07 09:49:00,DOT,Street Light Condition,Street Light Out,Queens,11372.0,Closed,Unknown,3
63625182,2025-01-04 11:19:00,2025-01-04 11:55:00,DOT,Traffic Signal Condition,Controller,Manhattan,10013.0,Closed,Unknown,0
63625183,2025-01-04 19:54:00,2025-01-14 10:08:00,DOT,Street Light Condition,Street Light Cycling,Queens,11356.0,Closed,Unknown,9
63625200,2025-01-04 12:19:00,2025-01-08 10:13:00,DOT,Street Light Condition,Street Light Out,Brooklyn,11215.0,Closed,Unknown,3
63625706,2025-01-04 22:19:00,2025-01-05 11:20:00,DOT,Traffic Signal Condition,Veh Signal Lamp,Brooklyn,11211.0,Closed,Unknown,0
63625708,2025-01-04 16:33:00,2025-01-05 11:00:00,DOT,Traffic Signal Condition,APS,Manhattan,10019.0,Closed,Unknown,0
63625827,2025-01-04 10:51:14,2025-01-30 11:44:27,DOT,Broken Parking Meter,No Receipt,Queens,11105.0,Closed,Phone,26
63625939,2025-01-04 13:54:07,2025-01-07 09:16:11,DOT,Outdoor Dining,Site Setup Condition,Manhattan,10014.0,Closed,Phone,2
63625940,2025-01-04 12:04:50,2025-01-07 09:13:36,DOT,Outdoor Dining,Site Setup Condition,Manhattan,10014.0,Closed,Phone,2
63626128,2025-01-04 12:24:40,2025-01-06 04:44:56,DOT,Street Condition,Plate Condition - Noisy,Brooklyn,11220.0,Closed,Online,1
63626203,2025-01-05 00:58:37,2025-01-14 16:52:31,DOT,Sidewalk Condition,Broken Sidewalk,Staten Island,10301.0,Closed,Mobile,9
63626204,2025-01-04 17:03:31,2025-01-14 16:06:35,DOT,Sidewalk Condition,Sidewalk Collapsed,Brooklyn,11236.0,Closed,Phone,9
63626205,2025-01-04 18:20:34,2025-01-17 10:24:50,DOT,Street Condition,"Rough, Pitted or Cracked Roads",Queens,11358.0,Closed,Online,12
63626206,2025-01-04 18:57:03,2025-01-07 17:25:11,DOT,Street Sign - Dangling,Other/Unknown,Manhattan,10007.0,Closed,Online,2
63626210,2025-01-04 11:50:34,2025-01-04 12:20:54,DOT,Street Sign - Damaged,"No Parking, Standing, Stopping",Brooklyn,11207.0,Closed,Mobile,0
63626211,2025-01-04 15:24:43,2025-01-06 09:51:24,DOT,Street Condition,Failed Street Repair,Staten Island,10301.0,Closed,Online,1
63626212,2025-01-04 15:30:22,2025-01-07 16:54:45,DOT,Street Sign - Damaged,"No Parking, Standing, Stopping",Manhattan,10024.0,Closed,Phone,3
63626213,2025-01-04 11:44:43,2025-01-13 15:14:07,DOT,Street Sign - Damaged,Speed Limit,Queens,11360.0,Closed,Phone,9
63626217,2025-01-04 05:24:50,2025-01-07 09:52:36,DOT,Curb Condition,Broken Curb,Brooklyn,11211.0,Closed,Online,3
63626395,2025-01-04 20:36:36,2025-01-07 12:26:00,DOT,Street Condition,Defective Hardware,Brooklyn,11205.0,Closed,Online,2
63626396,2025-01-04 14:19:06,2025-01-10 08:31:16,DOT,Street Sign - Dangling,Other/Unknown,Brooklyn,11231.0,Closed,Phone,5
63626397,2025-01-04 09:53:03,2025-01-07 16:55:05,DOT,Street Sign - Dangling,Street Cleaning - ASP,Manhattan,10023.0,Closed,Online,3
63626399,2025-01-04 09:02:49,2025-01-06 09:55:55,DOT,Street Sign - Missing,Street Cleaning - ASP,Manhattan,10006.0,Closed,Mobile,2
63626540,2025-01-04 15:42:00,2025-01-04 17:50:00,DOT,Traffic Signal Condition,Controller,Brooklyn,11221.0,Closed,Unknown,0
63626566,2025-01-04 12:19:00,2025-01-04 12:55:00,DOT,Traffic Signal Condition,Time Switch,Queens,11361.0,Closed,Unknown,0
63626579,2025-01-04 20:22:00,2025-01-05 01:35:00,DOT,Traffic Signal Condition,Vehicle Signal,Brooklyn,11203.0,Closed,Unknown,0
63626583,2025-01-04 07:00:00,2025-01-04 08:30:00,DOT,Traffic Signal Condition,Controller,Brooklyn,11203.0,Closed,Unknown,0
63626585,2025-01-04 20:29:00,2025-01-05 08:00:00,DOT,Traffic Signal Condition,Controller,Brooklyn,11223.0,Closed,Unknown,0
63626587,2025-01-04 18:00:00,2025-01-04 19:15:00,DOT,Traffic Signal Condition,Controller,Brooklyn,11209.0,Closed,Unknown,0
63626588,2025-01-04 14:40:00,2025-01-14 09:20:00,DOT,Street Light Condition,Street Light Out,Brooklyn,11201.0,Closed,Unknown,9
63626602,2025-01-04 12:40:00,2025-01-05 08:30:00,DOT,Traffic Signal Condition,APS,Manhattan,10010.0,Closed,Unknown,0
63626606,2025-01-04 09:25:57,2025-01-06 16:06:40,DOT,Bike Rack,Abandoned Bike,Brooklyn,11225.0,Closed,Online,2
63626628,2025-01-05 00:52:00,2025-01-05 01:00:00,DOT,Traffic Signal Condition,Controller,Brooklyn,11237.0,Closed,Unknown,0
63626673,2025-01-04 04:57:00,2025-01-06 12:12:00,DOT,Street Light Condition,Street Light Out,Bronx,10462.0,Closed,Unknown,2
63626696,2025-01-04 05:11:00,2025-01-04 07:20:00,DOT,Traffic Signal Condition,Controller,Staten Island,10303.0,Closed,Unknown,0
63626697,2025-01-04 10:07:00,2025-01-04 11:25:00,DOT,Traffic Signal Condition,Controller,Queens,11004.0,Closed,Unknown,0
63626708,2025-01-05 00:05:00,2025-01-05 05:15:00,DOT,Traffic Signal Condition,Controller,Queens,11354.0,Closed,Unknown,0
63626730,2025-01-04 06:53:00,2025-01-14 13:42:00,DOT,Street Light Condition,Street Light Out,Staten Island,10309.0,Closed,Unknown,10
63626820,2025-01-04 04:15:00,2025-01-04 05:00:00,DOT,Traffic Signal Condition,LED Lense,Bronx,10461.0,Closed,Unknown,0
63627223,2025-01-04 13:24:00,2025-01-04 17:00:00,DOT,Traffic Signal Condition,Pedestrian Signal,Queens,11373.0,Closed,Unknown,0
63627347,2025-01-04 19:19:00,2025-01-04 21:00:00,DOT,Street Light Condition,Lamppost Knocked Down,Queens,11693.0,Closed,Unknown,0
63627386,2025-01-04 09:49:35,2025-01-08 07:42:19,DOT,Street Condition,Dumpster - Construction Waste,Brooklyn,11211.0,Closed,Phone,3
63627530,2025-01-04 19:09:36,2025-01-08 03:17:18,DOT,Curb Condition,Broken Curb,Queens,11354.0,Closed,Mobile,3
63627664,2025-01-04 12:44:05,2025-01-10 12:17:23,DOT,Bus Stop Shelter Complaint,Dirty/Graffiti,Manhattan,10037.0,Closed,Online,5
63627665,2025-01-04 22:08:49,2025-01-08 15:44:59,DOT,Curb Condition,Curb Defect-Metal Protruding,Queens,11362.0,Closed,Mobile,3
63627881,2025-01-04 09:31:03,2025-01-07 10:51:24,DOT,Sidewalk Condition,Blocked - Construction,Brooklyn,11219.0,Closed,Phone,3
63627882,2025-01-04 14:35:53,2025-01-08 11:31:13,DOT,Sidewalk Condition,Broken Sidewalk,Manhattan,10035.0,Closed,Phone,3
63627883,2025-01-04 13:11:08,2025-01-06 10:30:48,DOT,Street Condition,Defective Hardware,Bronx,10472.0,Closed,Phone,1
63627884,2025-01-04 13:47:21,2025-01-06 17:02:54,DOT,Street Condition,Defective Hardware,Queens,11357.0,Closed,Phone,2
63627907,2025-01-04 22:00:22,2025-08-18 05:54:25,DOT,Street Sign - Dangling,Street Cleaning - ASP,Brooklyn,11219.0,Closed,Mobile,225
63627912,2025-01-04 16:27:58,2025-01-06 14:36:27,DOT,Street Condition,Blocked - Construction,Brooklyn,11234.0,Closed,Online,1
63627945,2025-01-04 04:00:00,2025-01-04 04:30:00,DOT,Traffic Signal Condition,Veh Signal Visor,Manhattan,10014.0,Closed,Unknown,0
63628044,2025-01-04 09:36:45,2025-01-08 09:24:41,DOT,Sidewalk Condition,Broken Sidewalk,Brooklyn,11219.0,Closed,Phone,3
63628045,2025-01-04 13:08:29,2025-01-08 09:29:19,DOT,Sidewalk Condition,Broken Sidewalk,Brooklyn,11201.0,Closed,Online,3
63628046,2025-01-04 21:02:36,2025-01-07 10:43:51,DOT,Street Condition,Cave-in,Brooklyn,11211.0,Closed,Phone,2
63628065,2025-01-04 09:42:19,2025-01-07 11:15:39,DOT,Street Condition,Defective Hardware,Queens,11436.0,Closed,Phone,3
63628066,2025-01-04 16:25:35,2025-01-13 15:15:13,DOT,Street Sign - Dangling,Speed Limit,Queens,11379.0,Closed,Online,8
63628067,2025-01-04 13:43:16,2025-01-09 05:56:23,DOT,Street Sign - Dangling,Stop,Brooklyn,11208.0,Closed,Phone,4
63628073,2025-01-04 11:05:59,2025-01-06 07:07:04,DOT,Street Condition,"Rough, Pitted or Cracked Roads",Staten Island,10307.0,Closed,Phone,1
63628074,2025-01-04 09:24:01,2025-01-13 15:13:32,DOT,Street Sign - Damaged,One Way,Queens,11368.0,Closed,Phone,9
63628099,2025-01-04 21:32:00,2025-02-05 23:50:00,DOT,Traffic Signal Condition,Controller,Manhattan,10011.0,Closed,Unknown,32
63628177,2025-01-04 13:32:00,2025-01-09 10:58:00,DOT,Street Light Condition,Street Light Out,Queens,11692.0,Closed,Unknown,4
63628186,2025-01-05 00:09:00,2026-05-20 10:27:00,DOT,Street Light Condition,Lamppost Damaged,Bronx,10472.0,Closed,Unknown,500
63628189,2025-01-04 17:58:00,2025-01-04 19:55:00,DOT,Traffic Signal Condition,Controller,Bronx,10456.0,Closed,Unknown,0
63628190,2025-01-04 05:05:00,2025-01-04 07:20:00,DOT,Traffic Signal Condition,Controller,Bronx,10470.0,Closed,Unknown,0
63628191,2025-01-04 22:55:00,2025-01-05 00:30:00,DOT,Traffic Signal Condition,Controller,Queens,11694.0,Closed,Unknown,0
63628193,2025-01-04 12:46:00,2025-01-04 14:00:00,DOT,Traffic Signal Condition,Controller,Manhattan,10002.0,Closed,Unknown,0
63628194,2025-01-04 20:24:00,2025-01-05 02:45:00,DOT,Traffic Signal Condition,Controller,Brooklyn,11214.0,Closed,Unknown,0
63628212,2025-01-04 12:07:00,2025-01-04 12:07:00,DOT,Traffic Signal Condition,Veh Signal Head,Queens,11429.0,Closed,Unknown,0
63628260,2025-01-04 21:50:00,2025-01-05 00:30:00,DOT,Traffic Signal Condition,Controller,Queens,11694.0,Closed,Unknown,0
63628268,2025-01-05 00:49:00,2025-01-05 02:15:00,DOT,Traffic Signal Condition,Controller,Bronx,10458.0,Closed,Unknown,0
63628277,2025-01-04 18:54:00,2025-01-04 21:10:00,DOT,Traffic Signal Condition,Controller,Brooklyn,11203.0,Closed,Unknown,0
63628288,2025-01-04 14:08:00,2025-01-05 00:30:00,DOT,Traffic Signal Condition,Controller,Queens,11694.0,Closed,Unknown,0
63628290,2025-01-04 23:25:00,2025-04-16 08:50:00,DOT,Street Light Condition,Street Light Out,Bronx,10456.0,Closed,Unknown,101
63628301,2025-01-04 14:19:00,2025-01-17 12:00:00,DOT,Traffic Signal Condition,Pedestrian Signal,Queens,11372.0,Closed,Unknown,12
63628815,2025-01-04 13:16:00,2025-01-05 12:10:00,DOT,Traffic Signal Condition,Veh Signal Lamp,Brooklyn,11215.0,Closed,Unknown,0
63628867,2025-01-04 16:18:00,2025-01-04 22:00:00,DOT,Traffic Signal Condition,Veh Sgnl Mult Lamps,Staten Island,10312.0,Closed,Unknown,0
63628878,2025-01-04 16:25:00,2025-01-04 18:20:00,DOT,Traffic Signal Condition,Vehicle Signal,Queens,11355.0,Closed,Unknown,0
63628894,2025-01-04 20:36:00,2025-03-26 12:15:00,DOT,Traffic Signal Condition,Veh Signal Head,Brooklyn,11207.0,Closed,Unknown,80
63628901,2025-01-04 08:37:00,2025-01-06 10:57:00,DOT,Street Light Condition,Fixture/Luminaire Damaged,Queens,11426.0,Closed,Unknown,2
63628917,2025-01-04 03:55:00,2025-01-06 12:16:00,DOT,Street Light Condition,Fixture/Luminaire Hanging,Bronx,10461.0,Closed,Unknown,2
63628965,2025-01-04 13:57:18,2025-01-07 08:39:37,DOT,Outdoor Dining,Site Setup Condition,Manhattan,10011.0,Closed,Phone,2
63629015,2025-01-04 12:00:57,2025-01-07 08:44:14,DOT,Outdoor Dining,Site Setup Condition,Manhattan,10011.0,Closed,Phone,2
63629016,2025-01-04 07:51:59,2025-01-07 09:12:45,DOT,Outdoor Dining,Site Setup Condition,Brooklyn,11238.0,Closed,Online,3
63629055,2025-01-04 16:48:27,2025-01-07 06:41:12,DOT,Broken Parking Meter,Out of Order,Manhattan,10007.0,Closed,Online,2
63629070,2025-01-04 14:56:12,2025-01-14 11:15:02,DOT,Street Sign - Dangling,School Crossing,Queens,11422.0,Closed,Mobile,9
63629080,2025-01-04 14:19:44,2025-05-21 13:45:40,DOT,Curb Condition,Defacement,Brooklyn,11223.0,Closed,Online,136
63629107,2025-01-04 12:34:23,2025-01-08 08:35:21,DOT,Broken Parking Meter,Credit Card Stuck in Meter,Queens,11361.0,Closed,Phone,3
63629325,2025-01-04 23:39:58,2025-01-14 10:55:09,DOT,Sidewalk Condition,Broken Sidewalk,Brooklyn,11204.0,Closed,Phone,9
63629327,2025-01-04 16:48:44,2025-01-08 12:45:25,DOT,Sidewalk Condition,Sidewalk Violation,Queens,11421.0,Closed,Phone,3
63629328,2025-01-04 16:47:21,2025-01-07 11:39:44,DOT,Street Condition,Defective Hardware,Brooklyn,11216.0,Closed,Phone,2
63629346,2025-01-04 10:05:47,2025-01-06 08:09:37,DOT,Street Sign - Missing,Stop,Brooklyn,11201.0,Closed,Mobile,1
63629347,2025-01-04 09:03:50,2026-01-05 13:14:49,DOT,Street Sign - Missing,Street Cleaning - ASP,Brooklyn,11220.0,Closed,Mobile,366
63629502,2025-01-04 13:52:59,2025-01-08 08:52:46,DOT,Street Condition,Blocked - Construction,Manhattan,10065.0,Closed,Online,3
63629547,2025-01-04 10:40:53,2025-01-07 09:13:32,DOT,Street Condition,Cave-in,Queens,11419.0,Closed,Online,2
63629548,2025-01-04 19:26:17,2025-01-06 13:26:11,DOT,Street Condition,Failed Street Repair,Manhattan,10025.0,Closed,Online,1
63629673,2025-01-04 08:52:04,2025-01-06 16:57:35,DOT,Sidewalk Condition,Broken Sidewalk,Staten Island,10305.0,Closed,Mobile,2
63629674,2025-01-04 12:58:29,2025-01-08 18:47:04,DOT,Street Sign - Damaged,"No Parking, Standing, Stopping",Bronx,10460.0,Closed,Mobile,4
63629732,2025-01-04 14:01:00,2025-01-06 14:09:00,DOT,Street Light Condition,Street Light Out,Queens,11103.0,Closed,Unknown,2
63629739,2025-01-04 22:10:36,2025-02-19 12:09:02,DOT,Bike Rack,Damaged/Bent/Loose/Leaning,Queens,11105.0,Closed,Online,45
63629747,2025-01-04 16:41:00,2025-01-04 18:45:00,DOT,Traffic Signal Condition,Controller,Queens,11354.0,Closed,Unknown,0
63629748,2025-01-05 00:07:00,2025-01-05 01:30:00,DOT,Traffic Signal Condition,Controller,Brooklyn,11223.0,Closed,Unknown,0
63629756,2025-01-04 07:14:00,2025-01-04 08:10:00,DOT,Traffic Signal Condition,Controller,Bronx,10466.0,Closed,Unknown,0
63629777,2025-01-04 05:55:00,2025-01-04 06:00:00,DOT,Traffic Signal Condition,Controller,Brooklyn,11221.0,Closed,Unknown,0
63629791,2025-01-04 18:06:00,2025-01-14 11:48:00,DOT,Street Light Condition,Street Light Out,Brooklyn,11203.0,Closed,Unknown,9
63629792,2025-01-04 20:17:00,2025-02-25 14:41:00,DOT,Street Light Condition,Street Light Out,Staten Island,10309.0,Closed,Unknown,51
63629793,2025-01-04 23:55:00,2025-02-05 00:00:00,DOT,Street Light Condition,Traffic Signal Light,Manhattan,10011.0,Closed,Unknown,31
63629795,2025-01-04 12:41:00,2025-01-04 12:45:00,DOT,Traffic Signal Condition,Time Switch,Queens,11429.0,Closed,Unknown,0
63630353,2025-01-04 14:24:00,2025-01-06 14:14:00,DOT,Street Light Condition,Lamppost Leaning,Brooklyn,11207.0,Closed,Unknown,1
63630458,2025-01-04 13:58:56,2025-01-07 09:23:24,DOT,Outdoor Dining,Site Setup Condition,Manhattan,10014.0,Closed,Phone,2
63630607,2025-01-04 16:46:17,2025-01-07 09:30:04,DOT,Street Condition,Dumpster - Construction Waste,Queens,11419.0,Closed,Online,2
63630792,2025-01-04 07:23:41,2025-01-06 17:15:45,DOT,Street Condition,Failed Street Repair,Queens,11357.0,Closed,Online,2
63630869,2025-01-04 07:01:52,2025-01-07 15:45:26,DOT,Sidewalk Condition,Broken Sidewalk,Queens,11426.0,Closed,Mobile,3
63630870,2025-01-04 21:38:04,2025-01-08 18:47:41,DOT,Street Sign - Dangling,Other/Unknown,Bronx,10463.0,Closed,Online,3
63631042,2025-01-04 16:21:27,2025-01-07 16:55:54,DOT,Street Sign - Dangling,St Name - Over Intersection,Manhattan,10069.0,Closed,Phone,3
63631080,2025-01-04 07:10:00,2025-01-15 09:45:00,DOT,Traffic Signal Condition,Controller,Queens,11426.0,Closed,Unknown,11
63631167,2025-01-04 17:37:24,2025-01-07 10:33:13,DOT,Sidewalk Condition,Blocked - Construction,Queens,11419.0,Closed,Phone,2
63631168,2025-01-04 12:15:01,2025-01-06 11:48:31,DOT,Street Condition,Defective Hardware,Manhattan,10024.0,Closed,Online,1
63631172,2025-01-04 07:34:28,2025-01-07 10:23:08,DOT,Street Condition,Defective Hardware,Queens,11358.0,Closed,Online,3
63631173,2025-01-04 21:30:38,2025-01-06 10:38:56,DOT,Street Condition,Failed Street Repair,Manhattan,10035.0,Closed,Phone,1
63631174,2025-01-04 17:24:22,2025-01-06 17:10:45,DOT,Street Condition,Failed Street Repair,Queens,11379.0,Closed,Online,1
63631175,2025-01-04 08:54:34,2025-01-06 12:42:01,DOT,Street Condition,"Rough, Pitted or Cracked Roads",Queens,11413.0,Closed,Phone,2
63631176,2025-01-04 14:08:11,2025-01-13 15:14:37,DOT,Street Sign - Dangling,Stop,Queens,11375.0,Closed,Mobile,9
63631184,2025-01-04 13:09:00,2025-01-07 09:47:00,DOT,Street Light Condition,Street Light Out,Queens,11429.0,Closed,Unknown,2
63631186,2025-01-04 09:16:00,2025-01-07 10:13:00,DOT,Street Light Condition,Street Light Out,Bronx,10465.0,Closed,Unknown,3
63631232,2025-01-04 14:24:04,2025-01-13 09:52:55,DOT,Bike Rack,Damaged/Bent/Loose/Leaning,Manhattan,10019.0,Closed,Online,8
63631234,2025-01-04 09:04:49,2025-01-09 08:21:07,DOT,Outdoor Dining,Sidewalk Zone Blocked,Brooklyn,11249.0,Closed,Online,4
63631235,2025-01-04 10:13:00,2025-01-04 11:25:00,DOT,Traffic Signal Condition,Controller,Queens,11004.0,Closed,Unknown,0
63631238,2025-01-04 05:07:00,2025-01-04 06:55:00,DOT,Traffic Signal Condition,Controller,Bronx,10456.0,Closed,Unknown,0
63631243,2025-01-04 15:13:00,2025-01-05 11:10:00,DOT,Traffic Signal Condition,APS,Queens,11420.0,Closed,Unknown,0
63631248,2025-01-04 13:44:00,2025-01-07 08:30:00,DOT,Street Light Condition,Street Light Out,Manhattan,10014.0,Closed,Unknown,2
63631328,2025-01-04 05:08:00,2025-01-04 07:30:00,DOT,Traffic Signal Condition,Controller,Manhattan,10002.0,Closed,Unknown,0
63631879,2025-01-04 14:47:00,2025-01-04 16:20:00,DOT,Traffic Signal Condition,Pedestrian Signal,Queens,11355.0,Closed,Unknown,0
63631880,2025-01-04 14:54:00,2025-01-07 09:20:00,DOT,Traffic Signal Condition,Veh Sgnl Mult Lamps,Brooklyn,11204.0,Closed,Unknown,2
63631885,2025-01-04 16:08:00,2025-01-04 18:20:00,DOT,Traffic Signal Condition,Veh Signal Lamp,Queens,11355.0,Closed,Unknown,0
63631886,2025-01-04 14:49:00,2025-01-06 14:53:00,DOT,Street Light Condition,Lamppost Leaning,Brooklyn,11222.0,Closed,Unknown,2
63632012,2025-01-04 11:34:00,2025-01-06 09:40:00,DOT,Traffic Signal Condition,Wireless,Brooklyn,11207.0,Closed,Unknown,1
63632023,2025-01-04 21:10:00,2025-01-06 20:25:00,DOT,Traffic Signal Condition,Veh Signal Lamp,Brooklyn,11203.0,Closed,Unknown,1
63632024,2025-01-04 17:05:00,2025-01-05 20:40:00,DOT,Traffic Signal Condition,Veh Signal Lamp,Queens,11360.0,Closed,Unknown,1
63632045,2025-01-05 01:17:30,2025-01-06 01:40:50,DOT,Street Condition,Plate Condition - Noisy,Brooklyn,11249.0,Closed,Online,1
63632062,2025-01-04 08:20:37,2025-01-06 01:25:34,DOT,Street Condition,Plate Condition - Noisy,Manhattan,10128.0,Closed,Online,1
63632073,2025-01-04 19:15:08,2025-04-28 10:58:23,DOT,Curb Condition,Broken Curb,Queens,11416.0,Closed,Online,113
63632110,2025-01-04 16:01:16,2025-01-08 07:53:38,DOT,Broken Parking Meter,Out of Order,Brooklyn,11217.0,Closed,Phone,3
63632168,2025-01-04 21:56:48,2025-01-06 10:08:49,DOT,Street Condition,Plate Condition - Noisy,Manhattan,10036.0,Closed,Online,1
63632184,2025-01-04 13:01:12,2025-01-16 13:03:59,DOT,Street Condition,Crash Cushion Defect,Brooklyn,11215.0,Closed,Phone,12
63632389,2025-01-04 10:08:55,2025-01-07 09:14:32,DOT,Street Condition,Blocked - Construction,Queens,11379.0,Closed,Phone,2
63632424,2025-01-04 19:03:25,2025-01-06 01:38:24,DOT,Street Condition,Plate Condition - Noisy,Brooklyn,11249.0,Closed,Online,1
63632491,2025-01-05 00:09:58,2025-01-06 06:25:49,DOT,Street Sign - Damaged,Other/Unknown,Brooklyn,11219.0,Closed,Mobile,1
63632512,2025-01-04 11:26:00,2025-01-05 10:35:00,DOT,Traffic Signal Condition,Ped Lamp,Queens,11435.0,Closed,Unknown,0
63632609,2025-01-04 17:23:00,2025-01-06 11:44:27,DOT,Sidewalk Condition,Blocked - Construction,Manhattan,10040.0,Closed,Phone,1
63632610,2025-01-04 12:46:24,2025-01-08 09:27:29,DOT,Sidewalk Condition,Broken Sidewalk,Brooklyn,11201.0,Closed,Online,3
63632611,2025-01-04 16:31:24,2025-01-08 10:44:05,DOT,Street Condition,Defective Hardware,Manhattan,10002.0,Closed,Phone,3
63632612,2025-01-05 00:23:04,2025-01-07 17:39:48,DOT,Street Sign - Dangling,"No Parking, Standing, Stopping",Manhattan,10013.0,Closed,Online,2
63632700,2025-01-04 09:49:00,2025-01-04 11:50:00,DOT,Traffic Signal Condition,Wireless,Brooklyn,11207.0,Closed,Unknown,0
63632747,2025-01-04 09:43:46,2025-01-06 09:58:23,DOT,Sidewalk Condition,Blocked - Construction,Manhattan,10018.0,Closed,Online,2
63632748,2025-01-04 15:23:11,2025-01-06 11:23:30,DOT,Street Condition,"Rough, Pitted or Cracked Roads",Bronx,10462.0,Closed,Phone,1
63632757,2025-01-04 21:46:00,2025-01-04 23:45:00,DOT,Traffic Signal Condition,Vehicle Signal,Manhattan,10011.0,Closed,Unknown,0
63632804,2025-01-04 19:10:00,2025-01-08 10:36:00,DOT,Street Light Condition,Street Light Out,Brooklyn,11208.0,Closed,Unknown,3
63632811,2025-01-04 11:25:00,2025-01-05 03:35:00,DOT,Traffic Signal Condition,Cable,Brooklyn,11207.0,Closed,Unknown,0
63632814,2025-01-04 05:14:00,2025-01-04 06:55:00,DOT,Traffic Signal Condition,Controller,Bronx,10456.0,Closed,Unknown,0
63632827,2025-01-04 06:22:00,2025-01-07 10:13:00,DOT,Street Light Condition,Street Light Cycling,Bronx,10466.0,Closed,Unknown,3
63632828,2025-01-04 20:34:00,2025-01-14 11:18:00,DOT,Street Light Condition,Street Light Out,Staten Island,10309.0,Closed,Unknown,9
63632829,2025-01-04 17:34:00,2025-01-14 13:37:00,DOT,Street Light Condition,Street Light Out,Staten Island,10314.0,Closed,Unknown,9
63632831,2025-01-04 16:44:00,2025-01-14 13:39:00,DOT,Street Light Condition,Street Light Out,Staten Island,10312.0,Closed,Unknown,9
63632832,2025-01-04 04:55:00,2025-01-07 00:00:00,DOT,Street Light Condition,Traffic Signal Light,Manhattan,10029.0,Closed,Unknown,2
63632869,2025-01-04 05:12:00,2025-01-04 07:20:00,DOT,Traffic Signal Condition,Controller,Bronx,10470.0,Closed,Unknown,0
63632875,2025-01-04 22:39:00,2025-01-08 12:58:00,DOT,Street Light Condition,Street Light Out,Queens,11374.0,Closed,Unknown,3
63632876,2025-01-04 14:25:00,2025-02-14 15:30:00,DOT,Traffic Signal Condition,Post,Brooklyn,11204.0,Closed,Unknown,41
63632879,2025-01-04 15:17:00,2025-01-04 15:17:00,DOT,Traffic Signal Condition,Controller,Queens,11355.0,Closed,Unknown,0
63632880,2025-01-04 02:59:00,2025-01-04 04:00:00,DOT,Traffic Signal Condition,Controller,Queens,11422.0,Closed,Unknown,0
63632910,2025-01-04 08:28:00,2025-01-13 11:54:00,DOT,Street Light Condition,Street Light Out,Queens,11694.0,Closed,Unknown,9
63632976,2025-01-05 00:33:00,2025-01-05 03:45:00,DOT,Traffic Signal Condition,Controller,Brooklyn,11212.0,Closed,Unknown,0
63632993,2025-01-04 16:19:00,2025-01-06 10:55:00,DOT,Street Light Condition,Street Light Out,Queens,11418.0,Closed,Unknown,1
63632994,2025-01-04 06:45:00,2025-01-07 00:00:00,DOT,Street Light Condition,Traffic Signal Light,Manhattan,10016.0,Closed,Unknown,2
63633450,2025-01-04 19:03:00,2025-01-06 08:15:00,DOT,Traffic Signal Condition,Veh Sgnl Mult Lamps,Queens,11354.0,Closed,Unknown,1
63633511,2025-01-04 16:43:00,2025-01-05 12:40:00,DOT,Traffic Signal Condition,Veh Signal Lamp,Brooklyn,11215.0,Closed,Unknown,0
63633513,2025-01-04 20:13:00,2025-01-06 09:10:00,DOT,Traffic Signal Condition,Veh Signal Lamp,Queens,11375.0,Closed,Unknown,1
63633569,2025-01-04 12:07:03,2025-01-06 11:20:55,DOT,E-Scooter,Improperly Parked or Abandoned,Queens,11411.0,Closed,Online,1
63633586,2025-01-04 10:41:09,2025-03-15 06:44:02,DOT,Broken Parking Meter,Out of Order,Bronx,10461.0,Closed,Mobile,69
63633589,2025-01-04 14:26:22,2025-01-10 12:17:49,DOT,Bus Stop Shelter Complaint,Dirty/Graffiti,Queens,11375.0,Closed,Online,5
63633590,2025-01-04 12:30:03,2025-03-28 09:14:41,DOT,Curb Condition,Defacement,Queens,11354.0,Closed,Online,82
63633833,2025-01-04 16:39:55,2025-01-07 16:23:47,DOT,Sidewalk Condition,Broken Sidewalk,Queens,11416.0,Closed,Online,2
63633835,2025-01-04 10:42:14,2025-01-07 09:19:08,DOT,Street Condition,Cave-in,Queens,11379.0,Closed,Phone,2
63633853,2025-01-04 20:11:37,2025-01-07 09:11:30,DOT,Outdoor Dining,Site Setup Condition,Brooklyn,11234.0,Closed,Phone,2
63633983,2025-01-04 09:10:23,2025-01-06 17:14:00,DOT,Street Condition,Cave-in,Queens,11360.0,Closed,Phone,2
63633984,2025-01-04 16:48:39,2025-01-06 09:39:55,DOT,Street Condition,Defective Hardware,Manhattan,10002.0,Closed,Online,1
63633985,2025-01-04 14:02:25,2025-01-07 14:22:39,DOT,Street Condition,Failed Street Repair,Brooklyn,11205.0,Closed,Online,3
63633986,2025-01-04 15:20:30,2025-01-06 12:10:38,DOT,Street Condition,"Rough, Pitted or Cracked Roads",Bronx,10462.0,Closed,Phone,1
63633987,2025-01-04 15:17:35,2025-01-06 12:08:13,DOT,Street Condition,"Rough, Pitted or Cracked Roads",Bronx,10462.0,Closed,Phone,1
63633988,2025-01-04 14:44:29,2025-01-14 11:13:18,DOT,Street Sign - Damaged,Other/Unknown,Queens,11379.0,Closed,Mobile,9
63633989,2025-01-04 22:35:43,2025-01-06 06:27:15,DOT,Street Sign - Dangling,Other/Unknown,Brooklyn,11219.0,Closed,Online,1
63634150,2025-01-04 11:36:03,2025-01-06 17:01:12,DOT,Sidewalk Condition,Broken Sidewalk,Queens,11105.0,Closed,Online,2
63634151,2025-01-04 20:05:13,2025-01-06 09:39:22,DOT,Street Condition,Defective Hardware,Manhattan,10011.0,Closed,Online,1
63634152,2025-01-04 08:32:45,2025-07-17 14:16:38,DOT,Street Sign - Missing,Street Cleaning - ASP,Brooklyn,11220.0,Closed,Mobile,194
63634223,2025-01-04 11:06:26,2025-01-07 15:46:58,DOT,Sidewalk Condition,Broken Sidewalk,Queens,11368.0,Closed,Phone,3
63634226,2025-01-04 13:26:27,2025-03-20 17:03:16,DOT,Street Sign - Damaged,Construction,Manhattan,10029.0,Closed,Online,75
63634227,2025-01-04 07:22:00,2025-01-04 09:10:00,DOT,Traffic Signal Condition,Controller,Queens,11372.0,Closed,Unknown,0
63634294,2025-01-04 20:21:50,2025-01-10 09:31:53,DOT,Outdoor Dining,Sidewalk Zone Blocked,Queens,11370.0,Closed,Online,5
63634299,2025-01-04 19:29:00,2025-01-14 13:57:00,DOT,Street Light Condition,Street Light Out,Brooklyn,11232.0,Closed,Unknown,9
63634308,2025-01-04 13:48:00,2025-01-04 15:00:00,DOT,Traffic Signal Condition,Cable,Brooklyn,11211.0,Closed,Unknown,0
63634309,2025-01-04 22:25:00,2025-01-09 14:34:00,DOT,Street Light Condition,Street Light Out,Queens,11379.0,Closed,Unknown,4
63634316,2025-01-04 04:42:00,2025-01-04 05:10:00,DOT,Traffic Signal Condition,Controller,Queens,11412.0,Closed,Unknown,0
63634346,2025-01-04 18:16:00,2025-01-14 13:53:00,DOT,Street Light Condition,Street Light Out,Brooklyn,11204.0,Closed,Unknown,9
63634369,2025-01-04 05:03:00,2025-01-04 06:30:00,DOT,Traffic Signal Condition,Controller,Bronx,10463.0,Closed,Unknown,0
63634388,2025-01-04 06:58:00,2025-01-04 08:15:00,DOT,Traffic Signal Condition,Controller,Brooklyn,11209.0,Closed,Unknown,0
63634410,2025-01-04 20:26:00,2025-01-14 15:49:00,DOT,Street Light Condition,Street Light Out,Queens,11385.0,Closed,Unknown,9
63634411,2025-01-04 04:55:00,2025-01-07 00:00:00,DOT,Street Light Condition,Traffic Signal Light,Manhattan,10033.0,Closed,Unknown,2
63634417,2025-01-04 15:06:00,2025-01-04 16:40:00,DOT,Traffic Signal Condition,Controller,Manhattan,10024.0,Closed,Unknown,0
63634448,2025-01-04 11:04:00,2025-01-04 18:20:00,DOT,Traffic Signal Condition,LED Lense,Queens,11377.0,Closed,Unknown,0
63634912,2025-01-05 18:43:00,2025-01-05 20:00:00,DOT,Street Light Condition,Lamppost Knocked Down,Queens,11434.0,Closed,Unknown,0
63634942,2025-01-05 16:07:01,2025-01-21 16:30:54,DOT,Street Condition,Line/Marking - After Repaving,Queens,11357.0,Closed,Online,16
63634957,2025-01-05 12:38:04,2025-01-07 09:55:00,DOT,Curb Condition,Broken Curb,Brooklyn,11218.0,Closed,Mobile,1
63635023,2025-01-05 04:25:59,2025-03-19 08:50:28,DOT,Sidewalk Condition,Blocked - Construction,Bronx,10452.0,Closed,Phone,73
63635038,2025-01-05 09:12:40,2025-01-06 11:48:36,DOT,Street Condition,Defective Hardware,Manhattan,10024.0,Closed,Online,1
63635065,2025-01-05 14:10:21,2025-01-09 06:37:14,DOT,Street Condition,Cave-in,Queens,11435.0,Closed,Online,3
63635066,2025-01-05 13:33:28,2025-01-07 08:29:53,DOT,Street Condition,Failed Street Repair,Brooklyn,11230.0,Closed,Phone,1
63635067,2025-01-05 10:00:14,2025-01-05 23:53:52,DOT,Street Condition,Plate Condition - Shifted,Manhattan,10029.0,Closed,Phone,0
63635070,2025-01-05 15:53:11,2025-01-07 11:16:32,DOT,Sidewalk Condition,Blocked - Construction,Brooklyn,11204.0,Closed,Phone,1
63635071,2025-01-05 08:42:03,2025-01-06 08:24:51,DOT,Street Condition,Guard Rail - Street,Manhattan,10003.0,Closed,Phone,0
63635076,2025-01-05 15:30:44,2025-01-17 17:45:21,DOT,Sidewalk Condition,Sidewalk Collapsed,Queens,11355.0,Closed,Phone,12
63635077,2025-01-05 12:02:02,2025-01-08 15:37:44,DOT,Street Sign - Damaged,Stop,Queens,11418.0,Closed,Phone,3
63635078,2025-01-05 16:11:41,2025-01-06 06:21:02,DOT,Street Sign - Missing,Other/Unknown,Manhattan,10016.0,Closed,Mobile,0
63635140,2025-01-05 18:46:00,2025-01-15 10:40:00,DOT,Street Light Condition,Street Light Out,Staten Island,10306.0,Closed,Unknown,9
63635141,2025-01-05 07:57:00,2025-01-15 11:25:00,DOT,Street Light Condition,Street Light Out,Brooklyn,11232.0,Closed,Unknown,10
63635145,2025-01-05 13:49:00,2025-01-15 10:36:00,DOT,Street Light Condition,Street Light Out,Staten Island,10314.0,Closed,Unknown,9
63635155,2025-01-05 18:07:00,2025-01-06 10:49:00,DOT,Street Light Condition,Street Light Out,Queens,11412.0,Closed,Unknown,0
63635407,2025-01-05 16:31:00,2025-01-05 17:25:00,DOT,Traffic Signal Condition,Controller,Manhattan,10029.0,Closed,Unknown,0
63636034,2025-01-05 02:30:00,2025-01-05 03:00:00,DOT,Traffic Signal Condition,LED Lense,Bronx,10458.0,Closed,Unknown,0
63636177,2025-01-05 18:00:00,2025-01-05 18:55:00,DOT,Traffic Signal Condition,Controller,Brooklyn,11236.0,Closed,Unknown,0
63636187,2025-01-05 20:15:00,2025-01-05 21:40:00,DOT,Traffic Signal Condition,Controller,Queens,11355.0,Closed,Unknown,0
63636345,2025-01-05 17:19:00,2025-01-07 09:45:00,DOT,Traffic Signal Condition,Veh Signal Lamp,Brooklyn,11219.0,Closed,Unknown,1
63636346,2025-01-05 13:31:00,2025-01-06 10:40:00,DOT,Traffic Signal Condition,Veh Signal Lamp,Queens,11106.0,Closed,Unknown,0
63636347,2025-01-05 19:20:00,2025-01-07 10:15:00,DOT,Street Light Condition,Fixture/Luminaire Hanging,Bronx,10469.0,Closed,Unknown,1
63636352,2025-01-05 10:48:25,2025-01-06 11:19:24,DOT,E-Scooter,Improperly Parked or Abandoned,Queens,11358.0,Closed,Phone,1
63636389,2025-01-05 10:44:50,2025-01-07 15:41:24,DOT,Outdoor Dining,Sidewalk Zone Blocked,Brooklyn,11220.0,Closed,Online,2
63636397,2025-01-05 14:12:53,2025-01-07 15:39:56,DOT,Outdoor Dining,Sidewalk Zone Blocked,Manhattan,10001.0,Closed,Online,2
63636497,2025-01-05 14:35:30,2025-01-07 09:22:17,DOT,Outdoor Dining,Site Setup Condition,Manhattan,10019.0,Closed,Online,1
63636562,2025-01-05 07:47:47,2025-01-06 17:05:11,DOT,Street Condition,Cave-in,Queens,11434.0,Closed,Phone,1
63636563,2025-01-05 11:04:24,2025-01-06 09:52:43,DOT,Street Condition,Failed Street Repair,Staten Island,10309.0,Closed,Online,0
63636579,2025-01-05 17:19:04,2025-05-03 10:02:20,DOT,Curb Condition,Defacement,Brooklyn,11236.0,Closed,Phone,117
63636611,2025-01-05 09:21:58,2025-01-15 07:22:34,DOT,Sidewalk Condition,Broken Sidewalk,Manhattan,10024.0,Closed,Mobile,9
63636612,2025-01-05 10:42:26,2025-01-15 10:18:15,DOT,Sidewalk Condition,Sidewalk Violation,Queens,11426.0,Closed,Phone,9
63636613,2025-01-05 13:39:21,2025-01-07 08:28:46,DOT,Street Condition,Blocked - Construction,Brooklyn,11230.0,Closed,Phone,1
63636614,2025-01-05 21:51:55,2025-01-15 10:40:35,DOT,Sidewalk Condition,Broken Sidewalk,Queens,11361.0,Closed,Online,9
63636615,2025-01-05 10:07:56,2025-01-08 15:37:18,DOT,Street Sign - Missing,Stop,Queens,11040.0,Closed,Phone,3
63636624,2025-01-05 14:37:08,2025-01-07 09:27:09,DOT,Street Condition,Defective Hardware,Manhattan,10016.0,Closed,Online,1
63636625,2025-01-05 13:28:37,2025-01-06 12:49:02,DOT,Street Condition,"Rough, Pitted or Cracked Roads",Queens,11364.0,Closed,Online,0
63636626,2025-01-05 08:25:14,2025-01-10 12:57:00,DOT,Street Sign - Damaged,Do Not Enter,Staten Island,10304.0,Closed,Mobile,5
63636651,2025-01-05 08:39:54,2025-01-07 12:10:02,DOT,Sidewalk Condition,Blocked - Construction,Brooklyn,11214.0,Closed,Phone,2
63636652,2025-01-05 09:43:16,2025-01-15 09:49:07,DOT,Sidewalk Condition,Broken Sidewalk,Queens,11377.0,Closed,Mobile,10
63636653,2025-01-05 17:09:35,2025-01-06 17:09:07,DOT,Street Condition,Cave-in,Queens,11411.0,Closed,Phone,0
63636703,2025-01-05 20:12:00,2025-01-13 09:23:00,DOT,Street Light Condition,Street Light Out,Brooklyn,11205.0,Closed,Unknown,7
63636705,2025-01-05 19:58:00,2025-01-08 13:05:00,DOT,Street Light Condition,Street Light Out,Queens,11385.0,Closed,Unknown,2
63636922,2025-01-05 11:18:00,2025-01-14 12:55:00,DOT,Traffic Signal Condition,Controller,Queens,11372.0,Closed,Unknown,9
63637795,2025-01-05 05:01:00,2025-01-05 05:30:00,DOT,Traffic Signal Condition,Controller,Bronx,10462.0,Closed,Unknown,0
63637843,2025-01-05 02:15:11,2025-01-07 09:18:56,DOT,Outdoor Dining,Site Setup Condition,Brooklyn,11231.0,Closed,Online,2
63637936,2025-01-05 14:54:00,2025-01-05 17:10:00,DOT,Traffic Signal Condition,Controller,Queens,11102.0,Closed,Unknown,0
63637952,2025-01-05 14:37:00,2025-01-05 19:30:00,DOT,Traffic Signal Condition,Veh Signal Lamp,Manhattan,10029.0,Closed,Unknown,0
63637954,2025-01-05 11:42:00,2025-01-05 13:45:00,DOT,Traffic Signal Condition,Veh Signal Head,Brooklyn,11237.0,Closed,Unknown,0
63637955,2025-01-05 17:09:00,2025-01-05 17:25:00,DOT,Traffic Signal Condition,Vehicle Signal,Manhattan,10029.0,Closed,Unknown,0
63637956,2025-01-05 13:16:00,2025-01-05 15:00:00,DOT,Traffic Signal Condition,Pedestrian Signal,Brooklyn,11211.0,Closed,Unknown,0
63638010,2025-01-05 19:49:00,2025-04-16 08:40:00,DOT,Street Light Condition,Street Light Out,Bronx,10467.0,Closed,Unknown,100
63638094,2025-01-05 19:53:56,2025-01-09 10:34:17,DOT,Street Condition,Dumpster - Construction Waste,Brooklyn,11238.0,Closed,Online,3
63638096,2025-01-05 14:27:52,2025-01-06 02:14:32,DOT,Street Condition,Plate Condition - Noisy,Manhattan,10012.0,Closed,Online,0
63638127,2025-01-05 14:38:47,2025-01-15 10:39:41,DOT,Sidewalk Condition,Broken Sidewalk,Queens,11368.0,Closed,Mobile,9
63638128,2025-01-05 14:10:43,2025-01-06 13:45:45,DOT,Street Condition,Failed Street Repair,Manhattan,10025.0,Closed,Online,0
63638163,2025-01-05 10:48:30,2025-01-15 10:39:01,DOT,Sidewalk Condition,Sidewalk Violation,Queens,11426.0,Closed,Phone,9
63638164,2025-01-05 17:13:09,2025-01-07 07:56:01,DOT,Street Sign - Dangling,Other/Unknown,Manhattan,10024.0,Closed,Phone,1
63638168,2025-01-05 10:10:00,2025-01-05 10:40:00,DOT,Traffic Signal Condition,BBS Failure,Staten Island,10301.0,Closed,Unknown,0
63638178,2025-01-05 15:58:23,2025-04-16 11:15:41,DOT,Curb Condition,Curb Defect-Metal Protruding,Brooklyn,11204.0,Closed,Online,100
63638236,2025-01-05 11:56:22,2025-01-14 15:17:15,DOT,Sidewalk Condition,Broken Sidewalk,Bronx,10452.0,Closed,Online,9
63638237,2025-01-05 11:59:12,2025-01-10 08:24:56,DOT,Street Condition,Blocked - Construction,Brooklyn,11213.0,Closed,Phone,4
63638274,2025-01-05 18:54:49,2025-01-08 12:50:06,DOT,Sidewalk Condition,Sidewalk Violation,Queens,11416.0,Closed,Online,2
63638275,2025-01-05 12:23:11,2025-01-08 12:47:00,DOT,Sidewalk Condition,Sidewalk Violation,Queens,11374.0,Closed,Phone,3
63638276,2025-01-05 08:44:51,2025-01-07 08:30:50,DOT,Street Condition,Blocked - Construction,Brooklyn,11214.0,Closed,Phone,1
63638277,2025-01-05 14:34:26,2025-01-13 15:15:40,DOT,Street Sign - Damaged,Street Cleaning - ASP,Queens,11377.0,Closed,Mobile,8
63638293,2025-01-05 06:21:00,2025-01-06 10:48:00,DOT,Street Light Condition,Street Light Out,Queens,11434.0,Closed,Unknown,1
63638353,2025-01-05 20:59:00,2025-01-06 01:30:00,DOT,Traffic Signal Condition,Vehicle Signal,Brooklyn,11224.0,Closed,Unknown,0
63638390,2025-01-05 20:12:00,2025-01-13 09:25:00,DOT,Street Light Condition,Street Light Out,Brooklyn,11221.0,Closed,Unknown,7
63638414,2025-01-05 18:26:00,2025-01-15 11:58:00,DOT,Street Light Condition,Street Light Out,Brooklyn,11234.0,Closed,Unknown,9
63639404,2025-01-05 20:14:00,2025-01-06 00:00:00,DOT,Traffic Signal Condition,Controller,Brooklyn,11218.0,Closed,Unknown,0
63639417,2025-01-05 17:15:00,2025-01-05 19:20:00,DOT,Traffic Signal Condition,Ped Multiple Lamps,Brooklyn,11219.0,Closed,Unknown,0
63639493,2025-01-05 02:10:00,2025-01-05 04:26:00,DOT,Traffic Signal Condition,Controller,Brooklyn,11217.0,Closed,Unknown,0
63639501,2025-01-05 12:01:00,2025-01-06 09:50:00,DOT,Traffic Signal Condition,Ped Lamp,Queens,11368.0,Closed,Unknown,0
63639512,2025-01-05 16:33:00,2025-01-07 01:20:00,DOT,Traffic Signal Condition,Veh Signal Lamp,Brooklyn,11235.0,Closed,Unknown,1
63639566,2025-01-05 19:07:00,2025-01-15 10:38:00,DOT,Street Light Condition,Street Light Out,Staten Island,10306.0,Closed,Unknown,9
63639567,2025-01-05 01:16:00,2025-01-08 10:16:00,DOT,Street Light Condition,Street Light Out,Brooklyn,11212.0,Closed,Unknown,3
63639647,2025-01-05 14:32:37,2025-01-15 11:04:47,DOT,Outdoor Dining,Site Setup Condition,Manhattan,10016.0,Closed,Online,9
63639650,2025-01-05 22:08:05,2025-01-09 10:34:21,DOT,Street Condition,Dumpster - Construction Waste,Brooklyn,11238.0,Closed,Online,3
63639651,2025-01-05 20:53:18,2025-05-03 10:52:59,DOT,Curb Condition,Defacement,Brooklyn,11229.0,Closed,Online,117
63639713,2025-01-05 14:57:40,2025-01-06 14:35:36,DOT,Street Condition,Blocked - Construction,Brooklyn,11204.0,Closed,Phone,0
63639791,2025-01-05 23:44:13,2025-01-07 09:37:30,DOT,Street Condition,Defective Hardware,Queens,11412.0,Closed,Online,1
63639792,2025-01-05 11:10:06,2025-01-07 08:47:00,DOT,Outdoor Dining,Site Setup Condition,Manhattan,10065.0,Closed,Phone,1
63639851,2025-01-05 08:55:37,2025-01-06 15:31:39,DOT,Street Condition,Defective Hardware,Manhattan,10030.0,Closed,Online,1
63639962,2025-01-05 10:14:00,2025-01-06 10:53:00,DOT,Street Light Condition,Street Light Cycling,Queens,11419.0,Closed,Unknown,1
63640029,2025-01-05 08:10:00,2025-01-05 10:10:00,DOT,Traffic Signal Condition,Wireless,Brooklyn,11237.0,Closed,Unknown,0
63640441,2025-01-05 19:01:00,2025-01-15 13:08:00,DOT,Street Light Condition,Fixture/Luminaire Out Of Position,Brooklyn,11234.0,Closed,Unknown,9
63640885,2025-01-05 06:31:00,2025-01-05 08:30:00,DOT,Traffic Signal Condition,Controller,Brooklyn,11224.0,Closed,Unknown,0
63640886,2025-01-05 03:55:00,2025-01-05 05:20:00,DOT,Traffic Signal Condition,Controller,Brooklyn,11216.0,Closed,Unknown,0
63640896,2025-01-05 21:34:00,2025-01-06 00:00:00,DOT,Traffic Signal Condition,Controller,Brooklyn,11236.0,Closed,Unknown,0
63640912,2025-01-05 20:17:00,2025-01-06 11:40:00,DOT,Traffic Signal Condition,Controller,Brooklyn,11203.0,Closed,Unknown,0
63640922,2025-01-05 07:20:00,2025-01-07 06:45:00,DOT,Traffic Signal Condition,Veh Signal Lamp,Brooklyn,11230.0,Closed,Unknown,1
63640961,2025-01-05 09:48:00,2025-01-05 12:10:00,DOT,Traffic Signal Condition,Ped Lamp,Manhattan,10075.0,Closed,Unknown,0
63640975,2025-01-05 17:16:00,2025-01-05 17:48:00,DOT,Traffic Signal Condition,Pedestrian Signal,Brooklyn,11219.0,Closed,Unknown,0
63640999,2025-01-05 18:08:00,2025-01-15 08:40:00,DOT,Traffic Signal Condition,Vehicle Signal,Brooklyn,11228.0,Closed,Unknown,9
63641006,2025-01-05 10:21:00,2025-01-14 11:21:00,DOT,Street Light Condition,Street Light Out,Brooklyn,11220.0,Closed,Unknown,9
63641026,2025-01-05 22:11:39,2025-01-07 15:42:02,DOT,Outdoor Dining,Sidewalk Zone Blocked,Manhattan,10012.0,Closed,Online,1
63641124,2025-01-05 14:55:12,2025-01-09 09:05:54,DOT,Outdoor Dining,Site Setup Condition,Manhattan,10006.0,Closed,Online,3
63641151,2025-01-05 14:02:47,2025-01-07 08:39:36,DOT,Outdoor Dining,Site Setup Condition,Manhattan,10011.0,Closed,Online,1
63641170,2025-01-05 20:34:15,2025-01-14 11:02:22,DOT,Sidewalk Condition,Broken Sidewalk,Brooklyn,11238.0,Closed,Phone,8
63641171,2025-01-05 15:38:11,2025-01-06 13:45:41,DOT,Street Sign - Damaged,Bus Stop,Brooklyn,11209.0,Closed,Phone,0
63641211,2025-01-05 11:36:54,2025-01-08 10:43:22,DOT,Street Condition,Defective Hardware,Manhattan,10002.0,Closed,Phone,2
63641212,2025-01-05 16:57:36,2025-01-08 18:47:23,DOT,Street Sign - Dangling,One Way,Bronx,10463.0,Closed,Phone,3
63641225,2025-01-05 13:20:25,2025-01-06 02:17:18,DOT,Street Condition,Plate Condition - Noisy,Brooklyn,11201.0,Closed,Online,0
63641228,2025-01-05 17:21:37,2025-01-13 09:48:24,DOT,Outdoor Dining,Site Setup Condition,Manhattan,10010.0,Closed,Online,7
63641334,2025-01-05 23:18:47,2025-01-06 15:12:53,DOT,Sidewalk Condition,Blocked - Construction,Bronx,10454.0,Closed,Online,0
63641335,2025-01-05 14:58:13,2025-01-07 15:14:19,DOT,Sidewalk Condition,Broken Sidewalk,Bronx,10451.0,Closed,Online,2
63641341,2025-01-05 07:10:25,2025-01-13 12:46:34,DOT,Sidewalk Condition,Broken Sidewalk,Staten Island,10309.0,Closed,Mobile,8
63641342,2025-01-05 13:02:37,2025-01-09 08:57:32,DOT,Street Condition,Blocked - Construction,Brooklyn,11222.0,Closed,Online,3
63641349,2025-01-05 04:37:00,2025-04-16 09:00:00,DOT,Street Light Condition,Street Light Out,Bronx,10453.0,Closed,Unknown,101
63641350,2025-01-05 18:08:00,2025-01-13 08:48:00,DOT,Street Light Condition,Street Light Out,Brooklyn,11209.0,Closed,Unknown,7
63641394,2025-01-05 19:31:00,2026-02-18 21:39:00,DOT,Street Light Condition,Street Light Out,Bronx,10465.0,Closed,Unknown,409
63641473,2025-01-05 08:04:00,2025-01-05 08:30:00,DOT,Traffic Signal Condition,Wireless,Brooklyn,11224.0,Closed,Unknown,0
63642332,2025-01-05 10:21:00,2025-01-07 19:40:00,DOT,Traffic Signal Condition,Base Door,Brooklyn,11203.0,Closed,Unknown,2
63642350,2025-01-05 22:48:36,2025-01-07 15:42:27,DOT,Outdoor Dining,Site Setup Condition,Manhattan,10012.0,Closed,Online,1
63642404,2025-01-05 10:58:00,2025-01-05 12:05:00,DOT,Traffic Signal Condition,Controller,Bronx,10463.0,Closed,Unknown,0
63642455,2025-01-05 15:07:00,2025-01-05 17:45:00,DOT,Traffic Signal Condition,Ped Lamp,Brooklyn,11215.0,Closed,Unknown,0
63642520,2025-01-05 18:56:00,2025-01-05 20:00:00,DOT,Traffic Signal Condition,Veh Signal Head,Brooklyn,11229.0,Closed,Unknown,0
63642528,2025-01-05 08:28:00,2025-01-05 10:30:00,DOT,Traffic Signal Condition,Controller,Manhattan,10011.0,Closed,Unknown,0
63642534,2025-01-05 15:31:00,2025-01-07 07:20:00,DOT,Traffic Signal Condition,Veh Signal Lamp,Brooklyn,11221.0,Closed,Unknown,1
63642567,2025-01-05 16:38:00,2025-01-05 18:20:00,DOT,Traffic Signal Condition,Veh Signal Lamp,Manhattan,10003.0,Closed,Unknown,0
63642572,2025-01-05 16:40:00,2025-01-05 18:20:00,DOT,Traffic Signal Condition,Controller,Brooklyn,11235.0,Closed,Unknown,0
63642592,2025-01-05 19:27:00,2025-01-15 11:51:00,DOT,Street Light Condition,Street Light Out,Brooklyn,11234.0,Closed,Unknown,9
63642600,2025-01-05 13:06:00,2025-01-06 07:30:00,DOT,Street Light Condition,Lamppost Damaged,Manhattan,10027.0,Closed,Unknown,0
63642656,2025-01-05 17:45:00,2025-01-29 10:00:00,DOT,Street Light Condition,Street Light Out,Brooklyn,11207.0,Closed,Unknown,23
63642660,2025-01-05 10:17:00,2025-01-08 10:15:00,DOT,Traffic Signal Condition,APS,Brooklyn,11203.0,Closed,Unknown,2
63642707,2025-01-05 09:02:00,2025-01-05 09:31:00,DOT,Traffic Signal Condition,BBS Failure,Manhattan,10002.0,Closed,Unknown,0
63642708,2025-01-05 10:42:00,2025-01-05 11:00:00,DOT,Traffic Signal Condition,BBS Failure,Staten Island,10301.0,Closed,Unknown,0
63642735,2025-01-05 18:38:40,2025-01-06 12:58:31,DOT,Street Condition,"Rough, Pitted or Cracked Roads",Queens,11365.0,Closed,Online,0
63642791,2025-01-05 22:26:30,2025-01-07 08:24:29,DOT,Sidewalk Condition,Broken Sidewalk,Queens,11105.0,Closed,Mobile,1
63642920,2025-01-05 16:54:58,2025-01-07 09:15:04,DOT,Street Condition,Defective Hardware,Queens,11418.0,Closed,Phone,1
63642937,2025-01-05 13:22:49,2025-01-07 07:12:58,DOT,Street Condition,"Rough, Pitted or Cracked Roads",Queens,11357.0,Closed,Online,1
63643011,2025-01-05 04:27:43,2025-01-06 06:59:09,DOT,Sidewalk Condition,Blocked - Construction,Bronx,10452.0,Closed,Phone,1
63643012,2025-01-05 14:32:27,2025-01-07 06:04:16,DOT,Street Sign - Dangling,St Name - Attached to Pole,Brooklyn,11234.0,Closed,Phone,1
63643122,2025-01-05 04:43:00,2025-01-07 10:08:00,DOT,Street Light Condition,Street Light Out,Bronx,10453.0,Closed,Unknown,2
63644013,2025-01-05 10:51:00,2025-01-05 11:30:00,DOT,Traffic Signal Condition,Controller,Bronx,10472.0,Closed,Unknown,0
63644024,2025-01-05 17:17:00,2025-01-06 05:20:00,DOT,Traffic Signal Condition,Ped Multiple Lamps,Brooklyn,11225.0,Closed,Unknown,0
63644059,2025-01-05 23:13:00,2025-07-21 15:40:00,DOT,Street Light Condition,Lamppost Knocked Down,Brooklyn,11203.0,Closed,Unknown,196
63644060,2025-01-05 13:05:00,2025-01-05 19:50:00,DOT,Traffic Signal Condition,Ped Lamp,Brooklyn,11210.0,Closed,Unknown,0
63644061,2025-01-05 20:45:00,2025-01-06 01:30:00,DOT,Traffic Signal Condition,Veh Signal Lamp,Brooklyn,11224.0,Closed,Unknown,0
63644110,2025-01-05 15:51:00,2025-01-05 17:10:00,DOT,Traffic Signal Condition,Veh Signal Lamp,Queens,11102.0,Closed,Unknown,0
63644138,2025-01-05 15:39:00,2025-01-05 17:45:00,DOT,Traffic Signal Condition,Controller,Brooklyn,11215.0,Closed,Unknown,0
63644154,2025-01-05 08:53:00,2025-01-05 11:15:00,DOT,Traffic Signal Condition,Veh Signal Lamp,Manhattan,10039.0,Closed,Unknown,0
63644160,2025-01-05 17:56:00,2025-01-15 10:31:00,DOT,Street Light Condition,Street Light Out,Staten Island,10304.0,Closed,Unknown,9
63644190,2025-01-05 10:58:00,2025-01-07 10:19:00,DOT,Street Light Condition,Street Light Out,Bronx,10462.0,Closed,Unknown,1
63644299,2025-01-05 10:34:21,2025-05-21 13:46:36,DOT,Curb Condition,Defacement,Brooklyn,11223.0,Closed,Phone,136
63644334,2025-01-05 06:33:00,2025-04-18 12:00:00,DOT,Traffic Signal Condition,Pedestrian Signal,Brooklyn,11212.0,Closed,Unknown,103
63644336,2025-01-05 21:26:27,2025-01-07 10:18:02,DOT,Sidewalk Condition,Broken Sidewalk,Brooklyn,11217.0,Closed,Mobile,1
63644345,2025-01-05 15:05:33,2025-01-06 12:52:29,DOT,Street Condition,"Rough, Pitted or Cracked Roads",Queens,11361.0,Closed,Phone,0
63644346,2025-01-05 07:54:49,2025-01-06 11:29:47,DOT,Street Condition,"Rough, Pitted or Cracked Roads",Brooklyn,11205.0,Closed,Online,1
63644347,2025-01-05 17:32:08,2025-01-14 11:16:22,DOT,Street Sign - Dangling,St Name - Attached to Pole,Queens,11694.0,Closed,Mobile,8
63644379,2025-01-05 11:19:23,2025-01-06 13:53:54,DOT,Sidewalk Condition,Blocked - Construction,Manhattan,10025.0,Closed,Online,1
63644380,2025-01-05 07:32:45,2025-01-07 07:26:34,DOT,Street Condition,Defective Hardware,Brooklyn,11219.0,Closed,Online,1
63644381,2025-01-05 15:25:24,2025-01-21 09:30:40,DOT,Street Condition,Guard Rail - Street,Brooklyn,11218.0,Closed,Phone,15
63644382,2025-01-05 17:25:32,2025-01-06 12:55:33,DOT,Street Condition,"Rough, Pitted or Cracked Roads",Queens,11101.0,Closed,Online,0
63644397,2025-01-05 17:55:00,2025-01-07 10:18:00,DOT,Street Light Condition,Street Light Out,Bronx,10465.0,Closed,Unknown,1
63644412,2025-01-05 18:43:36,2025-01-07 09:17:07,DOT,Outdoor Dining,Site Setup Condition,Brooklyn,11233.0,Closed,Online,1
63644455,2025-01-05 15:29:00,2025-01-09 13:52:00,DOT,Street Light Condition,Street Light Lamp Dim,Staten Island,10314.0,Closed,Unknown,3
63644500,2025-01-05 14:54:00,2025-01-06 04:15:00,DOT,Traffic Signal Condition,Controller,Manhattan,10000.0,Closed,Unknown,0
63644516,2025-01-05 13:12:45,2025-01-06 10:39:30,DOT,Sidewalk Condition,Blocked - Construction,Manhattan,10040.0,Closed,Phone,0
63644517,2025-01-05 21:38:21,2025-01-08 15:11:22,DOT,Street Condition,Cave-in,Brooklyn,11235.0,Closed,Phone,2
63644518,2025-01-05 15:56:11,2025-01-06 15:16:36,DOT,Street Condition,Defective Hardware,Bronx,10451.0,Closed,Phone,0
63644519,2025-01-05 22:31:38,2025-01-22 09:15:28,DOT,Street Sign - Damaged,"No Parking, Standing, Stopping",Brooklyn,11220.0,Closed,Mobile,16
63644543,2025-01-05 06:52:39,2025-05-03 09:42:23,DOT,Curb Condition,Defacement,Brooklyn,11238.0,Closed,Phone,118
63644585,2025-01-05 11:48:00,2025-01-06 10:40:00,DOT,Street Light Condition,Flood Light Lamp Out,Manhattan,10002.0,Closed,Unknown,0
63644600,2025-01-05 12:02:02,2025-01-27 14:22:17,DOT,Sidewalk Condition,Sidewalk Violation,Bronx,10473.0,Closed,Online,22
63644601,2025-01-05 17:37:42,2025-01-07 08:27:14,DOT,Street Condition,Defective Hardware,Brooklyn,11218.0,Closed,Online,1
63644602,2025-01-05 13:25:12,2025-01-07 09:31:12,DOT,Street Sign - Damaged,Stop,Manhattan,10019.0,Closed,Phone,1
63645460,2025-01-05 08:26:00,2025-01-05 10:30:00,DOT,Traffic Signal Condition,Controller,Manhattan,10011.0,Closed,Unknown,0
63645468,2025-01-05 23:12:00,2025-01-06 01:30:00,DOT,Traffic Signal Condition,Controller,Brooklyn,11224.0,Closed,Unknown,0
63645497,2025-01-05 20:03:18,2025-01-08 11:32:10,DOT,Sidewalk Condition,Broken Sidewalk,Manhattan,10012.0,Closed,Online,2
63645552,2025-01-05 16:19:00,2025-01-05 17:40:00,DOT,Traffic Signal Condition,Controller,Brooklyn,11226.0,Closed,Unknown,0
63645586,2025-01-05 16:33:00,2025-01-05 17:30:00,DOT,Traffic Signal Condition,Controller,Bronx,10470.0,Closed,Unknown,0
63645587,2025-01-05 23:24:00,2025-02-14 11:40:00,DOT,Traffic Signal Condition,Pedestrian Signal,Brooklyn,11203.0,Closed,Unknown,39
63645592,2025-01-05 15:29:00,2025-01-07 07:00:00,DOT,Street Light Condition,Lamppost Leaning,Manhattan,10001.0,Closed,Unknown,1
63645597,2025-01-05 21:08:00,2025-05-15 14:08:00,DOT,Street Light Condition,Lamppost Knocked Down,Brooklyn,11223.0,Closed,Unknown,129
63645612,2025-01-05 14:01:00,2025-01-05 15:40:00,DOT,Traffic Signal Condition,Controller,Manhattan,10075.0,Closed,Unknown,0
63645674,2025-01-05 09:44:00,2025-01-05 16:00:00,DOT,Traffic Signal Condition,Ped Multiple Lamps,Brooklyn,11214.0,Closed,Unknown,0
63645689,2025-01-05 13:04:00,2025-01-05 19:30:00,DOT,Traffic Signal Condition,Ped Lamp,Brooklyn,11229.0,Closed,Unknown,0
63645702,2025-01-05 23:23:00,2025-01-06 01:30:00,DOT,Traffic Signal Condition,Controller,Brooklyn,11224.0,Closed,Unknown,0
63645706,2025-01-05 19:51:00,2025-01-06 21:15:00,DOT,Traffic Signal Condition,Ped Multiple Lamps,Brooklyn,11219.0,Closed,Unknown,1
63645707,2025-01-05 17:15:00,2025-01-05 18:15:00,DOT,Traffic Signal Condition,Ped Multiple Lamps,Brooklyn,11219.0,Closed,Unknown,0
63645763,2025-01-05 17:10:00,2025-01-05 18:50:00,DOT,Traffic Signal Condition,Vehicle Signal,Brooklyn,11219.0,Closed,Unknown,0
63645780,2025-01-05 21:18:00,2025-01-13 08:53:00,DOT,Street Light Condition,Street Light Out,Brooklyn,11214.0,Closed,Unknown,7
63645883,2025-01-05 05:45:00,2025-01-05 07:00:00,DOT,Street Light Condition,Lamppost Wire Exposed,Queens,11693.0,Closed,Unknown,0
63645886,2025-01-05 15:49:12,2025-01-14 10:15:59,DOT,Curb Condition,Broken Curb,Brooklyn,11211.0,Closed,Mobile,8
63645920,2025-01-05 21:51:22,2025-01-31 14:05:53,DOT,Bus Stop Shelter Complaint,Lighting,Manhattan,10009.0,Closed,Online,25
63645944,2025-01-05 09:35:32,2025-01-15 09:46:22,DOT,Sidewalk Condition,Broken Sidewalk,Queens,11429.0,Closed,Mobile,10
63645947,2025-01-05 17:37:25,2025-01-06 13:02:24,DOT,Street Condition,Blocked - Construction,Manhattan,10024.0,Closed,Online,0
63645948,2025-01-05 14:02:52,2025-01-06 09:53:51,DOT,Street Condition,Cave-in,Manhattan,10014.0,Closed,Phone,0
63645949,2025-01-05 11:03:37,2025-01-06 12:45:41,DOT,Street Condition,"Rough, Pitted or Cracked Roads",Queens,11374.0,Closed,Online,1
63645950,2025-01-05 16:48:21,2025-01-06 08:23:59,DOT,Street Sign - Damaged,Other/Unknown,Brooklyn,11231.0,Closed,Online,0
63645963,2025-01-05 21:39:21,2025-01-14 11:05:43,DOT,Sidewalk Condition,Broken Sidewalk,Brooklyn,11235.0,Closed,Online,8
63645964,2025-01-05 20:03:15,2025-01-10 13:04:06,DOT,Street Sign - Damaged,Other/Unknown,Manhattan,10001.0,Closed,Mobile,4
63646047,2025-01-05 17:15:00,2025-04-16 07:30:00,DOT,Street Light Condition,Street Light Out,Bronx,10461.0,Closed,Unknown,100
63646048,2025-01-05 18:12:00,2025-01-13 08:49:00,DOT,Street Light Condition,Street Light Out,Brooklyn,11229.0,Closed,Unknown,7
63646049,2025-01-05 10:18:00,2025-01-15 11:24:00,DOT,Street Light Condition,Street Light Out,Brooklyn,11232.0,Closed,Unknown,10
63646062,2025-01-05 08:27:00,2025-01-05 09:00:00,DOT,Traffic Signal Condition,BBS Failure,Manhattan,10002.0,Closed,Unknown,0
63646069,2025-01-06 00:06:00,2025-01-07 10:07:00,DOT,Street Light Condition,Street Light Out,Bronx,10457.0,Closed,Unknown,1
63646070,2025-01-05 11:56:00,2025-01-15 11:10:00,DOT,Street Light Condition,Street Light Out,Brooklyn,11220.0,Closed,Unknown,9
63646071,2025-01-05 08:49:00,2025-01-07 08:45:00,DOT,Street Light Condition,Street Light Out,Manhattan,10010.0,Closed,Unknown,1
63646091,2025-01-05 23:17:46,2025-01-06 07:22:05,DOT,Street Condition,Plate Condition - Noisy,Manhattan,10031.0,Closed,Online,0
63646181,2025-01-05 18:24:12,2025-01-13 15:16:08,DOT,Street Sign - Missing,Other/Unknown,Queens,11104.0,Closed,Mobile,7
63646210,2025-01-05 18:13:35,2025-01-10 08:33:41,DOT,Sidewalk Condition,Metal Protruding - Sign Stump,Brooklyn,11209.0,Closed,Online,4
63646211,2025-01-05 17:18:28,2025-01-06 12:54:09,DOT,Street Condition,"Rough, Pitted or Cracked Roads",Queens,11375.0,Closed,Phone,0
63647261,2025-01-05 12:47:00,2025-01-05 15:20:00,DOT,Traffic Signal Condition,Pedestrian Signal,Brooklyn,11229.0,Closed,Unknown,0
63647264,2025-01-05 23:32:00,2025-01-06 00:20:00,DOT,Traffic Signal Condition,Veh Signal Head,Bronx,10463.0,Closed,Unknown,0
63647269,2025-01-05 08:58:00,2025-01-05 10:20:00,DOT,Traffic Signal Condition,Veh Signal Head,Manhattan,10011.0,Closed,Unknown,0
63647319,2025-01-05 01:38:00,2025-01-05 01:45:00,DOT,Traffic Signal Condition,Controller,Queens,11694.0,Closed,Unknown,0
63647357,2025-01-05 06:53:00,2025-01-05 08:00:00,DOT,Traffic Signal Condition,Controller,Brooklyn,11223.0,Closed,Unknown,0
63647364,2025-01-05 16:24:00,2025-01-05 18:55:00,DOT,Traffic Signal Condition,Controller,Queens,11375.0,Closed,Unknown,0
63647382,2025-01-05 20:11:00,2025-01-06 22:45:00,DOT,Traffic Signal Condition,Controller,Brooklyn,11224.0,Closed,Unknown,1
63647386,2025-01-05 20:46:00,2025-01-15 10:28:00,DOT,Street Light Condition,Street Light Out,Staten Island,10304.0,Closed,Unknown,9
63647415,2025-01-05 17:44:00,2025-01-05 20:00:00,DOT,Traffic Signal Condition,Veh Signal Lamp,Brooklyn,11234.0,Closed,Unknown,0
63647440,2025-01-05 22:23:00,2025-01-09 11:04:00,DOT,Street Light Condition,Street Light Lamp Missing,Queens,11691.0,Closed,Unknown,3
63647445,2025-01-05 10:20:00,2025-01-15 11:23:00,DOT,Street Light Condition,Street Light Out,Brooklyn,11220.0,Closed,Unknown,10
63647465,2025-01-06 08:39:00,2025-01-06 14:03:00,DOT,Street Light Condition,Lamppost Knocked Down,Brooklyn,11207.0,Closed,Unknown,0
63647470,2025-01-06 09:47:00,2025-03-06 13:29:00,DOT,Street Light Condition,Lamppost Base Door/Cover Open,Manhattan,10039.0,Closed,Unknown,59
63647515,2025-01-06 20:41:00,2025-01-11 12:15:00,DOT,Traffic Signal Condition,Ver Mesage Sign RTPI,Manhattan,10027.0,Closed,Unknown,4
63647561,2025-01-06 17:49:30,2025-01-13 12:16:20,DOT,Curb Condition,Broken Curb,Brooklyn,11219.0,Closed,Mobile,6
63647586,2025-01-06 08:48:00,2025-01-06 10:05:00,DOT,Traffic Signal Condition,Controller,Bronx,10468.0,Closed,Unknown,0
63647614,2025-01-06 09:53:00,2025-03-06 14:10:00,DOT,Street Light Condition,Fixture/Luminaire Hanging,Manhattan,10019.0,Closed,Unknown,59
63647643,2025-01-06 12:05:20,2025-01-08 12:10:58,DOT,Sidewalk Condition,Sidewalk Violation,Staten Island,10306.0,Closed,Phone,2
63647644,2025-01-06 17:04:37,2025-01-14 16:55:14,DOT,Sidewalk Condition,Sidewalk Violation,Queens,11362.0,Closed,Phone,7
63647645,2025-01-06 18:31:34,2025-01-14 14:47:08,DOT,Sidewalk Condition,Sidewalk Violation,Manhattan,10029.0,Closed,Online,7
63647646,2025-01-06 14:59:23,2025-01-07 08:52:59,DOT,Street Condition,Cave-in,Queens,11367.0,Closed,Phone,0
63647647,2025-01-06 10:15:03,2025-01-07 11:43:16,DOT,Street Condition,Cave-in,Brooklyn,11214.0,Closed,Online,1
63647657,2025-01-06 08:18:26,2025-01-13 13:08:40,DOT,Sidewalk Condition,Broken Sidewalk,Queens,11378.0,Closed,Phone,7
63647658,2025-01-06 14:25:34,2025-01-08 11:51:12,DOT,Sidewalk Condition,Sidewalk Violation,Bronx,10465.0,Closed,Phone,1
63647673,2025-01-07 01:37:00,2025-01-07 11:11:47,DOT,Street Condition,Defective Hardware,Bronx,10475.0,Closed,Online,0
63647677,2025-01-06 01:13:00,2025-01-06 02:25:00,DOT,Traffic Signal Condition,Controller,Brooklyn,11226.0,Closed,Unknown,0
63647678,2025-01-06 22:02:19,2025-01-07 08:24:23,DOT,Street Condition,"Rough, Pitted or Cracked Roads",Bronx,10473.0,Closed,Phone,0
63647679,2025-01-06 12:02:12,2025-01-07 09:16:40,DOT,Street Sign - Damaged,"No Parking, Standing, Stopping",Queens,11355.0,Closed,Phone,0
63647680,2025-01-06 10:10:32,2025-01-15 13:57:57,DOT,Street Sign - Damaged,School Crossing,Queens,11419.0,Closed,Mobile,9
63647683,2025-01-06 15:10:02,2025-01-08 13:00:21,DOT,Sidewalk Condition,Sidewalk Violation,Queens,11366.0,Closed,Phone,1
63647693,2025-01-06 10:45:14,2025-01-08 12:09:57,DOT,Sidewalk Condition,Sidewalk Violation,Staten Island,10306.0,Closed,Online,2
63647694,2025-01-06 16:30:49,2025-01-15 10:44:14,DOT,Sidewalk Condition,Sidewalk Violation,Brooklyn,11236.0,Closed,Phone,8
63647695,2025-01-06 16:27:05,2025-01-08 15:46:58,DOT,Street Condition,Blocked - Construction,Queens,11385.0,Closed,Phone,1
63647697,2025-01-06 14:06:11,2025-01-08 11:56:51,DOT,Sidewalk Condition,Sidewalk Violation,Manhattan,10122.0,Closed,Online,1
63647698,2025-01-06 11:01:49,2025-01-08 11:54:51,DOT,Sidewalk Condition,Sidewalk Violation,Manhattan,10016.0,Closed,Phone,2
63647699,2025-01-06 15:14:56,2025-01-09 06:41:21,DOT,Street Condition,Cave-in,Queens,11379.0,Closed,Online,2
63647700,2025-01-07 01:08:20,2025-01-08 13:21:20,DOT,Street Condition,Defective Hardware,Bronx,10461.0,Closed,Phone,1
63647704,2025-01-07 01:43:16,2025-01-08 06:55:07,DOT,Street Condition,Defective Hardware,Bronx,10475.0,Closed,Online,1
63647708,2025-01-06 11:53:55,2025-01-15 13:58:24,DOT,Street Sign - Dangling,Street Cleaning - ASP,Queens,11385.0,Closed,Mobile,9
63647712,2025-01-06 09:25:00,2025-01-06 09:40:00,DOT,Traffic Signal Condition,Controller,Queens,11434.0,Closed,Unknown,0
63647713,2025-01-06 02:09:00,2025-01-06 03:00:00,DOT,Traffic Signal Condition,Controller,Staten Island,10305.0,Closed,Unknown,0
63647721,2025-01-06 20:26:00,2025-01-07 00:00:00,DOT,Traffic Signal Condition,Controller,Brooklyn,11219.0,Closed,Unknown,0
63647742,2025-01-06 09:36:00,2025-04-10 11:09:00,DOT,Street Light Condition,Street Light Out,Brooklyn,11215.0,Closed,Unknown,94
63647752,2025-01-06 17:54:00,2025-01-13 09:28:00,DOT,Street Light Condition,Street Light Out,Brooklyn,11237.0,Closed,Unknown,6
63647753,2025-01-06 17:19:00,2025-01-14 11:53:00,DOT,Street Light Condition,Street Light Out,Brooklyn,11234.0,Closed,Unknown,7
63647805,2025-01-06 15:56:00,2025-01-09 02:05:00,DOT,Street Light Condition,Street Light Out,Manhattan,10023.0,Closed,Unknown,2
63647806,2025-01-06 10:08:00,2025-03-04 08:00:00,DOT,Street Light Condition,Street Light Out,Manhattan,10004.0,Closed,Unknown,56
63647981,2025-01-06 08:48:00,2025-01-07 04:30:00,DOT,Traffic Signal Condition,Ped Lamp,Queens,11366.0,Closed,Unknown,0
63647982,2025-01-06 11:47:00,2025-01-06 16:55:00,DOT,Traffic Signal Condition,Pedestrian Signal,Brooklyn,11207.0,Closed,Unknown,0
63648278,2025-01-06 11:21:59,2025-01-09 08:09:16,DOT,Broken Parking Meter,No Receipt,Manhattan,10027.0,Closed,Phone,2
63648509,2025-01-06 10:12:00,2025-01-07 07:30:00,DOT,Traffic Signal Condition,LED Lense,Brooklyn,11208.0,Closed,Unknown,0
63648989,2025-01-06 14:25:00,2025-01-06 20:50:00,DOT,Traffic Signal Condition,Veh Signal Head,Brooklyn,11221.0,Closed,Unknown,0
63649004,2025-01-06 16:22:00,2025-01-06 16:22:00,DOT,Traffic Signal Condition,Veh Signal Lamp,Brooklyn,11220.0,Closed,Unknown,0
63649010,2025-01-06 08:45:00,2025-01-07 00:55:00,DOT,Traffic Signal Condition,Veh Signal Lamp,Brooklyn,11229.0,Closed,Unknown,0
63649012,2025-01-01 07:54:10,2025-01-03 11:05:00,DOT,Street Condition,Pothole,Bronx,10457.0,Closed,Unknown,2
63649013,2025-01-01 07:50:45,2025-01-03 08:15:00,DOT,Street Condition,Pothole,Bronx,10458.0,Closed,Unknown,2
63649014,2025-01-01 06:56:39,2025-01-03 12:45:00,DOT,Street Condition,Pothole,Bronx,10457.0,Closed,Unknown,2
63649015,2025-01-01 06:55:58,2025-01-03 11:45:00,DOT,Street Condition,Pothole,Bronx,10452.0,Closed,Unknown,2
63649016,2025-01-02 06:30:33,2025-01-04 00:52:00,DOT,Street Condition,Pothole,Queens,11355.0,Closed,Unknown,1
63649019,2025-01-01 07:55:54,2025-01-03 13:00:00,DOT,Street Condition,Pothole,Bronx,10457.0,Closed,Unknown,2
63649026,2025-01-06 08:13:42,2025-01-06 08:13:42,DOT,Street Condition,Pothole,Queens,11691.0,Closed,Unknown,0
63649027,2025-01-02 06:27:23,2025-01-03 21:50:00,DOT,Street Condition,Pothole,Queens,11355.0,Closed,Unknown,1
63649028,2025-01-02 06:20:49,2025-01-03 21:00:00,DOT,Street Condition,Pothole,Brooklyn,11214.0,Closed,Unknown,1
63649035,2025-01-06 07:31:13,2025-01-06 15:10:59,DOT,Street Sign - Dangling,St Name - Over Intersection,Bronx,10454.0,Closed,Phone,0
63649046,2025-01-06 09:23:10,2025-01-06 13:01:22,DOT,Street Condition,Blocked - Construction,Manhattan,10014.0,Closed,Online,0
63649058,2025-01-02 06:54:46,2025-01-03 23:17:00,DOT,Street Condition,Pothole,Queens,11365.0,Closed,Unknown,1
63649059,2025-01-05 14:27:22,2025-01-06 10:47:00,DOT,Street Condition,Pothole,Queens,11372.0,Closed,Unknown,0
63649060,2025-01-04 14:01:22,2025-01-06 13:45:00,DOT,Street Condition,Pothole,Queens,11423.0,Closed,Unknown,1
63649062,2025-01-05 22:48:50,2025-01-06 19:30:00,DOT,Street Condition,Pothole,Brooklyn,11214.0,Closed,Unknown,0
63649094,2025-01-04 14:38:44,2025-01-06 09:55:00,DOT,Street Condition,Pothole,Bronx,10460.0,Closed,Unknown,1
63649095,2025-01-06 22:53:51,2025-01-06 22:53:51,DOT,Street Condition,Pothole,Queens,11421.0,Closed,Unknown,0
63649096,2025-01-02 06:50:04,2025-01-03 22:48:00,DOT,Street Condition,Pothole,Queens,11372.0,Closed,Unknown,1
63649097,2025-01-02 06:27:43,2025-01-03 21:55:00,DOT,Street Condition,Pothole,Queens,11355.0,Closed,Unknown,1
63649098,2025-01-02 06:16:33,2025-01-03 22:27:00,DOT,Street Condition,Pothole,Queens,11377.0,Closed,Unknown,1
63649116,2025-01-04 20:36:56,2025-01-06 14:00:00,DOT,Street Condition,Pothole,Manhattan,10022.0,Closed,Unknown,1
63649117,2025-01-04 13:29:25,2025-01-06 13:10:00,DOT,Street Condition,Pothole,Manhattan,10065.0,Closed,Unknown,1
63649118,2025-01-04 10:59:58,2025-01-06 09:25:00,DOT,Street Condition,Pothole,Manhattan,10038.0,Closed,Unknown,1
63649119,2025-01-05 22:50:01,2025-01-06 22:05:00,DOT,Street Condition,Pothole,Brooklyn,11211.0,Closed,Unknown,0
63649120,2025-01-05 14:24:54,2025-01-06 13:50:00,DOT,Street Condition,Pothole,Brooklyn,11218.0,Closed,Unknown,0
63649121,2025-01-05 13:51:38,2025-01-06 12:00:00,DOT,Street Condition,Pothole,Brooklyn,11234.0,Closed,Unknown,0
63649122,2025-01-05 13:44:41,2025-01-06 09:15:00,DOT,Street Condition,Pothole,Brooklyn,11236.0,Closed,Unknown,0
63649123,2025-01-04 14:19:25,2025-01-05 10:13:00,DOT,Street Condition,Pothole,Brooklyn,11211.0,Closed,Unknown,0
63649210,2025-01-06 09:53:00,2025-01-19 15:34:00,DOT,Traffic Signal Condition,Cable,Brooklyn,11218.0,Closed,Unknown,13
63649218,2025-01-06 06:35:30,2025-01-06 10:20:30,DOT,Sidewalk Condition,Blocked - Construction,Staten Island,10312.0,Closed,Online,0
63649223,2025-01-06 12:52:00,2025-04-07 11:18:00,DOT,Street Light Condition,Street Light Out,Brooklyn,11204.0,Closed,Unknown,90
63649228,2025-01-06 10:42:02,2025-01-06 12:29:29,DOT,Bus Stop Shelter Placement,New Bus Stop Shelter Placement,Brooklyn,11209.0,Closed,Online,0
63649229,2025-01-06 19:01:00,2025-01-13 08:52:00,DOT,Street Light Condition,Street Light Out,Brooklyn,11214.0,Closed,Unknown,6
63649230,2025-01-06 14:22:00,2025-01-13 08:55:00,DOT,Street Light Condition,Street Light Out,Brooklyn,11223.0,Closed,Unknown,6
63649235,2025-01-06 16:05:00,2025-01-16 13:28:00,DOT,Street Light Condition,Street Light Out,Brooklyn,11234.0,Closed,Unknown,9
63649236,2025-01-06 21:27:00,2025-06-25 12:15:00,DOT,Street Light Condition,Street Light Out,Queens,11379.0,Closed,Unknown,169
63649263,2025-01-06 19:10:00,2025-01-13 08:59:00,DOT,Street Light Condition,Street Light Out,Brooklyn,11235.0,Closed,Unknown,6
63649357,2025-01-06 11:07:09,2025-01-07 08:45:00,DOT,Street Condition,Pothole,Queens,11358.0,Closed,Unknown,0
63649381,2025-01-06 11:08:48,2025-01-07 08:30:00,DOT,Street Condition,Pothole,Queens,11358.0,Closed,Unknown,0
63649403,2025-01-06 08:58:00,2025-01-06 15:30:00,DOT,Traffic Signal Condition,LED Lense,Staten Island,10305.0,Closed,Unknown,0
63649430,2025-01-06 12:41:00,2025-01-06 15:30:00,DOT,Traffic Signal Condition,Controller,Manhattan,10128.0,Closed,Unknown,0
63649433,2025-01-06 07:56:57,2025-01-10 12:18:15,DOT,Bus Stop Shelter Complaint,Dirty/Graffiti,Staten Island,10312.0,Closed,Phone,4
63649434,2025-01-06 08:04:11,2025-01-07 07:30:31,DOT,Curb Condition,Defacement,Brooklyn,11236.0,Closed,Unknown,0
63649435,2025-01-06 21:32:07,2025-04-07 10:09:45,DOT,Curb Condition,Defacement,Queens,11385.0,Closed,Online,90
63649444,2025-01-05 11:19:01,2025-01-07 09:10:00,DOT,Street Condition,Pothole,Queens,11691.0,Closed,Unknown,1
63649452,2025-01-06 17:32:00,2025-01-06 17:55:00,DOT,Traffic Signal Condition,Controller,Brooklyn,11226.0,Closed,Unknown,0
63649453,2025-01-06 15:03:00,2025-01-06 15:32:00,DOT,Traffic Signal Condition,Controller,Brooklyn,11212.0,Closed,Unknown,0
63649454,2025-01-06 09:46:00,2025-01-06 13:15:00,DOT,Traffic Signal Condition,Controller,Brooklyn,11225.0,Closed,Unknown,0
63649479,2025-01-06 08:11:00,2025-01-06 14:13:00,DOT,Street Light Condition,Lamppost Knocked Down,Brooklyn,11207.0,Closed,Unknown,0
63649488,2025-01-06 10:49:59,2025-04-07 10:50:33,DOT,Sidewalk Condition,Blocked - ATM,Queens,11378.0,Closed,Phone,91
63649489,2025-01-06 17:05:24,2025-01-31 15:27:20,DOT,Sidewalk Condition,Broken Sidewalk,Queens,11362.0,Closed,Mobile,24
63649490,2025-01-06 10:56:00,2025-01-14 16:29:24,DOT,Sidewalk Condition,Broken Sidewalk,Bronx,10468.0,Closed,Online,8
63649491,2025-01-06 18:50:37,2025-01-08 13:07:53,DOT,Sidewalk Condition,Sidewalk Violation,Queens,11432.0,Closed,Phone,1
63649492,2025-01-06 14:19:32,2025-01-08 12:56:41,DOT,Sidewalk Condition,Sidewalk Violation,Queens,11385.0,Closed,Online,1
63649513,2025-01-06 11:55:18,2025-01-08 06:55:32,DOT,Street Condition,Defective Hardware,Bronx,10475.0,Closed,Online,1
63649514,2025-01-06 16:19:53,2025-01-08 14:46:59,DOT,Street Condition,"Rough, Pitted or Cracked Roads",Brooklyn,11219.0,Closed,Phone,1
63649532,2025-01-06 18:25:00,2025-01-06 20:20:00,DOT,Traffic Signal Condition,Controller,Staten Island,10303.0,Closed,Unknown,0
63649533,2025-01-06 12:56:43,2025-01-09 07:52:07,DOT,Street Sign - Dangling,Other/Unknown,Staten Island,10306.0,Closed,Online,2
63649561,2025-01-06 11:22:01,2025-01-13 16:55:26,DOT,Sidewalk Condition,Broken Sidewalk,Bronx,10462.0,Closed,Phone,7
63649562,2025-01-06 14:41:36,2025-01-07 10:31:20,DOT,Sidewalk Condition,Sidewalk Grating - Defective,Queens,11106.0,Closed,Phone,0
63649573,2025-01-06 07:16:49,2025-01-15 10:49:25,DOT,Sidewalk Condition,Broken Sidewalk,Queens,11691.0,Closed,Mobile,9
63649576,2025-01-06 20:28:23,2025-01-07 11:12:54,DOT,Sidewalk Condition,Sidewalk Grating - Defective,Staten Island,10314.0,Closed,Phone,0
63649577,2025-01-06 14:11:47,2025-01-08 12:23:55,DOT,Sidewalk Condition,Sidewalk Violation,Brooklyn,11201.0,Closed,Phone,1
63649578,2025-01-06 10:51:32,2025-01-15 12:51:39,DOT,Sidewalk Condition,Sidewalk Violation,Queens,11385.0,Closed,Phone,9
63649579,2025-01-06 11:51:05,2025-01-15 14:07:41,DOT,Sidewalk Condition,Sidewalk Violation,Queens,11412.0,Closed,Phone,9
63649580,2025-01-06 13:37:54,2025-01-14 11:03:44,DOT,Street Sign - Dangling,"No Parking, Standing, Stopping",Brooklyn,11235.0,Closed,Phone,7
63649589,2025-01-07 00:45:00,2025-01-13 09:23:00,DOT,Street Light Condition,Street Light Dayburning,Brooklyn,11217.0,Closed,Unknown,6
63649590,2025-01-06 12:41:35,2025-01-14 14:04:51,DOT,Sidewalk Condition,Sidewalk Violation,Queens,11105.0,Closed,Online,8
63649591,2025-01-06 09:48:26,2025-01-10 08:21:44,DOT,Street Condition,Blocked - Construction,Brooklyn,11213.0,Closed,Phone,3
63649592,2025-01-06 09:52:16,2025-01-10 08:36:09,DOT,Street Sign - Dangling,Other/Unknown,Brooklyn,11217.0,Closed,Online,3
63649614,2025-01-06 07:26:00,2025-01-13 10:34:00,DOT,Street Light Condition,Street Light Out,Brooklyn,11212.0,Closed,Unknown,7
63649620,2025-01-06 13:02:40,2025-01-07 14:33:06,DOT,Street Condition,Blocked - Construction,Brooklyn,11217.0,Closed,Phone,1
63649621,2025-01-06 15:34:30,2025-01-09 09:16:07,DOT,Street Condition,Defective Hardware,Brooklyn,11213.0,Closed,Online,2
63649625,2025-01-06 16:18:30,2025-01-07 10:22:32,DOT,Street Condition,Failed Street Repair,Bronx,10461.0,Closed,Phone,0
63649628,2025-01-06 18:44:00,2025-04-18 12:17:00,DOT,Street Light Condition,Street Light Out,Queens,11370.0,Closed,Unknown,101
63649631,2025-01-06 16:35:00,2025-01-13 09:40:00,DOT,Traffic Signal Condition,Pedestrian Signal,Queens,11435.0,Closed,Unknown,6
63649654,2025-01-06 03:02:00,2025-01-14 09:13:00,DOT,Street Light Condition,Street Light Out,Brooklyn,11204.0,Closed,Unknown,8
63649671,2025-01-06 09:30:00,2025-01-13 10:16:00,DOT,Street Light Condition,Street Light Out,Brooklyn,11225.0,Closed,Unknown,7
63649730,2025-01-06 10:20:00,2025-01-07 09:00:00,DOT,Street Light Condition,Street Light Out,Manhattan,10035.0,Closed,Unknown,0
63649731,2025-01-06 21:24:00,2025-04-16 09:30:00,DOT,Street Light Condition,Street Light Out,Bronx,10456.0,Closed,Unknown,99
63649852,2025-01-06 18:07:00,2025-01-06 19:30:00,DOT,Traffic Signal Condition,Pedestrian Signal,Manhattan,10001.0,Closed,Unknown,0
63649949,2025-01-06 11:49:18,2025-01-13 09:46:24,DOT,Outdoor Dining,Site Setup Condition,Manhattan,10075.0,Closed,Online,6
63650313,2025-01-06 17:16:00,2025-01-07 03:05:00,DOT,Traffic Signal Condition,LED Lense,Queens,11373.0,Closed,Unknown,0
63650314,2025-01-06 14:00:00,2025-01-07 02:10:00,DOT,Traffic Signal Condition,LED Lense,Queens,11420.0,Closed,Unknown,0
63650319,2025-01-06 13:59:00,2025-01-18 09:45:00,DOT,Traffic Signal Condition,LED Lense,Queens,11378.0,Closed,Unknown,11
63650709,2025-01-06 17:09:12,2025-01-13 09:12:04,DOT,Outdoor Dining,Site Setup Condition,Brooklyn,11238.0,Closed,Online,6
63650782,2025-01-07 01:01:04,2025-01-07 03:29:58,DOT,Street Condition,Plate Condition - Noisy,Brooklyn,11249.0,Closed,Online,0
63650808,2025-01-06 13:47:33,2025-01-06 15:26:12,DOT,Street Condition,Defective Hardware,Staten Island,10302.0,Closed,Online,0
63650823,2025-01-06 16:35:00,2025-01-07 09:40:00,DOT,Traffic Signal Condition,LED Pedestrian Unit,Queens,11433.0,Closed,Unknown,0
63650833,2025-01-06 22:44:00,2025-01-07 00:45:00,DOT,Traffic Signal Condition,Pedestrian Signal,Manhattan,10021.0,Closed,Unknown,0
63650839,2025-01-06 06:44:00,2025-01-08 00:55:00,DOT,Traffic Signal Condition,Pedestrian Signal,Queens,11433.0,Closed,Unknown,1
63650840,2025-01-06 08:44:00,2025-01-23 12:00:00,DOT,Traffic Signal Condition,Pedestrian Signal,Brooklyn,11219.0,Closed,Unknown,17
63650875,2025-01-06 17:27:00,2025-01-07 00:30:00,DOT,Traffic Signal Condition,Veh Signal Lamp,Queens,11433.0,Closed,Unknown,0
63650879,2025-01-04 06:00:31,2025-01-06 12:45:00,DOT,Street Condition,Pothole,Queens,11102.0,Closed,Unknown,2
63650884,2025-01-06 04:51:00,2025-01-06 12:07:00,DOT,Street Light Condition,Glassware Hanging,Bronx,10465.0,Closed,Unknown,0
63650885,2025-01-06 15:56:00,2025-01-07 11:05:00,DOT,Traffic Signal Condition,Veh Signal Head,Brooklyn,11212.0,Closed,Unknown,0
63650886,2025-01-05 13:49:18,2025-01-06 11:10:00,DOT,Street Condition,Pothole,Brooklyn,11234.0,Closed,Unknown,0
63650887,2025-01-05 13:34:04,2025-01-06 10:10:00,DOT,Street Condition,Pothole,Brooklyn,11208.0,Closed,Unknown,0
63650888,2025-01-05 11:12:05,2025-01-06 09:22:00,DOT,Street Condition,Pothole,Brooklyn,11207.0,Closed,Unknown,0
63650889,2025-01-06 20:06:00,2025-01-07 11:56:00,DOT,Street Light Condition,Lamppost Leaning,Queens,11419.0,Closed,Unknown,0
63650890,2025-01-06 13:44:00,2025-01-06 23:50:00,DOT,Traffic Signal Condition,Veh Signal Head,Bronx,10462.0,Closed,Unknown,0
63650915,2025-01-02 06:28:54,2025-01-03 22:33:00,DOT,Street Condition,Pothole,Queens,11367.0,Closed,Unknown,1
63650919,2025-01-05 20:30:33,2025-01-06 12:30:00,DOT,Street Condition,Pothole,Manhattan,10028.0,Closed,Unknown,0
63650920,2025-01-05 19:48:06,2025-01-06 11:45:00,DOT,Street Condition,Pothole,Manhattan,10036.0,Closed,Unknown,0
63650921,2025-01-05 14:25:27,2025-01-06 14:30:00,DOT,Street Condition,Pothole,Brooklyn,11223.0,Closed,Unknown,1
63650922,2025-01-04 14:21:49,2025-01-05 13:45:00,DOT,Street Condition,Pothole,Brooklyn,11222.0,Closed,Unknown,0
63650931,2025-01-06 17:25:14,2025-01-06 22:31:59,DOT,Street Condition,Plate Condition - Shifted,Bronx,10469.0,Closed,Phone,0
63650944,2025-01-06 22:48:57,2025-01-06 22:48:57,DOT,Street Condition,Pothole,Queens,11421.0,Closed,Unknown,0
63650945,2025-01-05 16:35:14,2025-01-06 10:45:00,DOT,Street Condition,Pothole,Manhattan,10014.0,Closed,Unknown,0
63650946,2025-01-05 07:44:45,2025-01-06 11:25:00,DOT,Street Condition,Pothole,Manhattan,10001.0,Closed,Unknown,1
63650947,2025-01-04 13:32:32,2025-01-06 13:00:00,DOT,Street Condition,Pothole,Manhattan,10021.0,Closed,Unknown,1
63650948,2025-01-05 14:23:48,2025-01-06 10:20:00,DOT,Street Condition,Pothole,Brooklyn,11222.0,Closed,Unknown,0
63650949,2025-01-02 06:44:04,2025-01-03 21:10:00,DOT,Street Condition,Pothole,Brooklyn,11232.0,Closed,Unknown,1
63651009,2025-01-06 09:54:45,2025-01-06 14:24:38,DOT,Street Condition,Blocked - Construction,Manhattan,10003.0,Closed,Online,0
63651010,2025-01-06 18:45:00,2025-01-07 01:14:44,DOT,Street Condition,Plate Condition - Noisy,Manhattan,10025.0,Closed,Online,0
63651044,2025-01-06 08:56:52,2025-01-06 09:53:52,DOT,Street Condition,Failed Street Repair,Staten Island,10309.0,Closed,Unknown,0
63651099,2025-01-06 01:32:35,2025-01-06 06:59:10,DOT,Sidewalk Condition,Blocked - Construction,Bronx,10452.0,Closed,Phone,0
63651108,2025-01-06 17:43:00,2025-01-10 02:55:00,DOT,Street Light Condition,Street Light Out,Manhattan,10075.0,Closed,Unknown,3
63651123,2025-01-06 23:46:00,2025-01-14 09:02:00,DOT,Street Light Condition,Street Light Out,Brooklyn,11229.0,Closed,Unknown,7
63651124,2025-01-06 19:07:00,2025-01-16 10:03:00,DOT,Street Light Condition,Street Light Out,Brooklyn,11223.0,Closed,Unknown,9
63651125,2025-01-06 14:01:00,2025-01-07 11:20:00,DOT,Traffic Signal Condition,Junction Box,Queens,11434.0,Closed,Unknown,0
63651126,2025-01-06 14:27:00,2025-01-06 15:09:00,DOT,Street Light Condition,Fixture/Luminaire Door Open,Bronx,10472.0,Closed,Unknown,0
63651127,2025-01-06 14:40:00,2025-01-06 21:00:00,DOT,Traffic Signal Condition,APS,Bronx,10468.0,Closed,Unknown,0
63651146,2025-01-06 14:00:00,2025-01-06 15:25:00,DOT,Traffic Signal Condition,Wireless,Queens,11432.0,Closed,Unknown,0
63651161,2025-01-06 06:39:00,2025-04-15 10:02:00,DOT,Street Light Condition,Street Light Out,Manhattan,10280.0,Closed,Unknown,99
63651182,2025-01-06 13:34:00,2025-01-16 11:16:00,DOT,Street Light Condition,Street Light Out,Staten Island,10307.0,Closed,Unknown,9
63651269,2025-01-06 20:28:28,2025-01-07 10:30:00,DOT,Street Condition,Pothole,Staten Island,10301.0,Closed,Unknown,0
63651270,2025-01-06 08:49:07,2025-01-08 07:47:00,DOT,Street Condition,Pothole,Queens,11378.0,Closed,Unknown,1
63651280,2025-01-06 15:39:34,2025-01-07 10:00:00,DOT,Street Condition,Pothole,Bronx,10471.0,Closed,Unknown,0
63651316,2025-01-06 14:31:57,2025-01-16 09:30:27,DOT,Curb Condition,Broken Curb,Brooklyn,11215.0,Closed,Phone,9
63651317,2025-01-06 17:53:03,2025-01-13 12:15:33,DOT,Curb Condition,Broken Curb,Brooklyn,11219.0,Closed,Mobile,6
63651321,2025-01-06 09:05:54,2025-01-07 11:11:18,DOT,Curb Condition,Broken Curb,Staten Island,10301.0,Closed,Mobile,1
63651329,2025-01-06 07:05:24,2025-01-07 11:47:23,DOT,Sidewalk Condition,Broken Sidewalk,Brooklyn,11215.0,Closed,Mobile,1
63651341,2025-01-06 13:34:04,2025-01-08 08:19:00,DOT,Street Condition,Pothole,Queens,11374.0,Closed,Unknown,1
63651352,2025-01-06 13:33:00,2025-01-06 15:15:00,DOT,Traffic Signal Condition,Controller,Brooklyn,11232.0,Closed,Unknown,0
63651373,2025-01-06 09:48:54,2025-01-16 08:28:42,DOT,Curb Condition,Broken Curb,Brooklyn,11204.0,Closed,Online,9
63651385,2025-01-06 13:25:58,2025-01-08 12:54:17,DOT,Sidewalk Condition,Sidewalk Violation,Queens,11372.0,Closed,Phone,1
63651386,2025-01-06 13:47:14,2025-01-14 14:16:35,DOT,Sidewalk Condition,Sidewalk Violation,Queens,11422.0,Closed,Phone,8
63651387,2025-01-06 14:49:11,2025-01-07 12:28:32,DOT,Street Condition,Blocked - Construction,Brooklyn,11220.0,Closed,Phone,0
63651390,2025-01-06 02:49:00,2025-01-06 03:35:00,DOT,Traffic Signal Condition,Controller,Manhattan,10018.0,Closed,Unknown,0
63651399,2025-01-06 13:06:04,2025-01-09 07:50:04,DOT,Street Sign - Dangling,One Way,Staten Island,10302.0,Closed,Phone,2
63651408,2025-01-06 15:11:32,2025-01-14 10:54:04,DOT,Sidewalk Condition,Broken Sidewalk,Queens,11354.0,Closed,Phone,7
63651409,2025-01-06 14:14:09,2025-01-22 15:59:16,DOT,Sidewalk Condition,Pedestrian Ramp Defective,Queens,11373.0,Closed,Phone,16
63651420,2025-01-06 10:00:48,2025-01-08 12:51:34,DOT,Sidewalk Condition,Sidewalk Violation,Queens,11377.0,Closed,Phone,2
63651421,2025-01-06 19:41:43,2025-01-14 16:50:55,DOT,Sidewalk Condition,Sidewalk Violation,Queens,11385.0,Closed,Online,7
63651422,2025-01-06 16:57:54,2025-07-14 14:05:04,DOT,Street Sign - Damaged,"No Parking, Standing, Stopping",Queens,11385.0,Closed,Phone,188
63651428,2025-01-06 09:23:00,2025-01-06 10:25:00,DOT,Traffic Signal Condition,Controller,Manhattan,10017.0,Closed,Unknown,0
63651438,2025-01-06 02:39:00,2025-01-06 08:00:00,DOT,Traffic Signal Condition,Controller,Queens,11420.0,Closed,Unknown,0
63651444,2025-01-06 15:47:00,2025-06-06 14:38:00,DOT,Street Light Condition,Multiple Street Lights Out,Queens,11694.0,Closed,Unknown,150
63651446,2025-01-06 10:19:00,2025-01-06 14:44:00,DOT,Traffic Signal Condition,Controller,Brooklyn,11217.0,Closed,Unknown,0
63651459,2025-01-06 23:51:00,2025-01-07 13:15:00,DOT,Traffic Signal Condition,Controller,Brooklyn,11232.0,Closed,Unknown,0
63651472,2025-01-06 15:19:00,2025-01-06 16:25:00,DOT,Traffic Signal Condition,Controller,Manhattan,10030.0,Closed,Unknown,0
63651473,2025-01-06 21:32:00,2025-01-06 23:45:00,DOT,Traffic Signal Condition,Controller,Brooklyn,11208.0,Closed,Unknown,0
63651478,2025-01-06 07:05:00,2025-01-06 07:50:00,DOT,Traffic Signal Condition,Controller Cabinet,Brooklyn,11224.0,Closed,Unknown,0
63651481,2025-01-06 22:51:55,2025-01-15 11:52:20,DOT,Sidewalk Condition,Broken Sidewalk,Manhattan,10023.0,Closed,Online,8
63651482,2025-01-06 10:12:53,2025-01-08 12:20:00,DOT,Sidewalk Condition,Sidewalk Violation,Brooklyn,11238.0,Closed,Phone,2
63651483,2025-01-06 12:45:48,2025-01-14 14:21:25,DOT,Sidewalk Condition,Sidewalk Violation,Manhattan,10010.0,Closed,Online,8
63651498,2025-01-06 15:02:27,2025-01-08 12:57:45,DOT,Sidewalk Condition,Sidewalk Violation,Queens,11364.0,Closed,Phone,1
63651499,2025-01-06 17:50:30,2025-01-08 12:01:19,DOT,Sidewalk Condition,Sidewalk Violation,Manhattan,10029.0,Closed,Online,1
63651500,2025-01-06 20:21:45,2025-01-07 12:17:42,DOT,Street Condition,Blocked - Construction,Brooklyn,11204.0,Closed,Online,0
63651501,2025-01-06 11:04:03,2025-01-08 09:20:48,DOT,Street Condition,Cave-in,Queens,11691.0,Closed,Phone,1
63651502,2025-01-06 01:20:00,2025-01-06 12:40:00,DOT,Traffic Signal Condition,Controller,Brooklyn,11208.0,Closed,Unknown,0
63651503,2025-01-06 04:54:00,2025-03-06 07:35:00,DOT,Street Light Condition,Street Light Lamp Dim,Bronx,10461.0,Closed,Unknown,59
63651506,2025-01-06 21:26:47,2025-01-08 13:23:10,DOT,Sidewalk Condition,Sidewalk Violation,Queens,11104.0,Closed,Online,1
63651507,2025-01-06 12:29:56,2025-01-07 10:30:31,DOT,Street Condition,Cave-in,Queens,11419.0,Closed,Online,0
63651508,2025-01-06 09:21:22,2025-01-10 08:35:10,DOT,Street Sign - Dangling,"No Parking, Standing, Stopping",Brooklyn,11218.0,Closed,Phone,3
63651521,2025-01-06 09:44:00,2025-01-06 14:07:00,DOT,Street Light Condition,Street Light Lamp Dim,Queens,11102.0,Closed,Unknown,0
63651522,2025-01-06 07:25:00,2025-01-06 08:00:00,DOT,Traffic Signal Condition,Controller,Queens,11420.0,Closed,Unknown,0
63651533,2025-01-06 17:31:00,2025-01-09 14:33:00,DOT,Street Light Condition,Street Light Out,Queens,11385.0,Closed,Unknown,2
63651536,2025-01-06 08:20:00,2025-01-06 10:30:00,DOT,Traffic Signal Condition,Controller Cabinet,Brooklyn,11238.0,Closed,Unknown,0
63651543,2025-01-06 14:56:00,2025-01-07 13:30:00,DOT,Traffic Signal Condition,Post,Manhattan,10013.0,Closed,Unknown,0
63651607,2025-01-06 17:03:00,2025-01-16 13:18:00,DOT,Street Light Condition,Street Light Out,Brooklyn,11232.0,Closed,Unknown,9
63651608,2025-01-06 08:25:00,2025-01-13 09:36:00,DOT,Street Light Condition,Street Light Out,Brooklyn,11222.0,Closed,Unknown,7
63651609,2025-01-06 05:50:00,2025-03-04 11:47:00,DOT,Street Light Condition,Street Light Out,Brooklyn,11219.0,Closed,Unknown,57
63651611,2025-01-06 17:54:00,2025-01-12 07:55:00,DOT,Traffic Signal Condition,Pedestrian Signal,Queens,11377.0,Closed,Unknown,5
63651629,2025-01-06 09:12:00,2025-01-06 12:11:00,DOT,Street Light Condition,Street Light Out,Bronx,10465.0,Closed,Unknown,0
63651651,2025-01-06 09:40:28,2025-01-06 09:51:49,DOT,Street Sign - Missing,"No Parking, Standing, Stopping",Brooklyn,11224.0,Closed,Phone,0
63651680,2025-01-06 09:01:00,2025-01-07 03:20:00,DOT,Traffic Signal Condition,Ped Multiple Lamps,Brooklyn,11231.0,Closed,Unknown,0
63651732,2025-01-06 10:54:03,2025-01-07 08:47:15,DOT,Outdoor Dining,Sidewalk Zone Blocked,Manhattan,10065.0,Closed,Phone,0
63651736,2025-01-06 08:46:00,2025-01-06 11:30:00,DOT,Traffic Signal Condition,Vehicle Signal,Brooklyn,11234.0,Closed,Unknown,0
63651777,2025-01-06 09:11:00,2025-01-06 10:15:00,DOT,Traffic Signal Condition,Pedestrian Signal,Manhattan,10039.0,Closed,Unknown,0
63652258,2025-01-06 16:00:00,2025-01-14 12:30:00,DOT,Traffic Signal Condition,LED Lense,Brooklyn,11207.0,Closed,Unknown,7
63652274,2025-01-06 15:20:00,2025-01-13 19:40:00,DOT,Traffic Signal Condition,LED Lense,Queens,11372.0,Closed,Unknown,7
63652278,2025-01-06 16:33:00,2025-01-07 11:25:00,DOT,Traffic Signal Condition,LED Lense,Queens,11435.0,Closed,Unknown,0
63652730,2025-01-06 14:10:23,2025-01-07 09:23:28,DOT,Outdoor Dining,Site Setup Condition,Manhattan,10014.0,Closed,Online,0
63652731,2025-01-06 10:04:49,2025-01-07 09:08:10,DOT,Outdoor Dining,Site Setup Condition,Manhattan,10017.0,Closed,Online,0
63652832,2025-01-06 07:54:00,2025-01-06 11:50:00,DOT,Traffic Signal Condition,Pedestrian Signal,Bronx,10463.0,Closed,Unknown,0
63652838,2025-01-06 14:00:00,2025-01-07 10:10:00,DOT,Traffic Signal Condition,LED Pedestrian Unit,Queens,11418.0,Closed,Unknown,0
63652840,2025-01-05 15:43:20,2025-01-06 08:12:00,DOT,Street Condition,Pothole,Bronx,10461.0,Closed,Unknown,0
63652841,2025-01-06 22:51:54,2025-01-06 22:51:54,DOT,Street Condition,Pothole,Queens,11421.0,Closed,Unknown,0
63652848,2025-01-02 06:49:49,2025-01-03 22:09:00,DOT,Street Condition,Pothole,Queens,11377.0,Closed,Unknown,1
63652849,2025-01-05 22:46:48,2025-01-06 17:30:00,DOT,Street Condition,Pothole,Brooklyn,11232.0,Closed,Unknown,0
63652851,2025-01-02 06:24:12,2025-01-03 23:00:00,DOT,Street Condition,Pothole,Brooklyn,11214.0,Closed,Unknown,1
63652852,2025-01-04 14:18:23,2025-01-05 08:30:00,DOT,Street Condition,Pothole,Brooklyn,11211.0,Closed,Unknown,0
63652855,2025-01-06 21:37:00,2025-01-07 10:07:00,DOT,Street Light Condition,Lamppost Wire Exposed,Bronx,10451.0,Closed,Unknown,0
63652859,2025-01-01 07:46:41,2025-01-03 10:45:00,DOT,Street Condition,Pothole,Bronx,10458.0,Closed,Unknown,2
63652860,2025-01-04 21:50:59,2025-01-06 08:49:00,DOT,Street Condition,Pothole,Staten Island,10309.0,Closed,Unknown,1
63652861,2025-01-02 06:30:03,2025-01-03 23:31:00,DOT,Street Condition,Pothole,Queens,11355.0,Closed,Unknown,1
63652862,2025-01-02 06:28:18,2025-01-03 22:10:00,DOT,Street Condition,Pothole,Queens,11367.0,Closed,Unknown,1
63652863,2025-01-06 10:18:00,2025-01-06 12:13:00,DOT,Street Light Condition,Fixture/Luminaire Damaged,Bronx,10467.0,Closed,Unknown,0
63652866,2025-01-04 23:12:14,2026-01-07 11:00:00,DOT,Street Condition,Pothole,Brooklyn,11206.0,Closed,Unknown,367
63652869,2025-01-05 21:08:21,2025-01-06 08:05:00,DOT,Street Condition,Pothole,Queens,11375.0,Closed,Unknown,0
63652872,2025-01-06 09:30:41,2025-01-06 22:30:00,DOT,Street Condition,Pothole,Manhattan,10006.0,Closed,Unknown,0
63652873,2025-01-04 14:21:21,2025-01-05 13:00:00,DOT,Street Condition,Pothole,Brooklyn,11222.0,Closed,Unknown,0
63652874,2025-01-04 19:51:27,2025-01-06 11:50:00,DOT,Street Condition,Pothole,Brooklyn,11215.0,Closed,Unknown,1
63652875,2025-01-04 08:48:48,2025-01-06 13:30:00,DOT,Street Condition,Pothole,Brooklyn,11233.0,Closed,Unknown,2
63652883,2025-01-06 15:58:00,2025-01-06 15:58:00,DOT,Traffic Signal Condition,Base Door,Brooklyn,11212.0,Closed,Unknown,0
63652889,2025-01-06 06:46:00,2025-01-21 12:30:00,DOT,Traffic Signal Condition,Support Bracket,Queens,11413.0,Closed,Unknown,15
63652892,2025-01-05 14:28:15,2025-01-06 09:20:00,DOT,Street Condition,Pothole,Staten Island,10304.0,Closed,Unknown,0
63652893,2025-01-06 10:56:59,2025-01-06 10:56:59,DOT,Street Condition,Pothole,Queens,11354.0,Closed,Unknown,0
63652894,2025-01-06 10:23:50,2025-01-07 00:40:00,DOT,Street Condition,Pothole,Manhattan,10004.0,Closed,Unknown,0
63652896,2025-01-05 11:20:12,2025-01-06 09:15:00,DOT,Street Condition,Pothole,Brooklyn,11207.0,Closed,Unknown,0
63652925,2025-01-06 21:07:38,2025-01-07 01:11:03,DOT,Street Condition,Plate Condition - Noisy,Queens,11412.0,Closed,Online,0
63653036,2025-01-06 17:39:00,2025-01-14 20:00:00,DOT,Traffic Signal Condition,Pedestrian Signal,Brooklyn,11226.0,Closed,Unknown,8
63653037,2025-01-06 12:11:00,2025-01-06 14:20:00,DOT,Traffic Signal Condition,Controller,Brooklyn,11205.0,Closed,Unknown,0
63653063,2025-01-06 17:44:00,2025-01-13 10:42:00,DOT,Street Light Condition,Street Light Out,Brooklyn,11208.0,Closed,Unknown,6
63653068,2025-01-06 12:04:00,2025-04-16 08:55:00,DOT,Street Light Condition,Street Light Out,Bronx,10468.0,Closed,Unknown,99
63653077,2025-01-06 08:39:00,2025-01-07 08:55:00,DOT,Traffic Signal Condition,Controller Cabinet,Brooklyn,11218.0,Closed,Unknown,1
63653086,2025-01-06 10:09:00,2025-02-26 23:15:00,DOT,Street Light Condition,Street Light Out,Manhattan,10009.0,Closed,Unknown,51
63653087,2025-01-06 10:06:00,2025-02-21 00:45:00,DOT,Street Light Condition,Street Light Out,Manhattan,10009.0,Closed,Unknown,45
63653187,2025-01-06 14:06:34,2025-01-07 14:25:00,DOT,Street Condition,Pothole,Bronx,10463.0,Closed,Unknown,1
63653188,2025-01-06 22:47:20,2025-01-07 11:05:00,DOT,Street Condition,Pothole,Queens,11421.0,Closed,Unknown,0
63653232,2025-01-06 10:42:00,2025-01-06 13:30:00,DOT,Traffic Signal Condition,Controller,Bronx,10469.0,Closed,Unknown,0
63653239,2025-01-06 21:11:15,2025-01-07 10:40:00,DOT,Street Condition,Pothole,Queens,11358.0,Closed,Unknown,0
63653240,2025-01-06 00:39:08,2025-01-07 11:45:00,DOT,Street Condition,Pothole,Queens,11420.0,Closed,Unknown,1
63653255,2025-01-06 11:19:00,2025-01-07 04:45:00,DOT,Traffic Signal Condition,LED Lense,Brooklyn,11217.0,Closed,Unknown,0
63653261,2025-01-06 17:10:27,2025-01-07 08:55:00,DOT,Street Condition,Pothole,Queens,11434.0,Closed,Unknown,0
63653262,2025-01-05 23:25:03,2025-01-07 09:20:00,DOT,Street Condition,Pothole,Queens,11364.0,Closed,Unknown,1
63653291,2025-01-06 09:41:32,2025-01-07 07:04:27,DOT,Street Condition,Cave-in,Queens,11378.0,Closed,Phone,0
63653326,2025-01-06 15:34:53,2025-01-08 13:01:39,DOT,Sidewalk Condition,Sidewalk Violation,Queens,11365.0,Closed,Phone,1
63653327,2025-01-06 08:53:59,2025-01-22 12:45:32,DOT,Sidewalk Condition,Sidewalk Violation,Bronx,10473.0,Closed,Online,16
63653330,2025-01-06 09:49:27,2025-01-14 17:25:46,DOT,Sidewalk Condition,Sidewalk Violation,Staten Island,10306.0,Closed,Phone,8
63653331,2025-01-06 15:33:35,2025-01-17 14:09:12,DOT,Sidewalk Condition,Sidewalk Violation,Brooklyn,11232.0,Closed,Phone,10
63653332,2025-01-06 14:05:21,2025-01-07 08:24:58,DOT,Street Condition,Blocked - Construction,Queens,11377.0,Closed,Phone,0
63653333,2025-01-06 14:09:14,2025-01-07 11:49:34,DOT,Street Condition,Cave-in,Brooklyn,11234.0,Closed,Unknown,0
63653334,2025-01-06 16:29:50,2025-01-08 14:45:34,DOT,Street Condition,"Rough, Pitted or Cracked Roads",Brooklyn,11219.0,Closed,Phone,1
63653335,2025-01-06 07:41:00,2025-01-06 08:30:00,DOT,Traffic Signal Condition,Controller,Manhattan,10019.0,Closed,Unknown,0
63653336,2025-01-06 15:00:00,2025-01-06 16:15:00,DOT,Traffic Signal Condition,Controller,Brooklyn,11207.0,Closed,Unknown,0
63653344,2025-01-06 09:21:00,2025-01-07 06:03:53,DOT,Street Sign - Damaged,Other/Unknown,Manhattan,10013.0,Closed,Mobile,0
63653356,2025-01-06 12:49:59,2025-01-16 10:01:41,DOT,Curb Condition,Broken Curb,Bronx,10456.0,Closed,Online,9
63653357,2025-01-06 17:05:59,2025-03-28 10:30:17,DOT,Curb Condition,Defacement,Queens,11355.0,Closed,Phone,80
63653363,2025-01-06 13:28:08,2025-01-16 09:29:39,DOT,Curb Condition,Broken Curb,Brooklyn,11228.0,Closed,Online,9
63653364,2025-01-06 16:27:07,2025-01-16 09:56:45,DOT,Curb Condition,Broken Curb,Brooklyn,11238.0,Closed,Online,9
63653373,2025-01-06 23:10:00,2025-01-07 00:00:00,DOT,Traffic Signal Condition,Controller,Brooklyn,11219.0,Closed,Unknown,0
63653414,2025-01-06 21:43:38,2025-02-06 20:22:36,DOT,Sidewalk Condition,Broken Sidewalk,Queens,11357.0,Closed,Online,30
63653415,2025-01-06 23:23:34,2025-01-14 14:48:43,DOT,Sidewalk Condition,Broken Sidewalk,Manhattan,10018.0,Closed,Online,7
63653416,2025-01-06 11:18:27,2025-01-08 11:48:25,DOT,Sidewalk Condition,Sidewalk Violation,Bronx,10460.0,Closed,Phone,2
63653418,2025-01-06 08:27:00,2025-01-06 09:40:00,DOT,Traffic Signal Condition,Controller Cabinet,Brooklyn,11207.0,Closed,Unknown,0
63653425,2025-01-06 15:23:43,2025-01-15 14:02:12,DOT,Street Sign - Dangling,Other/Unknown,Queens,11377.0,Closed,Phone,8
63653426,2025-01-06 13:31:05,2025-01-17 09:26:27,DOT,Street Sign - Missing,St Name - Attached to Pole,Queens,11101.0,Closed,Mobile,10
63653427,2025-01-06 11:31:58,2025-01-07 08:08:09,DOT,Street Sign - Missing,St Name - Attached to Pole,Staten Island,10312.0,Closed,Online,0
63653435,2025-01-06 17:54:00,2025-01-06 19:25:00,DOT,Traffic Signal Condition,Controller,Staten Island,10312.0,Closed,Unknown,0
63653442,2025-01-06 12:51:00,2025-01-16 10:33:00,DOT,Street Light Condition,Street Light Out,Staten Island,10301.0,Closed,Unknown,9
63653443,2025-01-06 23:12:00,2025-01-09 12:10:00,DOT,Traffic Signal Condition,Controller,Brooklyn,11205.0,Closed,Unknown,2
63653455,2025-01-06 13:37:00,2025-01-06 14:40:00,DOT,Traffic Signal Condition,Wireless,Queens,11372.0,Closed,Unknown,0
63653466,2025-01-06 16:20:00,2025-01-07 10:10:00,DOT,Street Light Condition,Street Light Out,Bronx,10461.0,Closed,Unknown,0
63653517,2025-01-06 17:56:00,2025-01-06 20:05:00,DOT,Traffic Signal Condition,Vehicle Signal,Queens,11354.0,Closed,Unknown,0
63653778,2025-01-06 20:45:00,2025-01-07 00:00:00,DOT,Traffic Signal Condition,Ped Lamp,Brooklyn,11219.0,Closed,Unknown,0
63654134,2025-01-05 22:55:00,2025-01-05 23:20:00,DOT,Traffic Signal Condition,LED Lense,Bronx,10460.0,Closed,Unknown,0
63654141,2025-01-06 06:45:00,2025-01-17 02:45:00,DOT,Traffic Signal Condition,LED Lense,Queens,11413.0,Closed,Unknown,10
63654616,2025-01-06 19:06:00,2025-01-14 03:25:00,DOT,Traffic Signal Condition,LED Pedestrian Unit,Brooklyn,11201.0,Closed,Unknown,7
63654631,2025-01-06 21:05:48,2025-01-09 07:44:31,DOT,Broken Parking Meter,Timer Defect - Fast/Fail,Manhattan,10031.0,Closed,Online,2
63654654,2025-01-01 07:52:21,2025-01-03 09:40:00,DOT,Street Condition,Pothole,Bronx,10460.0,Closed,Unknown,2
63654655,2025-01-01 06:55:05,2025-01-03 11:10:00,DOT,Street Condition,Pothole,Bronx,10451.0,Closed,Unknown,2
63654656,2025-01-06 06:11:07,2025-01-06 10:50:00,DOT,Street Condition,Pothole,Bronx,10461.0,Closed,Unknown,0
63654657,2025-01-02 06:54:07,2025-01-03 21:15:00,DOT,Street Condition,Pothole,Queens,11432.0,Closed,Unknown,1
63654658,2025-01-02 06:29:30,2025-01-03 23:11:00,DOT,Street Condition,Pothole,Queens,11355.0,Closed,Unknown,1
63654674,2025-01-05 22:48:10,2025-01-06 17:55:00,DOT,Street Condition,Pothole,Brooklyn,11232.0,Closed,Unknown,0
63654675,2025-01-05 13:50:33,2025-01-06 10:45:00,DOT,Street Condition,Pothole,Brooklyn,11234.0,Closed,Unknown,0
63654698,2025-01-01 07:56:31,2025-01-03 13:30:00,DOT,Street Condition,Pothole,Bronx,10458.0,Closed,Unknown,2
63654699,2025-01-01 07:54:49,2025-01-03 11:30:00,DOT,Street Condition,Pothole,Bronx,10457.0,Closed,Unknown,2
63654703,2025-01-06 10:10:00,2025-01-06 13:50:00,DOT,Traffic Signal Condition,Ped Lamp,Brooklyn,11215.0,Closed,Unknown,0
63654704,2025-01-01 06:59:20,2025-01-03 08:20:00,DOT,Street Condition,Pothole,Bronx,10462.0,Closed,Unknown,2
63654705,2025-01-02 06:55:37,2025-01-04 01:10:00,DOT,Street Condition,Pothole,Queens,11354.0,Closed,Unknown,1
63654706,2025-01-02 06:30:18,2025-01-04 00:25:00,DOT,Street Condition,Pothole,Queens,11355.0,Closed,Unknown,1
63654707,2025-01-02 06:28:36,2025-01-03 22:21:00,DOT,Street Condition,Pothole,Queens,11367.0,Closed,Unknown,1
63654708,2025-01-02 06:17:13,2025-01-03 23:36:00,DOT,Street Condition,Pothole,Queens,11378.0,Closed,Unknown,1
63654709,2025-01-02 06:16:53,2025-01-03 22:42:00,DOT,Street Condition,Pothole,Queens,11378.0,Closed,Unknown,1
63654711,2025-01-02 06:22:54,2025-01-03 22:20:00,DOT,Street Condition,Pothole,Brooklyn,11214.0,Closed,Unknown,1
63654712,2025-01-04 23:07:45,2025-01-05 17:05:00,DOT,Street Condition,Pothole,Brooklyn,11210.0,Closed,Unknown,0
63654722,2025-01-02 06:16:12,2025-01-03 22:08:00,DOT,Street Condition,Pothole,Queens,11378.0,Closed,Unknown,1
63654723,2025-01-02 06:15:00,2025-01-04 01:20:00,DOT,Street Condition,Pothole,Queens,11432.0,Closed,Unknown,1
63654730,2025-01-04 14:20:47,2025-01-05 11:20:00,DOT,Street Condition,Pothole,Brooklyn,11206.0,Closed,Unknown,0
63654746,2025-01-01 06:57:25,2025-01-03 13:00:00,DOT,Street Condition,Pothole,Bronx,10451.0,Closed,Unknown,2
63654747,2025-01-04 10:58:37,2025-01-06 07:44:00,DOT,Street Condition,Pothole,Queens,11373.0,Closed,Unknown,1
63654748,2025-01-05 13:35:20,2025-01-06 11:00:00,DOT,Street Condition,Pothole,Brooklyn,11239.0,Closed,Unknown,0
63654749,2025-01-04 14:18:54,2025-01-05 09:15:00,DOT,Street Condition,Pothole,Brooklyn,11211.0,Closed,Unknown,0
63654984,2025-01-06 06:44:00,2025-01-07 03:00:00,DOT,Traffic Signal Condition,Junction Box,Queens,11412.0,Closed,Unknown,0
63654992,2025-01-06 17:46:00,2025-01-13 10:44:00,DOT,Street Light Condition,Street Light Lamp Dim,Brooklyn,11208.0,Closed,Unknown,6
63655014,2025-01-06 07:02:00,2025-01-16 13:26:00,DOT,Street Light Condition,Street Light Out,Brooklyn,11226.0,Closed,Unknown,10
63655015,2025-01-06 11:52:00,2025-01-06 17:10:00,DOT,Traffic Signal Condition,APS,Bronx,10461.0,Closed,Unknown,0
63655105,2025-01-04 13:26:47,2025-01-07 09:40:00,DOT,Street Condition,Pothole,Staten Island,10306.0,Closed,Unknown,2
63655106,2025-01-06 13:53:42,2025-01-08 07:40:00,DOT,Street Condition,Pothole,Queens,11375.0,Closed,Unknown,1
63655107,2025-01-06 13:26:35,2025-01-07 10:00:00,DOT,Street Condition,Pothole,Queens,11414.0,Closed,Unknown,0
63655108,2025-01-06 11:29:26,2025-01-07 10:15:00,DOT,Street Condition,Pothole,Queens,11358.0,Closed,Unknown,0
63655109,2025-01-06 10:25:27,2025-01-07 13:00:00,DOT,Street Condition,Pothole,Brooklyn,11201.0,Closed,Unknown,1
63655132,2025-01-06 23:25:29,2025-01-07 11:10:00,DOT,Street Condition,Pothole,Staten Island,10301.0,Closed,Unknown,0
63655151,2025-01-06 14:27:08,2025-01-07 08:45:00,DOT,Street Condition,Pothole,Bronx,10471.0,Closed,Unknown,0
63655227,2025-01-06 15:59:52,2025-01-14 14:35:17,DOT,Sidewalk Condition,Broken Sidewalk,Manhattan,10014.0,Closed,Phone,7
63655228,2025-01-06 09:55:44,2025-01-14 16:21:43,DOT,Sidewalk Condition,Sidewalk Violation,Bronx,10460.0,Closed,Phone,8
63655229,2025-01-06 17:38:20,2025-01-07 09:28:22,DOT,Street Condition,Defective Hardware,Manhattan,10024.0,Closed,Online,0
63655230,2025-01-06 15:10:54,2025-01-07 17:35:11,DOT,Street Sign - Dangling,Stop,Manhattan,10019.0,Closed,Online,1
63655234,2025-01-06 11:21:00,2025-01-07 10:50:00,DOT,Traffic Signal Condition,LED Lense,Brooklyn,11217.0,Closed,Unknown,0
63655241,2025-01-06 18:34:53,2025-01-07 11:06:30,DOT,Street Condition,Dumpster - Construction Waste,Brooklyn,11209.0,Closed,Phone,0
63655294,2025-01-06 15:09:00,2025-01-06 16:20:00,DOT,Traffic Signal Condition,Controller,Brooklyn,11220.0,Closed,Unknown,0
63655311,2025-01-06 20:09:14,2025-01-14 17:11:09,DOT,Sidewalk Condition,Broken Sidewalk,Queens,11101.0,Closed,Online,7
63655313,2025-01-06 14:59:18,2025-01-10 08:37:47,DOT,Street Sign - Dangling,Yield,Brooklyn,11236.0,Closed,Phone,3
63655318,2025-01-06 09:14:01,2025-01-07 09:20:42,DOT,Street Condition,Failed Street Repair,Brooklyn,11228.0,Closed,Phone,1
63655331,2025-01-06 22:18:00,2025-01-07 00:45:00,DOT,Traffic Signal Condition,Controller,Manhattan,10021.0,Closed,Unknown,0
63655342,2025-01-06 04:22:00,2025-01-06 06:40:00,DOT,Traffic Signal Condition,Controller,Brooklyn,11218.0,Closed,Unknown,0
63655343,2025-01-06 01:17:00,2025-01-06 02:55:00,DOT,Traffic Signal Condition,Controller,Brooklyn,11234.0,Closed,Unknown,0
63655345,2025-01-06 14:55:01,2025-01-07 11:16:56,DOT,Sidewalk Condition,Blocked - Construction,Bronx,10460.0,Closed,Online,0
63655346,2025-01-06 19:14:57,2025-01-14 17:38:01,DOT,Sidewalk Condition,Broken Sidewalk,Staten Island,10310.0,Closed,Phone,7
63655347,2025-01-06 01:53:59,2025-01-14 15:27:45,DOT,Sidewalk Condition,Broken Sidewalk,Bronx,10452.0,Closed,Phone,8
63655348,2025-01-06 14:59:14,2025-01-22 16:02:11,DOT,Sidewalk Condition,Pedestrian Ramp Defective,Brooklyn,11204.0,Closed,Phone,16
63655349,2025-01-06 10:27:09,2025-01-14 15:59:41,DOT,Sidewalk Condition,Sidewalk Violation,Bronx,10456.0,Closed,Phone,8
63655350,2025-01-06 09:43:52,2025-01-15 12:37:07,DOT,Sidewalk Condition,Sidewalk Violation,Queens,11377.0,Closed,Phone,9
63655351,2025-01-06 11:02:05,2025-01-07 10:32:47,DOT,Street Condition,Blocked - Construction,Queens,11368.0,Closed,Phone,0
63655352,2025-01-06 15:01:58,2025-01-07 09:13:56,DOT,Street Condition,Blocked - Construction,Queens,11104.0,Closed,Online,0
63655353,2025-01-06 14:43:37,2025-01-08 09:35:49,DOT,Street Condition,Blocked - Construction,Brooklyn,11226.0,Closed,Phone,1
63655354,2025-01-06 17:38:33,2025-01-13 06:04:46,DOT,Street Sign - Damaged,Other/Unknown,Brooklyn,11234.0,Closed,Phone,6
63655355,2025-01-06 15:00:14,2025-01-07 06:48:06,DOT,Street Sign - Missing,Bus Stop,Queens,11434.0,Closed,Mobile,0
63655358,2025-01-06 09:49:00,2025-04-15 10:06:00,DOT,Street Light Condition,Multiple Street Lights Out,Manhattan,10282.0,Closed,Unknown,99
63655364,2025-01-06 16:35:00,2025-01-06 17:10:00,DOT,Traffic Signal Condition,Controller,Brooklyn,11204.0,Closed,Unknown,0
63655365,2025-01-07 00:55:00,2025-01-12 08:40:00,DOT,Traffic Signal Condition,Controller,Bronx,10459.0,Closed,Unknown,5
63655366,2025-01-06 09:04:00,2025-01-06 09:50:00,DOT,Traffic Signal Condition,Controller,Brooklyn,11219.0,Closed,Unknown,0
63655368,2025-01-06 12:40:00,2025-06-25 10:33:00,DOT,Street Light Condition,Multiple Street Lights Out,Manhattan,10034.0,Closed,Unknown,169
63655373,2025-01-06 15:38:00,2025-01-16 13:19:00,DOT,Street Light Condition,Street Light Out,Brooklyn,11232.0,Closed,Unknown,9
63655374,2025-01-06 10:30:00,2025-01-16 13:21:00,DOT,Street Light Condition,Street Light Out,Brooklyn,11219.0,Closed,Unknown,10
63655437,2025-01-06 22:45:00,2025-01-07 12:25:00,DOT,Traffic Signal Condition,Veh Signal Head,Manhattan,10031.0,Closed,Unknown,0
63655466,2025-01-06 10:54:35,2025-01-07 07:04:00,DOT,Building Condition,Bikes in Buildings,Manhattan,10037.0,Closed,Phone,0
63655502,2025-01-06 11:35:46,2025-01-08 15:57:14,DOT,E-Scooter,Improperly Parked or Abandoned,Queens,11435.0,Closed,Phone,2
63655523,2025-01-06 17:50:00,2025-04-16 07:40:00,DOT,Street Light Condition,Street Light Out,Bronx,10467.0,Closed,Unknown,99
63655545,2025-01-06 18:24:58,2025-01-14 08:10:21,DOT,Outdoor Dining,Sidewalk Zone Blocked,Manhattan,10003.0,Closed,Online,7
63655642,2025-01-06 15:28:32,2025-01-13 09:45:25,DOT,Outdoor Dining,Sidewalk Zone Blocked,Brooklyn,11222.0,Closed,Online,6
63655644,2025-01-06 18:35:14,2025-01-09 08:01:07,DOT,Outdoor Dining,Site Setup Condition,Manhattan,10014.0,Closed,Online,2
63655737,2025-01-06 16:38:55,2025-01-15 12:51:42,DOT,Outdoor Dining,Sidewalk Zone Blocked,Brooklyn,11235.0,Closed,Phone,8
63656100,2025-01-06 14:02:00,2025-01-08 03:35:00,DOT,Traffic Signal Condition,LED Lense,Queens,11434.0,Closed,Unknown,1
63656466,2025-01-06 02:33:39,2025-01-07 06:14:41,DOT,Sidewalk Condition,Blocked - Construction,Staten Island,10310.0,Closed,Online,1
63656525,2025-01-06 04:20:00,2025-01-06 04:45:00,DOT,Traffic Signal Condition,LED Pedestrian Unit,Bronx,10458.0,Closed,Unknown,0
63656554,2025-01-01 07:52:55,2025-01-03 10:10:00,DOT,Street Condition,Pothole,Bronx,10460.0,Closed,Unknown,2
63656555,2025-01-01 07:50:00,2025-01-03 13:34:00,DOT,Street Condition,Pothole,Bronx,10458.0,Closed,Unknown,2
63656556,2025-01-01 07:01:31,2025-01-03 10:15:00,DOT,Street Condition,Pothole,Bronx,10467.0,Closed,Unknown,2
63656557,2025-01-05 22:07:44,2025-01-06 16:40:00,DOT,Street Condition,Pothole,Queens,11101.0,Closed,Unknown,0
63656558,2025-01-06 22:49:49,2025-01-06 22:49:49,DOT,Street Condition,Pothole,Queens,11421.0,Closed,Unknown,0
63656559,2025-01-06 11:31:50,2025-01-06 11:31:50,DOT,Street Condition,Pothole,Queens,11358.0,Closed,Unknown,0
63656560,2025-01-02 06:49:02,2025-01-03 21:32:00,DOT,Street Condition,Pothole,Queens,11377.0,Closed,Unknown,1
63656561,2025-01-02 06:43:41,2025-01-04 00:25:00,DOT,Street Condition,Pothole,Queens,11416.0,Closed,Unknown,1
63656562,2025-01-02 06:42:30,2025-01-03 22:05:00,DOT,Street Condition,Pothole,Queens,11419.0,Closed,Unknown,1
63656563,2025-01-04 14:16:50,2025-01-05 08:00:00,DOT,Street Condition,Pothole,Brooklyn,11211.0,Closed,Unknown,0
63656564,2025-01-04 20:15:16,2025-01-06 09:45:00,DOT,Street Condition,Pothole,Brooklyn,11208.0,Closed,Unknown,1
63656584,2025-01-06 16:05:41,2025-01-29 07:40:53,DOT,Broken Parking Meter,Out of Order,Brooklyn,11201.0,Closed,Phone,22
63656650,2025-01-06 17:41:00,2025-01-06 17:55:00,DOT,Traffic Signal Condition,Pedestrian Signal,Brooklyn,11203.0,Closed,Unknown,0
63656659,2025-01-01 07:48:31,2025-01-03 13:17:00,DOT,Street Condition,Pothole,Bronx,10468.0,Closed,Unknown,2
63656660,2025-01-01 07:47:46,2025-01-03 12:38:00,DOT,Street Condition,Pothole,Bronx,10468.0,Closed,Unknown,2
63656661,2025-01-05 15:05:16,2025-01-05 15:05:16,DOT,Street Condition,Pothole,Staten Island,10304.0,Closed,Unknown,0
63656662,2025-01-05 22:09:03,2025-01-06 18:55:00,DOT,Street Condition,Pothole,Queens,11368.0,Closed,Unknown,0
63656663,2025-01-02 06:43:24,2025-01-04 00:10:00,DOT,Street Condition,Pothole,Queens,11416.0,Closed,Unknown,1
63656664,2025-01-05 14:52:14,2025-01-05 14:52:14,DOT,Street Condition,Pothole,Manhattan,10014.0,Closed,Unknown,0
63656665,2025-01-02 06:27:38,2025-01-04 00:45:00,DOT,Street Condition,Pothole,Brooklyn,11214.0,Closed,Unknown,1
63656666,2025-01-02 06:21:31,2025-01-03 21:25:00,DOT,Street Condition,Pothole,Brooklyn,11214.0,Closed,Unknown,1
63656678,2025-01-02 06:43:58,2025-01-04 00:45:00,DOT,Street Condition,Pothole,Queens,11416.0,Closed,Unknown,1
63656679,2025-01-06 16:37:41,2025-01-07 01:15:00,DOT,Street Condition,Pothole,Manhattan,10005.0,Closed,Unknown,0
63656680,2025-01-05 03:42:36,2025-01-06 12:15:00,DOT,Street Condition,Pothole,Manhattan,10023.0,Closed,Unknown,1
63656742,2025-01-06 22:14:00,2025-01-07 00:00:00,DOT,Traffic Signal Condition,Veh Sgnl Mult Lamps,Brooklyn,11219.0,Closed,Unknown,0
63656745,2025-01-01 07:55:22,2025-01-03 12:35:00,DOT,Street Condition,Pothole,Bronx,10457.0,Closed,Unknown,2
63656746,2025-01-04 14:04:52,2025-01-06 13:35:00,DOT,Street Condition,Pothole,Bronx,10471.0,Closed,Unknown,1
63656747,2025-01-05 12:59:36,2025-01-06 11:05:00,DOT,Street Condition,Pothole,Queens,11379.0,Closed,Unknown,0
63656749,2025-01-05 13:35:47,2025-01-06 11:10:00,DOT,Street Condition,Pothole,Brooklyn,11234.0,Closed,Unknown,0
63656750,2025-01-02 06:38:54,2025-01-03 00:30:00,DOT,Street Condition,Pothole,Brooklyn,11214.0,Closed,Unknown,0
63656751,2025-01-02 06:24:44,2025-01-03 23:10:00,DOT,Street Condition,Pothole,Brooklyn,11214.0,Closed,Unknown,1
63656752,2025-01-06 10:39:00,2025-01-07 08:00:00,DOT,Street Light Condition,Fixture/Luminaire Hanging,Manhattan,10014.0,Closed,Unknown,0
63656890,2025-01-06 17:48:00,2025-01-13 10:41:00,DOT,Street Light Condition,Street Light Out,Brooklyn,11208.0,Closed,Unknown,6
63656935,2025-01-06 10:37:00,2025-01-06 12:10:00,DOT,Traffic Signal Condition,Wireless,Queens,11691.0,Closed,Unknown,0
63656959,2025-01-06 05:56:00,2025-01-16 13:27:00,DOT,Street Light Condition,Street Light Out,Brooklyn,11203.0,Closed,Unknown,10
63656960,2025-01-06 19:10:00,2025-01-13 08:57:00,DOT,Street Light Condition,Street Light Out,Brooklyn,11223.0,Closed,Unknown,6
63656967,2025-01-06 22:22:00,2025-04-16 09:15:00,DOT,Street Light Condition,Street Light Out,Bronx,10455.0,Closed,Unknown,99
63656970,2025-01-06 08:38:00,2025-01-07 07:45:00,DOT,Traffic Signal Condition,APS,Queens,11374.0,Closed,Unknown,0
63657020,2025-01-06 04:20:24,2025-01-07 11:00:00,DOT,Street Condition,Pothole,Queens,11417.0,Closed,Unknown,1
63657050,2025-01-06 09:25:13,2025-01-15 15:34:38,DOT,Curb Condition,Broken Curb,Bronx,10452.0,Closed,Phone,9
63657068,2025-01-04 11:33:28,2025-01-07 09:21:00,DOT,Street Condition,Pothole,Staten Island,10305.0,Closed,Unknown,2
63657069,2025-01-06 12:53:04,2025-01-07 09:25:00,DOT,Street Condition,Pothole,Brooklyn,11236.0,Closed,Unknown,0
63657074,2025-01-06 11:56:52,2025-01-07 10:49:25,DOT,Sidewalk Condition,Blocked - Construction,Manhattan,10024.0,Closed,Phone,0
63657075,2025-01-06 17:39:49,2025-01-08 11:58:02,DOT,Sidewalk Condition,Sidewalk Violation,Manhattan,10003.0,Closed,Phone,1
63657076,2025-01-06 16:08:50,2025-01-14 12:16:12,DOT,Sidewalk Condition,Sidewalk Violation,Brooklyn,11223.0,Closed,Phone,7
63657077,2025-01-06 06:37:35,2025-01-07 11:46:50,DOT,Street Condition,Cave-in,Brooklyn,11214.0,Closed,Unknown,1
63657078,2025-01-06 09:55:21,2025-01-07 08:47:50,DOT,Street Condition,Defective Hardware,Staten Island,10305.0,Closed,Phone,0
63657079,2025-01-06 02:28:06,2025-01-10 06:50:12,DOT,Street Sign - Dangling,"No Parking, Standing, Stopping",Staten Island,10310.0,Closed,Online,4
63657097,2025-01-06 16:34:32,2025-01-07 08:25:00,DOT,Street Condition,Pothole,Brooklyn,11234.0,Closed,Unknown,0
63657108,2025-01-06 15:47:00,2025-01-06 15:50:00,DOT,Traffic Signal Condition,Controller,Brooklyn,11220.0,Closed,Unknown,0
63657109,2025-01-06 09:23:00,2025-01-06 13:45:00,DOT,Traffic Signal Condition,Controller,Brooklyn,11234.0,Closed,Unknown,0
63657130,2025-01-06 08:25:34,2025-01-07 14:27:08,DOT,Sidewalk Condition,Broken Sidewalk,Brooklyn,11205.0,Closed,Phone,1
63657148,2025-01-06 08:26:00,2025-07-24 17:17:00,DOT,Street Light Condition,Lamppost Knocked Down,Manhattan,10013.0,Closed,Unknown,199
63657162,2025-01-06 05:47:00,2025-01-16 11:21:00,DOT,Street Light Condition,Lamppost Knocked Down,Brooklyn,11223.0,Closed,Unknown,10
63657196,2025-01-06 15:21:01,2025-01-14 11:14:47,DOT,Sidewalk Condition,Broken Sidewalk,Brooklyn,11236.0,Closed,Mobile,7
63657197,2025-01-06 17:03:02,2025-01-15 10:44:22,DOT,Sidewalk Condition,Sidewalk Violation,Brooklyn,11236.0,Closed,Phone,8
63657198,2025-01-06 08:22:26,2025-01-08 09:13:40,DOT,Street Condition,Cave-in,Queens,11373.0,Closed,Phone,2
63657199,2025-01-06 11:50:09,2025-01-07 09:28:18,DOT,Street Condition,Defective Hardware,Manhattan,10024.0,Closed,Phone,0
63657211,2025-01-06 16:04:06,2025-02-04 11:32:26,DOT,Sidewalk Condition,Broken Sidewalk,Manhattan,10012.0,Closed,Mobile,28
63657215,2025-01-06 16:13:57,2025-01-14 16:30:43,DOT,Sidewalk Condition,Broken Sidewalk,Queens,11434.0,Closed,Mobile,8
63657216,2025-01-06 07:16:37,2025-01-08 13:46:06,DOT,Street Condition,Failed Street Repair,Bronx,10469.0,Closed,Phone,2
63657217,2025-01-06 20:05:07,2025-01-07 07:06:16,DOT,Street Condition,"Rough, Pitted or Cracked Roads",Manhattan,10128.0,Closed,Phone,0
63657218,2025-01-06 10:08:21,2025-01-08 15:38:08,DOT,Street Sign - Damaged,Stop,Queens,11419.0,Closed,Mobile,2
63657235,2025-01-06 17:28:00,2025-01-06 18:30:00,DOT,Traffic Signal Condition,Controller,Manhattan,10036.0,Closed,Unknown,0
63657238,2025-01-06 09:18:00,2025-01-06 12:09:00,DOT,Street Light Condition,Street Light Out,Bronx,10461.0,Closed,Unknown,0
63657239,2025-01-06 09:17:00,2025-01-06 12:08:00,DOT,Street Light Condition,Street Light Out,Bronx,10462.0,Closed,Unknown,0
63657240,2025-01-06 11:28:00,2025-01-07 09:56:00,DOT,Street Light Condition,Street Light Out,Queens,11423.0,Closed,Unknown,0
63657275,2025-01-06 12:32:00,2025-01-06 13:50:00,DOT,Traffic Signal Condition,Controller,Queens,11427.0,Closed,Unknown,0
63657280,2025-01-06 11:54:50,2025-01-16 09:23:03,DOT,Curb Condition,Broken Curb,Brooklyn,11238.0,Closed,Online,9
63657300,2025-01-06 23:06:00,2025-01-07 00:45:00,DOT,Traffic Signal Condition,Controller,Brooklyn,11220.0,Closed,Unknown,0
63657338,2025-01-06 16:03:15,2025-01-14 15:27:30,DOT,Sidewalk Condition,Broken Sidewalk,Queens,11354.0,Closed,Online,7
63657339,2025-01-06 22:41:32,2025-01-08 12:25:26,DOT,Sidewalk Condition,Sidewalk Violation,Brooklyn,11210.0,Closed,Online,1
63657340,2025-01-06 12:50:00,2025-01-06 13:30:00,DOT,Traffic Signal Condition,Controller,Bronx,10469.0,Closed,Unknown,0
63657396,2025-01-06 19:33:00,2025-04-16 09:00:00,DOT,Street Light Condition,Street Light Out,Bronx,10458.0,Closed,Unknown,99
63657398,2025-01-06 19:18:00,2025-01-08 03:55:00,DOT,Traffic Signal Condition,Ped Lamp,Brooklyn,11221.0,Closed,Unknown,1
63657407,2025-01-06 06:43:00,2025-01-12 10:50:00,DOT,Traffic Signal Condition,Support Bracket,Queens,11435.0,Closed,Unknown,6
63657430,2025-01-06 17:08:00,2025-01-06 19:30:00,DOT,Traffic Signal Condition,Controller,Queens,11354.0,Closed,Unknown,0
63657521,2025-01-06 09:45:00,2025-06-18 13:13:00,DOT,Street Light Condition,Multiple Street Lights Out,Manhattan,10016.0,Closed,Unknown,163
63657585,2025-01-06 10:08:00,2025-02-26 23:50:00,DOT,Street Light Condition,Street Light Out,Manhattan,10009.0,Closed,Unknown,51
63657587,2025-01-06 17:42:00,2025-02-07 14:19:00,DOT,Street Light Condition,Street Light Out,Queens,11412.0,Closed,Unknown,31
63657615,2025-01-06 15:02:00,2025-01-07 12:00:00,DOT,Street Light Condition,Street Light Out,Queens,11420.0,Closed,Unknown,0
63657662,2025-01-06 06:12:00,2025-01-08 02:25:00,DOT,Traffic Signal Condition,Speed Board Sign,Brooklyn,11230.0,Closed,Unknown,1
63657922,2025-01-06 16:31:00,2025-01-07 10:25:00,DOT,Traffic Signal Condition,LED Lense,Queens,11435.0,Closed,Unknown,0
63657923,2025-01-06 15:21:00,2025-01-07 05:20:00,DOT,Traffic Signal Condition,LED Lense,Queens,11370.0,Closed,Unknown,0
63658028,2025-01-06 14:02:00,2025-01-07 04:30:00,DOT,Traffic Signal Condition,LED Lense,Queens,11369.0,Closed,Unknown,0
63658395,2025-01-06 14:57:09,2025-01-07 10:48:50,DOT,Street Condition,Plate Condition - Noisy,Manhattan,10016.0,Closed,Online,0
63658430,2025-01-06 09:22:52,2025-01-08 08:34:36,DOT,Broken Parking Meter,Coin or Card Did Not Register,Queens,11432.0,Closed,Online,1
63658472,2025-01-06 18:09:00,2025-01-08 04:20:00,DOT,Traffic Signal Condition,Veh Sgnl Mult Lamps,Brooklyn,11211.0,Closed,Unknown,1
63658476,2025-01-05 01:18:07,2025-01-06 09:50:00,DOT,Street Condition,Pothole,Staten Island,10314.0,Closed,Unknown,1
63658477,2025-01-02 06:54:26,2025-01-03 21:42:00,DOT,Street Condition,Pothole,Queens,11365.0,Closed,Unknown,1
63658478,2025-01-04 09:50:42,2025-01-06 08:55:00,DOT,Street Condition,Pothole,Queens,11413.0,Closed,Unknown,1
63658479,2025-01-06 16:07:51,2025-01-06 16:07:51,DOT,Street Condition,Pothole,Manhattan,10065.0,Closed,Unknown,0
63658580,2025-01-06 07:48:00,2025-01-06 18:25:00,DOT,Traffic Signal Condition,Ped Flasher,Brooklyn,11228.0,Closed,Unknown,0
63658583,2025-01-06 13:59:00,2025-01-06 21:50:00,DOT,Traffic Signal Condition,Vehicle Signal,Queens,11413.0,Closed,Unknown,0
63658585,2025-01-01 07:43:31,2025-01-03 08:10:00,DOT,Street Condition,Pothole,Bronx,10467.0,Closed,Unknown,2
63658586,2025-01-04 16:50:01,2025-01-06 09:20:00,DOT,Street Condition,Pothole,Bronx,10456.0,Closed,Unknown,1
63658587,2025-01-02 06:50:50,2025-01-04 01:25:00,DOT,Street Condition,Pothole,Queens,11368.0,Closed,Unknown,1
63658588,2025-01-06 00:04:29,2025-01-06 11:34:00,DOT,Street Condition,Pothole,Queens,11101.0,Closed,Unknown,0
63658594,2025-01-06 13:00:17,2025-01-07 09:08:53,DOT,Outdoor Dining,Site Setup Condition,Manhattan,10017.0,Closed,Online,0
63658597,2025-01-04 20:31:24,2025-01-06 11:20:00,DOT,Street Condition,Pothole,Queens,11378.0,Closed,Unknown,1
63658598,2025-01-06 09:16:31,2025-01-06 22:01:00,DOT,Street Condition,Pothole,Manhattan,10065.0,Closed,Unknown,0
63658634,2025-01-06 23:52:42,2025-01-06 23:52:42,DOT,Street Condition,Pothole,Queens,11375.0,Closed,Unknown,0
63658636,2025-01-06 22:52:43,2025-01-06 22:52:43,DOT,Street Condition,Pothole,Queens,11421.0,Closed,Unknown,0
63658637,2025-01-02 06:50:19,2025-01-03 23:11:00,DOT,Street Condition,Pothole,Queens,11372.0,Closed,Unknown,1
63658638,2025-01-06 06:04:48,2025-01-06 09:47:00,DOT,Street Condition,Pothole,Queens,11372.0,Closed,Unknown,0
63658639,2025-01-06 17:30:07,2025-01-07 01:40:00,DOT,Street Condition,Pothole,Manhattan,10011.0,Closed,Unknown,0
63658640,2025-01-02 06:44:58,2025-01-03 21:50:00,DOT,Street Condition,Pothole,Brooklyn,11220.0,Closed,Unknown,1
63658668,2025-01-06 15:17:00,2025-01-07 01:25:00,DOT,Traffic Signal Condition,Veh Signal Head,Queens,11372.0,Closed,Unknown,0
63658674,2025-01-04 14:40:04,2025-01-06 13:48:00,DOT,Street Condition,Pothole,Bronx,10466.0,Closed,Unknown,1
63658675,2025-01-06 22:50:54,2025-01-06 22:50:54,DOT,Street Condition,Pothole,Queens,11421.0,Closed,Unknown,0
63658676,2025-01-02 06:41:36,2025-01-03 21:45:00,DOT,Street Condition,Pothole,Queens,11419.0,Closed,Unknown,1
63658677,2025-01-02 06:15:52,2025-01-03 21:57:00,DOT,Street Condition,Pothole,Queens,11378.0,Closed,Unknown,1
63658678,2025-01-05 09:11:32,2025-01-06 08:37:00,DOT,Street Condition,Pothole,Queens,11368.0,Closed,Unknown,0
63658679,2025-01-04 22:18:02,2025-01-06 11:05:00,DOT,Street Condition,Pothole,Queens,11372.0,Closed,Unknown,1
63658680,2025-01-04 17:18:13,2025-01-06 12:40:00,DOT,Street Condition,Pothole,Manhattan,10033.0,Closed,Unknown,1
63658681,2025-01-05 22:49:28,2025-01-06 20:50:00,DOT,Street Condition,Pothole,Brooklyn,11230.0,Closed,Unknown,0
63658682,2025-01-05 14:25:53,2025-01-06 14:55:00,DOT,Street Condition,Pothole,Brooklyn,11214.0,Closed,Unknown,1
63658876,2025-01-06 11:03:00,2025-01-16 10:32:00,DOT,Street Light Condition,Street Light Out,Staten Island,10301.0,Closed,Unknown,9
63658881,2025-01-06 07:37:00,2025-01-06 11:10:00,DOT,Traffic Signal Condition,APS,Manhattan,10021.0,Closed,Unknown,0
63658920,2025-01-06 23:57:00,2025-01-09 02:00:00,DOT,Street Light Condition,Street Light Out,Manhattan,10021.0,Closed,Unknown,2
63658923,2025-01-06 10:02:52,2025-01-07 09:50:00,DOT,Street Condition,Pothole,Queens,11354.0,Closed,Unknown,0
63658968,2025-01-06 11:51:31,2025-04-17 12:11:43,DOT,Curb Condition,Defacement,Queens,11435.0,Closed,Online,101
63658977,2025-01-06 13:36:36,2025-01-07 08:30:00,DOT,Street Condition,Pothole,Queens,11694.0,Closed,Unknown,0
63659000,2025-01-06 14:02:14,2025-01-14 14:33:48,DOT,Sidewalk Condition,Broken Sidewalk,Manhattan,10022.0,Closed,Online,8
63659001,2025-01-06 16:32:15,2025-01-08 13:05:59,DOT,Sidewalk Condition,Sidewalk Violation,Queens,11364.0,Closed,Online,1
63659002,2025-01-06 14:11:03,2025-01-07 11:44:55,DOT,Street Condition,Cave-in,Brooklyn,11234.0,Closed,Unknown,0
63659003,2025-01-06 08:45:12,2025-01-09 07:53:32,DOT,Street Sign - Dangling,Stop,Staten Island,10307.0,Closed,Phone,2
63659057,2025-01-06 10:10:32,2025-01-15 12:38:23,DOT,Sidewalk Condition,Broken Sidewalk,Queens,11375.0,Closed,Online,9
63659058,2025-01-06 17:55:45,2025-01-21 07:51:36,DOT,Sidewalk Condition,Broken Sidewalk,Brooklyn,11238.0,Closed,Online,14
63659060,2025-01-06 09:04:09,2025-01-09 05:59:23,DOT,Street Sign - Dangling,St Name - Attached to Pole,Brooklyn,11207.0,Closed,Online,2
63659061,2025-01-06 11:25:42,2025-01-08 15:38:34,DOT,Street Sign - Dangling,Stop,Queens,11417.0,Closed,Phone,2
63659150,2025-01-06 01:35:03,2025-03-19 08:51:53,DOT,Sidewalk Condition,Blocked - Construction,Bronx,10452.0,Closed,Phone,72
63659151,2025-01-06 14:08:49,2025-01-13 16:50:02,DOT,Sidewalk Condition,Broken Sidewalk,Brooklyn,11224.0,Closed,Mobile,7
63659152,2025-01-06 19:27:36,2025-01-14 16:56:35,DOT,Sidewalk Condition,Sidewalk Violation,Queens,11366.0,Closed,Online,7
63659153,2025-01-06 12:28:20,2025-01-14 12:40:49,DOT,Sidewalk Condition,Sidewalk Violation,Queens,11105.0,Closed,Online,8
63659178,2025-01-06 07:13:00,2025-01-06 07:50:00,DOT,Traffic Signal Condition,Controller,Brooklyn,11206.0,Closed,Unknown,0
63659189,2025-01-06 10:24:00,2025-01-07 03:25:00,DOT,Traffic Signal Condition,Ped Lamp,Brooklyn,11220.0,Closed,Unknown,0
63659193,2025-01-06 07:58:00,2025-01-06 12:40:00,DOT,Traffic Signal Condition,Controller Cabinet,Brooklyn,11208.0,Closed,Unknown,0
63659194,2025-01-06 14:40:00,2025-05-21 12:30:00,DOT,Traffic Signal Condition,Ped Lamp,Queens,11106.0,Closed,Unknown,134
63659221,2025-01-06 15:07:14,2025-01-15 13:59:56,DOT,Street Sign - Dangling,St Name - Attached to Pole,Queens,11416.0,Closed,Mobile,8
63659225,2025-01-06 07:38:40,2025-01-15 13:53:10,DOT,Outdoor Dining,Sidewalk Zone Blocked,Brooklyn,11211.0,Closed,Online,9
63659262,2025-01-06 22:14:00,2025-01-07 10:14:00,DOT,Street Light Condition,Street Light Out,Bronx,10465.0,Closed,Unknown,0
63659274,2025-01-06 11:05:00,2025-01-06 13:30:00,DOT,Traffic Signal Condition,Controller,Bronx,10469.0,Closed,Unknown,0
63659380,2025-01-06 17:31:00,2025-01-06 18:55:00,DOT,Traffic Signal Condition,Controller,Brooklyn,11217.0,Closed,Unknown,0
63659413,2025-01-06 08:34:00,2025-01-06 09:30:00,DOT,Traffic Signal Condition,LED Lense,Manhattan,10013.0,Closed,Unknown,0
63659433,2025-01-06 11:17:00,2025-01-09 11:03:00,DOT,Street Light Condition,Street Light Out,Queens,11691.0,Closed,Unknown,2
63659450,2025-01-06 08:19:00,2025-01-30 11:45:00,DOT,Traffic Signal Condition,Post,Queens,11434.0,Closed,Unknown,24
63659473,2025-01-06 19:09:00,2025-07-30 11:02:00,DOT,Street Light Condition,Multiple Street Lights Out,Brooklyn,11235.0,Closed,Unknown,204
63659787,2025-01-06 02:25:00,2025-01-06 02:50:00,DOT,Traffic Signal Condition,LED Lense,Bronx,10458.0,Closed,Unknown,0
63659860,2025-01-06 19:07:00,2025-01-07 02:40:00,DOT,Traffic Signal Condition,LED Lense,Brooklyn,11214.0,Closed,Unknown,0
63660321,2025-01-06 14:37:30,2025-01-08 03:10:02,DOT,Street Condition,Plate Condition - Noisy,Queens,11354.0,Closed,Phone,1
63660411,2025-01-06 14:52:00,2025-01-07 09:15:00,DOT,Traffic Signal Condition,Street Light Feed,Queens,11372.0,Closed,Unknown,0
63660439,2025-01-05 22:09:46,2025-01-06 20:50:00,DOT,Street Condition,Pothole,Queens,11377.0,Closed,Unknown,0
63660440,2025-01-02 06:42:46,2025-01-03 22:25:00,DOT,Street Condition,Pothole,Queens,11419.0,Closed,Unknown,1
63660441,2025-01-02 06:30:51,2025-01-04 01:10:00,DOT,Street Condition,Pothole,Queens,11355.0,Closed,Unknown,1
63660442,2025-01-02 06:27:03,2025-01-03 21:42:00,DOT,Street Condition,Pothole,Queens,11355.0,Closed,Unknown,1
63660446,2025-01-06 06:48:31,2025-01-06 13:10:00,DOT,Street Condition,Pothole,Brooklyn,11213.0,Closed,Unknown,0
63660447,2025-01-04 08:49:52,2025-01-06 09:40:00,DOT,Street Condition,Pothole,Brooklyn,11222.0,Closed,Unknown,2
63660448,2025-01-06 05:27:00,2025-01-06 05:27:00,DOT,Traffic Signal Condition,Pedestrian Signal,Brooklyn,11203.0,Closed,Unknown,0
63660455,2025-01-06 16:30:00,2025-08-26 10:00:00,DOT,Traffic Signal Condition,Veh Sgnl Mult Lamps,Queens,11435.0,Closed,Unknown,231
63660465,2025-01-01 07:44:12,2025-01-03 08:39:00,DOT,Street Condition,Pothole,Bronx,10458.0,Closed,Unknown,2
63660466,2025-01-04 20:03:26,2025-01-06 12:45:00,DOT,Street Condition,Pothole,Bronx,10471.0,Closed,Unknown,1
63660467,2025-01-02 06:26:42,2025-01-03 21:31:00,DOT,Street Condition,Pothole,Queens,11355.0,Closed,Unknown,1
63660474,2025-01-06 15:36:14,2025-01-06 15:36:14,DOT,Street Condition,Pothole,Manhattan,10065.0,Closed,Unknown,0
63660475,2025-01-04 23:10:03,2025-01-05 19:25:00,DOT,Street Condition,Pothole,Brooklyn,11236.0,Closed,Unknown,0
63660476,2025-01-05 11:08:25,2025-01-06 13:15:00,DOT,Street Condition,Pothole,Brooklyn,11228.0,Closed,Unknown,1
63660502,2025-01-06 11:05:37,2025-01-07 09:14:47,DOT,Outdoor Dining,Street Zone Blocked,Manhattan,10014.0,Closed,Phone,0
63660506,2025-01-06 13:59:55,2025-01-07 09:23:29,DOT,Outdoor Dining,Site Setup Condition,Manhattan,10014.0,Closed,Online,0
63660511,2025-01-06 15:02:48,2025-01-07 08:46:45,DOT,Street Condition,Plate Condition - Noisy,Staten Island,10302.0,Closed,Online,0
63660523,2025-01-06 16:32:39,2025-01-09 07:39:38,DOT,Broken Parking Meter,Coin or Card Did Not Register,Manhattan,10038.0,Closed,Phone,2
63660528,2025-01-06 16:27:27,2025-01-07 05:20:33,DOT,Broken Parking Meter,Relocation of Parking Meter,Manhattan,10005.0,Closed,Phone,0
63660576,2025-01-06 12:51:00,2025-01-06 13:30:00,DOT,Traffic Signal Condition,Pedestrian Signal,Bronx,10469.0,Closed,Unknown,0
63660582,2025-01-06 16:00:00,2025-01-06 16:00:00,DOT,Traffic Signal Condition,Pedestrian Signal,Brooklyn,11207.0,Closed,Unknown,0
63660583,2025-01-06 16:22:00,2025-01-07 07:41:00,DOT,Traffic Signal Condition,Street Light Feed,Queens,11367.0,Closed,Unknown,0
63660585,2025-01-06 10:02:00,2025-01-14 13:35:00,DOT,Traffic Signal Condition,Pedestrian Signal,Brooklyn,11207.0,Closed,Unknown,8
63660590,2025-01-06 09:56:00,2025-03-06 14:13:00,DOT,Street Light Condition,Fixture/Luminaire Hanging,Manhattan,10016.0,Closed,Unknown,59
63660591,2025-01-01 07:00:23,2025-01-03 09:30:00,DOT,Street Condition,Pothole,Bronx,10469.0,Closed,Unknown,2
63660592,2025-01-02 06:55:18,2025-01-04 00:45:00,DOT,Street Condition,Pothole,Queens,11354.0,Closed,Unknown,1
63660596,2025-01-05 15:22:41,2025-01-06 07:45:00,DOT,Street Condition,Pothole,Manhattan,10038.0,Closed,Unknown,0
63660597,2025-01-04 17:21:01,2025-01-06 13:00:00,DOT,Street Condition,Pothole,Manhattan,10033.0,Closed,Unknown,1
63660598,2025-01-04 10:58:31,2025-01-06 08:20:00,DOT,Street Condition,Pothole,Manhattan,10035.0,Closed,Unknown,1
63660599,2025-01-05 22:45:55,2025-01-06 16:50:00,DOT,Street Condition,Pothole,Brooklyn,11231.0,Closed,Unknown,0
63660600,2025-01-04 20:17:09,2025-01-06 09:03:00,DOT,Street Condition,Pothole,Brooklyn,11224.0,Closed,Unknown,1
63660606,2025-01-06 14:47:00,2025-01-06 15:40:00,DOT,Traffic Signal Condition,Veh Signal Lamp,Manhattan,10002.0,Closed,Unknown,0
63660612,2025-01-06 20:42:00,2025-01-07 00:00:00,DOT,Traffic Signal Condition,Veh Signal Lamp,Brooklyn,11219.0,Closed,Unknown,0
63660613,2025-01-06 10:28:56,2025-01-06 10:28:56,DOT,Street Condition,Pothole,Manhattan,10014.0,Closed,Unknown,0
63660614,2025-01-06 09:35:15,2025-01-06 22:46:00,DOT,Street Condition,Pothole,Manhattan,10004.0,Closed,Unknown,0
63660619,2025-01-05 14:02:24,2025-01-06 09:45:00,DOT,Street Condition,Pothole,Brooklyn,11224.0,Closed,Unknown,0
63660620,2025-01-02 06:45:28,2025-01-03 23:45:00,DOT,Street Condition,Pothole,Brooklyn,11220.0,Closed,Unknown,1
63660621,2025-01-02 06:22:16,2025-01-03 22:00:00,DOT,Street Condition,Pothole,Brooklyn,11214.0,Closed,Unknown,1
63660628,2025-01-06 22:10:00,2025-01-07 02:55:00,DOT,Traffic Signal Condition,Underground,Manhattan,10003.0,Closed,Unknown,0
63660665,2025-01-06 17:27:32,2025-01-06 23:27:44,DOT,Street Condition,Plate Condition - Noisy,Manhattan,10013.0,Closed,Online,0
63660738,2025-01-06 15:56:00,2025-01-07 10:05:00,DOT,Traffic Signal Condition,Controller,Manhattan,10021.0,Closed,Unknown,0
63660748,2025-01-06 15:03:00,2025-01-06 16:30:00,DOT,Traffic Signal Condition,Wireless,Queens,11106.0,Closed,Unknown,0
63660824,2025-01-06 17:21:00,2025-01-07 09:50:00,DOT,Traffic Signal Condition,Controller,Manhattan,10030.0,Closed,Unknown,0
63660859,2025-01-06 10:39:00,2025-01-06 12:30:00,DOT,Traffic Signal Condition,Wireless,Queens,11691.0,Closed,Unknown,0
63660860,2025-01-06 13:32:45,2025-01-06 13:35:33,DOT,Street Condition,"Rough, Pitted or Cracked Roads",Manhattan,10022.0,Closed,Phone,0
63660861,2025-01-06 15:42:00,2025-01-09 10:57:00,DOT,Street Light Condition,Street Light Out,Queens,11693.0,Closed,Unknown,2
63660865,2025-01-06 08:14:00,2025-01-06 09:00:00,DOT,Traffic Signal Condition,APS,Queens,11420.0,Closed,Unknown,0
63660871,2025-01-07 00:18:50,2025-01-07 08:50:00,DOT,Street Condition,Pothole,Staten Island,10306.0,Closed,Unknown,0
63660876,2025-01-05 13:20:16,2025-01-07 08:54:00,DOT,Street Condition,Pothole,Staten Island,10306.0,Closed,Unknown,1
63660877,2025-01-06 08:41:10,2025-01-08 09:20:00,DOT,Street Condition,Pothole,Queens,11368.0,Closed,Unknown,2
63660878,2025-01-06 11:55:56,2025-01-07 09:52:00,DOT,Street Condition,Pothole,Brooklyn,11210.0,Closed,Unknown,0
63660879,2025-01-06 11:43:00,2025-01-06 13:00:00,DOT,Traffic Signal Condition,APS,Brooklyn,11217.0,Closed,Unknown,0
63660933,2025-01-06 09:55:32,2025-01-10 12:18:42,DOT,Bus Stop Shelter Complaint,Dirty/Graffiti,Staten Island,10303.0,Closed,Phone,4
63660934,2025-01-06 14:34:18,2025-01-16 09:43:11,DOT,Curb Condition,Broken Curb,Brooklyn,11215.0,Closed,Phone,9
63660972,2025-01-06 10:00:22,2025-04-17 13:15:34,DOT,Sidewalk Condition,Newspaper Box Complaint,Manhattan,10022.0,Closed,Online,101
63660980,2025-01-06 09:50:40,2025-01-08 11:28:15,DOT,Sidewalk Condition,Sidewalk Collapsed,Brooklyn,11201.0,Closed,Online,2
63660981,2025-01-06 10:00:19,2025-01-08 12:18:12,DOT,Sidewalk Condition,Sidewalk Violation,Brooklyn,11213.0,Closed,Online,2
63660982,2025-01-06 13:14:53,2025-01-07 09:28:21,DOT,Street Condition,Defective Hardware,Manhattan,10024.0,Closed,Online,0
63660983,2025-01-06 15:21:26,2025-01-07 07:03:21,DOT,Street Condition,"Rough, Pitted or Cracked Roads",Manhattan,10029.0,Closed,Phone,0
63660984,2025-01-06 08:04:25,2025-01-07 17:29:01,DOT,Street Sign - Dangling,Other/Unknown,Manhattan,10013.0,Closed,Phone,1
63660988,2025-01-07 01:22:57,2025-03-19 12:25:32,DOT,Street Sign - Missing,"No Parking, Standing, Stopping",Manhattan,10031.0,Closed,Mobile,71
63661055,2025-01-05 22:40:02,2025-01-08 08:45:00,DOT,Street Condition,Pothole,Staten Island,10312.0,Closed,Unknown,2
63661096,2025-01-06 05:53:16,2025-01-15 10:47:11,DOT,Sidewalk Condition,Broken Sidewalk,Queens,11419.0,Closed,Mobile,9
63661097,2025-01-06 12:43:32,2025-01-22 15:43:46,DOT,Sidewalk Condition,Pedestrian Ramp Defective,Manhattan,10028.0,Closed,Phone,16
63661098,2025-01-06 15:58:00,2025-01-08 13:03:12,DOT,Sidewalk Condition,Sidewalk Violation,Queens,11361.0,Closed,Online,1
63661099,2025-01-06 13:09:28,2025-01-14 14:31:02,DOT,Sidewalk Condition,Sidewalk Violation,Manhattan,10010.0,Closed,Online,8
63661103,2025-01-06 14:42:00,2025-01-06 20:25:00,DOT,Traffic Signal Condition,Controller,Manhattan,10002.0,Closed,Unknown,0
63661104,2025-01-06 07:01:00,2025-01-06 09:15:00,DOT,Traffic Signal Condition,Controller,Brooklyn,11233.0,Closed,Unknown,0
63661114,2025-01-06 16:47:00,2025-01-06 17:50:00,DOT,Traffic Signal Condition,Controller,Brooklyn,11218.0,Closed,Unknown,0
63661128,2025-01-06 16:46:28,2025-01-14 10:33:06,DOT,Curb Condition,Broken Curb,Queens,11356.0,Closed,Phone,7
63661138,2025-01-06 06:24:00,2025-01-06 07:10:00,DOT,Traffic Signal Condition,Controller,Queens,11374.0,Closed,Unknown,0
63661152,2025-01-06 18:38:38,2025-01-17 14:02:44,DOT,Sidewalk Condition,Broken Sidewalk,Brooklyn,11207.0,Closed,Phone,10
63661154,2025-01-06 20:01:25,2025-01-24 13:23:49,DOT,Sidewalk Condition,Sidewalk Collapsed,Manhattan,10028.0,Closed,Phone,17
63661155,2025-01-06 12:21:42,2025-01-08 12:20:55,DOT,Sidewalk Condition,Sidewalk Violation,Brooklyn,11217.0,Closed,Phone,1
63661156,2025-01-06 14:36:31,2025-01-07 14:17:33,DOT,Street Condition,Defective Hardware,Staten Island,10310.0,Closed,Phone,0
63661157,2025-01-06 11:28:52,2025-01-23 15:01:09,DOT,Street Condition,Line/Marking - After Repaving,Queens,11361.0,Closed,Phone,17
63661158,2025-01-06 15:18:54,2025-01-13 15:27:01,DOT,Street Sign - Dangling,One Way,Queens,11377.0,Closed,Phone,7
63661162,2025-01-06 21:14:00,2025-01-06 23:20:00,DOT,Traffic Signal Condition,Controller,Manhattan,10030.0,Closed,Unknown,0
63661180,2025-01-06 08:17:00,2025-01-06 10:25:00,DOT,Traffic Signal Condition,Controller Cabinet,Brooklyn,11203.0,Closed,Unknown,0
63661196,2025-01-06 19:08:00,2025-01-07 09:52:00,DOT,Street Light Condition,Street Light Out,Queens,11357.0,Closed,Unknown,0
63661209,2025-01-06 15:46:00,2025-01-06 17:20:00,DOT,Traffic Signal Condition,Pedestrian Signal,Manhattan,10039.0,Closed,Unknown,0
63661232,2025-01-06 16:08:00,2025-01-06 19:10:00,DOT,Traffic Signal Condition,Controller,Brooklyn,11205.0,Closed,Unknown,0
63661233,2025-01-06 08:03:00,2025-01-06 12:25:00,DOT,Traffic Signal Condition,Controller,Brooklyn,11210.0,Closed,Unknown,0
63661234,2025-01-06 05:13:00,2025-01-06 08:40:00,DOT,Traffic Signal Condition,Controller,Brooklyn,11236.0,Closed,Unknown,0
63661282,2025-01-06 17:37:48,2025-01-09 07:52:37,DOT,Outdoor Dining,Site Setup Condition,Manhattan,10014.0,Closed,Online,2
63661297,2025-01-06 11:21:00,2025-01-06 11:50:00,DOT,Traffic Signal Condition,Controller,Brooklyn,11224.0,Closed,Unknown,0
63661298,2025-01-06 02:59:00,2025-01-06 07:20:00,DOT,Traffic Signal Condition,Controller,Brooklyn,11229.0,Closed,Unknown,0
63661327,2025-01-07 00:18:00,2025-01-07 01:10:00,DOT,Traffic Signal Condition,Controller,Bronx,10468.0,Closed,Unknown,0
63661328,2025-01-06 23:15:00,2025-01-07 00:25:00,DOT,Traffic Signal Condition,Controller,Bronx,10462.0,Closed,Unknown,0
63661428,2025-01-06 21:34:00,2025-04-16 09:00:00,DOT,Street Light Condition,Street Light Out,Bronx,10468.0,Closed,Unknown,99
63661743,2025-01-06 16:34:00,2025-01-08 03:30:00,DOT,Traffic Signal Condition,LED Lense,Queens,11412.0,Closed,Unknown,1
63661756,2025-01-06 17:59:00,2025-01-07 12:30:00,DOT,Traffic Signal Condition,LED Lense,Brooklyn,11208.0,Closed,Unknown,0
63661871,2025-01-06 06:44:00,2025-01-08 02:11:00,DOT,Traffic Signal Condition,LED Lense,Queens,11412.0,Closed,Unknown,1
63662322,2025-01-06 09:05:41,2025-03-15 06:46:00,DOT,Broken Parking Meter,Coin or Card Did Not Register,Bronx,10468.0,Closed,Phone,67
63662377,2025-01-06 06:55:00,2025-01-06 07:35:00,DOT,Traffic Signal Condition,Veh Signal Head,Queens,11354.0,Closed,Unknown,0
63662388,2025-01-06 13:43:00,2025-01-06 20:05:00,DOT,Traffic Signal Condition,Veh Signal Head,Bronx,10455.0,Closed,Unknown,0
63662389,2025-01-06 09:17:00,2025-01-06 19:45:00,DOT,Traffic Signal Condition,Veh Signal Lamp,Manhattan,10016.0,Closed,Unknown,0
63662395,2025-01-06 19:21:00,2025-01-06 23:10:00,DOT,Traffic Signal Condition,Ped Lamp,Brooklyn,11221.0,Closed,Unknown,0
63662399,2025-01-02 06:55:54,2025-01-04 01:43:00,DOT,Street Condition,Pothole,Queens,11365.0,Closed,Unknown,1
63662400,2025-01-02 06:55:02,2025-01-03 23:32:00,DOT,Street Condition,Pothole,Queens,11354.0,Closed,Unknown,1
63662401,2025-01-04 13:26:45,2025-01-06 13:25:00,DOT,Street Condition,Pothole,Manhattan,10065.0,Closed,Unknown,1
63662414,2025-01-06 13:58:00,2025-01-06 17:20:00,DOT,Traffic Signal Condition,Veh Signal Head,Queens,11377.0,Closed,Unknown,0
63662419,2025-01-06 13:56:00,2025-01-07 09:00:00,DOT,Traffic Signal Condition,Veh Signal Lamp,Bronx,10456.0,Closed,Unknown,0
63662423,2025-01-01 07:53:29,2025-01-03 10:40:00,DOT,Street Condition,Pothole,Bronx,10460.0,Closed,Unknown,2
63662424,2025-01-01 07:51:45,2025-01-03 09:00:00,DOT,Street Condition,Pothole,Bronx,10460.0,Closed,Unknown,2
63662425,2025-01-01 07:41:03,2025-01-03 11:15:00,DOT,Street Condition,Pothole,Bronx,10469.0,Closed,Unknown,2
63662426,2025-01-04 22:00:55,2025-01-06 13:14:00,DOT,Street Condition,Pothole,Bronx,10466.0,Closed,Unknown,1
63662427,2025-01-04 22:00:13,2025-01-06 11:48:00,DOT,Street Condition,Pothole,Bronx,10466.0,Closed,Unknown,1
63662428,2025-01-02 06:50:34,2025-01-04 00:23:00,DOT,Street Condition,Pothole,Queens,11368.0,Closed,Unknown,1
63662429,2025-01-04 16:27:42,2025-01-06 12:40:00,DOT,Street Condition,Pothole,Queens,11385.0,Closed,Unknown,1
63662430,2025-01-06 09:13:52,2025-01-06 21:40:00,DOT,Street Condition,Pothole,Manhattan,10016.0,Closed,Unknown,0
63662431,2025-01-04 17:14:09,2025-01-06 13:15:00,DOT,Street Condition,Pothole,Manhattan,10033.0,Closed,Unknown,1
63662432,2025-01-04 23:11:14,2025-01-05 21:10:00,DOT,Street Condition,Pothole,Brooklyn,11207.0,Closed,Unknown,0
63662433,2025-01-04 14:20:01,2025-01-05 10:40:00,DOT,Street Condition,Pothole,Brooklyn,11249.0,Closed,Unknown,0
63662477,2025-01-06 17:44:53,2025-02-19 12:11:15,DOT,Bike Rack,Missing,Brooklyn,11215.0,Closed,Online,43
63662496,2025-01-06 10:01:17,2025-01-09 07:45:26,DOT,Broken Parking Meter,Coin or Card Did Not Register,Manhattan,10029.0,Closed,Phone,2
63662529,2025-01-06 12:02:59,2025-01-08 08:28:39,DOT,Broken Parking Meter,Coin or Card Did Not Register,Brooklyn,11216.0,Closed,Phone,1
63662556,2025-01-01 07:45:05,2025-01-03 09:00:00,DOT,Street Condition,Pothole,Bronx,10458.0,Closed,Unknown,2
63662558,2025-01-05 07:00:00,2025-01-06 09:05:00,DOT,Street Condition,Pothole,Staten Island,10314.0,Closed,Unknown,1
63662559,2025-01-04 14:33:28,2025-01-06 08:40:00,DOT,Street Condition,Pothole,Staten Island,10301.0,Closed,Unknown,1
63662560,2025-01-02 06:43:03,2025-01-03 22:45:00,DOT,Street Condition,Pothole,Queens,11419.0,Closed,Unknown,1
63662561,2025-01-02 06:15:30,2025-01-03 21:43:00,DOT,Street Condition,Pothole,Queens,11378.0,Closed,Unknown,1
63662563,2025-01-05 16:08:58,2025-01-06 09:55:00,DOT,Street Condition,Pothole,Manhattan,10002.0,Closed,Unknown,0
63662564,2025-01-05 13:46:02,2025-01-06 10:04:00,DOT,Street Condition,Pothole,Brooklyn,11234.0,Closed,Unknown,0
63662565,2025-01-05 13:40:00,2025-01-06 08:48:00,DOT,Street Condition,Pothole,Brooklyn,11234.0,Closed,Unknown,0
63662574,2025-01-02 06:23:49,2025-01-03 22:40:00,DOT,Street Condition,Pothole,Brooklyn,11214.0,Closed,Unknown,1
63662575,2025-01-04 23:09:08,2025-01-05 18:05:00,DOT,Street Condition,Pothole,Brooklyn,11210.0,Closed,Unknown,0
63662588,2025-01-01 07:42:35,2025-01-03 13:05:00,DOT,Street Condition,Pothole,Bronx,10461.0,Closed,Unknown,2
63662589,2025-01-01 06:57:58,2025-01-03 13:20:00,DOT,Street Condition,Pothole,Bronx,10456.0,Closed,Unknown,2
63662590,2025-01-02 06:44:13,2025-01-04 01:00:00,DOT,Street Condition,Pothole,Queens,11416.0,Closed,Unknown,1
63662591,2025-01-02 06:29:13,2025-01-03 22:51:00,DOT,Street Condition,Pothole,Queens,11367.0,Closed,Unknown,1
63662652,2025-01-06 17:41:00,2025-03-15 16:45:00,DOT,Traffic Signal Condition,Pedestrian Signal,Brooklyn,11203.0,Closed,Unknown,67
63662682,2025-01-06 12:53:00,2025-04-03 13:40:00,DOT,Street Light Condition,Street Light Out,Brooklyn,11211.0,Closed,Unknown,87
63662705,2025-01-06 16:09:00,2025-01-08 13:16:00,DOT,Street Light Condition,Street Light Out,Queens,11433.0,Closed,Unknown,1
63662714,2025-01-06 12:51:00,2025-02-04 11:37:00,DOT,Street Light Condition,Street Light Out,Brooklyn,11210.0,Closed,Unknown,28
63662729,2025-01-06 15:41:00,2025-01-09 10:59:00,DOT,Street Light Condition,Street Light Out,Queens,11692.0,Closed,Unknown,2
63662749,2025-01-06 09:53:28,2025-01-06 15:31:03,DOT,Street Condition,Plate Condition - Noisy,Manhattan,10065.0,Closed,Online,0
63662792,2025-01-06 10:13:38,2025-01-07 10:20:00,DOT,Street Condition,Pothole,Staten Island,10304.0,Closed,Unknown,1
63662793,2025-01-06 12:56:11,2025-01-07 10:33:00,DOT,Street Condition,Pothole,Queens,11417.0,Closed,Unknown,0
63662796,2025-01-06 12:49:00,2025-01-07 10:09:00,DOT,Street Light Condition,Street Light Out,Bronx,10461.0,Closed,Unknown,0
63662801,2025-01-06 16:07:14,2025-01-08 08:10:00,DOT,Street Condition,Pothole,Queens,11375.0,Closed,Unknown,1
63662817,2025-01-06 10:16:00,2025-01-07 11:20:00,DOT,Street Condition,Pothole,Brooklyn,11237.0,Closed,Unknown,1
63662820,2025-01-06 18:27:54,2025-01-07 10:08:00,DOT,Street Condition,Pothole,Bronx,10454.0,Closed,Unknown,0
63662823,2025-01-07 11:40:00,2025-01-07 12:20:00,DOT,Traffic Signal Condition,Time Switch,Queens,11426.0,Closed,Unknown,0
63662825,2025-01-07 10:01:00,2025-01-07 10:01:00,DOT,Street Light Condition,Fixture/Luminaire Door Open,Manhattan,10027.0,Closed,Unknown,0
63662932,2025-01-07 17:00:00,2025-01-07 18:20:00,DOT,Traffic Signal Condition,Controller,Bronx,10461.0,Closed,Unknown,0
63662935,2025-01-07 18:27:00,2025-01-07 20:35:00,DOT,Traffic Signal Condition,Controller,Bronx,10466.0,Closed,Unknown,0
63662936,2025-01-07 17:26:00,2025-01-07 19:35:00,DOT,Traffic Signal Condition,Controller,Bronx,10451.0,Closed,Unknown,0
63662958,2025-01-07 10:59:00,2025-01-07 13:30:00,DOT,Traffic Signal Condition,Controller,Bronx,10475.0,Closed,Unknown,0
63662972,2025-01-07 10:45:00,2025-01-07 12:05:00,DOT,Traffic Signal Condition,Controller,Brooklyn,11208.0,Closed,Unknown,0
63662986,2025-01-07 07:00:00,2025-01-07 08:40:00,DOT,Traffic Signal Condition,Controller,Brooklyn,11204.0,Closed,Unknown,0
63662987,2025-01-07 18:13:00,2025-01-07 19:15:00,DOT,Traffic Signal Condition,Controller,Staten Island,10308.0,Closed,Unknown,0
63663026,2025-01-07 16:34:00,2025-01-17 11:00:00,DOT,Traffic Signal Condition,LED Pedestrian Unit,Bronx,10452.0,Closed,Unknown,9
63663028,2025-01-07 17:35:00,2025-01-09 22:05:00,DOT,Traffic Signal Condition,LED Pedestrian Unit,Brooklyn,11208.0,Closed,Unknown,2
63663029,2025-01-07 20:27:00,2025-01-08 01:50:00,DOT,Traffic Signal Condition,Controller,Brooklyn,11220.0,Closed,Unknown,0
63663035,2025-01-07 16:44:00,2025-01-08 01:30:00,DOT,Traffic Signal Condition,Pedestrian Signal,Queens,11355.0,Closed,Unknown,0
63663036,2025-01-07 22:58:00,2025-01-07 23:20:00,DOT,Traffic Signal Condition,Controller,Brooklyn,11222.0,Closed,Unknown,0
63663037,2025-01-07 23:32:00,2025-01-07 23:55:00,DOT,Traffic Signal Condition,Veh Sgnl Mult Lamps,Brooklyn,11225.0,Closed,Unknown,0
63663038,2025-01-07 16:50:00,2025-01-08 02:35:00,DOT,Traffic Signal Condition,Pedestrian Signal,Queens,11355.0,Closed,Unknown,0
63663041,2025-01-07 14:15:00,2025-01-07 15:15:00,DOT,Traffic Signal Condition,Veh Sgnl Mult Lamps,Bronx,10461.0,Closed,Unknown,0
63663042,2025-01-07 15:08:00,2025-01-14 10:31:00,DOT,Street Light Condition,Street Light Dayburning,Brooklyn,11208.0,Closed,Unknown,6
63663043,2025-01-07 11:34:00,2025-01-08 13:20:00,DOT,Traffic Signal Condition,Veh Signal Lamp,Brooklyn,11223.0,Closed,Unknown,1
63663045,2025-01-07 15:23:00,2025-01-08 09:20:00,DOT,Traffic Signal Condition,Vehicle Signal,Brooklyn,11229.0,Closed,Unknown,0
63663046,2025-01-06 14:17:53,2025-01-07 11:07:00,DOT,Street Condition,Pothole,Brooklyn,11207.0,Closed,Unknown,0
63663047,2025-01-07 12:12:53,2025-01-07 12:12:53,DOT,Street Condition,Pothole,Bronx,10466.0,Closed,Unknown,0
63663048,2025-01-05 07:07:04,2025-01-06 09:30:00,DOT,Street Condition,Pothole,Queens,11372.0,Closed,Unknown,1
63663054,2025-01-07 14:48:00,2025-01-07 15:11:00,DOT,Street Light Condition,Fixture/Luminaire Hanging,Bronx,10466.0,Closed,Unknown,0
63663055,2025-01-06 22:26:05,2025-01-07 17:55:00,DOT,Street Condition,Pothole,Brooklyn,11214.0,Closed,Unknown,0
63663056,2025-01-06 14:34:05,2025-01-07 10:00:00,DOT,Street Condition,Pothole,Brooklyn,11214.0,Closed,Unknown,0
63663057,2025-01-04 07:08:52,2025-01-06 09:07:00,DOT,Street Condition,Pothole,Bronx,10462.0,Closed,Unknown,2
63663058,2025-01-06 07:00:00,2025-01-07 11:45:00,DOT,Street Condition,Pothole,Staten Island,10305.0,Closed,Unknown,1
63663059,2025-01-06 14:39:53,2025-01-07 13:55:00,DOT,Street Condition,Pothole,Queens,11419.0,Closed,Unknown,0
63663060,2025-01-07 15:36:21,2025-01-08 02:10:00,DOT,Street Condition,Pothole,Manhattan,10011.0,Closed,Unknown,0
63663065,2025-01-07 11:25:37,2025-01-07 22:58:00,DOT,Street Condition,Pothole,Manhattan,10023.0,Closed,Unknown,0
63663066,2025-01-04 07:04:41,2025-01-06 13:40:00,DOT,Street Condition,Pothole,Bronx,10467.0,Closed,Unknown,2
63663067,2025-01-07 15:36:06,2025-01-07 22:50:00,DOT,Street Condition,Pothole,Manhattan,10001.0,Closed,Unknown,0
63663073,2025-01-07 09:33:44,2025-01-08 08:39:52,DOT,Street Condition,Crash Cushion Defect,Manhattan,10065.0,Closed,Online,0
63663076,2025-01-07 13:37:00,2025-01-07 19:40:00,DOT,Traffic Signal Condition,Veh Signal Lamp,Manhattan,10022.0,Closed,Unknown,0
63663077,2025-01-07 15:14:23,2025-01-07 15:14:23,DOT,Street Condition,Pothole,Manhattan,10023.0,Closed,Unknown,0
63663078,2025-01-06 14:17:24,2025-01-07 10:55:00,DOT,Street Condition,Pothole,Brooklyn,11239.0,Closed,Unknown,0
63663079,2025-01-06 07:00:00,2025-01-07 12:55:00,DOT,Street Condition,Pothole,Staten Island,10314.0,Closed,Unknown,1
63663089,2025-01-07 20:32:00,2025-01-08 13:03:00,DOT,Street Light Condition,Street Light Cycling,Queens,11360.0,Closed,Unknown,0
63663093,2025-01-07 10:57:00,2025-01-24 13:04:00,DOT,Street Light Condition,Street Light Out,Bronx,10469.0,Closed,Unknown,17
63663094,2025-01-04 17:02:28,2025-01-07 08:55:00,DOT,Street Condition,Pothole,Queens,11360.0,Closed,Unknown,2
63663096,2025-01-07 15:28:00,2025-01-09 14:36:00,DOT,Street Light Condition,Street Light Out,Queens,11106.0,Closed,Unknown,1
63663260,2025-01-07 09:01:51,2025-01-29 07:44:59,DOT,Broken Parking Meter,No Receipt,Queens,11106.0,Closed,Phone,21
63663306,2025-01-07 16:03:00,2025-01-09 01:10:00,DOT,Traffic Signal Condition,LED Lense,Brooklyn,11208.0,Closed,Unknown,1
63663427,2025-01-07 21:22:50,2025-01-31 14:06:15,DOT,Bus Stop Shelter Complaint,Lighting,Manhattan,10009.0,Closed,Phone,23
63663429,2025-01-07 21:51:46,2025-03-28 09:59:54,DOT,Curb Condition,Defacement,Queens,11368.0,Closed,Online,79
63663451,2025-01-07 19:10:38,2025-01-14 17:26:00,DOT,Curb Condition,Broken Curb,Manhattan,10027.0,Closed,Online,6
63664235,2025-01-07 09:30:25,2025-01-15 10:54:29,DOT,Sidewalk Condition,Broken Sidewalk,Brooklyn,11215.0,Closed,Mobile,8
63664236,2025-01-07 12:00:04,2025-01-17 10:22:02,DOT,Sidewalk Condition,Sidewalk Violation,Brooklyn,11215.0,Closed,Online,9
63664238,2025-01-07 21:53:31,2025-01-08 10:51:29,DOT,Street Condition,Defective Hardware,Staten Island,10314.0,Closed,Online,0
63664300,2025-01-07 16:46:51,2025-01-14 14:28:47,DOT,Sidewalk Condition,Sidewalk Violation,Brooklyn,11219.0,Closed,Online,6
63664319,2025-01-07 20:06:33,2025-01-08 13:54:03,DOT,Sidewalk Condition,Blocked - Construction,Manhattan,10029.0,Closed,Phone,0
63664321,2025-01-07 13:41:44,2025-01-10 15:13:53,DOT,Sidewalk Condition,Defective Hardware,Brooklyn,11222.0,Closed,Online,3
63664326,2025-01-07 19:25:28,2025-02-11 17:13:56,DOT,Street Sign - Dangling,Other/Unknown,Manhattan,10029.0,Closed,Online,34
63664338,2025-01-07 12:51:21,2025-01-16 10:20:27,DOT,Sidewalk Condition,Sidewalk Violation,Queens,11375.0,Closed,Phone,8
63664347,2025-01-07 16:55:59,2025-01-07 22:25:09,DOT,Street Condition,Plate Condition - Noisy,Manhattan,10032.0,Closed,Online,0
63664351,2025-01-07 20:56:43,2025-01-14 18:05:23,DOT,Sidewalk Condition,Broken Sidewalk,Queens,11691.0,Closed,Mobile,6
63664352,2025-01-07 15:03:59,2025-01-08 12:12:26,DOT,Sidewalk Condition,Sidewalk Violation,Staten Island,10314.0,Closed,Online,0
63664353,2025-01-07 12:29:16,2025-01-17 09:51:53,DOT,Sidewalk Condition,Sidewalk Violation,Brooklyn,11220.0,Closed,Phone,9
63664354,2025-01-07 15:47:24,2025-01-08 06:18:49,DOT,Street Sign - Dangling,Other/Unknown,Brooklyn,11203.0,Closed,Mobile,0
63664358,2025-01-07 09:31:47,2025-01-07 09:39:22,DOT,Street Sign - Damaged,"No Parking, Standing, Stopping",Brooklyn,11220.0,Closed,Online,0
63664370,2025-01-07 18:45:29,2025-01-08 17:55:03,DOT,Street Sign - Dangling,Other/Unknown,Bronx,10460.0,Closed,Online,0
63664498,2025-01-07 15:12:09,2025-01-07 15:58:30,DOT,Street Sign - Missing,Other/Unknown,Manhattan,10018.0,Closed,Online,0
63664501,2025-01-07 18:42:00,2025-01-08 03:25:00,DOT,Traffic Signal Condition,Ped Lamp,Queens,11004.0,Closed,Unknown,0
63664518,2025-01-07 07:29:00,2025-05-15 08:58:00,DOT,Traffic Signal Condition,LED Pedestrian Unit,Brooklyn,11224.0,Closed,Unknown,128
63664530,2025-01-07 14:16:00,2025-01-07 16:15:00,DOT,Traffic Signal Condition,Veh Signal Lamp,Brooklyn,11205.0,Closed,Unknown,0
63664589,2025-01-07 08:20:00,2025-01-07 09:50:00,DOT,Street Light Condition,Street Light Out,Queens,11370.0,Closed,Unknown,0
63664590,2025-01-07 10:13:00,2025-01-08 15:00:00,DOT,Traffic Signal Condition,Ped Flasher,Manhattan,10029.0,Closed,Unknown,1
63664592,2025-01-07 16:06:00,2025-01-08 01:05:00,DOT,Traffic Signal Condition,APS,Queens,11356.0,Closed,Unknown,0
63664703,2025-01-07 22:10:00,2025-01-08 03:45:00,DOT,Traffic Signal Condition,Underground,Manhattan,10016.0,Closed,Unknown,0
63664717,2025-01-07 20:10:26,2025-01-08 08:52:00,DOT,Street Condition,Pothole,Staten Island,10314.0,Closed,Unknown,0
63664718,2025-01-07 18:42:14,2025-01-08 08:15:00,DOT,Street Condition,Pothole,Queens,11421.0,Closed,Unknown,0
63664737,2025-01-07 15:36:31,2025-01-08 09:10:00,DOT,Street Condition,Pothole,Brooklyn,11230.0,Closed,Unknown,0
63664738,2025-01-07 18:10:34,2025-01-08 10:15:00,DOT,Street Condition,Pothole,Queens,11422.0,Closed,Unknown,0
63664757,2025-01-07 15:53:04,2025-01-08 09:38:28,DOT,Outdoor Dining,Site Setup Condition,Manhattan,10014.0,Closed,Online,0
63664765,2025-01-07 15:32:45,2025-01-08 10:10:00,DOT,Street Condition,Pothole,Manhattan,10026.0,Closed,Unknown,0
63664766,2025-01-07 12:49:34,2025-01-08 13:30:00,DOT,Street Condition,Pothole,Bronx,10455.0,Closed,Unknown,1
63664767,2025-01-07 12:30:35,2025-01-07 23:35:00,DOT,Street Condition,Pothole,Staten Island,10314.0,Closed,Unknown,0
63664771,2025-01-07 15:44:06,2025-01-15 14:30:54,DOT,Bike Rack,Damaged/Bent/Loose/Leaning,Queens,11368.0,Closed,Phone,7
63664777,2025-01-07 10:05:16,2025-01-07 13:36:15,DOT,Street Condition,Dumpster - Construction Waste,Manhattan,10034.0,Closed,Online,0
63664801,2025-01-07 11:59:00,2025-01-07 12:07:00,DOT,Traffic Signal Condition,Time Switch,Brooklyn,11205.0,Closed,Unknown,0
63664802,2025-01-07 21:07:23,2025-01-09 16:02:48,DOT,Bike Rack,Abandoned Bike,Brooklyn,11232.0,Closed,Online,1
63664805,2025-01-07 15:33:41,2025-01-08 13:45:00,DOT,Street Condition,Pothole,Manhattan,10013.0,Closed,Unknown,0
63664807,2025-01-07 21:33:27,2025-01-08 09:30:00,DOT,Street Condition,Pothole,Bronx,10451.0,Closed,Unknown,0
63664808,2025-01-07 21:31:02,2025-01-08 10:10:00,DOT,Street Condition,Pothole,Bronx,10451.0,Closed,Unknown,0
63664809,2025-01-07 21:01:25,2025-01-08 09:50:00,DOT,Street Condition,Pothole,Staten Island,10306.0,Closed,Unknown,0
63664814,2025-01-07 12:49:00,2025-01-07 13:30:00,DOT,Street Light Condition,Lamppost Knocked Down,Queens,11354.0,Closed,Unknown,0
63664831,2025-01-07 10:54:38,2025-01-15 13:45:42,DOT,Outdoor Dining,Site Setup Condition,Brooklyn,11249.0,Closed,Online,8
63664848,2025-01-07 09:57:55,2025-01-07 15:25:16,DOT,Sidewalk Condition,Defective Hardware,Queens,11101.0,Closed,Online,0
63664910,2025-01-07 15:37:00,2025-01-07 16:52:00,DOT,Traffic Signal Condition,Pedestrian Signal,Brooklyn,11231.0,Closed,Unknown,0
63664911,2025-01-07 07:07:00,2025-01-07 08:30:00,DOT,Traffic Signal Condition,Controller,Brooklyn,11238.0,Closed,Unknown,0
63664912,2025-01-07 07:27:00,2025-01-07 13:15:00,DOT,Traffic Signal Condition,Controller,Brooklyn,11232.0,Closed,Unknown,0
63664913,2025-01-07 15:48:00,2025-01-07 16:40:00,DOT,Traffic Signal Condition,Controller,Queens,11105.0,Closed,Unknown,0
63664914,2025-01-07 11:33:00,2025-01-07 13:20:00,DOT,Traffic Signal Condition,Pedestrian Signal,Brooklyn,11230.0,Closed,Unknown,0
63664917,2025-01-07 12:54:00,2025-01-09 03:45:00,DOT,Traffic Signal Condition,Pedestrian Signal,Queens,11355.0,Closed,Unknown,1
63664921,2025-01-07 11:33:00,2025-01-08 12:30:00,DOT,Traffic Signal Condition,Veh Signal Lamp,Brooklyn,11235.0,Closed,Unknown,1
63664922,2025-01-07 22:25:00,2025-01-07 23:55:00,DOT,Traffic Signal Condition,Controller,Brooklyn,11225.0,Closed,Unknown,0
63664923,2025-01-07 09:10:00,2025-01-07 10:05:00,DOT,Traffic Signal Condition,Controller,Brooklyn,11234.0,Closed,Unknown,0
63664927,2025-01-07 17:08:00,2025-01-07 18:30:00,DOT,Traffic Signal Condition,Veh Signal Lamp,Brooklyn,11218.0,Closed,Unknown,0
63664928,2025-01-06 14:35:07,2025-01-07 11:00:00,DOT,Street Condition,Pothole,Brooklyn,11228.0,Closed,Unknown,0
63664929,2025-01-06 14:09:19,2025-01-07 09:05:00,DOT,Street Condition,Pothole,Brooklyn,11207.0,Closed,Unknown,0
63664930,2025-01-04 06:51:55,2025-01-06 09:15:00,DOT,Street Condition,Pothole,Bronx,10472.0,Closed,Unknown,2
63664931,2025-01-06 14:38:40,2025-01-07 10:30:00,DOT,Street Condition,Pothole,Queens,11416.0,Closed,Unknown,0
63664932,2025-01-07 15:35:15,2025-01-07 22:48:00,DOT,Street Condition,Pothole,Manhattan,10023.0,Closed,Unknown,0
63664933,2025-01-07 15:59:00,2025-01-07 17:10:00,DOT,Traffic Signal Condition,Veh Signal Lamp,Staten Island,10312.0,Closed,Unknown,0
63664934,2025-01-06 14:13:17,2025-01-07 09:50:00,DOT,Street Condition,Pothole,Brooklyn,11239.0,Closed,Unknown,0
63664935,2025-01-06 22:15:30,2025-01-07 17:45:00,DOT,Street Condition,Pothole,Queens,11378.0,Closed,Unknown,0
63664936,2025-01-06 14:39:31,2025-01-07 13:20:00,DOT,Street Condition,Pothole,Queens,11420.0,Closed,Unknown,0
63664937,2025-01-07 17:54:00,2025-01-17 10:56:00,DOT,Street Light Condition,Street Light Out,Staten Island,10304.0,Closed,Unknown,9
63664938,2025-01-07 09:43:00,2025-04-16 07:40:00,DOT,Street Light Condition,Street Light Out,Bronx,10461.0,Closed,Unknown,98
63664939,2025-01-07 11:02:00,2025-01-07 14:15:00,DOT,Traffic Signal Condition,Veh Sgnl Mult Lamps,Brooklyn,11224.0,Closed,Unknown,0
63664940,2025-01-07 10:06:00,2025-01-07 10:06:00,DOT,Street Light Condition,Fixture/Luminaire Hanging,Manhattan,10032.0,Closed,Unknown,0
63664941,2025-01-07 16:53:34,2025-01-07 16:53:34,DOT,Street Condition,Pothole,Staten Island,10314.0,Closed,Unknown,0
63664942,2025-01-07 17:56:00,2025-01-09 00:15:00,DOT,Traffic Signal Condition,Veh Sgnl Mult Lamps,Brooklyn,11206.0,Closed,Unknown,1
63664944,2025-01-06 14:37:38,2025-01-07 08:20:00,DOT,Street Condition,Pothole,Queens,11435.0,Closed,Unknown,0
63664972,2025-01-04 11:19:34,2025-01-07 08:45:00,DOT,Street Condition,Pothole,Brooklyn,11219.0,Closed,Unknown,2
63664973,2025-01-04 07:07:28,2025-01-06 08:25:00,DOT,Street Condition,Pothole,Bronx,10461.0,Closed,Unknown,2
63664999,2025-01-07 05:52:00,2025-01-14 14:18:00,DOT,Street Light Condition,Street Light Out,Brooklyn,11212.0,Closed,Unknown,7
63665126,2025-01-07 16:36:00,2025-01-09 01:35:00,DOT,Traffic Signal Condition,LED Lense,Bronx,10455.0,Closed,Unknown,1
63665127,2025-01-07 09:18:00,2025-01-08 12:00:00,DOT,Traffic Signal Condition,LED Lense,Brooklyn,11224.0,Closed,Unknown,1
63665128,2025-01-07 16:53:00,2025-01-09 02:35:00,DOT,Traffic Signal Condition,LED Lense,Queens,11355.0,Closed,Unknown,1
63665141,2025-01-07 16:03:00,2025-01-08 01:45:00,DOT,Traffic Signal Condition,LED Lense,Manhattan,10021.0,Closed,Unknown,0
63665791,2025-01-07 10:43:57,2025-01-29 07:41:47,DOT,Broken Parking Meter,Out of Order,Brooklyn,11231.0,Closed,Phone,21
63665845,2025-01-07 12:04:59,2025-01-15 15:52:16,DOT,Curb Condition,Broken Curb,Brooklyn,11228.0,Closed,Online,8
63665857,2025-01-07 15:32:35,2025-01-09 07:43:35,DOT,Broken Parking Meter,Out of Order,Manhattan,10028.0,Closed,Phone,1
63665953,2025-01-07 09:16:07,2025-01-17 09:01:50,DOT,Curb Condition,Broken Curb,Brooklyn,11219.0,Closed,Phone,9
63666179,2025-01-07 13:48:58,2025-01-17 09:32:15,DOT,Sidewalk Condition,Broken Sidewalk,Brooklyn,11206.0,Closed,Phone,9
63666180,2025-01-07 16:34:14,2025-05-16 14:19:35,DOT,Sidewalk Condition,Pedestrian Ramp Defective,Queens,11385.0,Closed,Phone,128
63666204,2025-01-07 12:39:40,2025-01-08 13:18:35,DOT,Sidewalk Condition,Sidewalk Violation,Queens,11412.0,Closed,Phone,1
63666205,2025-01-07 22:11:34,2025-01-09 09:13:25,DOT,Street Condition,Cave-in,Bronx,10455.0,Closed,Online,1
63666206,2025-01-07 20:27:14,2025-01-08 09:24:01,DOT,Street Condition,Defective Hardware,Manhattan,10024.0,Closed,Online,0
63666207,2025-01-07 20:24:04,2025-01-08 09:25:21,DOT,Street Condition,Defective Hardware,Bronx,10474.0,Closed,Online,0
63666257,2025-01-07 19:14:20,2025-01-08 12:03:27,DOT,Sidewalk Condition,Sidewalk Violation,Manhattan,10122.0,Closed,Phone,0
63666258,2025-01-07 14:30:03,2025-01-08 11:03:19,DOT,Street Condition,Blocked - Construction,Queens,11101.0,Closed,Online,0
63666277,2025-01-07 23:39:00,2025-01-08 14:52:02,DOT,Street Condition,Defective Hardware,Manhattan,10024.0,Closed,Online,0
63666278,2025-01-07 09:19:04,2025-01-10 08:58:35,DOT,Street Sign - Damaged,"No Parking, Standing, Stopping",Brooklyn,11208.0,Closed,Mobile,2
63666279,2025-01-07 11:11:22,2025-12-29 14:21:32,DOT,Street Sign - Damaged,"No Parking, Standing, Stopping",Queens,11361.0,Closed,Mobile,356
63666280,2025-01-07 15:17:33,2025-01-14 11:04:40,DOT,Street Sign - Dangling,Other/Unknown,Brooklyn,11239.0,Closed,Phone,6
63666295,2025-01-07 10:43:20,2025-01-08 09:26:21,DOT,Sidewalk Condition,Defective Hardware,Bronx,10463.0,Closed,Online,0
63666296,2025-01-07 15:33:33,2025-01-08 13:26:09,DOT,Sidewalk Condition,Sidewalk Violation,Queens,11102.0,Closed,Phone,0
63666307,2025-01-07 16:59:09,2025-01-09 07:38:47,DOT,Street Condition,Cave-in,Manhattan,10039.0,Closed,Phone,1
63666308,2025-01-07 15:50:44,2025-01-08 10:42:52,DOT,Street Condition,Failed Street Repair,Manhattan,10075.0,Closed,Online,0
63666310,2025-01-07 11:59:35,2025-01-15 06:38:59,DOT,Street Sign - Dangling,One Way,Bronx,10462.0,Closed,Phone,7
63666311,2025-01-07 10:15:36,2025-01-08 09:57:37,DOT,Street Sign - Dangling,Other/Unknown,Manhattan,10001.0,Closed,Online,0
63666318,2025-01-07 09:04:53,2025-01-08 07:40:53,DOT,Sidewalk Condition,Blocked - Construction,Brooklyn,11231.0,Closed,Phone,0
63666319,2025-01-07 07:20:35,2025-01-14 16:31:09,DOT,Sidewalk Condition,Broken Sidewalk,Bronx,10453.0,Closed,Phone,7
63666372,2025-01-07 18:30:24,2025-01-07 21:34:15,DOT,Street Condition,Plate Condition - Noisy,Brooklyn,11249.0,Closed,Phone,0
63666448,2025-01-07 11:20:00,2025-01-07 13:00:00,DOT,Traffic Signal Condition,Pedestrian Signal,Brooklyn,11221.0,Closed,Unknown,0
63666507,2025-01-07 08:45:00,2025-01-11 14:50:00,DOT,Traffic Signal Condition,Pedestrian Signal,Manhattan,10128.0,Closed,Unknown,4
63666515,2025-01-07 16:13:00,2025-01-07 17:00:00,DOT,Traffic Signal Condition,Veh Signal Lamp,Manhattan,10001.0,Closed,Unknown,0
63666569,2025-01-07 15:54:00,2025-01-08 13:31:00,DOT,Street Light Condition,Street Light Out,Bronx,10461.0,Closed,Unknown,0
63666581,2025-01-07 11:32:00,2025-01-08 08:55:00,DOT,Traffic Signal Condition,APS,Brooklyn,11207.0,Closed,Unknown,0
63666689,2025-01-07 22:10:00,2025-01-08 03:00:00,DOT,Traffic Signal Condition,Underground,Manhattan,10029.0,Closed,Unknown,0
63666709,2025-01-07 12:02:32,2025-01-08 09:25:00,DOT,Street Condition,Pothole,Staten Island,10312.0,Closed,Unknown,0
63666710,2025-01-07 18:59:00,2025-01-08 13:00:00,DOT,Street Condition,Pothole,Queens,11420.0,Closed,Unknown,0
63666752,2025-01-07 15:31:05,2025-01-08 08:55:00,DOT,Street Condition,Pothole,Manhattan,10030.0,Closed,Unknown,0
63666781,2025-01-07 16:18:00,2025-01-07 18:15:00,DOT,Traffic Signal Condition,Controller,Brooklyn,11219.0,Closed,Unknown,0
63666783,2025-01-07 11:28:56,2025-01-08 07:25:00,DOT,Street Condition,Pothole,Queens,11693.0,Closed,Unknown,0
63666787,2025-01-07 11:17:00,2025-01-07 12:10:00,DOT,Traffic Signal Condition,Ped Flasher,Brooklyn,11201.0,Closed,Unknown,0
63666788,2025-01-07 19:22:00,2025-01-07 21:10:00,DOT,Traffic Signal Condition,Controller,Bronx,10454.0,Closed,Unknown,0
63666789,2025-01-07 09:37:39,2025-03-05 11:21:56,DOT,Bike Rack,Abandoned Bike,Brooklyn,11222.0,Closed,Online,57
63666805,2025-01-07 17:34:00,2025-01-07 19:30:00,DOT,Traffic Signal Condition,Controller,Brooklyn,11249.0,Closed,Unknown,0
63666815,2025-01-07 01:53:00,2025-01-07 03:30:00,DOT,Traffic Signal Condition,Controller,Staten Island,10302.0,Closed,Unknown,0
63666816,2025-01-07 06:41:00,2025-01-07 08:15:00,DOT,Traffic Signal Condition,Controller,Queens,11417.0,Closed,Unknown,0
63666817,2025-01-07 01:30:00,2025-01-07 02:30:00,DOT,Traffic Signal Condition,Controller,Queens,11432.0,Closed,Unknown,0
63666832,2025-01-07 15:45:00,2025-01-07 17:25:00,DOT,Traffic Signal Condition,Controller,Brooklyn,11224.0,Closed,Unknown,0
63666873,2025-01-07 08:24:00,2025-01-07 09:45:00,DOT,Traffic Signal Condition,Controller,Bronx,10455.0,Closed,Unknown,0
63666902,2025-01-07 08:08:00,2025-01-07 09:00:00,DOT,Traffic Signal Condition,Controller,Manhattan,10128.0,Closed,Unknown,0
63666903,2025-01-07 23:27:00,2025-01-08 00:30:00,DOT,Traffic Signal Condition,Controller,Brooklyn,11233.0,Closed,Unknown,0
63666904,2025-01-07 23:25:00,2025-01-07 23:55:00,DOT,Traffic Signal Condition,Controller,Brooklyn,11225.0,Closed,Unknown,0
63666928,2025-01-07 23:00:00,2025-01-08 01:10:00,DOT,Traffic Signal Condition,Veh Signal Head,Brooklyn,11221.0,Closed,Unknown,0
63666929,2025-01-07 08:53:00,2025-01-08 12:15:00,DOT,Traffic Signal Condition,Pedestrian Signal,Queens,11101.0,Closed,Unknown,1
63666947,2025-01-07 07:04:00,2025-01-07 07:25:00,DOT,Traffic Signal Condition,Ped Flasher,Brooklyn,11207.0,Closed,Unknown,0
63666948,2025-01-06 22:30:19,2025-01-07 20:20:00,DOT,Street Condition,Pothole,Brooklyn,11223.0,Closed,Unknown,0
63666949,2025-01-06 14:34:34,2025-01-07 09:50:00,DOT,Street Condition,Pothole,Brooklyn,11249.0,Closed,Unknown,0
63666950,2025-01-06 14:15:06,2025-01-07 10:10:00,DOT,Street Condition,Pothole,Brooklyn,11239.0,Closed,Unknown,0
63666951,2025-01-06 13:48:48,2025-01-07 11:00:00,DOT,Street Condition,Pothole,Brooklyn,11233.0,Closed,Unknown,0
63666957,2025-01-06 14:18:21,2025-01-07 11:35:00,DOT,Street Condition,Pothole,Brooklyn,11236.0,Closed,Unknown,0
63666958,2025-01-07 11:28:00,2025-01-14 14:21:00,DOT,Street Light Condition,Street Light Out,Brooklyn,11207.0,Closed,Unknown,7
63666960,2025-01-07 16:29:00,2025-01-08 01:10:00,DOT,Traffic Signal Condition,Veh Sgnl Mult Lamps,Manhattan,10032.0,Closed,Unknown,0
63666961,2025-01-06 16:00:00,2025-01-06 16:25:00,DOT,Traffic Signal Condition,Veh Signal Head,Bronx,10461.0,Closed,Unknown,0
63666962,2025-01-07 12:43:00,2025-01-08 13:21:00,DOT,Street Light Condition,Street Light Out,Queens,11413.0,Closed,Unknown,1
63666972,2025-01-07 22:15:00,2025-04-01 00:00:00,DOT,Street Light Condition,Traffic Signal Light,Bronx,10461.0,Closed,Unknown,83
63666976,2025-01-06 14:00:46,2025-01-07 12:08:00,DOT,Street Condition,Pothole,Brooklyn,11226.0,Closed,Unknown,0
63666977,2025-01-05 07:07:35,2025-01-06 10:16:00,DOT,Street Condition,Pothole,Queens,11372.0,Closed,Unknown,1
63666982,2025-01-07 12:22:00,2025-01-09 02:45:00,DOT,Traffic Signal Condition,Veh Signal Lamp,Queens,11385.0,Closed,Unknown,1
63666986,2025-01-07 13:40:00,2025-01-07 13:40:00,DOT,Traffic Signal Condition,Post,Brooklyn,11228.0,Closed,Unknown,0
63666995,2025-01-06 14:39:22,2025-01-07 13:35:00,DOT,Street Condition,Pothole,Brooklyn,11209.0,Closed,Unknown,0
63666996,2025-01-06 14:15:58,2025-01-07 10:25:00,DOT,Street Condition,Pothole,Brooklyn,11239.0,Closed,Unknown,0
63666997,2025-01-07 20:01:07,2025-01-07 20:01:07,DOT,Street Condition,Pothole,Bronx,10466.0,Closed,Unknown,0
63666998,2025-01-06 07:00:00,2025-01-07 09:25:00,DOT,Street Condition,Pothole,Staten Island,10314.0,Closed,Unknown,1
63666999,2025-01-07 13:39:00,2025-01-08 12:59:00,DOT,Street Light Condition,Street Light Out,Queens,11373.0,Closed,Unknown,0
63667000,2025-01-07 12:06:00,2025-01-07 12:46:00,DOT,Street Light Condition,Street Light Out,Queens,11429.0,Closed,Unknown,0
63667001,2025-01-07 13:44:00,2025-01-17 09:44:00,DOT,Street Light Condition,Street Light Out,Brooklyn,11236.0,Closed,Unknown,9
63667011,2025-01-07 16:54:00,2025-01-17 11:32:00,DOT,Street Light Condition,Street Light Out,Staten Island,10304.0,Closed,Unknown,9
63667145,2025-01-07 13:39:00,2025-01-09 10:20:00,DOT,Traffic Signal Condition,Bike Signal,Brooklyn,11214.0,Closed,Unknown,1
63667146,2025-01-07 16:52:00,2025-01-09 17:15:00,DOT,Traffic Signal Condition,LED Lense,Queens,11354.0,Closed,Unknown,2
63667162,2025-01-07 06:28:00,2025-01-09 02:35:00,DOT,Traffic Signal Condition,LED Lense,Brooklyn,11235.0,Closed,Unknown,1
63667734,2025-01-07 12:43:00,2025-01-07 14:05:00,DOT,Traffic Signal Condition,Temporary,Queens,11356.0,Closed,Unknown,0
63667738,2025-01-07 23:19:48,2025-01-08 01:00:40,DOT,Street Condition,Plate Condition - Noisy,Brooklyn,11238.0,Closed,Online,0
63667740,2025-01-07 15:58:23,2025-01-13 09:54:50,DOT,Street Condition,Crash Cushion Defect,Queens,11101.0,Closed,Online,5
63667753,2025-01-07 10:37:00,2025-01-08 13:00:00,DOT,Traffic Signal Condition,APS,Bronx,10459.0,Closed,Unknown,1
63667754,2025-01-07 16:36:01,2025-01-09 07:40:32,DOT,Broken Parking Meter,Coin or Card Did Not Register,Manhattan,10003.0,Closed,Phone,1
63667797,2025-01-07 14:07:53,2025-01-16 08:04:20,DOT,Curb Condition,Broken Curb,Brooklyn,11223.0,Closed,Online,8
63667798,2025-01-07 13:02:11,2025-01-16 07:52:53,DOT,Curb Condition,Broken Curb,Brooklyn,11226.0,Closed,Online,8
63667846,2025-01-07 11:11:29,2025-01-09 08:50:50,DOT,Outdoor Dining,Site Setup Condition,Manhattan,10014.0,Closed,Phone,1
63667863,2025-01-07 15:41:14,2025-01-09 08:47:12,DOT,Outdoor Dining,Site Setup Condition,Manhattan,10014.0,Closed,Phone,1
63667955,2025-01-07 16:01:44,2025-01-29 07:43:34,DOT,Broken Parking Meter,Coin or Card Did Not Register,Brooklyn,11223.0,Closed,Phone,21
63667956,2025-01-07 17:03:16,2025-01-29 07:42:53,DOT,Broken Parking Meter,Out of Order,Brooklyn,11235.0,Closed,Online,21
63668112,2025-01-07 11:09:18,2025-01-17 11:53:37,DOT,Sidewalk Condition,Broken Sidewalk,Brooklyn,11204.0,Closed,Mobile,10
63668113,2025-01-07 10:19:55,2025-01-08 07:50:09,DOT,Street Condition,Failed Street Repair,Brooklyn,11208.0,Closed,Online,0
63668115,2025-01-07 11:03:30,2025-01-15 06:40:49,DOT,Street Sign - Dangling,St Name - Attached to Pole,Bronx,10469.0,Closed,Online,7
63668140,2025-01-07 14:38:33,2025-01-08 11:26:30,DOT,Street Condition,Blocked - Construction,Brooklyn,11238.0,Closed,Online,0
63668141,2025-01-07 13:50:14,2025-01-10 09:35:17,DOT,Street Sign - Dangling,"No Parking, Standing, Stopping",Staten Island,10305.0,Closed,Phone,2
63668142,2025-01-07 15:38:39,2025-01-13 06:03:07,DOT,Street Sign - Dangling,"No Parking, Standing, Stopping",Brooklyn,11239.0,Closed,Phone,5
63668242,2025-01-07 09:32:38,2025-01-15 14:02:37,DOT,Street Sign - Damaged,Other/Unknown,Queens,11357.0,Closed,Mobile,8
63668254,2025-01-07 10:07:28,2025-01-09 13:48:16,DOT,Sidewalk Condition,Blocked - Construction,Manhattan,10025.0,Closed,Phone,2
63668354,2025-01-07 15:28:41,2025-01-07 17:29:36,DOT,Street Sign - Damaged,"No Parking, Standing, Stopping",Brooklyn,11222.0,Closed,Online,0
63668387,2025-01-07 09:28:17,2025-01-07 13:32:30,DOT,Street Condition,Blocked - Construction,Queens,11694.0,Closed,Phone,0
63668459,2025-01-07 13:35:51,2025-01-07 15:28:36,DOT,Sidewalk Condition,Blocked - Construction,Queens,11373.0,Closed,Phone,0
63668476,2025-01-07 08:16:00,2025-01-08 17:45:00,DOT,Traffic Signal Condition,Pedestrian Signal,Bronx,10451.0,Closed,Unknown,1
63668486,2025-01-07 14:14:00,2025-01-07 15:15:00,DOT,Traffic Signal Condition,Veh Signal Lamp,Bronx,10461.0,Closed,Unknown,0
63668509,2025-01-07 15:01:00,2025-01-09 15:39:00,DOT,Street Light Condition,Street Light Lamp Missing,Queens,11102.0,Closed,Unknown,2
63668513,2025-01-07 16:10:00,2025-01-08 07:20:00,DOT,Traffic Signal Condition,Controller,Brooklyn,11219.0,Closed,Unknown,0
63668515,2025-01-07 09:45:00,2025-01-07 16:25:00,DOT,Traffic Signal Condition,Ped Multiple Lamps,Manhattan,10005.0,Closed,Unknown,0
63668520,2025-01-07 09:40:00,2025-02-05 11:00:00,DOT,Traffic Signal Condition,Pedestrian Signal,Brooklyn,11211.0,Closed,Unknown,29
63668533,2025-01-07 23:48:00,2025-01-17 09:46:00,DOT,Street Light Condition,Street Light Out,Brooklyn,11236.0,Closed,Unknown,9
63668534,2025-01-07 23:00:00,2025-01-15 11:04:00,DOT,Street Light Condition,Street Light Out,Bronx,10457.0,Closed,Unknown,7
63668572,2025-01-07 17:23:00,2025-01-08 11:00:00,DOT,Traffic Signal Condition,APS,Brooklyn,11215.0,Closed,Unknown,0
63668627,2025-01-07 17:49:27,2025-01-08 08:25:00,DOT,Street Condition,Pothole,Brooklyn,11234.0,Closed,Unknown,0
63668628,2025-01-07 14:17:04,2025-01-08 12:00:00,DOT,Street Condition,Pothole,Queens,11361.0,Closed,Unknown,0
63668635,2025-01-07 10:57:50,2025-01-08 12:45:00,DOT,Street Condition,Pothole,Bronx,10454.0,Closed,Unknown,1
63668636,2025-01-07 11:57:15,2025-01-08 23:55:00,DOT,Street Condition,Pothole,Staten Island,10312.0,Closed,Unknown,1
63668637,2025-01-07 08:04:11,2025-01-08 08:45:00,DOT,Street Condition,Pothole,Queens,11378.0,Closed,Unknown,1
63668674,2025-01-07 10:07:00,2025-01-07 12:20:00,DOT,Traffic Signal Condition,Controller,Brooklyn,11218.0,Closed,Unknown,0
63668677,2025-01-07 18:15:00,2025-01-07 18:20:00,DOT,Traffic Signal Condition,Controller,Bronx,10461.0,Closed,Unknown,0
63668678,2025-01-07 11:19:00,2025-01-07 14:15:00,DOT,Traffic Signal Condition,Controller,Brooklyn,11224.0,Closed,Unknown,0
63668679,2025-01-07 01:24:00,2025-01-07 01:50:00,DOT,Traffic Signal Condition,Controller,Brooklyn,11210.0,Closed,Unknown,0
63668680,2025-01-07 15:49:00,2025-01-07 16:45:00,DOT,Traffic Signal Condition,Controller,Staten Island,10308.0,Closed,Unknown,0
63668687,2025-01-07 16:14:27,2025-01-08 09:20:00,DOT,Street Condition,Pothole,Queens,11356.0,Closed,Unknown,0
63668693,2025-01-07 14:53:00,2025-01-07 16:35:00,DOT,Traffic Signal Condition,Controller,Bronx,10451.0,Closed,Unknown,0
63668740,2025-01-07 09:29:00,2025-01-07 11:20:00,DOT,Traffic Signal Condition,Controller,Staten Island,10305.0,Closed,Unknown,0
63668778,2025-01-07 02:58:00,2025-01-07 17:00:00,DOT,Traffic Signal Condition,Controller,Queens,11105.0,Closed,Unknown,0
63668800,2025-01-07 22:58:00,2025-01-07 23:45:00,DOT,Traffic Signal Condition,Controller,Bronx,10462.0,Closed,Unknown,0
63668805,2025-01-07 08:39:53,2025-01-07 11:41:23,DOT,Street Condition,Cave-in,Brooklyn,11234.0,Closed,Unknown,0
63668834,2025-01-07 01:58:00,2025-01-07 02:30:00,DOT,Traffic Signal Condition,Controller,Manhattan,10021.0,Closed,Unknown,0
63668844,2025-01-06 14:18:41,2025-01-07 12:25:00,DOT,Street Condition,Pothole,Brooklyn,11208.0,Closed,Unknown,0
63668862,2025-01-07 07:21:00,2025-01-08 10:20:00,DOT,Traffic Signal Condition,LED Pedestrian Unit,Brooklyn,11224.0,Closed,Unknown,1
63668863,2025-01-07 14:34:00,2025-01-08 01:15:00,DOT,Street Light Condition,Street Light Out,Manhattan,10027.0,Closed,Unknown,0
63668864,2025-01-07 11:11:00,2025-01-07 11:12:00,DOT,Street Light Condition,Street Light Out,Bronx,10467.0,Closed,Unknown,0
63668865,2025-01-07 07:38:00,2025-01-14 10:10:00,DOT,Traffic Signal Condition,Pedestrian Signal,Brooklyn,11203.0,Closed,Unknown,7
63668866,2025-01-07 15:04:00,2025-01-11 16:45:00,DOT,Traffic Signal Condition,Pedestrian Signal,Manhattan,10037.0,Closed,Unknown,4
63668867,2025-01-07 12:28:00,2025-01-29 08:48:00,DOT,Street Light Condition,Street Light Out,Queens,11436.0,Closed,Unknown,21
63668868,2025-01-07 15:48:00,2025-01-10 10:15:00,DOT,Traffic Signal Condition,Post,Brooklyn,11231.0,Closed,Unknown,2
63668875,2025-01-07 16:30:00,2025-01-08 00:15:00,DOT,Traffic Signal Condition,Pedestrian Signal,Manhattan,10031.0,Closed,Unknown,0
63668876,2025-01-07 18:59:26,2025-01-07 18:59:26,DOT,Street Condition,Pothole,Queens,11420.0,Closed,Unknown,0
63668889,2025-01-07 20:37:00,2025-01-10 12:00:00,DOT,Traffic Signal Condition,Veh Sgnl Mult Lamps,Brooklyn,11220.0,Closed,Unknown,2
63668892,2025-01-07 09:08:00,2025-01-07 09:51:00,DOT,Street Light Condition,Lamppost Wire Exposed,Queens,11105.0,Closed,Unknown,0
63668902,2025-01-07 07:45:00,2025-01-08 07:00:00,DOT,Street Light Condition,Fixture/Luminaire Out Of Position,Manhattan,10038.0,Closed,Unknown,0
63668903,2025-01-06 14:37:39,2025-01-07 10:30:00,DOT,Street Condition,Pothole,Brooklyn,11211.0,Closed,Unknown,0
63668904,2025-01-06 14:13:40,2025-01-07 10:40:00,DOT,Street Condition,Pothole,Brooklyn,11207.0,Closed,Unknown,0
63668905,2025-01-06 13:58:48,2025-01-07 10:46:00,DOT,Street Condition,Pothole,Brooklyn,11226.0,Closed,Unknown,0
63668906,2025-01-06 14:38:17,2025-01-07 09:30:00,DOT,Street Condition,Pothole,Queens,11418.0,Closed,Unknown,0
63668907,2025-01-07 20:12:00,2025-01-09 10:50:00,DOT,Street Light Condition,Street Light Out,Queens,11420.0,Closed,Unknown,1
63668908,2025-01-07 19:23:00,2025-01-08 13:13:00,DOT,Street Light Condition,Street Light Out,Queens,11423.0,Closed,Unknown,0
63668923,2025-01-07 15:35:54,2025-01-07 22:20:00,DOT,Street Condition,Pothole,Manhattan,10036.0,Closed,Unknown,0
63668924,2025-01-07 16:09:00,2025-03-06 13:29:00,DOT,Street Light Condition,Lamppost Wire Exposed,Manhattan,10031.0,Closed,Unknown,57
63668964,2025-01-07 15:32:00,2025-01-09 23:35:00,DOT,Street Light Condition,Street Light Out,Manhattan,10003.0,Closed,Unknown,2
63669038,2025-01-07 07:12:00,2025-01-08 11:30:00,DOT,Traffic Signal Condition,LED Lense,Brooklyn,11224.0,Closed,Unknown,1
63669050,2025-01-07 16:54:00,2025-01-09 03:05:00,DOT,Traffic Signal Condition,LED Lense,Queens,11355.0,Closed,Unknown,1
63669589,2025-01-07 15:44:59,2025-01-09 08:43:46,DOT,Outdoor Dining,Site Setup Condition,Manhattan,10011.0,Closed,Phone,1
63669654,2025-01-07 15:24:15,2025-01-16 08:16:38,DOT,Curb Condition,Broken Curb,Brooklyn,11215.0,Closed,Online,8
63669786,2025-01-07 09:33:23,2025-01-09 08:44:11,DOT,Outdoor Dining,Unauthorized Restaurant,Manhattan,10002.0,Closed,Online,1
63669789,2025-01-07 13:34:59,2025-01-08 09:23:31,DOT,Street Condition,Plate Condition - Noisy,Manhattan,10065.0,Closed,Online,0
63669794,2025-01-07 13:14:21,2025-01-16 07:54:36,DOT,Curb Condition,Broken Curb,Brooklyn,11213.0,Closed,Online,8
63669895,2025-01-07 14:46:28,2025-01-16 13:10:12,DOT,Sidewalk Condition,Sidewalk Violation,Brooklyn,11234.0,Closed,Phone,8
63669896,2025-01-07 11:29:02,2025-01-09 08:44:24,DOT,Sidewalk Condition,Sidewalk Violation,Queens,11366.0,Closed,Online,1
63669901,2025-01-07 18:58:44,2025-01-14 10:45:39,DOT,Curb Condition,Broken Curb,Queens,11040.0,Closed,Online,6
63669916,2025-01-07 06:03:29,2025-01-15 10:53:35,DOT,Sidewalk Condition,Broken Sidewalk,Brooklyn,11214.0,Closed,Online,8
63669917,2025-01-07 13:14:49,2025-01-16 10:21:55,DOT,Sidewalk Condition,Broken Sidewalk,Queens,11422.0,Closed,Phone,8
63669918,2025-01-07 14:57:38,2025-01-14 14:49:42,DOT,Sidewalk Condition,Broken Sidewalk,Manhattan,10032.0,Closed,Online,6
63669919,2025-01-07 12:14:26,2025-01-08 12:30:07,DOT,Sidewalk Condition,Sidewalk Violation,Brooklyn,11231.0,Closed,Phone,1
63669920,2025-01-07 08:34:09,2025-01-08 15:03:12,DOT,Street Condition,Cave-in,Brooklyn,11211.0,Closed,Unknown,1
63669921,2025-01-07 12:58:22,2025-01-08 17:14:49,DOT,Street Condition,Failed Street Repair,Queens,11435.0,Closed,Phone,1
63669922,2025-01-07 21:09:37,2025-01-08 14:52:54,DOT,Street Condition,Defective Hardware,Manhattan,10014.0,Closed,Online,0
63670019,2025-01-07 18:33:42,2025-01-10 10:35:34,DOT,Sidewalk Condition,Blocked - Construction,Brooklyn,11230.0,Closed,Online,2
63670020,2025-01-07 15:21:40,2025-01-15 15:40:57,DOT,Sidewalk Condition,Broken Sidewalk,Staten Island,10310.0,Closed,Online,8
63670033,2025-01-07 15:03:37,2025-01-08 12:37:55,DOT,Sidewalk Condition,Sidewalk Violation,Brooklyn,11234.0,Closed,Phone,0
63670034,2025-01-07 14:10:06,2025-01-16 10:34:28,DOT,Sidewalk Condition,Sidewalk Violation,Queens,11413.0,Closed,Online,8
63670035,2025-01-07 15:15:34,2025-01-09 12:56:40,DOT,Street Condition,Failed Street Repair,Queens,11103.0,Closed,Phone,1
63670036,2025-01-07 08:49:26,2025-01-08 09:04:01,DOT,Street Sign - Damaged,Street Cleaning - ASP,Brooklyn,11201.0,Closed,Mobile,1
63670037,2025-01-07 20:54:49,2025-01-10 09:03:53,DOT,Street Sign - Dangling,St Name - Over Intersection,Brooklyn,11220.0,Closed,Online,2
63670038,2025-01-07 15:56:53,2025-01-15 06:39:52,DOT,Street Sign - Dangling,Stop,Bronx,10463.0,Closed,Phone,7
63670039,2025-01-07 21:07:14,2025-01-08 06:09:29,DOT,Street Sign - Missing,Bus Stop,Queens,11434.0,Closed,Mobile,0
63670074,2025-01-07 20:54:45,2025-01-16 10:41:28,DOT,Sidewalk Condition,Broken Sidewalk,Queens,11691.0,Closed,Mobile,8
63670075,2025-01-07 15:36:42,2025-01-08 13:28:22,DOT,Sidewalk Condition,Sidewalk Violation,Queens,11102.0,Closed,Phone,0
63670076,2025-01-07 20:37:32,2025-01-10 08:18:10,DOT,Street Sign - Damaged,Stop,Brooklyn,11249.0,Closed,Online,2
63670198,2025-01-07 10:58:41,2025-01-07 15:58:50,DOT,Sidewalk Condition,Blocked - Construction,Manhattan,10014.0,Closed,Phone,0
63670225,2025-01-07 10:54:35,2025-01-07 12:57:22,DOT,Street Condition,"Rough, Pitted or Cracked Roads",Staten Island,10312.0,Closed,Phone,0
63670307,2025-01-07 08:50:00,2025-01-07 18:10:00,DOT,Traffic Signal Condition,Pedestrian Signal,Manhattan,10030.0,Closed,Unknown,0
63670320,2025-01-07 17:08:00,2025-01-08 10:45:00,DOT,Traffic Signal Condition,Controller,Brooklyn,11205.0,Closed,Unknown,0
63670375,2025-01-07 17:38:00,2025-01-13 10:47:00,DOT,Street Light Condition,Street Light Out,Brooklyn,11208.0,Closed,Unknown,5
63670418,2025-01-07 17:39:00,2025-02-07 14:12:00,DOT,Street Light Condition,Street Light Out,Queens,11385.0,Closed,Unknown,30
63670462,2025-01-07 15:29:07,2025-01-08 09:10:00,DOT,Street Condition,Pothole,Manhattan,10030.0,Closed,Unknown,0
63670463,2025-01-07 11:38:00,2025-01-07 15:25:00,DOT,Traffic Signal Condition,Time Switch,Brooklyn,11230.0,Closed,Unknown,0
63670478,2025-01-07 07:41:00,2025-01-07 08:35:00,DOT,Traffic Signal Condition,Controller,Brooklyn,11212.0,Closed,Unknown,0
63670479,2025-01-07 16:21:00,2025-01-07 18:15:00,DOT,Traffic Signal Condition,Controller,Staten Island,10312.0,Closed,Unknown,0
63670485,2025-01-07 17:27:00,2025-01-07 18:55:00,DOT,Traffic Signal Condition,Controller,Queens,11354.0,Closed,Unknown,0
63670486,2025-01-07 07:45:00,2025-01-07 08:05:00,DOT,Traffic Signal Condition,Controller,Bronx,10460.0,Closed,Unknown,0
63670511,2025-01-07 09:14:00,2025-01-07 10:00:00,DOT,Traffic Signal Condition,Controller,Brooklyn,11233.0,Closed,Unknown,0
63670524,2025-01-07 08:34:00,2025-01-07 09:55:00,DOT,Traffic Signal Condition,Controller,Manhattan,10027.0,Closed,Unknown,0
63670531,2025-01-07 18:56:11,2025-01-08 08:30:00,DOT,Street Condition,Pothole,Bronx,10453.0,Closed,Unknown,0
63670532,2025-01-07 12:21:27,2025-01-08 07:50:00,DOT,Street Condition,Pothole,Queens,11436.0,Closed,Unknown,0
63670533,2025-01-07 22:47:53,2025-01-08 09:05:00,DOT,Street Condition,Pothole,Manhattan,10028.0,Closed,Unknown,0
63670552,2025-01-07 16:28:00,2025-01-07 17:50:00,DOT,Traffic Signal Condition,Controller,Manhattan,10016.0,Closed,Unknown,0
63670556,2025-01-07 22:57:00,2025-01-08 00:20:00,DOT,Traffic Signal Condition,Controller,Bronx,10461.0,Closed,Unknown,0
63670557,2025-01-07 09:08:00,2025-01-07 10:40:00,DOT,Traffic Signal Condition,Controller,Bronx,10466.0,Closed,Unknown,0
63670586,2025-01-07 14:02:00,2025-01-07 15:50:00,DOT,Traffic Signal Condition,Controller,Brooklyn,11204.0,Closed,Unknown,0
63670606,2025-01-07 10:08:00,2025-01-07 15:55:00,DOT,Traffic Signal Condition,LED Pedestrian Unit,Staten Island,10302.0,Closed,Unknown,0
63670616,2025-01-07 11:43:00,2025-01-07 13:45:00,DOT,Traffic Signal Condition,Controller,Manhattan,10001.0,Closed,Unknown,0
63670617,2025-01-07 21:10:00,2025-01-08 10:25:00,DOT,Traffic Signal Condition,Controller,Bronx,10473.0,Closed,Unknown,0
63670618,2025-01-07 16:22:00,2025-01-07 18:20:00,DOT,Traffic Signal Condition,Controller,Staten Island,10312.0,Closed,Unknown,0
63670619,2025-01-07 09:40:00,2025-01-07 10:50:00,DOT,Traffic Signal Condition,Controller,Queens,11102.0,Closed,Unknown,0
63670639,2025-01-07 20:23:00,2025-01-07 21:15:00,DOT,Traffic Signal Condition,Controller,Manhattan,10021.0,Closed,Unknown,0
63670640,2025-01-07 10:47:00,2025-01-07 12:55:00,DOT,Traffic Signal Condition,Controller,Manhattan,10011.0,Closed,Unknown,0
63670643,2025-01-07 09:38:00,2025-01-07 11:35:00,DOT,Traffic Signal Condition,Pedestrian Signal,Manhattan,10009.0,Closed,Unknown,0
63670650,2025-01-06 14:02:12,2025-01-07 12:39:00,DOT,Street Condition,Pothole,Brooklyn,11203.0,Closed,Unknown,0
63670651,2025-01-06 14:36:59,2025-01-07 13:15:00,DOT,Street Condition,Pothole,Queens,11354.0,Closed,Unknown,0
63670652,2025-01-07 15:35:00,2025-01-07 22:40:00,DOT,Street Condition,Pothole,Manhattan,10024.0,Closed,Unknown,0
63670653,2025-01-06 14:06:52,2025-01-07 08:35:00,DOT,Street Condition,Pothole,Brooklyn,11207.0,Closed,Unknown,0
63670654,2025-01-06 13:56:37,2025-01-07 09:14:00,DOT,Street Condition,Pothole,Brooklyn,11229.0,Closed,Unknown,0
63670655,2025-01-06 13:50:07,2025-01-07 12:55:00,DOT,Street Condition,Pothole,Brooklyn,11208.0,Closed,Unknown,0
63670656,2025-01-06 07:00:00,2025-01-07 11:15:00,DOT,Street Condition,Pothole,Staten Island,10314.0,Closed,Unknown,1
63670664,2025-01-07 17:33:00,2025-01-08 02:45:00,DOT,Street Light Condition,Street Light Out,Manhattan,10026.0,Closed,Unknown,0
63670665,2025-01-07 09:20:00,2025-01-07 10:40:00,DOT,Traffic Signal Condition,Veh Signal Head,Staten Island,10314.0,Closed,Unknown,0
63670684,2025-01-07 16:20:00,2025-01-17 11:00:00,DOT,Street Light Condition,Street Light Out,Staten Island,10308.0,Closed,Unknown,9
63670689,2025-01-06 13:52:27,2025-01-07 13:45:00,DOT,Street Condition,Pothole,Brooklyn,11236.0,Closed,Unknown,0
63670698,2025-01-06 07:00:00,2025-01-07 13:00:00,DOT,Street Condition,Pothole,Staten Island,10306.0,Closed,Unknown,1
63670699,2025-01-07 15:35:28,2025-01-07 23:20:00,DOT,Street Condition,Pothole,Manhattan,10023.0,Closed,Unknown,0
63670710,2025-01-07 18:35:00,2025-01-17 13:23:00,DOT,Street Light Condition,Street Light Out,Staten Island,10304.0,Closed,Unknown,9
63670711,2025-01-07 09:38:00,2025-01-10 10:50:00,DOT,Traffic Signal Condition,Veh Sgnl Mult Lamps,Queens,11102.0,Closed,Unknown,3
63670712,2025-01-07 08:51:00,2025-01-07 10:45:00,DOT,Traffic Signal Condition,Pedestrian Signal,Manhattan,10029.0,Closed,Unknown,0
63670763,2025-01-07 09:02:00,2025-01-08 13:40:00,DOT,Traffic Signal Condition,Veh Signal Lamp,Brooklyn,11223.0,Closed,Unknown,1
63670764,2025-01-06 14:12:26,2025-01-07 10:15:00,DOT,Street Condition,Pothole,Brooklyn,11207.0,Closed,Unknown,0
63670765,2025-01-04 07:06:37,2025-01-06 08:00:00,DOT,Street Condition,Pothole,Bronx,10461.0,Closed,Unknown,2
63670766,2025-01-05 07:06:15,2025-01-06 08:15:00,DOT,Street Condition,Pothole,Queens,11368.0,Closed,Unknown,1
63670767,2025-01-06 00:42:04,2025-01-07 23:07:00,DOT,Street Condition,Pothole,Manhattan,10023.0,Closed,Unknown,1
63670768,2025-01-07 15:35:00,2025-06-25 08:53:00,DOT,Street Light Condition,Lamppost Base Door/Cover Missing,Manhattan,10018.0,Closed,Unknown,168
63670779,2025-01-07 13:13:00,2025-01-08 13:34:00,DOT,Street Light Condition,Street Light Cycling,Bronx,10460.0,Closed,Unknown,1
63670785,2025-01-07 12:08:00,2025-01-07 19:54:00,DOT,Street Light Condition,Street Light Out,Queens,11355.0,Closed,Unknown,0
63670786,2025-01-07 15:04:00,2025-02-10 03:00:00,DOT,Street Light Condition,Street Light Out,Manhattan,10025.0,Closed,Unknown,33
63670822,2025-01-07 13:59:00,2025-01-09 04:30:00,DOT,Traffic Signal Condition,LED Lense,Queens,11385.0,Closed,Unknown,1
63671428,2025-01-07 10:34:50,2025-01-10 08:17:33,DOT,Bus Stop Shelter Complaint,Dirty/Graffiti,Queens,11103.0,Closed,Online,2
63671450,2025-01-07 13:04:59,2025-01-14 14:02:53,DOT,Curb Condition,Broken Curb,Brooklyn,11218.0,Closed,Mobile,7
63671464,2025-01-07 12:55:45,2025-01-09 07:42:02,DOT,Broken Parking Meter,Coin or Card Did Not Register,Manhattan,10001.0,Closed,Phone,1
63671699,2025-01-07 13:47:42,2025-01-09 10:52:05,DOT,Sidewalk Condition,Defective Hardware,Brooklyn,11209.0,Closed,Phone,1
63671700,2025-01-07 17:54:21,2025-01-08 13:37:21,DOT,Sidewalk Condition,Sidewalk Violation,Queens,11366.0,Closed,Online,0
63671701,2025-01-07 14:30:41,2025-01-13 06:04:12,DOT,Street Sign - Dangling,St Name - Attached to Pole,Brooklyn,11234.0,Closed,Phone,5
63671726,2025-01-07 17:17:05,2025-01-14 09:40:04,DOT,Street Sign - Missing,St Name - Attached to Pole,Queens,11693.0,Closed,Mobile,6
63671803,2025-01-07 16:09:48,2025-12-02 09:18:15,DOT,Street Condition,Blocked - Construction,Bronx,10473.0,Closed,Phone,328
63671804,2025-01-07 11:15:00,2025-01-08 07:43:19,DOT,Street Condition,Blocked - Construction,Brooklyn,11215.0,Closed,Phone,0
63671805,2025-01-07 14:40:43,2025-01-08 11:36:15,DOT,Street Condition,Cave-in,Brooklyn,11215.0,Closed,Online,0
63671806,2025-01-07 18:16:54,2025-01-08 10:42:32,DOT,Street Condition,Defective Hardware,Manhattan,10002.0,Closed,Online,0
63671816,2025-01-07 07:56:38,2025-01-08 08:56:20,DOT,Sidewalk Condition,Blocked - Construction,Staten Island,10301.0,Closed,Online,1
63671817,2025-01-07 11:09:45,2025-12-29 14:21:01,DOT,Street Sign - Damaged,"No Parking, Standing, Stopping",Queens,11361.0,Closed,Mobile,356
63671818,2025-01-07 21:32:44,2025-01-08 06:16:57,DOT,Street Sign - Dangling,Other/Unknown,Brooklyn,11230.0,Closed,Phone,0
63672001,2025-01-07 16:34:07,2025-01-08 12:42:24,DOT,Sidewalk Condition,Sidewalk Violation,Brooklyn,11209.0,Closed,Phone,0
63672002,2025-01-07 12:53:41,2025-01-08 10:59:49,DOT,Street Condition,Cave-in,Queens,11421.0,Closed,Online,0
63672003,2025-01-07 19:38:25,2025-01-08 08:20:43,DOT,Street Condition,Defective Hardware,Manhattan,10011.0,Closed,Online,0
63672013,2025-01-07 12:07:40,2025-01-13 15:27:26,DOT,Street Sign - Dangling,One Way,Queens,11416.0,Closed,Phone,6
63672014,2025-01-07 15:05:20,2025-01-08 14:11:53,DOT,Street Sign - Missing,Stop,Brooklyn,11234.0,Closed,Phone,0
63672082,2025-01-07 16:38:30,2025-01-07 21:05:25,DOT,Street Condition,Plate Condition - Noisy,Manhattan,10016.0,Closed,Online,0
63672213,2025-01-07 18:10:00,2025-01-07 18:40:00,DOT,Traffic Signal Condition,Vehicle Signal,Manhattan,10016.0,Closed,Unknown,0
63672216,2025-01-07 04:57:00,2025-01-26 16:20:00,DOT,Traffic Signal Condition,Controller,Brooklyn,11207.0,Closed,Unknown,19
63672218,2025-01-07 13:03:00,2025-04-02 08:45:00,DOT,Traffic Signal Condition,Controller,Bronx,10461.0,Closed,Unknown,84
63672227,2025-01-07 15:23:00,2025-04-08 09:53:00,DOT,Street Light Condition,Street Light Out,Bronx,10465.0,Closed,Unknown,90
63672233,2025-01-07 09:26:01,2025-01-15 13:44:17,DOT,Outdoor Dining,Sidewalk Zone Blocked,Bronx,10462.0,Closed,Phone,8
63672245,2025-01-07 17:19:00,2025-01-09 09:10:00,DOT,Traffic Signal Condition,APS,Brooklyn,11230.0,Closed,Unknown,1
63672257,2025-01-07 18:40:00,2025-01-17 11:32:00,DOT,Street Light Condition,Street Light Out,Staten Island,10314.0,Closed,Unknown,9
63672298,2025-01-07 08:05:00,2025-01-07 08:45:00,DOT,Traffic Signal Condition,Pedestrian Signal,Bronx,10469.0,Closed,Unknown,0
63672329,2025-01-07 15:32:59,2025-01-08 10:35:00,DOT,Street Condition,Pothole,Manhattan,10026.0,Closed,Unknown,0
63672330,2025-01-07 15:31:42,2025-01-08 08:40:00,DOT,Street Condition,Pothole,Manhattan,10030.0,Closed,Unknown,0
63672331,2025-01-07 13:22:00,2025-01-08 10:20:00,DOT,Street Condition,Pothole,Queens,11373.0,Closed,Unknown,0
63672337,2025-01-07 11:59:15,2025-01-08 09:20:00,DOT,Street Condition,Pothole,Queens,11422.0,Closed,Unknown,0
63672339,2025-01-07 11:11:00,2025-01-07 12:15:00,DOT,Traffic Signal Condition,Time Switch,Manhattan,10029.0,Closed,Unknown,0
63672340,2025-01-07 14:07:17,2025-01-07 16:43:02,DOT,Bike Rack,Abandoned Bike,Brooklyn,11220.0,Closed,Online,0
63672342,2025-01-07 11:32:00,2025-01-07 14:15:00,DOT,Traffic Signal Condition,Controller,Brooklyn,11224.0,Closed,Unknown,0
63672343,2025-01-07 13:43:00,2025-01-07 16:00:00,DOT,Traffic Signal Condition,Controller,Bronx,10466.0,Closed,Unknown,0
63672347,2025-01-07 08:10:00,2025-01-07 19:40:00,DOT,Traffic Signal Condition,Base Door,Manhattan,10030.0,Closed,Unknown,0
63672349,2025-01-07 16:49:54,2025-01-08 00:01:00,DOT,Street Condition,Pothole,Staten Island,10314.0,Closed,Unknown,0
63672351,2025-01-07 14:46:01,2025-01-08 10:20:00,DOT,Street Condition,Pothole,Queens,11361.0,Closed,Unknown,0
63672352,2025-01-07 09:32:34,2025-01-08 07:50:00,DOT,Street Condition,Pothole,Queens,11691.0,Closed,Unknown,0
63672358,2025-01-07 10:00:00,2025-01-07 12:20:00,DOT,Traffic Signal Condition,Controller,Bronx,10465.0,Closed,Unknown,0
63672371,2025-01-07 22:21:00,2025-01-08 01:00:00,DOT,Traffic Signal Condition,Controller,Brooklyn,11234.0,Closed,Unknown,0
63672398,2025-01-07 14:09:00,2025-01-07 16:05:00,DOT,Traffic Signal Condition,Controller,Brooklyn,11234.0,Closed,Unknown,0
63672399,2025-01-07 05:20:00,2025-01-07 07:25:00,DOT,Traffic Signal Condition,Controller,Brooklyn,11207.0,Closed,Unknown,0
63672400,2025-01-07 04:02:00,2025-01-07 15:45:00,DOT,Traffic Signal Condition,Controller,Queens,11375.0,Closed,Unknown,0
63672421,2025-01-07 11:02:00,2025-01-07 13:20:00,DOT,Traffic Signal Condition,Controller,Manhattan,10036.0,Closed,Unknown,0
63672444,2025-01-07 10:04:00,2025-01-07 15:25:20,DOT,Sidewalk Condition,Defective Hardware,Queens,11101.0,Closed,Online,0
63672445,2025-01-07 13:42:00,2025-01-07 15:30:00,DOT,Traffic Signal Condition,Controller,Manhattan,10016.0,Closed,Unknown,0
63672493,2025-01-07 19:41:43,2025-01-08 08:32:00,DOT,Street Condition,Pothole,Queens,11374.0,Closed,Unknown,0
63672496,2025-01-07 15:36:00,2025-02-05 12:35:00,DOT,Traffic Signal Condition,Pedestrian Signal,Brooklyn,11217.0,Closed,Unknown,28
63672497,2025-01-07 12:42:00,2025-01-07 15:05:00,DOT,Traffic Signal Condition,Pedestrian Signal,Brooklyn,11236.0,Closed,Unknown,0
63672498,2025-01-06 14:35:57,2025-01-07 11:35:00,DOT,Street Condition,Pothole,Brooklyn,11209.0,Closed,Unknown,0
63672499,2025-01-06 14:34:38,2025-01-07 10:40:00,DOT,Street Condition,Pothole,Brooklyn,11214.0,Closed,Unknown,0
63672500,2025-01-06 14:16:34,2025-01-07 10:35:00,DOT,Street Condition,Pothole,Brooklyn,11239.0,Closed,Unknown,0
63672501,2025-01-04 07:08:11,2025-01-06 08:34:00,DOT,Street Condition,Pothole,Bronx,10462.0,Closed,Unknown,2
63672502,2025-01-06 22:16:05,2025-01-07 18:55:00,DOT,Street Condition,Pothole,Queens,11416.0,Closed,Unknown,0
63672503,2025-01-07 20:12:00,2025-01-07 20:12:00,DOT,Traffic Signal Condition,Controller,Brooklyn,11249.0,Closed,Unknown,0
63672506,2025-01-07 11:32:00,2025-01-07 13:20:00,DOT,Traffic Signal Condition,Controller,Brooklyn,11210.0,Closed,Unknown,0
63672508,2025-01-07 19:07:00,2025-01-08 05:20:00,DOT,Traffic Signal Condition,Veh Signal Lamp,Queens,11106.0,Closed,Unknown,0
63672509,2025-01-07 08:01:00,2025-01-07 13:20:00,DOT,Traffic Signal Condition,Veh Signal Lamp,Brooklyn,11230.0,Closed,Unknown,0
63672520,2025-01-06 22:31:05,2025-01-07 21:10:00,DOT,Street Condition,Pothole,Brooklyn,11223.0,Closed,Unknown,0
63672521,2025-01-06 13:57:18,2025-01-07 09:38:00,DOT,Street Condition,Pothole,Brooklyn,11223.0,Closed,Unknown,0
63672522,2025-01-07 15:36:41,2025-01-08 12:15:00,DOT,Street Condition,Pothole,Manhattan,10011.0,Closed,Unknown,0
63672523,2025-01-07 15:39:00,2025-01-10 11:43:00,DOT,Street Light Condition,Street Light Out,Queens,11385.0,Closed,Unknown,2
63672524,2025-01-07 22:08:00,2025-01-14 14:20:00,DOT,Street Light Condition,Street Light Out,Brooklyn,11239.0,Closed,Unknown,6
63672525,2025-01-07 15:33:27,2025-01-08 01:40:00,DOT,Street Condition,Pothole,Manhattan,10009.0,Closed,Unknown,0
63672526,2025-01-07 22:20:01,2025-01-07 22:20:01,DOT,Street Condition,Pothole,Brooklyn,11230.0,Closed,Unknown,0
63672534,2025-01-06 14:18:44,2025-01-07 12:45:00,DOT,Street Condition,Pothole,Brooklyn,11236.0,Closed,Unknown,0
63672535,2025-01-06 14:11:19,2025-01-07 09:20:00,DOT,Street Condition,Pothole,Brooklyn,11239.0,Closed,Unknown,0
63672536,2025-01-07 12:55:05,2025-01-07 12:55:05,DOT,Street Condition,Pothole,Bronx,10455.0,Closed,Unknown,0
63672537,2025-01-06 07:00:00,2025-01-07 10:15:00,DOT,Street Condition,Pothole,Staten Island,10308.0,Closed,Unknown,1
63672538,2025-01-06 22:13:51,2025-01-07 16:15:00,DOT,Street Condition,Pothole,Queens,11378.0,Closed,Unknown,0
63672554,2025-01-07 20:42:00,2025-01-14 10:52:00,DOT,Street Light Condition,Street Light Out,Brooklyn,11237.0,Closed,Unknown,6
63672555,2025-01-07 18:25:00,2025-01-09 02:45:00,DOT,Street Light Condition,Street Light Out,Manhattan,10023.0,Closed,Unknown,1
63672565,2025-01-07 09:49:00,2025-01-08 02:20:00,DOT,Street Light Condition,Street Light Out,Manhattan,10027.0,Closed,Unknown,0
63672571,2025-01-07 10:53:23,2025-01-07 15:42:39,DOT,Street Condition,Defective Hardware,Brooklyn,11219.0,Closed,Online,0
63672682,2025-01-07 15:45:00,2025-01-11 05:30:00,DOT,Traffic Signal Condition,Veh Signal Visor,Bronx,10466.0,Closed,Unknown,3
63672683,2025-01-06 14:39:55,2025-01-07 12:40:00,DOT,Street Condition,Pothole,Brooklyn,11209.0,Closed,Unknown,0
63672684,2025-01-06 14:37:26,2025-01-07 12:55:00,DOT,Street Condition,Pothole,Brooklyn,11209.0,Closed,Unknown,0
63672685,2025-01-06 13:58:08,2025-01-07 10:04:00,DOT,Street Condition,Pothole,Brooklyn,11226.0,Closed,Unknown,0
63672686,2025-01-06 22:16:55,2025-01-07 20:45:00,DOT,Street Condition,Pothole,Queens,11416.0,Closed,Unknown,0
63672687,2025-01-05 07:06:38,2025-01-06 08:48:00,DOT,Street Condition,Pothole,Queens,11417.0,Closed,Unknown,1
63672688,2025-01-07 11:36:00,2025-01-17 09:06:00,DOT,Street Light Condition,Street Light Out,Brooklyn,11234.0,Closed,Unknown,9
63672689,2025-01-07 13:58:00,2025-01-09 12:30:00,DOT,Traffic Signal Condition,Bike Signal,Queens,11379.0,Closed,Unknown,1
63672702,2025-01-07 16:27:00,2025-01-08 02:00:00,DOT,Traffic Signal Condition,LED Lense,Manhattan,10032.0,Closed,Unknown,0
63672784,2025-01-07 10:04:00,2025-01-09 03:25:00,DOT,Traffic Signal Condition,LED Lense,Brooklyn,11236.0,Closed,Unknown,1
63673362,2025-01-07 14:25:58,2025-01-10 12:19:46,DOT,Bus Stop Shelter Complaint,Dirty/Graffiti,Brooklyn,11218.0,Closed,Online,2
63673464,2025-01-07 09:30:36,2025-01-17 08:55:40,DOT,Curb Condition,Broken Curb,Brooklyn,11204.0,Closed,Online,9
63673486,2025-01-07 12:45:47,2025-01-14 16:48:01,DOT,Curb Condition,Broken Curb,Manhattan,10003.0,Closed,Online,7
63673489,2025-01-07 18:40:46,2025-02-28 16:53:36,DOT,Curb Condition,Curb Defect-Metal Protruding,Queens,11377.0,Closed,Phone,51
63673612,2025-01-07 18:06:53,2025-01-16 10:39:54,DOT,Sidewalk Condition,Broken Sidewalk,Queens,11385.0,Closed,Phone,8
63673613,2025-01-07 11:03:30,2025-01-08 12:26:47,DOT,Sidewalk Condition,Sidewalk Violation,Brooklyn,11225.0,Closed,Phone,1
63673614,2025-01-07 21:02:23,2025-01-08 06:20:12,DOT,Street Sign - Damaged,Other/Unknown,Brooklyn,11205.0,Closed,Online,0
63673697,2025-01-07 14:14:56,2025-01-08 14:32:58,DOT,Sidewalk Condition,Blocked - Construction,Bronx,10467.0,Closed,Online,1
63673698,2025-01-07 12:55:45,2025-01-14 16:33:19,DOT,Sidewalk Condition,Broken Sidewalk,Bronx,10465.0,Closed,Online,7
63673699,2025-01-07 15:27:46,2025-01-08 13:24:29,DOT,Sidewalk Condition,Sidewalk Violation,Queens,11105.0,Closed,Phone,0
63673700,2025-01-07 13:41:39,2025-01-14 16:39:20,DOT,Sidewalk Condition,Sidewalk Violation,Bronx,10458.0,Closed,Phone,7
63673704,2025-01-07 16:42:04,2025-01-13 16:35:44,DOT,Sidewalk Condition,Broken Sidewalk,Brooklyn,11201.0,Closed,Mobile,5
63673705,2025-01-07 16:27:54,2025-01-08 13:29:31,DOT,Sidewalk Condition,Sidewalk Violation,Queens,11412.0,Closed,Phone,0
63673706,2025-01-07 09:01:16,2025-01-10 07:11:16,DOT,Street Sign - Dangling,St Name - Over Intersection,Manhattan,10028.0,Closed,Phone,2
63673735,2025-01-07 15:49:24,2025-01-15 09:54:12,DOT,Street Condition,Crash Cushion Defect,Queens,11101.0,Closed,Online,7
63673783,2025-01-07 21:00:27,2025-01-08 15:15:47,DOT,Street Sign - Missing,Yield,Queens,11691.0,Closed,Mobile,0
63673925,2025-01-07 11:34:42,2025-01-14 17:12:07,DOT,Sidewalk Condition,Broken Sidewalk,Queens,11102.0,Closed,Mobile,7
63673926,2025-01-07 10:26:06,2025-01-14 15:49:42,DOT,Sidewalk Condition,Broken Sidewalk,Queens,11354.0,Closed,Online,7
63673927,2025-01-07 11:47:58,2025-01-08 13:08:22,DOT,Sidewalk Condition,Sidewalk Violation,Queens,11432.0,Closed,Phone,1
63673928,2025-01-07 16:15:03,2025-01-08 11:41:17,DOT,Street Condition,Failed Street Repair,Manhattan,10022.0,Closed,Online,0
63673929,2025-01-07 11:07:16,2025-07-09 11:09:39,DOT,Street Sign - Damaged,"No Parking, Standing, Stopping",Queens,11360.0,Closed,Mobile,183
63673930,2025-01-07 18:40:07,2025-01-08 17:54:40,DOT,Street Sign - Damaged,Other/Unknown,Bronx,10460.0,Closed,Mobile,0
63673990,2025-01-07 20:23:56,2025-01-07 22:30:36,DOT,Street Condition,Plate Condition - Noisy,Brooklyn,11201.0,Closed,Phone,0
63673999,2025-01-07 15:22:17,2025-01-07 17:29:32,DOT,Street Sign - Damaged,"No Parking, Standing, Stopping",Brooklyn,11222.0,Closed,Mobile,0
63674087,2025-01-07 09:01:00,2025-01-09 07:15:00,DOT,Street Light Condition,Street Light Out,Manhattan,10023.0,Closed,Unknown,1
63674104,2025-01-07 17:33:00,2025-01-07 19:25:00,DOT,Traffic Signal Condition,Veh Signal Lamp,Queens,11369.0,Closed,Unknown,0
63674105,2025-01-07 13:38:00,2025-01-07 16:00:00,DOT,Traffic Signal Condition,Controller,Queens,11377.0,Closed,Unknown,0
63674159,2025-01-07 17:48:00,2025-01-17 11:35:00,DOT,Street Light Condition,Street Light Out,Staten Island,10301.0,Closed,Unknown,9
63674190,2025-01-07 22:57:00,2025-01-10 08:15:00,DOT,Traffic Signal Condition,Controller,Brooklyn,11221.0,Closed,Unknown,2
63674198,2025-01-07 12:24:00,2025-04-16 10:11:00,DOT,Street Light Condition,New Con Ed Service Request,Queens,11367.0,Closed,Unknown,98
63674200,2025-01-07 16:07:00,2025-01-11 09:20:00,DOT,Traffic Signal Condition,Veh Signal Lamp,Bronx,10454.0,Closed,Unknown,3
63674205,2025-01-07 12:12:52,2025-01-08 10:38:00,DOT,Street Condition,Pothole,Bronx,10466.0,Closed,Unknown,0
63674206,2025-01-07 12:45:44,2025-01-08 01:15:00,DOT,Street Condition,Pothole,Staten Island,10314.0,Closed,Unknown,0
63674209,2025-01-07 11:30:00,2025-01-07 13:15:00,DOT,Traffic Signal Condition,APS,Brooklyn,11230.0,Closed,Unknown,0
63674210,2025-01-07 11:46:25,2025-02-05 13:17:03,DOT,Bike Rack,Abandoned Bike,Manhattan,10036.0,Closed,Online,29
63674216,2025-01-07 15:32:31,2025-01-08 09:30:00,DOT,Street Condition,Pothole,Manhattan,10026.0,Closed,Unknown,0
63674217,2025-01-07 16:03:53,2025-01-08 08:45:00,DOT,Street Condition,Pothole,Queens,11372.0,Closed,Unknown,0
63674218,2025-01-07 11:46:00,2025-01-07 13:35:00,DOT,Traffic Signal Condition,Time Switch,Brooklyn,11203.0,Closed,Unknown,0
63674222,2025-01-07 16:34:00,2025-01-07 17:20:00,DOT,Traffic Signal Condition,Controller,Staten Island,10312.0,Closed,Unknown,0
63674223,2025-01-07 13:39:00,2025-01-07 15:30:00,DOT,Traffic Signal Condition,Controller,Queens,11385.0,Closed,Unknown,0
63674224,2025-01-07 09:57:00,2025-01-07 11:30:00,DOT,Traffic Signal Condition,Controller,Queens,11361.0,Closed,Unknown,0
63674229,2025-01-07 18:04:00,2025-01-07 18:40:00,DOT,Traffic Signal Condition,Controller,Queens,11415.0,Closed,Unknown,0
63674238,2025-01-07 17:57:23,2025-01-07 21:45:00,DOT,Street Condition,Pothole,Staten Island,10306.0,Closed,Unknown,0
63674239,2025-01-07 14:53:15,2025-01-07 23:00:00,DOT,Street Condition,Pothole,Staten Island,10307.0,Closed,Unknown,0
63674240,2025-01-07 10:06:14,2025-01-07 22:00:00,DOT,Street Condition,Pothole,Staten Island,10309.0,Closed,Unknown,0
63674265,2025-01-07 07:37:00,2025-01-07 08:15:00,DOT,Traffic Signal Condition,Controller,Manhattan,10011.0,Closed,Unknown,0
63674266,2025-01-07 15:03:00,2025-01-07 17:20:00,DOT,Traffic Signal Condition,Controller,Bronx,10475.0,Closed,Unknown,0
63674268,2025-01-07 10:50:00,2025-01-10 11:42:00,DOT,Street Light Condition,Street Light Dayburning,Queens,11421.0,Closed,Unknown,3
63674281,2025-01-07 14:54:00,2025-01-14 10:33:00,DOT,Street Light Condition,Street Light Dayburning,Brooklyn,11208.0,Closed,Unknown,6
63674288,2025-01-07 15:37:00,2025-01-07 18:25:00,DOT,Traffic Signal Condition,Controller,Brooklyn,11233.0,Closed,Unknown,0
63674309,2025-01-07 19:20:00,2025-01-07 20:20:00,DOT,Traffic Signal Condition,Controller,Manhattan,10016.0,Closed,Unknown,0
63674310,2025-01-07 23:23:00,2025-01-08 00:30:00,DOT,Traffic Signal Condition,Controller,Queens,11354.0,Closed,Unknown,0
63674357,2025-01-07 09:25:39,2025-01-15 13:43:34,DOT,Outdoor Dining,Sidewalk Zone Blocked,Manhattan,10003.0,Closed,Online,8
63674368,2025-01-07 19:57:46,2025-01-08 10:24:00,DOT,Street Condition,Pothole,Staten Island,10314.0,Closed,Unknown,0
63674385,2025-01-07 19:48:00,2025-01-07 19:50:00,DOT,Traffic Signal Condition,Controller,Brooklyn,11205.0,Closed,Unknown,0
63674388,2025-01-07 17:32:00,2025-01-07 17:35:00,DOT,Traffic Signal Condition,Veh Sgnl Mult Lamps,Bronx,10461.0,Closed,Unknown,0
63674389,2025-01-07 17:04:00,2025-01-07 18:55:00,DOT,Traffic Signal Condition,Controller,Bronx,10458.0,Closed,Unknown,0
63674400,2025-01-07 15:34:14,2025-01-07 21:52:00,DOT,Street Condition,Pothole,Manhattan,10025.0,Closed,Unknown,0
63674401,2025-01-07 09:20:52,2025-01-07 22:25:00,DOT,Street Condition,Pothole,Manhattan,10024.0,Closed,Unknown,0
63674402,2025-01-06 14:17:46,2025-01-07 12:10:00,DOT,Street Condition,Pothole,Brooklyn,11239.0,Closed,Unknown,0
63674403,2025-01-06 07:00:00,2025-01-07 12:45:00,DOT,Street Condition,Pothole,Staten Island,10314.0,Closed,Unknown,1
63674404,2025-01-07 11:05:00,2025-01-07 11:05:00,DOT,Street Condition,Pothole,Staten Island,10314.0,Closed,Unknown,0
63674405,2025-01-06 14:39:06,2025-01-07 12:55:00,DOT,Street Condition,Pothole,Queens,11420.0,Closed,Unknown,0
63674407,2025-01-06 14:38:49,2025-01-07 13:15:00,DOT,Street Condition,Pothole,Brooklyn,11209.0,Closed,Unknown,0
63674408,2025-01-06 14:35:25,2025-01-07 10:06:00,DOT,Street Condition,Pothole,Brooklyn,11215.0,Closed,Unknown,0
63674413,2025-01-04 13:55:10,2025-01-07 09:35:00,DOT,Street Condition,Pothole,Queens,11364.0,Closed,Unknown,2
63674414,2025-01-07 19:43:37,2025-01-07 23:20:00,DOT,Street Condition,Pothole,Manhattan,10001.0,Closed,Unknown,0
63674416,2025-01-07 12:05:00,2025-01-07 13:01:00,DOT,Street Light Condition,Street Light Out,Queens,11355.0,Closed,Unknown,0
63674418,2025-01-07 22:26:00,2025-01-07 23:20:00,DOT,Traffic Signal Condition,Controller,Brooklyn,11222.0,Closed,Unknown,0
63674420,2025-01-07 14:10:00,2025-01-17 11:40:00,DOT,Street Light Condition,Street Light Out,Staten Island,10314.0,Closed,Unknown,9
63674442,2025-01-07 21:04:00,2025-01-08 12:50:00,DOT,Traffic Signal Condition,Veh Sgnl Mult Lamps,Brooklyn,11235.0,Closed,Unknown,0
63674443,2025-01-07 16:57:00,2025-01-07 18:20:00,DOT,Traffic Signal Condition,Veh Signal Lamp,Bronx,10461.0,Closed,Unknown,0
63674466,2025-01-07 15:02:00,2025-01-14 10:35:00,DOT,Street Light Condition,Street Light Dayburning,Brooklyn,11208.0,Closed,Unknown,6
63674470,2025-01-07 16:45:00,2025-01-08 02:05:00,DOT,Traffic Signal Condition,Vehicle Signal,Queens,11355.0,Closed,Unknown,0
63674471,2025-01-07 18:10:46,2025-01-07 18:10:46,DOT,Street Condition,Pothole,Bronx,10466.0,Closed,Unknown,0
63674472,2025-01-04 15:47:05,2025-01-07 09:30:00,DOT,Street Condition,Pothole,Queens,11354.0,Closed,Unknown,2
63674499,2025-01-07 17:02:00,2025-01-17 10:58:00,DOT,Street Light Condition,Street Light Out,Staten Island,10308.0,Closed,Unknown,9
63674507,2025-01-07 10:52:00,2025-01-07 19:56:00,DOT,Street Light Condition,Street Light Out,Queens,11423.0,Closed,Unknown,0
63674508,2025-01-07 17:29:00,2025-01-16 09:15:00,DOT,Traffic Signal Condition,Pedestrian Signal,Bronx,10472.0,Closed,Unknown,8
63674549,2025-01-07 18:28:00,2025-01-08 08:00:00,DOT,Street Light Condition,Street Light Out,Manhattan,10000.0,Closed,Unknown,0
63674592,2025-01-06 22:29:38,2025-01-07 18:55:00,DOT,Street Condition,Pothole,Brooklyn,11214.0,Closed,Unknown,0
63674593,2025-01-06 14:36:39,2025-01-07 10:15:00,DOT,Street Condition,Pothole,Brooklyn,11211.0,Closed,Unknown,0
63674594,2025-01-06 14:19:43,2025-01-07 13:00:00,DOT,Street Condition,Pothole,Brooklyn,11236.0,Closed,Unknown,0
63674595,2025-01-06 14:16:43,2025-01-07 11:30:00,DOT,Street Condition,Pothole,Brooklyn,11239.0,Closed,Unknown,0
63674596,2025-01-06 14:15:23,2025-01-07 11:05:00,DOT,Street Condition,Pothole,Brooklyn,11207.0,Closed,Unknown,0
63674597,2025-01-07 15:34:32,2025-01-07 21:40:00,DOT,Street Condition,Pothole,Manhattan,10025.0,Closed,Unknown,0
63674598,2025-01-07 16:35:00,2025-01-08 20:35:00,DOT,Traffic Signal Condition,LED Lense,Bronx,10456.0,Closed,Unknown,1
63674656,2025-01-07 18:10:00,2025-01-08 16:55:00,DOT,Traffic Signal Condition,LED Lense,Queens,11412.0,Closed,Unknown,0
63674742,2025-01-07 13:50:00,2025-01-09 02:05:00,DOT,Traffic Signal Condition,LED Lense,Brooklyn,11208.0,Closed,Unknown,1
63675282,2025-01-07 20:53:00,2025-01-07 21:00:00,DOT,Street Light Condition,Fixture/Luminaire Hanging,Bronx,10462.0,Closed,Unknown,0
63675284,2025-01-07 11:54:48,2025-05-15 15:44:35,DOT,Street Sign - Damaged,Bus Stop,Brooklyn,11216.0,Closed,Mobile,128
63675294,2025-01-07 16:02:15,2025-01-13 09:53:59,DOT,Street Condition,Crash Cushion Defect,Queens,11101.0,Closed,Online,5
63675308,2025-01-07 10:20:25,2025-03-05 08:52:08,DOT,Broken Parking Meter,Out of Order,Manhattan,10025.0,Closed,Phone,56
63675329,2025-01-07 16:33:32,2025-08-18 07:48:22,DOT,Curb Condition,Defacement,Brooklyn,11224.0,Closed,Phone,222
63675499,2025-01-07 14:18:04,2025-01-08 16:51:03,DOT,Street Condition,Cave-in,Queens,11101.0,Closed,Online,1
63675500,2025-01-07 10:43:04,2025-01-21 15:35:28,DOT,Street Condition,Line/Marking - After Repaving,Staten Island,10305.0,Closed,Phone,14
63675501,2025-01-07 07:57:20,2025-01-08 09:29:04,DOT,Street Condition,"Rough, Pitted or Cracked Roads",Queens,11411.0,Closed,Phone,1
63675502,2025-01-07 11:21:28,2025-12-29 14:21:57,DOT,Street Sign - Damaged,"No Parking, Standing, Stopping",Queens,11419.0,Closed,Online,356
63675560,2025-01-07 11:49:47,2025-01-15 13:58:21,DOT,Sidewalk Condition,Sidewalk Violation,Queens,11385.0,Closed,Phone,8
63675561,2025-01-07 15:08:37,2025-01-08 15:41:40,DOT,Street Condition,Failed Street Repair,Queens,11358.0,Closed,Online,1
63675589,2025-01-07 15:33:10,2025-05-07 13:39:25,DOT,Street Sign - Missing,Stop,Brooklyn,11201.0,Closed,Mobile,119
63675590,2025-01-07 12:09:11,2025-01-10 12:19:02,DOT,Bus Stop Shelter Complaint,Dirty/Graffiti,Manhattan,10017.0,Closed,Online,3
63675591,2025-01-07 07:30:13,2025-01-22 08:02:49,DOT,Curb Condition,Broken Curb,Staten Island,10308.0,Closed,Online,15
63675592,2025-01-07 19:42:22,2025-04-07 10:54:04,DOT,Curb Condition,Defacement,Queens,11373.0,Closed,Online,89
63675608,2025-01-07 22:10:00,2025-01-08 02:30:00,DOT,Traffic Signal Condition,Underground,Manhattan,10033.0,Closed,Unknown,0
63675736,2025-01-07 14:27:02,2025-01-08 15:05:06,DOT,Sidewalk Condition,Blocked - Construction,Brooklyn,11217.0,Closed,Phone,1
63675737,2025-01-07 15:27:08,2025-01-17 11:56:05,DOT,Sidewalk Condition,Broken Sidewalk,Brooklyn,11229.0,Closed,Online,9
63675738,2025-01-07 14:33:40,2025-01-15 06:14:49,DOT,Sidewalk Condition,Metal Protruding - Sign Stump,Brooklyn,11207.0,Closed,Phone,7
63675739,2025-01-07 11:30:29,2025-01-10 07:10:54,DOT,Street Sign - Damaged,Other/Unknown,Manhattan,10028.0,Closed,Mobile,2
63675783,2025-01-07 19:45:56,2025-01-08 07:42:54,DOT,Broken Parking Meter,Timer Defect - Fast/Fail,Brooklyn,11201.0,Closed,Phone,0
63675790,2025-01-07 14:14:26,2025-01-16 08:14:06,DOT,Curb Condition,Broken Curb,Brooklyn,11231.0,Closed,Online,8
63675891,2025-01-07 12:36:11,2025-01-08 13:11:57,DOT,Sidewalk Condition,Sidewalk Violation,Queens,11433.0,Closed,Online,1
63675892,2025-01-07 14:34:00,2025-01-08 12:34:43,DOT,Sidewalk Condition,Sidewalk Violation,Brooklyn,11233.0,Closed,Online,0
63675893,2025-01-07 14:29:32,2025-01-08 13:23:18,DOT,Sidewalk Condition,Sidewalk Violation,Queens,11104.0,Closed,Phone,0
63675894,2025-01-07 10:46:22,2025-01-08 09:55:44,DOT,Street Condition,Cave-in,Bronx,10462.0,Closed,Online,0
63675895,2025-01-07 21:25:38,2025-01-29 13:41:00,DOT,Street Condition,Defective Hardware,Manhattan,10011.0,Closed,Online,21
63675901,2025-01-07 09:03:49,2025-01-21 07:52:29,DOT,Street Sign - Damaged,Other/Unknown,Bronx,10474.0,Closed,Mobile,13
63675902,2025-01-07 12:03:43,2025-01-10 16:41:01,DOT,Street Sign - Dangling,Speed Limit,Manhattan,10006.0,Closed,Online,3
63675903,2025-01-07 12:04:39,2025-01-10 12:58:44,DOT,Street Sign - Dangling,St Name - Attached to Pole,Manhattan,10075.0,Closed,Phone,3
63676016,2025-01-07 14:58:49,2025-01-13 09:45:24,DOT,Outdoor Dining,Sidewalk Zone Blocked,Brooklyn,11222.0,Closed,Online,5
63676019,2025-01-07 09:22:00,2025-03-29 09:30:00,DOT,Traffic Signal Condition,Controller,Bronx,10468.0,Closed,Unknown,81
63676020,2025-01-07 08:15:47,2025-01-07 09:37:50,DOT,Street Sign - Missing,Stop,Brooklyn,11214.0,Closed,Mobile,0
63676021,2025-01-07 19:52:00,2025-01-07 22:20:00,DOT,Traffic Signal Condition,Ped Multiple Lamps,Queens,11368.0,Closed,Unknown,0
63676022,2025-01-07 15:43:00,2025-01-07 20:40:00,DOT,Traffic Signal Condition,Pedestrian Signal,Queens,11427.0,Closed,Unknown,0
63676042,2025-01-07 18:20:00,2025-01-08 07:00:00,DOT,Street Light Condition,Street Light Lamp Dim,Manhattan,10019.0,Closed,Unknown,0
63676071,2025-01-07 16:37:00,2025-01-08 13:01:00,DOT,Street Light Condition,Street Light Out,Queens,11357.0,Closed,Unknown,0
63676072,2025-01-07 22:37:00,2025-01-15 13:46:00,DOT,Street Light Condition,Street Light Out,Brooklyn,11214.0,Closed,Unknown,7
63676073,2025-01-07 23:34:00,2025-01-09 11:07:00,DOT,Street Light Condition,Street Light Out,Queens,11428.0,Closed,Unknown,1
63676102,2025-01-07 14:51:00,2025-04-16 09:10:00,DOT,Street Light Condition,Street Light Out,Bronx,10456.0,Closed,Unknown,98
63676135,2025-01-07 19:16:00,2025-01-07 19:45:00,DOT,Traffic Signal Condition,Veh Signal Lamp,Staten Island,10308.0,Closed,Unknown,0
63676136,2025-01-07 18:50:00,2025-01-07 20:20:00,DOT,Traffic Signal Condition,Controller,Brooklyn,11233.0,Closed,Unknown,0
63676139,2025-01-07 11:14:00,2025-01-14 14:10:00,DOT,Street Light Condition,Street Light Lamp Dim,Brooklyn,11213.0,Closed,Unknown,7
63676147,2025-01-07 15:32:12,2025-01-08 09:55:00,DOT,Street Condition,Pothole,Manhattan,10026.0,Closed,Unknown,0
63676148,2025-01-07 08:47:18,2025-01-08 09:45:00,DOT,Street Condition,Pothole,Queens,11421.0,Closed,Unknown,1
63676150,2025-01-07 22:42:57,2025-01-08 09:40:00,DOT,Street Condition,Pothole,Manhattan,10128.0,Closed,Unknown,0
63676153,2025-01-07 10:53:53,2025-01-08 11:15:00,DOT,Street Condition,Pothole,Brooklyn,11209.0,Closed,Unknown,1
63676154,2025-01-07 21:28:16,2025-01-09 17:00:00,DOT,Street Condition,Pothole,Bronx,10451.0,Closed,Unknown,1
63676155,2025-01-07 14:17:00,2025-01-07 15:15:00,DOT,Traffic Signal Condition,Time Switch,Bronx,10461.0,Closed,Unknown,0
63676160,2025-01-07 12:55:00,2025-01-17 11:39:00,DOT,Street Light Condition,Street Light Out,Staten Island,10301.0,Closed,Unknown,9
63676161,2025-01-07 22:42:00,2025-01-17 11:24:00,DOT,Street Light Condition,Street Light Out,Brooklyn,11223.0,Closed,Unknown,9
63676162,2025-01-07 15:37:00,2025-08-07 18:25:00,DOT,Street Light Condition,Lamppost Knocked Down,Brooklyn,11219.0,Closed,Unknown,212
63676163,2025-01-07 19:37:00,2025-01-08 04:30:00,DOT,Traffic Signal Condition,Base Door,Queens,11385.0,Closed,Unknown,0
63676167,2025-01-07 09:34:00,2025-01-07 10:40:00,DOT,Traffic Signal Condition,Controller,Brooklyn,11205.0,Closed,Unknown,0
63676168,2025-01-07 14:41:00,2025-01-07 16:35:00,DOT,Traffic Signal Condition,Controller,Brooklyn,11207.0,Closed,Unknown,0
63676169,2025-01-07 16:35:00,2025-01-07 17:10:00,DOT,Traffic Signal Condition,Controller,Staten Island,10312.0,Closed,Unknown,0
63676170,2025-01-07 08:35:00,2025-01-07 10:00:00,DOT,Traffic Signal Condition,Controller,Queens,11370.0,Closed,Unknown,0
63676173,2025-01-07 15:47:00,2025-01-07 17:00:00,DOT,Traffic Signal Condition,Controller,Manhattan,10001.0,Closed,Unknown,0
63676175,2025-01-07 08:22:36,2025-01-08 12:30:00,DOT,Street Condition,Pothole,Manhattan,10012.0,Closed,Unknown,1
63676176,2025-01-07 20:07:16,2025-01-08 08:45:00,DOT,Street Condition,Pothole,Brooklyn,11234.0,Closed,Unknown,0
63676177,2025-01-06 14:35:30,2025-01-08 10:50:00,DOT,Street Condition,Pothole,Brooklyn,11209.0,Closed,Unknown,1
63676178,2025-01-06 13:59:22,2025-01-08 09:05:00,DOT,Street Condition,Pothole,Brooklyn,11203.0,Closed,Unknown,1
63676204,2025-01-07 14:12:00,2025-01-07 16:30:00,DOT,Traffic Signal Condition,Controller,Brooklyn,11234.0,Closed,Unknown,0
63676237,2025-01-07 13:17:54,2025-01-07 14:54:30,DOT,Street Condition,Plate Condition - Shifted,Staten Island,10310.0,Closed,Phone,0
63676249,2025-01-07 14:31:00,2025-01-14 10:30:00,DOT,Street Light Condition,Street Light Dayburning,Brooklyn,11208.0,Closed,Unknown,6
63676255,2025-01-07 11:43:00,2025-01-08 12:15:00,DOT,Traffic Signal Condition,Ped Flasher,Brooklyn,11230.0,Closed,Unknown,1
63676270,2025-01-07 10:31:57,2025-01-09 09:50:00,DOT,Street Condition,Pothole,Brooklyn,11208.0,Closed,Unknown,1
63676314,2025-01-07 07:05:00,2025-01-08 10:40:00,DOT,Traffic Signal Condition,LED Pedestrian Unit,Brooklyn,11224.0,Closed,Unknown,1
63676315,2025-01-07 16:16:00,2025-01-07 19:05:00,DOT,Traffic Signal Condition,Controller,Brooklyn,11224.0,Closed,Unknown,0
63676316,2025-01-07 04:37:00,2025-01-07 05:05:00,DOT,Traffic Signal Condition,Controller,Brooklyn,11205.0,Closed,Unknown,0
63676317,2025-01-07 18:21:00,2025-01-07 19:45:00,DOT,Traffic Signal Condition,Controller,Staten Island,10308.0,Closed,Unknown,0
63676322,2025-01-07 06:25:00,2025-01-07 08:40:00,DOT,Traffic Signal Condition,Controller,Queens,11432.0,Closed,Unknown,0
63676325,2025-01-07 13:02:00,2025-01-07 15:30:00,DOT,Traffic Signal Condition,Pedestrian Signal,Staten Island,10314.0,Closed,Unknown,0
63676330,2025-01-07 21:18:00,2025-01-07 23:25:00,DOT,Traffic Signal Condition,Veh Signal Lamp,Queens,11375.0,Closed,Unknown,0
63676332,2025-01-06 07:00:00,2025-01-07 12:45:00,DOT,Street Condition,Pothole,Staten Island,10305.0,Closed,Unknown,1
63676333,2025-01-06 22:17:33,2025-01-07 21:45:00,DOT,Street Condition,Pothole,Queens,11416.0,Closed,Unknown,0
63676334,2025-01-06 22:14:55,2025-01-07 17:00:00,DOT,Street Condition,Pothole,Queens,11378.0,Closed,Unknown,0
63676335,2025-01-06 14:36:16,2025-01-07 12:50:00,DOT,Street Condition,Pothole,Queens,11356.0,Closed,Unknown,0
63676343,2025-01-06 14:08:04,2025-01-07 08:46:00,DOT,Street Condition,Pothole,Brooklyn,11207.0,Closed,Unknown,0
63676344,2025-01-06 13:51:16,2025-01-07 13:10:00,DOT,Street Condition,Pothole,Brooklyn,11207.0,Closed,Unknown,0
63676345,2025-01-05 07:08:12,2025-01-06 12:59:00,DOT,Street Condition,Pothole,Queens,11102.0,Closed,Unknown,1
63676361,2025-01-04 16:24:51,2025-01-07 13:00:00,DOT,Street Condition,Pothole,Queens,11362.0,Closed,Unknown,2
63676362,2025-01-07 18:26:00,2025-01-07 22:12:00,DOT,Street Condition,Pothole,Manhattan,10025.0,Closed,Unknown,0
63676363,2025-01-07 15:35:41,2025-01-07 21:45:00,DOT,Street Condition,Pothole,Manhattan,10019.0,Closed,Unknown,0
63676375,2025-01-07 16:50:00,2025-01-13 10:55:00,DOT,Traffic Signal Condition,Pedestrian Signal,Brooklyn,11201.0,Closed,Unknown,5
63676392,2025-01-07 19:08:00,2025-01-09 00:25:00,DOT,Street Light Condition,Street Light Out,Manhattan,10034.0,Closed,Unknown,1
63676402,2025-01-07 19:44:00,2025-01-07 20:20:00,DOT,Traffic Signal Condition,Veh Signal Lamp,Manhattan,10016.0,Closed,Unknown,0
63676413,2025-01-07 08:48:00,2025-01-07 20:15:00,DOT,Traffic Signal Condition,Vehicle Signal,Manhattan,10029.0,Closed,Unknown,0
63676423,2025-01-07 11:59:00,2025-01-07 12:22:00,DOT,Street Light Condition,Lamppost Leaning,Queens,11355.0,Closed,Unknown,0
63676424,2025-01-07 15:06:35,2025-01-07 23:30:00,DOT,Street Condition,Pothole,Manhattan,10023.0,Closed,Unknown,0
63676532,2025-01-07 15:46:00,2025-01-07 19:20:00,DOT,Street Light Condition,Fixture/Luminaire Out Of Position,Queens,11422.0,Closed,Unknown,0
63676535,2025-01-07 11:38:17,2025-01-07 21:18:00,DOT,Street Condition,Pothole,Manhattan,10031.0,Closed,Unknown,0
63676536,2025-01-06 14:33:18,2025-01-07 09:40:00,DOT,Street Condition,Pothole,Brooklyn,11228.0,Closed,Unknown,0
63676537,2025-01-06 14:00:07,2025-01-07 11:33:00,DOT,Street Condition,Pothole,Brooklyn,11203.0,Closed,Unknown,0
63676540,2025-01-07 12:58:00,2025-01-14 12:15:00,DOT,Traffic Signal Condition,Veh Signal Head,Staten Island,10314.0,Closed,Unknown,6
63676567,2025-01-07 16:32:00,2025-01-08 21:30:00,DOT,Traffic Signal Condition,LED Lense,Bronx,10452.0,Closed,Unknown,1
63676574,2025-01-07 10:46:00,2025-01-09 09:50:00,DOT,Traffic Signal Condition,Bike Signal,Brooklyn,11204.0,Closed,Unknown,1
63676624,2025-01-07 14:34:00,2025-01-09 01:35:00,DOT,Traffic Signal Condition,LED Lense,Brooklyn,11208.0,Closed,Unknown,1
63677224,2025-01-07 22:10:00,2025-01-08 18:40:00,DOT,Traffic Signal Condition,Underground,Bronx,10458.0,Closed,Unknown,0
63677262,2025-01-07 23:29:43,2025-01-08 03:15:47,DOT,Street Condition,Plate Condition - Noisy,Brooklyn,11218.0,Closed,Online,0
63677454,2025-01-07 16:02:42,2025-01-08 11:05:15,DOT,Street Condition,Plate Condition - Noisy,Queens,11412.0,Closed,Online,0
63677455,2025-01-07 16:17:03,2025-01-16 10:35:48,DOT,Sidewalk Condition,Broken Sidewalk,Queens,11422.0,Closed,Phone,8
63677456,2025-01-07 15:57:29,2025-01-15 16:22:19,DOT,Sidewalk Condition,Pedestrian Ramp Defective,Manhattan,10001.0,Closed,Online,8
63677457,2025-01-07 16:28:01,2025-01-08 11:22:37,DOT,Sidewalk Condition,Sidewalk Collapsed,Manhattan,10128.0,Closed,Online,0
63677458,2025-01-07 12:47:34,2025-01-16 10:15:05,DOT,Sidewalk Condition,Sidewalk Violation,Queens,11433.0,Closed,Phone,8
63677459,2025-01-07 09:10:48,2025-01-08 09:24:08,DOT,Street Condition,Blocked - Construction,Bronx,10469.0,Closed,Phone,1
63677460,2025-01-07 16:58:43,2025-01-11 12:16:37,DOT,Street Sign - Dangling,Other/Unknown,Manhattan,10011.0,Closed,Online,3
63677461,2025-01-07 09:38:29,2025-01-15 14:03:05,DOT,Street Sign - Dangling,St Name - Attached to Pole,Queens,11357.0,Closed,Mobile,8
63677462,2025-01-07 09:24:58,2025-01-15 06:39:17,DOT,Street Sign - Missing,Other/Unknown,Bronx,10457.0,Closed,Online,7
63677504,2025-01-07 23:47:06,2025-01-14 16:43:57,DOT,Sidewalk Condition,Sidewalk Violation,Bronx,10458.0,Closed,Online,6
63677505,2025-01-07 16:44:59,2025-01-14 16:41:20,DOT,Sidewalk Condition,Sidewalk Violation,Bronx,10462.0,Closed,Online,6
63677506,2025-01-07 12:23:16,2025-01-08 11:01:24,DOT,Street Condition,Failed Street Repair,Queens,11373.0,Closed,Online,0
63677513,2025-01-07 21:00:31,2025-01-31 14:06:03,DOT,Bus Stop Shelter Complaint,Lighting,Manhattan,10010.0,Closed,Phone,23
63677514,2025-01-07 10:42:18,2025-01-15 15:49:53,DOT,Curb Condition,Broken Curb,Brooklyn,11216.0,Closed,Online,8
63677625,2025-01-07 16:13:44,2025-01-14 15:31:08,DOT,Sidewalk Condition,Broken Sidewalk,Queens,11416.0,Closed,Mobile,6
63677631,2025-01-07 14:02:45,2025-01-08 17:11:31,DOT,Street Condition,Defective Hardware,Queens,11365.0,Closed,Phone,1
63677632,2025-01-07 16:34:30,2025-01-09 14:20:14,DOT,Street Condition,"Rough, Pitted or Cracked Roads",Brooklyn,11235.0,Closed,Phone,1
63677633,2025-01-07 11:55:13,2025-01-11 12:24:32,DOT,Street Sign - Dangling,Speed Limit,Manhattan,10027.0,Closed,Phone,4
63677634,2025-01-07 18:12:03,2025-01-15 14:04:30,DOT,Street Sign - Missing,"No Parking, Standing, Stopping",Queens,11355.0,Closed,Mobile,7
63677650,2025-01-07 11:46:33,2025-01-08 11:41:50,DOT,Street Condition,Plate Condition - Noisy,Manhattan,10128.0,Closed,Online,0
63677669,2025-01-07 08:19:13,2025-01-07 14:00:37,DOT,Street Condition,Cave-in,Staten Island,10308.0,Closed,Phone,0
63677685,2025-01-07 06:15:04,2025-01-08 07:39:00,DOT,Street Condition,Dumpster - Construction Waste,Brooklyn,11211.0,Closed,Online,1
63677686,2025-01-07 11:13:18,2025-01-14 10:59:56,DOT,Curb Condition,Broken Curb,Queens,11411.0,Closed,Online,6
63677811,2025-01-07 15:58:34,2025-01-09 15:48:58,DOT,Street Condition,Blocked - Construction,Brooklyn,11222.0,Closed,Phone,1
63677814,2025-01-07 13:14:40,2025-01-08 16:43:00,DOT,Street Condition,Cave-in,Queens,11413.0,Closed,Phone,1
63677815,2025-01-07 16:57:00,2025-01-08 10:50:11,DOT,Street Condition,Failed Street Repair,Staten Island,10314.0,Closed,Phone,0
63677816,2025-01-07 15:41:54,2025-01-08 15:12:36,DOT,Street Condition,"Rough, Pitted or Cracked Roads",Brooklyn,11210.0,Closed,Phone,0
63677817,2025-01-07 10:40:04,2025-01-10 13:00:14,DOT,Street Sign - Dangling,"No Parking, Standing, Stopping",Manhattan,10004.0,Closed,Phone,3
63677818,2025-01-07 17:51:44,2025-01-13 12:56:16,DOT,Street Sign - Dangling,Other/Unknown,Manhattan,10033.0,Closed,Online,5
63677819,2025-01-07 15:06:06,2025-06-30 14:51:48,DOT,Street Sign - Missing,Other/Unknown,Queens,11102.0,Closed,Phone,173
63677899,2025-01-07 15:18:00,2025-03-20 12:05:00,DOT,Traffic Signal Condition,Pedestrian Signal,Brooklyn,11219.0,Closed,Unknown,71
63677914,2025-01-07 19:21:00,2025-01-07 20:20:00,DOT,Traffic Signal Condition,Pedestrian Signal,Brooklyn,11204.0,Closed,Unknown,0
63677920,2025-01-07 15:56:00,2025-01-07 17:25:00,DOT,Traffic Signal Condition,Pedestrian Signal,Manhattan,10036.0,Closed,Unknown,0
63677926,2025-01-07 06:58:21,2025-01-07 07:35:27,DOT,Street Sign - Missing,Bus Stop,Queens,11434.0,Closed,Phone,0
63677937,2025-01-07 12:32:28,2025-01-07 14:18:45,DOT,Bus Stop Shelter Placement,New Bus Stop Shelter Placement,Brooklyn,11215.0,Closed,Online,0
63677950,2025-01-07 09:15:00,2025-01-09 04:05:00,DOT,Traffic Signal Condition,Veh Signal Lens,Brooklyn,11235.0,Closed,Unknown,1
63677974,2025-01-07 11:39:00,2025-01-08 13:37:00,DOT,Street Light Condition,Street Light Out,Bronx,10456.0,Closed,Unknown,1
63677975,2025-01-07 09:11:00,2025-01-07 10:10:00,DOT,Street Light Condition,Street Light Out,Bronx,10458.0,Closed,Unknown,0
63678009,2025-01-07 15:16:00,2025-01-07 15:55:00,DOT,Street Light Condition,Street Light Out,Queens,11367.0,Closed,Unknown,0
63678041,2025-01-07 08:46:00,2025-01-11 17:40:00,DOT,Traffic Signal Condition,Pedestrian Signal,Manhattan,10030.0,Closed,Unknown,4
63678051,2025-01-07 15:19:52,2025-01-07 21:25:00,DOT,Street Condition,Pothole,Staten Island,10314.0,Closed,Unknown,0
63678055,2025-01-07 18:06:00,2025-01-17 11:24:00,DOT,Street Light Condition,Street Light Out,Staten Island,10314.0,Closed,Unknown,9
63678056,2025-01-07 23:19:00,2025-01-08 13:15:00,DOT,Street Light Condition,Street Light Out,Queens,11413.0,Closed,Unknown,0
63678061,2025-01-07 12:46:37,2025-01-08 01:40:00,DOT,Street Condition,Pothole,Staten Island,10314.0,Closed,Unknown,0
63678068,2025-01-07 15:33:14,2025-01-08 10:35:00,DOT,Street Condition,Pothole,Manhattan,10029.0,Closed,Unknown,0
63678069,2025-01-07 17:23:43,2025-01-08 08:17:00,DOT,Street Condition,Pothole,Queens,11377.0,Closed,Unknown,0
63679075,2025-01-07 22:50:21,2025-01-08 16:35:00,DOT,Street Condition,Pothole,Queens,11378.0,Closed,Unknown,0
63679076,2025-01-06 14:13:40,2025-01-08 01:10:00,DOT,Street Condition,Pothole,Queens,11358.0,Closed,Unknown,1
63679077,2025-01-06 13:54:34,2025-01-07 23:40:00,DOT,Street Condition,Pothole,Queens,11367.0,Closed,Unknown,1
63679078,2025-01-06 13:43:04,2025-01-07 22:10:00,DOT,Street Condition,Pothole,Queens,11361.0,Closed,Unknown,1
63679079,2025-01-06 07:07:56,2025-01-07 10:55:00,DOT,Street Condition,Pothole,Queens,11368.0,Closed,Unknown,1
63679080,2025-01-06 14:10:28,2025-01-07 21:25:00,DOT,Street Condition,Pothole,Queens,11358.0,Closed,Unknown,1
63679081,2025-01-06 13:51:53,2025-01-07 21:42:00,DOT,Street Condition,Pothole,Queens,11355.0,Closed,Unknown,1
63679082,2025-01-07 01:33:54,2025-01-08 23:50:00,DOT,Street Condition,Pothole,Manhattan,10027.0,Closed,Unknown,1
63679083,2025-01-07 22:59:39,2025-01-08 16:10:00,DOT,Street Condition,Pothole,Brooklyn,11211.0,Closed,Unknown,0
63679084,2025-01-07 14:39:00,2025-01-08 13:10:00,DOT,Street Condition,Pothole,Brooklyn,11231.0,Closed,Unknown,0
63679085,2025-01-07 12:49:59,2025-01-08 09:30:00,DOT,Street Condition,Pothole,Brooklyn,11203.0,Closed,Unknown,0
63679086,2025-01-05 07:10:33,2025-01-06 21:55:00,DOT,Street Condition,Pothole,Brooklyn,11231.0,Closed,Unknown,1
63679091,2025-01-07 13:50:37,2025-01-08 08:48:00,DOT,Street Condition,Pothole,Brooklyn,11235.0,Closed,Unknown,0
63679102,2025-01-07 07:00:00,2025-01-08 12:40:00,DOT,Street Condition,Pothole,Staten Island,10306.0,Closed,Unknown,1
63679103,2025-01-07 07:00:00,2025-01-08 11:38:00,DOT,Street Condition,Pothole,Staten Island,10302.0,Closed,Unknown,1
63679104,2025-01-07 22:52:18,2025-01-08 21:00:00,DOT,Street Condition,Pothole,Queens,11379.0,Closed,Unknown,0
63679106,2025-01-07 14:51:25,2025-01-08 09:10:00,DOT,Street Condition,Pothole,Queens,11355.0,Closed,Unknown,0
63679107,2025-01-06 14:02:18,2025-01-07 21:29:00,DOT,Street Condition,Pothole,Queens,11375.0,Closed,Unknown,1
63679155,2025-01-06 14:05:07,2025-01-08 01:12:00,DOT,Street Condition,Pothole,Queens,11435.0,Closed,Unknown,1
63679156,2025-01-06 13:54:13,2025-01-07 23:20:00,DOT,Street Condition,Pothole,Queens,11367.0,Closed,Unknown,1
63679157,2025-01-06 13:25:55,2025-01-07 22:06:00,DOT,Street Condition,Pothole,Queens,11354.0,Closed,Unknown,1
63679158,2025-01-05 07:03:26,2025-01-06 21:36:00,DOT,Street Condition,Pothole,Queens,11378.0,Closed,Unknown,1
63679159,2025-01-04 22:54:21,2025-01-08 11:30:00,DOT,Street Condition,Pothole,Queens,11434.0,Closed,Unknown,3
63680673,2025-01-07 07:00:00,2025-01-08 11:40:00,DOT,Street Condition,Pothole,Staten Island,10310.0,Closed,Unknown,1
63680674,2025-01-07 07:00:00,2025-01-08 12:55:00,DOT,Street Condition,Pothole,Staten Island,10314.0,Closed,Unknown,1
63680690,2025-01-05 06:43:08,2025-01-07 01:09:00,DOT,Street Condition,Pothole,Queens,11433.0,Closed,Unknown,1
63680710,2025-01-05 07:11:52,2025-01-07 11:22:00,DOT,Street Condition,Pothole,Bronx,10454.0,Closed,Unknown,2
63680711,2025-01-05 07:10:38,2025-01-07 11:04:00,DOT,Street Condition,Pothole,Bronx,10454.0,Closed,Unknown,2
63680717,2025-01-07 07:00:00,2025-01-08 12:42:00,DOT,Street Condition,Pothole,Staten Island,10314.0,Closed,Unknown,1
63680718,2025-01-06 14:12:00,2025-01-07 22:55:00,DOT,Street Condition,Pothole,Queens,11361.0,Closed,Unknown,1
63680719,2025-01-06 14:04:26,2025-01-08 00:21:00,DOT,Street Condition,Pothole,Queens,11435.0,Closed,Unknown,1
63680720,2025-01-06 13:44:12,2025-01-08 01:15:00,DOT,Street Condition,Pothole,Queens,11364.0,Closed,Unknown,1
63680722,2025-01-05 06:30:57,2025-01-06 22:52:00,DOT,Street Condition,Pothole,Queens,11377.0,Closed,Unknown,1
63680723,2025-01-05 06:30:10,2025-01-06 21:26:00,DOT,Street Condition,Pothole,Queens,11377.0,Closed,Unknown,1
63680749,2025-01-06 14:11:37,2025-01-07 22:15:00,DOT,Street Condition,Pothole,Queens,11358.0,Closed,Unknown,1
63680751,2025-01-07 13:00:05,2025-01-08 10:14:00,DOT,Street Condition,Pothole,Brooklyn,11239.0,Closed,Unknown,0
63680778,2025-01-07 14:45:53,2025-01-08 12:50:00,DOT,Street Condition,Pothole,Queens,11385.0,Closed,Unknown,0
63680779,2025-01-07 14:39:15,2025-01-08 12:45:00,DOT,Street Condition,Pothole,Queens,11358.0,Closed,Unknown,0
63680787,2025-01-06 14:13:21,2025-01-08 00:45:00,DOT,Street Condition,Pothole,Queens,11361.0,Closed,Unknown,1
63680788,2025-01-06 13:27:07,2025-01-08 01:00:00,DOT,Street Condition,Pothole,Queens,11355.0,Closed,Unknown,1
63680789,2025-01-05 06:32:02,2025-01-07 00:55:00,DOT,Street Condition,Pothole,Queens,11101.0,Closed,Unknown,1
63680790,2025-01-07 01:31:52,2025-01-08 22:10:00,DOT,Street Condition,Pothole,Manhattan,10027.0,Closed,Unknown,1
63680791,2025-01-07 12:52:28,2025-01-08 09:10:00,DOT,Street Condition,Pothole,Brooklyn,11203.0,Closed,Unknown,0
63681412,2025-01-07 14:31:07,2025-01-09 10:40:00,DOT,Street Condition,Pothole,Brooklyn,11219.0,Closed,Unknown,1
63682324,2025-01-07 07:00:00,2025-01-08 11:23:00,DOT,Street Condition,Pothole,Staten Island,10306.0,Closed,Unknown,1
63682325,2025-01-07 14:53:06,2025-01-08 12:45:00,DOT,Street Condition,Pothole,Queens,11101.0,Closed,Unknown,0
63682326,2025-01-07 14:39:37,2025-01-08 13:00:00,DOT,Street Condition,Pothole,Queens,11358.0,Closed,Unknown,0
63682341,2025-01-06 13:27:24,2025-01-08 01:25:00,DOT,Street Condition,Pothole,Queens,11355.0,Closed,Unknown,1
63682342,2025-01-06 07:09:10,2025-01-07 12:30:00,DOT,Street Condition,Pothole,Queens,11365.0,Closed,Unknown,1
63682343,2025-01-05 06:42:26,2025-01-07 00:40:00,DOT,Street Condition,Pothole,Queens,11433.0,Closed,Unknown,1
63682344,2025-01-05 06:41:14,2025-01-06 22:40:00,DOT,Street Condition,Pothole,Queens,11433.0,Closed,Unknown,1
63682346,2025-01-07 14:34:23,2025-01-08 11:00:00,DOT,Street Condition,Pothole,Brooklyn,11231.0,Closed,Unknown,0
63682347,2025-01-07 14:32:31,2025-01-08 11:35:00,DOT,Street Condition,Pothole,Brooklyn,11209.0,Closed,Unknown,0
63682348,2025-01-07 13:51:22,2025-01-08 10:02:00,DOT,Street Condition,Pothole,Brooklyn,11210.0,Closed,Unknown,0
63682404,2025-01-07 07:00:00,2025-01-08 10:59:00,DOT,Street Condition,Pothole,Staten Island,10314.0,Closed,Unknown,1
63682405,2025-01-07 07:00:00,2025-01-08 12:45:00,DOT,Street Condition,Pothole,Staten Island,10303.0,Closed,Unknown,1
63682406,2025-01-05 06:41:49,2025-01-06 23:01:00,DOT,Street Condition,Pothole,Queens,11433.0,Closed,Unknown,1
63682451,2025-01-05 07:04:34,2025-01-07 10:10:00,DOT,Street Condition,Pothole,Bronx,10457.0,Closed,Unknown,2
63682452,2025-01-06 14:04:08,2025-01-07 23:36:00,DOT,Street Condition,Pothole,Queens,11415.0,Closed,Unknown,1
63682456,2025-01-06 13:54:52,2025-01-08 01:01:00,DOT,Street Condition,Pothole,Queens,11367.0,Closed,Unknown,1
63682457,2025-01-06 13:28:40,2025-01-08 02:00:00,DOT,Street Condition,Pothole,Queens,11355.0,Closed,Unknown,1
63682458,2025-01-06 13:26:25,2025-01-07 23:15:00,DOT,Street Condition,Pothole,Queens,11354.0,Closed,Unknown,1
63682460,2025-01-06 07:06:57,2025-01-07 09:50:00,DOT,Street Condition,Pothole,Queens,11364.0,Closed,Unknown,1
63682461,2025-01-05 06:34:01,2025-01-06 22:00:00,DOT,Street Condition,Pothole,Queens,11358.0,Closed,Unknown,1
63682462,2025-01-07 23:02:22,2025-01-08 19:00:00,DOT,Street Condition,Pothole,Brooklyn,11237.0,Closed,Unknown,0
63682463,2025-01-07 23:00:27,2025-01-08 17:05:00,DOT,Street Condition,Pothole,Brooklyn,11211.0,Closed,Unknown,0
63682464,2025-01-05 07:05:39,2025-01-07 11:20:00,DOT,Street Condition,Pothole,Bronx,10458.0,Closed,Unknown,2
63682465,2025-01-05 07:03:57,2025-01-07 09:10:00,DOT,Street Condition,Pothole,Bronx,10457.0,Closed,Unknown,2
63682466,2025-01-07 22:52:52,2025-01-08 21:50:00,DOT,Street Condition,Pothole,Queens,11378.0,Closed,Unknown,0
63682467,2025-01-06 13:40:35,2025-01-07 21:16:00,DOT,Street Condition,Pothole,Queens,11360.0,Closed,Unknown,1
63682468,2025-01-05 06:31:18,2025-01-06 23:41:00,DOT,Street Condition,Pothole,Queens,11377.0,Closed,Unknown,1
63682469,2025-01-07 14:33:08,2025-01-08 12:50:00,DOT,Street Condition,Pothole,Brooklyn,11209.0,Closed,Unknown,0
63682473,2025-01-07 14:33:15,2025-01-08 10:45:00,DOT,Street Condition,Pothole,Brooklyn,11231.0,Closed,Unknown,0
63683959,2025-01-07 07:00:00,2025-01-08 09:30:00,DOT,Street Condition,Pothole,Staten Island,10303.0,Closed,Unknown,1
63683960,2025-01-06 14:12:20,2025-01-07 23:15:00,DOT,Street Condition,Pothole,Queens,11361.0,Closed,Unknown,1
63683961,2025-01-05 06:40:55,2025-01-06 22:28:00,DOT,Street Condition,Pothole,Queens,11433.0,Closed,Unknown,1
63683962,2025-01-05 06:36:21,2025-01-07 01:40:00,DOT,Street Condition,Pothole,Queens,11358.0,Closed,Unknown,1
63683963,2025-01-05 06:35:30,2025-01-06 23:45:00,DOT,Street Condition,Pothole,Queens,11363.0,Closed,Unknown,1
63683964,2025-01-05 06:35:09,2025-01-06 23:15:00,DOT,Street Condition,Pothole,Queens,11362.0,Closed,Unknown,1
63683965,2025-01-05 06:33:42,2025-01-06 21:30:00,DOT,Street Condition,Pothole,Queens,11358.0,Closed,Unknown,1
63683966,2025-01-05 06:29:11,2025-01-06 20:50:00,DOT,Street Condition,Pothole,Queens,11101.0,Closed,Unknown,1
63684065,2025-01-06 14:04:47,2025-01-08 00:41:00,DOT,Street Condition,Pothole,Queens,11435.0,Closed,Unknown,1
63684066,2025-01-06 13:43:50,2025-01-08 00:55:00,DOT,Street Condition,Pothole,Queens,11364.0,Closed,Unknown,1
63684067,2025-01-07 13:30:06,2025-01-08 10:15:00,DOT,Street Condition,Pothole,Brooklyn,11206.0,Closed,Unknown,0
63684068,2025-01-07 12:57:11,2025-01-08 10:05:00,DOT,Street Condition,Pothole,Brooklyn,11239.0,Closed,Unknown,0
63684069,2025-01-07 12:50:20,2025-01-08 08:35:00,DOT,Street Condition,Pothole,Brooklyn,11234.0,Closed,Unknown,0
63684103,2025-01-05 07:24:35,2025-01-07 13:45:00,DOT,Street Condition,Pothole,Bronx,10471.0,Closed,Unknown,2
63684104,2025-01-07 07:00:00,2025-01-08 13:30:00,DOT,Street Condition,Pothole,Staten Island,10303.0,Closed,Unknown,1
63684106,2025-01-07 07:00:00,2025-01-08 11:23:00,DOT,Street Condition,Pothole,Staten Island,10314.0,Closed,Unknown,1
63684107,2025-01-05 07:03:42,2025-01-06 21:41:00,DOT,Street Condition,Pothole,Queens,11378.0,Closed,Unknown,1
63684108,2025-01-07 00:50:55,2025-01-08 23:50:00,DOT,Street Condition,Pothole,Manhattan,10022.0,Closed,Unknown,1
63684109,2025-01-07 23:05:18,2025-01-08 21:55:00,DOT,Street Condition,Pothole,Brooklyn,11222.0,Closed,Unknown,0
63684111,2025-01-05 07:05:36,2025-01-06 22:33:00,DOT,Street Condition,Pothole,Brooklyn,11205.0,Closed,Unknown,1
63684137,2025-01-07 07:00:00,2025-01-08 11:15:00,DOT,Street Condition,Pothole,Staten Island,10301.0,Closed,Unknown,1
63684138,2025-01-06 13:27:43,2025-01-08 01:40:00,DOT,Street Condition,Pothole,Queens,11355.0,Closed,Unknown,1
63684139,2025-01-06 13:26:53,2025-01-08 00:20:00,DOT,Street Condition,Pothole,Queens,11354.0,Closed,Unknown,1
63684140,2025-01-05 06:40:41,2025-01-06 22:19:00,DOT,Street Condition,Pothole,Queens,11435.0,Closed,Unknown,1
63684141,2025-01-05 06:36:05,2025-01-07 01:10:00,DOT,Street Condition,Pothole,Queens,11358.0,Closed,Unknown,1
63685631,2025-01-05 07:22:49,2025-01-07 13:41:00,DOT,Street Condition,Pothole,Bronx,10474.0,Closed,Unknown,2
63685632,2025-01-07 07:00:00,2025-01-08 08:45:00,DOT,Street Condition,Pothole,Staten Island,10312.0,Closed,Unknown,1
63685633,2025-01-06 13:53:52,2025-01-07 23:03:00,DOT,Street Condition,Pothole,Queens,11367.0,Closed,Unknown,1
63685634,2025-01-06 13:26:09,2025-01-07 22:30:00,DOT,Street Condition,Pothole,Queens,11354.0,Closed,Unknown,1
63685648,2025-01-07 14:30:27,2025-01-08 10:15:00,DOT,Street Condition,Pothole,Brooklyn,11219.0,Closed,Unknown,0
63685853,2025-01-07 07:00:00,2025-01-08 11:02:00,DOT,Street Condition,Pothole,Staten Island,10310.0,Closed,Unknown,1
63685854,2025-01-05 07:09:16,2025-01-07 10:35:00,DOT,Street Condition,Pothole,Bronx,10454.0,Closed,Unknown,2
63685855,2025-01-05 07:13:07,2025-01-07 11:43:00,DOT,Street Condition,Pothole,Bronx,10455.0,Closed,Unknown,2
63685856,2025-01-07 07:00:00,2025-01-08 10:10:00,DOT,Street Condition,Pothole,Staten Island,10312.0,Closed,Unknown,1
63685857,2025-01-06 14:11:18,2025-01-07 22:00:00,DOT,Street Condition,Pothole,Queens,11358.0,Closed,Unknown,1
63685858,2025-01-06 14:03:50,2025-01-07 21:58:00,DOT,Street Condition,Pothole,Queens,11375.0,Closed,Unknown,1
63685859,2025-01-06 13:52:13,2025-01-07 21:44:00,DOT,Street Condition,Pothole,Queens,11355.0,Closed,Unknown,1
63685860,2025-01-05 06:29:46,2025-01-06 21:07:00,DOT,Street Condition,Pothole,Queens,11101.0,Closed,Unknown,1
63685861,2025-01-07 23:01:17,2025-01-08 17:55:00,DOT,Street Condition,Pothole,Brooklyn,11211.0,Closed,Unknown,0
63685862,2025-01-07 12:50:53,2025-01-08 09:50:00,DOT,Street Condition,Pothole,Brooklyn,11203.0,Closed,Unknown,0
63685863,2025-01-06 13:24:17,2025-01-07 21:25:00,DOT,Street Condition,Pothole,Queens,11357.0,Closed,Unknown,1
63685864,2025-01-05 06:40:26,2025-01-06 22:06:00,DOT,Street Condition,Pothole,Queens,11435.0,Closed,Unknown,1
63685865,2025-01-05 07:11:03,2025-01-06 22:30:00,DOT,Street Condition,Pothole,Brooklyn,11201.0,Closed,Unknown,1
63685871,2025-01-07 07:00:00,2025-01-08 10:40:00,DOT,Street Condition,Pothole,Staten Island,10301.0,Closed,Unknown,1
63685872,2025-01-07 22:50:52,2025-01-08 17:20:00,DOT,Street Condition,Pothole,Queens,11379.0,Closed,Unknown,0
63685873,2025-01-05 06:40:11,2025-01-06 21:45:00,DOT,Street Condition,Pothole,Queens,11435.0,Closed,Unknown,1
63685874,2025-01-07 14:37:34,2025-01-08 12:45:00,DOT,Street Condition,Pothole,Brooklyn,11231.0,Closed,Unknown,0
63685875,2025-01-07 14:36:23,2025-01-08 11:40:00,DOT,Street Condition,Pothole,Brooklyn,11231.0,Closed,Unknown,0
63685876,2025-01-07 14:30:38,2025-01-08 10:05:00,DOT,Street Condition,Pothole,Brooklyn,11231.0,Closed,Unknown,0
63687355,2025-01-05 07:12:29,2025-01-07 11:37:00,DOT,Street Condition,Pothole,Bronx,10454.0,Closed,Unknown,2
63687356,2025-01-06 13:52:54,2025-01-07 22:15:00,DOT,Street Condition,Pothole,Queens,11355.0,Closed,Unknown,1
63687357,2025-01-07 01:29:36,2025-01-08 19:45:00,DOT,Street Condition,Pothole,Manhattan,10027.0,Closed,Unknown,1
63687553,2025-01-05 07:23:43,2025-01-07 12:50:00,DOT,Street Condition,Pothole,Bronx,10471.0,Closed,Unknown,2
63687554,2025-01-07 07:00:00,2025-01-08 13:07:00,DOT,Street Condition,Pothole,Staten Island,10310.0,Closed,Unknown,1
63687557,2025-01-07 07:00:00,2025-01-08 10:52:00,DOT,Street Condition,Pothole,Staten Island,10308.0,Closed,Unknown,1
63687558,2025-01-06 14:13:01,2025-01-07 23:45:00,DOT,Street Condition,Pothole,Queens,11362.0,Closed,Unknown,1
63687559,2025-01-06 13:26:40,2025-01-07 23:50:00,DOT,Street Condition,Pothole,Queens,11354.0,Closed,Unknown,1
63687560,2025-01-05 07:03:59,2025-01-06 21:50:00,DOT,Street Condition,Pothole,Queens,11378.0,Closed,Unknown,1
63687561,2025-01-05 06:34:20,2025-01-06 22:20:00,DOT,Street Condition,Pothole,Queens,11361.0,Closed,Unknown,1
63687562,2025-01-07 01:28:34,2025-01-08 18:50:00,DOT,Street Condition,Pothole,Manhattan,10027.0,Closed,Unknown,1
63687565,2025-01-05 07:04:28,2025-01-06 22:12:00,DOT,Street Condition,Pothole,Queens,11378.0,Closed,Unknown,1
63687566,2025-01-05 07:04:14,2025-01-06 22:05:00,DOT,Street Condition,Pothole,Queens,11378.0,Closed,Unknown,1
63687572,2025-01-05 06:35:49,2025-01-07 00:20:00,DOT,Street Condition,Pothole,Queens,11361.0,Closed,Unknown,1
63687573,2025-01-07 01:25:21,2025-01-08 16:40:00,DOT,Street Condition,Pothole,Manhattan,10027.0,Closed,Unknown,1
63687577,2025-01-05 07:08:40,2025-01-07 09:55:00,DOT,Street Condition,Pothole,Bronx,10454.0,Closed,Unknown,2
63687578,2025-01-06 13:52:32,2025-01-07 21:59:00,DOT,Street Condition,Pothole,Queens,11355.0,Closed,Unknown,1
63687579,2025-01-06 13:40:59,2025-01-07 21:33:00,DOT,Street Condition,Pothole,Queens,11360.0,Closed,Unknown,1
63687580,2025-01-05 06:30:35,2025-01-06 22:33:00,DOT,Street Condition,Pothole,Queens,11377.0,Closed,Unknown,1
63687581,2025-01-07 14:31:52,2025-01-08 09:55:00,DOT,Street Condition,Pothole,Brooklyn,11219.0,Closed,Unknown,0
63688950,2025-01-05 07:13:57,2025-01-07 13:04:00,DOT,Street Condition,Pothole,Bronx,10455.0,Closed,Unknown,2
63688951,2025-01-05 07:07:58,2025-01-07 08:20:00,DOT,Street Condition,Pothole,Bronx,10454.0,Closed,Unknown,2
63688963,2025-01-07 07:00:00,2025-01-08 10:15:00,DOT,Street Condition,Pothole,Staten Island,10302.0,Closed,Unknown,1
63688964,2025-01-06 13:53:33,2025-01-07 22:30:00,DOT,Street Condition,Pothole,Queens,11367.0,Closed,Unknown,1
63688965,2025-01-06 13:44:32,2025-01-08 01:30:00,DOT,Street Condition,Pothole,Queens,11364.0,Closed,Unknown,1
63688966,2025-01-07 00:48:45,2025-01-08 21:30:00,DOT,Street Condition,Pothole,Manhattan,10001.0,Closed,Unknown,1
63688968,2025-01-07 12:49:24,2025-01-08 09:15:00,DOT,Street Condition,Pothole,Brooklyn,11210.0,Closed,Unknown,0
63689138,2025-01-07 14:38:47,2025-01-08 12:25:00,DOT,Street Condition,Pothole,Queens,11358.0,Closed,Unknown,0
63689139,2025-01-06 14:10:52,2025-01-07 21:50:00,DOT,Street Condition,Pothole,Queens,11358.0,Closed,Unknown,1
63689140,2025-01-06 13:51:30,2025-01-07 21:30:00,DOT,Street Condition,Pothole,Queens,11355.0,Closed,Unknown,1
63689141,2025-01-07 12:51:22,2025-01-08 10:19:00,DOT,Street Condition,Pothole,Brooklyn,11207.0,Closed,Unknown,0
63689193,2025-01-07 22:49:40,2025-01-08 16:00:00,DOT,Street Condition,Pothole,Queens,11378.0,Closed,Unknown,0
63689194,2025-01-07 14:44:55,2025-01-08 09:36:00,DOT,Street Condition,Pothole,Queens,11356.0,Closed,Unknown,0
63689195,2025-01-06 07:08:23,2025-01-07 12:10:00,DOT,Street Condition,Pothole,Queens,11427.0,Closed,Unknown,1
63689197,2025-01-05 07:05:14,2025-01-06 22:23:00,DOT,Street Condition,Pothole,Brooklyn,11205.0,Closed,Unknown,1
63689238,2025-01-06 13:43:28,2025-01-07 22:30:00,DOT,Street Condition,Pothole,Queens,11361.0,Closed,Unknown,1
63689239,2025-01-06 13:28:16,2025-01-08 01:50:00,DOT,Street Condition,Pothole,Queens,11355.0,Closed,Unknown,1
63689240,2025-01-05 07:01:53,2025-01-06 21:30:00,DOT,Street Condition,Pothole,Queens,11378.0,Closed,Unknown,1
63689241,2025-01-05 06:42:48,2025-01-07 00:50:00,DOT,Street Condition,Pothole,Queens,11433.0,Closed,Unknown,1
63689242,2025-01-05 06:39:39,2025-01-06 21:13:00,DOT,Street Condition,Pothole,Queens,11435.0,Closed,Unknown,1
63689243,2025-01-05 06:31:44,2025-01-07 00:22:00,DOT,Street Condition,Pothole,Queens,11377.0,Closed,Unknown,1
63689244,2025-01-07 23:04:27,2025-01-08 21:10:00,DOT,Street Condition,Pothole,Brooklyn,11222.0,Closed,Unknown,0
63689245,2025-01-07 13:25:31,2025-01-08 08:30:00,DOT,Street Condition,Pothole,Brooklyn,11212.0,Closed,Unknown,0
63689246,2025-01-07 12:55:07,2025-01-08 09:35:00,DOT,Street Condition,Pothole,Brooklyn,11236.0,Closed,Unknown,0
63689247,2025-01-05 07:13:04,2025-01-07 00:45:00,DOT,Street Condition,Pothole,Brooklyn,11201.0,Closed,Unknown,1
63690611,2025-01-07 22:51:26,2025-01-08 19:00:00,DOT,Street Condition,Pothole,Queens,11418.0,Closed,Unknown,0
63690612,2025-01-06 13:24:45,2025-01-07 21:40:00,DOT,Street Condition,Pothole,Queens,11354.0,Closed,Unknown,1
63690613,2025-01-07 01:32:51,2025-01-08 22:50:00,DOT,Street Condition,Pothole,Manhattan,10027.0,Closed,Unknown,1
63690614,2025-01-07 00:53:37,2025-01-08 21:53:00,DOT,Street Condition,Pothole,Manhattan,10025.0,Closed,Unknown,1
63690777,2025-01-05 07:06:39,2025-01-07 13:10:00,DOT,Street Condition,Pothole,Bronx,10458.0,Closed,Unknown,2
63690778,2025-01-06 14:12:43,2025-01-07 23:35:00,DOT,Street Condition,Pothole,Queens,11363.0,Closed,Unknown,1
63690779,2025-01-06 07:05:38,2025-01-07 08:00:00,DOT,Street Condition,Pothole,Queens,11361.0,Closed,Unknown,1
63690780,2025-01-05 06:34:38,2025-01-06 22:50:00,DOT,Street Condition,Pothole,Queens,11363.0,Closed,Unknown,1
63690793,2025-01-07 14:35:19,2025-01-08 11:15:00,DOT,Street Condition,Pothole,Brooklyn,11231.0,Closed,Unknown,0
63690794,2025-01-07 14:31:57,2025-01-08 10:25:00,DOT,Street Condition,Pothole,Brooklyn,11231.0,Closed,Unknown,0
63690795,2025-01-07 13:32:08,2025-01-08 11:28:00,DOT,Street Condition,Pothole,Brooklyn,11206.0,Closed,Unknown,0
63690857,2025-01-05 07:02:12,2025-01-07 08:30:00,DOT,Street Condition,Pothole,Bronx,10458.0,Closed,Unknown,2
63690858,2025-01-07 07:00:00,2025-01-08 09:30:00,DOT,Street Condition,Pothole,Staten Island,10309.0,Closed,Unknown,1
63690873,2025-01-06 14:03:07,2025-01-07 22:23:00,DOT,Street Condition,Pothole,Queens,11415.0,Closed,Unknown,1
63690874,2025-01-06 13:55:11,2025-01-08 01:20:00,DOT,Street Condition,Pothole,Queens,11367.0,Closed,Unknown,1
63690875,2025-01-06 07:07:21,2025-01-07 10:30:00,DOT,Street Condition,Pothole,Queens,11362.0,Closed,Unknown,1
63690876,2025-01-05 06:42:10,2025-01-06 23:15:00,DOT,Street Condition,Pothole,Queens,11433.0,Closed,Unknown,1
63690877,2025-01-05 06:37:47,2025-01-06 21:02:00,DOT,Street Condition,Pothole,Queens,11435.0,Closed,Unknown,1
63690878,2025-01-05 06:32:31,2025-01-06 21:20:00,DOT,Street Condition,Pothole,Queens,11358.0,Closed,Unknown,1
63690879,2025-01-07 13:29:37,2025-01-08 09:08:00,DOT,Street Condition,Pothole,Brooklyn,11212.0,Closed,Unknown,0
63690924,2025-01-05 07:09:57,2025-01-07 10:50:00,DOT,Street Condition,Pothole,Bronx,10454.0,Closed,Unknown,2
63690926,2025-01-07 14:53:33,2025-01-08 13:05:00,DOT,Street Condition,Pothole,Queens,11368.0,Closed,Unknown,0
63690927,2025-01-07 14:51:53,2025-01-08 10:40:00,DOT,Street Condition,Pothole,Queens,11375.0,Closed,Unknown,0
63690928,2025-01-07 14:45:26,2025-01-08 10:53:00,DOT,Street Condition,Pothole,Queens,11378.0,Closed,Unknown,0
63690929,2025-01-05 06:39:55,2025-01-06 21:31:00,DOT,Street Condition,Pothole,Queens,11435.0,Closed,Unknown,1
63692727,2025-01-06 07:02:55,2025-01-08 10:27:00,DOT,Street Condition,Pothole,Bronx,10462.0,Closed,Unknown,2
63692728,2025-01-06 07:00:56,2025-01-08 08:52:00,DOT,Street Condition,Pothole,Bronx,10467.0,Closed,Unknown,2
63692741,2025-01-06 07:25:20,2025-01-08 09:48:00,DOT,Street Condition,Pothole,Bronx,10469.0,Closed,Unknown,2
63692743,2025-01-07 06:30:11,2025-01-08 22:00:00,DOT,Street Condition,Pothole,Queens,11105.0,Closed,Unknown,1
63692744,2025-01-07 06:12:11,2025-01-09 01:26:00,DOT,Street Condition,Pothole,Queens,11372.0,Closed,Unknown,1
63692752,2025-01-07 06:34:07,2025-01-08 21:16:00,DOT,Street Condition,Pothole,Queens,11413.0,Closed,Unknown,1
63692753,2025-01-07 06:31:22,2025-01-09 00:40:00,DOT,Street Condition,Pothole,Queens,11105.0,Closed,Unknown,1
63692860,2025-01-07 07:06:59,2025-01-08 13:35:00,DOT,Street Condition,Pothole,Queens,11419.0,Closed,Unknown,1
63692864,2025-01-07 07:06:34,2025-01-08 11:55:00,DOT,Street Condition,Pothole,Queens,11419.0,Closed,Unknown,1
63692865,2025-01-07 06:38:43,2025-01-08 21:07:00,DOT,Street Condition,Pothole,Queens,11414.0,Closed,Unknown,1
63692866,2025-01-07 06:15:19,2025-01-08 22:05:00,DOT,Street Condition,Pothole,Queens,11378.0,Closed,Unknown,1
63694600,2025-01-06 07:28:12,2025-01-08 14:09:00,DOT,Street Condition,Pothole,Bronx,10461.0,Closed,Unknown,2
63694601,2025-01-06 06:56:56,2025-01-08 08:15:00,DOT,Street Condition,Pothole,Bronx,10462.0,Closed,Unknown,2
63694603,2025-01-07 06:37:26,2025-01-08 23:39:00,DOT,Street Condition,Pothole,Queens,11429.0,Closed,Unknown,1
63694604,2025-01-07 06:14:24,2025-01-08 21:25:00,DOT,Street Condition,Pothole,Queens,11378.0,Closed,Unknown,1
63694605,2025-01-07 06:09:12,2025-01-08 21:57:00,DOT,Street Condition,Pothole,Queens,11368.0,Closed,Unknown,1
63694712,2025-01-06 07:10:17,2025-01-08 11:53:00,DOT,Street Condition,Pothole,Bronx,10462.0,Closed,Unknown,2
63694714,2025-01-07 06:44:51,2025-01-08 23:33:00,DOT,Street Condition,Pothole,Queens,11434.0,Closed,Unknown,1
63694715,2025-01-07 06:16:01,2025-01-08 22:30:00,DOT,Street Condition,Pothole,Queens,11378.0,Closed,Unknown,1
63694716,2025-01-07 06:11:39,2025-01-09 00:17:00,DOT,Street Condition,Pothole,Queens,11372.0,Closed,Unknown,1
63694740,2025-01-06 07:13:56,2025-01-08 10:55:00,DOT,Street Condition,Pothole,Bronx,10453.0,Closed,Unknown,2
63694742,2025-01-07 06:29:03,2025-01-08 21:20:00,DOT,Street Condition,Pothole,Queens,11105.0,Closed,Unknown,1
63696532,2025-01-07 06:46:49,2025-01-09 00:55:00,DOT,Street Condition,Pothole,Queens,11420.0,Closed,Unknown,1
63696658,2025-01-06 07:02:19,2025-01-08 09:18:00,DOT,Street Condition,Pothole,Bronx,10462.0,Closed,Unknown,2
63696729,2025-01-06 07:27:35,2025-01-08 13:28:00,DOT,Street Condition,Pothole,Bronx,10473.0,Closed,Unknown,2
63696732,2025-01-07 06:35:31,2025-01-08 21:51:00,DOT,Street Condition,Pothole,Queens,11411.0,Closed,Unknown,1
63698605,2025-01-07 06:47:31,2025-01-09 00:59:00,DOT,Street Condition,Pothole,Queens,11420.0,Closed,Unknown,1
63698606,2025-01-07 06:35:04,2025-01-08 21:40:00,DOT,Street Condition,Pothole,Queens,11413.0,Closed,Unknown,1
63698617,2025-01-07 06:34:28,2025-01-08 21:20:00,DOT,Street Condition,Pothole,Queens,11413.0,Closed,Unknown,1
63698618,2025-01-07 06:16:20,2025-01-08 22:50:00,DOT,Street Condition,Pothole,Queens,11378.0,Closed,Unknown,1
63698631,2025-01-07 06:10:25,2025-01-08 22:24:00,DOT,Street Condition,Pothole,Queens,11355.0,Closed,Unknown,1
63698749,2025-01-07 06:17:17,2025-01-09 00:50:00,DOT,Street Condition,Pothole,Queens,11378.0,Closed,Unknown,1
63698751,2025-01-07 06:11:22,2025-01-08 23:55:00,DOT,Street Condition,Pothole,Queens,11372.0,Closed,Unknown,1
63700443,2025-01-06 07:25:56,2025-01-08 11:19:00,DOT,Street Condition,Pothole,Bronx,10462.0,Closed,Unknown,2
63700529,2025-01-06 07:12:51,2025-01-08 13:25:00,DOT,Street Condition,Pothole,Bronx,10462.0,Closed,Unknown,2
63700530,2025-01-07 06:31:34,2025-01-09 01:20:00,DOT,Street Condition,Pothole,Queens,11105.0,Closed,Unknown,1
63700571,2025-01-07 06:12:43,2025-01-08 21:05:00,DOT,Street Condition,Pothole,Queens,11378.0,Closed,Unknown,1
63700638,2025-01-07 06:31:08,2025-01-08 23:25:00,DOT,Street Condition,Pothole,Queens,11105.0,Closed,Unknown,1
63702475,2025-01-07 06:45:10,2025-01-09 00:12:00,DOT,Street Condition,Pothole,Queens,11434.0,Closed,Unknown,1
63702499,2025-01-07 06:29:58,2025-01-08 21:45:00,DOT,Street Condition,Pothole,Queens,11105.0,Closed,Unknown,1
63702500,2025-01-07 06:15:40,2025-01-08 22:20:00,DOT,Street Condition,Pothole,Queens,11378.0,Closed,Unknown,1
63702660,2025-01-07 06:36:35,2025-01-08 22:20:00,DOT,Street Condition,Pothole,Queens,11429.0,Closed,Unknown,1
63702661,2025-01-07 06:31:47,2025-01-09 01:50:00,DOT,Street Condition,Pothole,Queens,11105.0,Closed,Unknown,1
63704260,2025-01-06 07:20:21,2025-01-08 09:14:00,DOT,Street Condition,Pothole,Bronx,10469.0,Closed,Unknown,2
63704261,2025-01-07 06:35:49,2025-01-08 22:01:00,DOT,Street Condition,Pothole,Queens,11411.0,Closed,Unknown,1
63704262,2025-01-07 06:07:14,2025-01-08 21:32:00,DOT,Street Condition,Pothole,Queens,11354.0,Closed,Unknown,1
63704386,2025-01-06 07:15:06,2025-01-08 13:40:00,DOT,Street Condition,Pothole,Bronx,10455.0,Closed,Unknown,2
63704387,2025-01-06 07:03:38,2025-01-08 10:50:00,DOT,Street Condition,Pothole,Bronx,10462.0,Closed,Unknown,2
63704388,2025-01-07 06:37:10,2025-01-08 23:00:00,DOT,Street Condition,Pothole,Queens,11429.0,Closed,Unknown,1
63704389,2025-01-07 06:30:24,2025-01-08 22:29:00,DOT,Street Condition,Pothole,Queens,11105.0,Closed,Unknown,1
63704499,2025-01-07 06:43:50,2025-01-08 22:30:00,DOT,Street Condition,Pothole,Queens,11434.0,Closed,Unknown,1
63704509,2025-01-07 06:34:45,2025-01-08 21:30:00,DOT,Street Condition,Pothole,Queens,11413.0,Closed,Unknown,1
63704609,2025-01-07 06:44:09,2025-01-08 23:04:00,DOT,Street Condition,Pothole,Queens,11434.0,Closed,Unknown,1
63704610,2025-01-07 06:40:20,2025-01-08 21:33:00,DOT,Street Condition,Pothole,Queens,11434.0,Closed,Unknown,1
63704611,2025-01-07 06:37:44,2025-01-09 00:06:00,DOT,Street Condition,Pothole,Queens,11429.0,Closed,Unknown,1
63704612,2025-01-07 06:32:28,2025-01-08 21:10:00,DOT,Street Condition,Pothole,Queens,11413.0,Closed,Unknown,1
63704613,2025-01-07 06:11:54,2025-01-09 00:53:00,DOT,Street Condition,Pothole,Queens,11372.0,Closed,Unknown,1
63704614,2025-01-07 06:11:05,2025-01-08 22:59:00,DOT,Street Condition,Pothole,Queens,11368.0,Closed,Unknown,1
63706147,2025-01-07 07:06:06,2025-01-08 10:55:00,DOT,Street Condition,Pothole,Queens,11420.0,Closed,Unknown,1
63706423,2025-01-07 07:05:39,2025-01-08 09:50:00,DOT,Street Condition,Pothole,Queens,11422.0,Closed,Unknown,1
63706424,2025-01-07 06:36:53,2025-01-08 22:32:00,DOT,Street Condition,Pothole,Queens,11429.0,Closed,Unknown,1
63706429,2025-01-07 07:07:24,2025-01-08 13:50:00,DOT,Street Condition,Pothole,Queens,11419.0,Closed,Unknown,1
63706430,2025-01-07 06:47:51,2025-01-09 01:10:00,DOT,Street Condition,Pothole,Queens,11420.0,Closed,Unknown,1
63706431,2025-01-07 06:36:15,2025-01-08 22:08:00,DOT,Street Condition,Pothole,Queens,11413.0,Closed,Unknown,1
63706634,2025-01-07 06:30:42,2025-01-08 23:00:00,DOT,Street Condition,Pothole,Queens,11105.0,Closed,Unknown,1
63708505,2025-01-07 07:10:38,2025-01-09 13:30:00,DOT,Street Condition,Pothole,Bronx,10469.0,Closed,Unknown,2
63708528,2025-01-07 07:09:26,2025-01-09 12:45:00,DOT,Street Condition,Pothole,Bronx,10469.0,Closed,Unknown,2
63708529,2025-01-07 07:04:24,2025-01-09 13:48:00,DOT,Street Condition,Pothole,Bronx,10472.0,Closed,Unknown,2
63710647,2025-01-07 07:16:09,2025-01-09 09:28:00,DOT,Street Condition,Pothole,Bronx,10461.0,Closed,Unknown,2
63710649,2025-01-07 07:06:04,2025-01-09 09:15:00,DOT,Street Condition,Pothole,Bronx,10470.0,Closed,Unknown,2
63712763,2025-01-07 07:11:59,2025-01-09 14:10:00,DOT,Street Condition,Pothole,Bronx,10469.0,Closed,Unknown,2
63716733,2025-01-07 07:02:22,2025-01-09 13:16:00,DOT,Street Condition,Pothole,Bronx,10472.0,Closed,Unknown,2
63716745,2025-01-07 07:19:11,2025-01-09 11:06:00,DOT,Street Condition,Pothole,Bronx,10461.0,Closed,Unknown,2
63718718,2025-01-07 07:20:19,2025-01-09 13:42:00,DOT,Street Condition,Pothole,Bronx,10459.0,Closed,Unknown,2
63718719,2025-01-07 07:16:59,2025-01-09 10:16:00,DOT,Street Condition,Pothole,Bronx,10461.0,Closed,Unknown,2
63720545,2025-01-07 07:07:12,2025-01-09 10:45:00,DOT,Street Condition,Pothole,Bronx,10466.0,Closed,Unknown,2
63720589,2025-01-07 07:01:39,2025-01-09 09:29:00,DOT,Street Condition,Pothole,Bronx,10472.0,Closed,Unknown,2
63722352,2025-01-07 07:15:18,2025-01-09 09:12:00,DOT,Street Condition,Pothole,Bronx,10461.0,Closed,Unknown,2
63722354,2025-01-07 07:08:35,2025-01-09 11:25:00,DOT,Street Condition,Pothole,Bronx,10475.0,Closed,Unknown,2
