Unique_Key,Created_Date,Closed_Date,Agency,Complaint_Type,Descriptor,Borough,Incident_Zip,Status,Open_Data_Channel_Type,Resolution_Days
63574597,2025-01-01 00:07:19,2025-01-02 08:55:17,DSNY,Illegal Dumping,Removal Request,Queens,11373.0,Closed,Online,1
63576258,2025-01-01 01:29:00,2025-01-02 15:06:18,DSNY,Illegal Dumping,Removal Request,Brooklyn,11204.0,Closed,Online,1
63577849,2025-01-01 01:02:31,2025-01-02 11:50:53,DSNY,Dirty Condition,Trash,Staten Island,10312.0,Closed,Online,1
63579785,2025-01-01 01:15:34,2025-01-13 07:28:57,DSNY,Illegal Dumping,Removal Request,Manhattan,10036.0,Closed,Online,12
63583476,2025-01-01 01:21:00,2025-01-02 22:17:41,DSNY,Residential Disposal Complaint,Waste Set Out Too Early or Too Late,Brooklyn,11217.0,Closed,Online,1
63585593,2025-01-01 15:09:21,2025-01-03 11:28:56,DSNY,Dirty Condition,Trash,Queens,11101.0,Closed,Mobile,1
63585594,2025-01-01 11:01:17,2025-01-02 15:06:48,DSNY,Illegal Dumping,Removal Request,Brooklyn,11214.0,Closed,Mobile,1
63585595,2025-01-01 15:12:53,2025-01-02 12:53:48,DSNY,Residential Disposal Complaint,Trash or Recycling Not Secure,Queens,11372.0,Closed,Phone,0
63585602,2025-01-01 04:16:38,2025-01-03 10:45:25,DSNY,Dirty Condition,Trash,Brooklyn,11211.0,Closed,Online,2
63585603,2025-01-01 13:46:33,2025-01-03 13:36:27,DSNY,Dirty Condition,Trash,Brooklyn,11205.0,Closed,Online,1
63585604,2025-01-01 11:18:14,2025-01-02 23:24:49,DSNY,Dirty Condition,Trash,Brooklyn,11225.0,Closed,Online,1
63585605,2025-01-01 09:59:20,2025-01-02 04:03:37,DSNY,Dirty Condition,Trash,Bronx,10461.0,Closed,Mobile,0
63585606,2025-01-01 16:04:27,2025-01-02 06:42:37,DSNY,Dirty Condition,Trash,Manhattan,10019.0,Closed,Mobile,0
63585607,2025-01-01 15:06:50,2025-01-02 07:21:25,DSNY,Dirty Condition,Trash,Brooklyn,11226.0,Closed,Online,0
63585608,2025-01-01 10:17:24,2025-01-02 12:47:36,DSNY,Dirty Condition,Trash,Manhattan,10011.0,Closed,Phone,1
63585609,2025-01-01 10:26:13,2025-01-04 11:48:45,DSNY,Illegal Dumping,Removal Request,Queens,11379.0,Closed,Phone,3
63585611,2025-01-01 14:10:31,2025-01-04 15:16:43,DSNY,Abandoned Bike,Chained to Public Property,Brooklyn,11214.0,Closed,Online,3
63585612,2025-01-01 17:01:11,2025-01-02 11:09:04,DSNY,Dirty Condition,Trash,Queens,11422.0,Closed,Mobile,0
63585613,2025-01-01 14:27:12,2025-01-02 13:57:36,DSNY,Dirty Condition,Trash,Brooklyn,11216.0,Closed,Mobile,0
63585614,2025-01-01 14:42:32,2025-01-03 12:36:00,DSNY,Illegal Dumping,Removal Request,Bronx,10455.0,Closed,Phone,1
63585615,2025-01-01 13:32:58,2025-01-04 14:57:52,DSNY,Residential Disposal Complaint,Waste Left in Front of Other Residence,Brooklyn,11220.0,Closed,Phone,3
63585620,2025-01-01 17:09:26,2025-01-02 14:19:39,DSNY,Dirty Condition,Dirt or Gravel,Bronx,10460.0,Closed,Phone,0
63585621,2025-01-01 18:59:57,2025-01-02 06:42:11,DSNY,Dirty Condition,Trash,Bronx,10457.0,Closed,Mobile,0
63585622,2025-01-01 09:59:37,2025-01-02 04:03:39,DSNY,Dirty Condition,Trash,Bronx,10461.0,Closed,Mobile,0
63585623,2025-01-01 12:01:26,2025-01-02 06:41:44,DSNY,Dirty Condition,Trash,Bronx,10453.0,Closed,Mobile,0
63585624,2025-01-01 20:26:25,2025-01-03 12:36:20,DSNY,Illegal Dumping,Removal Request,Bronx,10454.0,Closed,Online,1
63585625,2025-01-01 11:30:55,2025-01-06 08:39:26,DSNY,Illegal Dumping,Removal Request,Queens,11413.0,Closed,Phone,4
63585626,2025-01-01 16:32:16,2025-01-03 15:12:29,DSNY,Litter Basket Request,New Basket,Staten Island,10306.0,Closed,Phone,1
63585629,2025-01-01 13:05:36,2025-01-02 13:12:18,DSNY,Illegal Dumping,Removal Request,Brooklyn,11235.0,Closed,Phone,1
63585636,2025-01-01 05:35:47,2025-01-02 23:03:39,DSNY,Dirty Condition,Trash,Brooklyn,11221.0,Closed,Phone,1
63585656,2025-01-01 12:43:57,2025-01-03 13:30:10,DSNY,Residential Disposal Complaint,Trash or Recycling Not Secure,Brooklyn,11225.0,Closed,Online,2
63585657,2025-01-01 15:08:59,2025-01-02 12:53:43,DSNY,Residential Disposal Complaint,Trash or Recycling Not Secure,Queens,11372.0,Closed,Phone,0
63585663,2025-01-02 00:41:13,2025-01-08 14:06:48,DSNY,Illegal Dumping,Removal Request,Brooklyn,11218.0,Closed,Phone,6
63585665,2025-01-01 20:43:10,2025-01-02 12:54:47,DSNY,Obstruction,Cone,Queens,11435.0,Closed,Phone,0
63586282,2025-01-02 02:03:45,2025-02-04 00:00:00,DSNY,Graffiti,Graffiti,Bronx,10451.0,Closed,Unknown,32
63586301,2025-01-02 01:26:55,2025-01-29 02:22:23,DSNY,Graffiti,Graffiti,Manhattan,10003.0,Closed,Unknown,27
63586318,2025-01-02 01:31:06,2025-04-01 00:00:00,DSNY,Graffiti,Graffiti,Manhattan,10002.0,Closed,Unknown,88
63586649,2025-01-01 10:44:04,2025-01-01 12:01:28,DSNY,Vendor Enforcement,Food Vendor,Manhattan,10007.0,Closed,Online,0
63586658,2025-01-01 11:50:18,2025-01-01 12:01:32,DSNY,Vendor Enforcement,Food Vendor,Manhattan,10007.0,Closed,Online,0
63586659,2025-01-01 15:02:51,2025-01-01 17:01:28,DSNY,Vendor Enforcement,Food Vendor,Manhattan,10013.0,Closed,Online,0
63586660,2025-01-01 10:00:51,2025-01-02 04:32:25,DSNY,Dead Animal,Deer,Staten Island,10314.0,Closed,Online,0
63586661,2025-01-01 16:23:29,2025-01-03 11:07:21,DSNY,Dirty Condition,Syringes,Queens,11103.0,Closed,Online,1
63586662,2025-01-01 14:31:18,2025-01-08 06:51:53,DSNY,Illegal Dumping,Chronic Dumping,Bronx,10451.0,Closed,Mobile,6
63586663,2025-01-01 18:09:00,2025-01-02 10:41:25,DSNY,Residential Disposal Complaint,Trash or Recycling Not Secure,Queens,11363.0,Closed,Online,0
63586666,2025-01-01 05:10:29,2025-01-01 07:01:39,DSNY,Vendor Enforcement,Food Vendor,Brooklyn,11249.0,Closed,Online,0
63586667,2025-01-01 17:52:14,2025-01-02 12:51:25,DSNY,Illegal Posting,Poster or Sign,Brooklyn,11207.0,Closed,Online,0
63586668,2025-01-01 23:27:50,2025-10-03 13:28:44,DSNY,Lot Condition,Trash,Queens,11691.0,Closed,Online,274
63586669,2025-01-01 23:24:20,2025-01-02 12:52:51,DSNY,Residential Disposal Complaint,Trash or Recycling Not Secure,Queens,11428.0,Closed,Phone,0
63586704,2025-01-01 10:58:53,2025-01-01 12:01:30,DSNY,Vendor Enforcement,Food Vendor,Manhattan,10007.0,Closed,Online,0
63586719,2025-01-01 14:20:14,2025-01-02 04:31:55,DSNY,Dead Animal,Deer,Staten Island,10314.0,Closed,Phone,0
63586720,2025-01-01 12:13:34,2025-01-13 05:59:29,DSNY,Dirty Condition,Syringes,Manhattan,10003.0,Closed,Phone,11
63586721,2025-01-01 15:20:02,2025-01-04 13:18:06,DSNY,Dirty Condition,Trash,Brooklyn,11208.0,Closed,Online,2
63586722,2025-01-01 22:42:13,2025-01-09 08:28:59,DSNY,Residential Disposal Complaint,Waste Left in Front of Other Residence,Staten Island,10307.0,Closed,Online,7
63586744,2025-01-02 01:33:53,2025-02-06 02:22:24,DSNY,Graffiti,Graffiti,Bronx,10451.0,Closed,Unknown,35
63586745,2025-01-02 01:30:05,2025-02-06 02:22:24,DSNY,Graffiti,Graffiti,Manhattan,10002.0,Closed,Unknown,35
63586746,2025-01-02 01:17:43,2025-02-06 02:22:24,DSNY,Graffiti,Graffiti,Queens,11435.0,Closed,Unknown,35
63586747,2025-01-01 13:36:35,2025-02-06 02:22:24,DSNY,Graffiti,Graffiti,Queens,11385.0,Closed,Unknown,35
63586869,2025-01-01 11:39:19,2025-01-03 13:13:25,DSNY,Dirty Condition,Trash,Brooklyn,11218.0,Closed,Mobile,2
63586870,2025-01-01 13:05:57,2025-01-03 09:49:52,DSNY,Dirty Condition,Trash,Brooklyn,11235.0,Closed,Mobile,1
63586871,2025-01-01 18:23:47,2025-01-04 13:25:00,DSNY,Residential Disposal Complaint,Trash or Recycling Not Secure,Staten Island,10303.0,Closed,Online,2
63586891,2025-01-01 13:08:35,2025-01-02 13:51:52,DSNY,Dirty Condition,Trash,Manhattan,10031.0,Closed,Mobile,1
63586892,2025-01-01 10:04:59,2025-01-02 12:37:29,DSNY,Dirty Condition,Trash,Manhattan,10011.0,Closed,Mobile,1
63586893,2025-01-01 10:28:23,2025-01-02 04:49:07,DSNY,Dirty Condition,Trash,Brooklyn,11235.0,Closed,Online,0
63586896,2025-01-01 13:53:23,2025-01-13 08:58:23,DSNY,Illegal Dumping,Removal Request,Manhattan,10027.0,Closed,Phone,11
63586897,2025-01-01 18:33:44,2025-01-04 13:42:09,DSNY,Residential Disposal Complaint,Trash or Recycling Not Secure,Brooklyn,11230.0,Closed,Online,2
63586956,2025-01-01 13:25:45,2025-01-02 06:07:40,DSNY,Dirty Condition,Trash,Brooklyn,11203.0,Closed,Online,0
63586957,2025-01-01 11:44:29,2025-01-13 14:19:18,DSNY,Illegal Dumping,Removal Request,Manhattan,10040.0,Closed,Mobile,12
63586986,2025-01-01 13:42:57,2025-01-02 09:16:21,DSNY,Dirty Condition,Trash,Brooklyn,11215.0,Closed,Mobile,0
63586987,2025-01-01 12:06:33,2025-01-02 06:41:48,DSNY,Dirty Condition,Trash,Bronx,10453.0,Closed,Mobile,0
63586988,2025-01-01 13:22:34,2025-01-02 13:58:11,DSNY,Dirty Condition,Trash,Brooklyn,11208.0,Closed,Mobile,1
63586989,2025-01-01 15:05:03,2025-01-02 20:36:10,DSNY,Dirty Condition,Trash,Brooklyn,11226.0,Closed,Mobile,1
63586990,2025-01-01 12:42:07,2025-01-02 11:24:30,DSNY,Dirty Condition,Trash,Brooklyn,11217.0,Closed,Online,0
63586991,2025-01-01 10:56:12,2025-01-02 10:15:27,DSNY,Dirty Condition,Trash,Brooklyn,11205.0,Closed,Phone,0
63586992,2025-01-01 05:24:24,2025-01-02 06:16:26,DSNY,Dirty Condition,Trash,Staten Island,10309.0,Closed,Online,1
63586993,2025-01-01 08:35:44,2025-01-02 06:50:09,DSNY,Dirty Condition,Trash,Manhattan,10025.0,Closed,Online,0
63586994,2025-01-01 22:13:12,2025-01-02 12:00:26,DSNY,Dirty Condition,Trash,Staten Island,10314.0,Closed,Online,0
63586995,2025-01-01 16:20:00,2025-01-04 15:23:23,DSNY,Illegal Dumping,Removal Request,Brooklyn,11212.0,Closed,Phone,2
63587017,2025-01-01 13:03:52,2025-01-02 13:57:04,DSNY,Illegal Dumping,Removal Request,Queens,11414.0,Closed,Phone,1
63587018,2025-01-01 21:55:16,2025-01-02 13:13:43,DSNY,Litter Basket Request,New Basket,Brooklyn,11201.0,Closed,Online,0
63587794,2025-01-02 02:09:29,2025-02-06 02:22:24,DSNY,Graffiti,Graffiti,Bronx,10456.0,Closed,Unknown,35
63587810,2025-01-01 11:39:38,2025-01-01 13:01:42,DSNY,Commercial Disposal Complaint,Waste Disposal,Manhattan,10011.0,Closed,Phone,0
63587821,2025-01-01 22:26:29,2025-01-02 15:48:10,DSNY,Dumpster Complaint,Small uncovered dumpster,Manhattan,10031.0,Closed,Online,0
63587837,2025-01-01 22:20:09,2025-02-27 00:00:00,DSNY,Graffiti,Graffiti,Bronx,10458.0,Closed,Unknown,56
63587871,2025-01-01 12:28:47,2025-01-03 13:23:48,DSNY,Obstruction,Trash or Recycling,Queens,11693.0,Closed,Phone,2
63587904,2025-01-01 14:04:29,2025-01-13 14:19:49,DSNY,Dead Animal,Bird,Manhattan,10033.0,Closed,Phone,12
63587917,2025-01-01 06:31:53,2025-01-03 13:21:37,DSNY,Illegal Posting,Poster or Sign,Staten Island,10312.0,Closed,Online,2
63587927,2025-01-01 10:56:07,2025-01-01 12:01:29,DSNY,Vendor Enforcement,Food Vendor,Manhattan,10007.0,Closed,Online,0
63587983,2025-01-01 15:08:45,2025-01-04 15:18:07,DSNY,Dead Animal,Bird,Brooklyn,11235.0,Closed,Phone,3
63588024,2025-01-01 17:21:11,2025-01-01 19:01:24,DSNY,Vendor Enforcement,Food Vendor,Brooklyn,11237.0,Closed,Online,0
63588025,2025-01-01 14:19:22,2025-01-01 16:01:28,DSNY,Vendor Enforcement,Food Vendor,Manhattan,10038.0,Closed,Online,0
63588026,2025-01-01 21:57:34,2025-01-02 13:20:52,DSNY,Dirty Condition,Trash,Bronx,10466.0,Closed,Online,0
63588027,2025-01-01 12:50:32,2025-01-04 13:26:20,DSNY,Residential Disposal Complaint,Waste Left in Front of Other Residence,Brooklyn,11225.0,Closed,Online,3
63588105,2025-01-01 14:53:48,2025-01-04 12:27:00,DSNY,Dirty Condition,Trash,Queens,11413.0,Closed,Mobile,2
63588106,2025-01-01 19:10:31,2025-01-02 11:48:47,DSNY,Dirty Condition,Trash,Queens,11105.0,Closed,Mobile,0
63588107,2025-01-01 10:52:20,2025-01-07 22:39:42,DSNY,Dirty Condition,Trash,Queens,11413.0,Closed,Online,6
63588108,2025-01-01 15:05:11,2025-01-04 10:17:50,DSNY,Illegal Dumping,Removal Request,Queens,11413.0,Closed,Mobile,2
63588109,2025-01-01 20:35:54,2025-01-03 14:33:51,DSNY,Illegal Dumping,Removal Request,Queens,11428.0,Closed,Mobile,1
63588110,2025-01-01 17:44:51,2025-01-02 15:48:26,DSNY,Illegal Dumping,Removal Request,Manhattan,10025.0,Closed,Phone,0
63588111,2025-01-01 12:29:55,2025-01-02 11:48:27,DSNY,Residential Disposal Complaint,Trash or Recycling Not Secure,Manhattan,10025.0,Closed,Online,0
63588149,2025-01-01 08:59:18,2025-01-02 13:53:34,DSNY,Dirty Condition,Trash,Brooklyn,11205.0,Closed,Mobile,1
63588150,2025-01-01 01:53:52,2025-01-04 10:16:15,DSNY,Illegal Dumping,Removal Request,Queens,11423.0,Closed,Online,3
63588151,2025-01-01 20:06:42,2025-01-02 12:49:30,DSNY,Dirty Condition,Broken Glass,Manhattan,10011.0,Closed,Online,0
63588152,2025-01-01 10:20:48,2025-01-01 13:09:55,DSNY,Dirty Condition,Trash,Manhattan,10019.0,Closed,Mobile,0
63588153,2025-01-01 22:56:48,2025-01-03 06:07:57,DSNY,Dirty Condition,Trash,Bronx,10472.0,Closed,Online,1
63588154,2025-01-01 20:05:39,2025-01-06 17:58:19,DSNY,Litter Basket Request,New Basket,Brooklyn,11204.0,Closed,Online,4
63588192,2025-01-01 10:17:59,2025-01-01 13:12:37,DSNY,Dirty Condition,Trash,Manhattan,10011.0,Closed,Phone,0
63588193,2025-01-01 01:53:19,2025-01-02 13:30:37,DSNY,Residential Disposal Complaint,Mattress or Box Spring Uncovered,Staten Island,10304.0,Closed,Phone,1
63588361,2025-01-01 09:21:34,2025-01-02 13:23:01,DSNY,Dirty Condition,Trash,Queens,11361.0,Closed,Mobile,1
63588393,2025-01-01 11:07:55,2025-01-02 13:12:36,DSNY,Illegal Dumping,Removal Request,Brooklyn,11230.0,Closed,Phone,1
63588394,2025-01-01 12:10:45,2025-01-02 13:28:26,DSNY,Illegal Dumping,Removal Request,Queens,11354.0,Closed,Mobile,1
63588395,2025-01-01 23:55:10,2025-01-02 15:06:50,DSNY,Illegal Dumping,Removal Request,Brooklyn,11234.0,Closed,Phone,0
63588410,2025-01-01 16:35:12,2025-01-03 15:12:14,DSNY,Illegal Dumping,Removal Request,Staten Island,10306.0,Closed,Phone,1
63589022,2025-01-02 01:47:36,2025-02-06 02:22:24,DSNY,Graffiti,Graffiti,Bronx,10451.0,Closed,Unknown,35
63589068,2025-01-01 18:16:16,2025-01-02 12:50:50,DSNY,Illegal Posting,Poster or Sign,Brooklyn,11208.0,Closed,Online,0
63589069,2025-01-01 16:55:05,2025-01-02 05:20:28,DSNY,Residential Disposal Complaint,Waste Set Out Too Early or Too Late,Queens,11417.0,Closed,Online,0
63589073,2025-01-01 08:19:43,2025-01-03 15:53:04,DSNY,Sanitation Worker Or Vehicle Complaint,Inappropriate Behavior,Staten Island,10305.0,Closed,Phone,2
63589077,2025-01-02 01:41:40,2025-02-06 02:22:24,DSNY,Graffiti,Graffiti,Bronx,10456.0,Closed,Unknown,35
63589079,2025-01-02 01:19:23,2025-02-06 02:22:24,DSNY,Graffiti,Graffiti,Queens,11435.0,Closed,Unknown,35
63589162,2025-01-01 11:23:02,2025-01-01 13:01:26,DSNY,Vendor Enforcement,Food Vendor,Manhattan,10007.0,Closed,Online,0
63589171,2025-01-01 09:33:42,2025-01-07 10:50:40,DSNY,Dead Animal,Cat,Bronx,10469.0,Closed,Phone,6
63589172,2025-01-01 08:42:10,2025-01-03 14:07:12,DSNY,Sanitation Worker Or Vehicle Complaint,Inappropriate Behavior,Queens,11378.0,Closed,Phone,2
63589178,2025-01-02 01:37:00,2025-02-06 02:22:24,DSNY,Graffiti,Graffiti,Bronx,10451.0,Closed,Unknown,35
63589181,2025-01-01 10:18:49,2025-01-02 16:14:15,DSNY,Dead Animal,Rat or Mouse,Brooklyn,11211.0,Closed,Online,1
63589182,2025-01-01 11:36:25,2025-01-02 12:55:52,DSNY,Dirty Condition,Trash,Brooklyn,11211.0,Closed,Online,1
63589247,2025-01-01 17:42:38,2025-01-01 19:01:29,DSNY,Vendor Enforcement,Non-Food Vendor,Manhattan,10013.0,Closed,Online,0
63589248,2025-01-01 13:45:58,2025-01-03 16:20:34,DSNY,Dead Animal,Cat,Brooklyn,11218.0,Closed,Phone,2
63589249,2025-01-01 12:29:08,2025-01-03 13:29:34,DSNY,Residential Disposal Complaint,Trash or Recycling Not Secure,Brooklyn,11225.0,Closed,Online,2
63589334,2025-01-01 13:39:27,2025-01-02 04:45:13,DSNY,Dirty Condition,Trash,Brooklyn,11235.0,Closed,Online,0
63589335,2025-01-01 15:17:21,2025-01-02 12:01:29,DSNY,Dirty Condition,Trash,Queens,11105.0,Closed,Mobile,0
63589336,2025-01-01 09:50:44,2025-01-03 06:57:11,DSNY,Dirty Condition,Trash,Bronx,10465.0,Closed,Mobile,1
63589337,2025-01-01 16:10:32,2025-01-04 11:51:51,DSNY,Illegal Dumping,Removal Request,Queens,11105.0,Closed,Phone,2
63589338,2025-01-01 13:18:28,2025-01-03 16:28:21,DSNY,Illegal Dumping,Removal Request,Brooklyn,11208.0,Closed,Mobile,2
63589339,2025-01-01 15:37:57,2025-01-07 10:45:20,DSNY,Illegal Dumping,Removal Request,Bronx,10468.0,Closed,Phone,5
63589340,2025-01-01 10:05:39,2025-01-02 14:07:52,DSNY,Illegal Dumping,Removal Request,Brooklyn,11204.0,Closed,Online,1
63589441,2025-01-01 19:24:56,2025-01-02 05:20:01,DSNY,Dirty Condition,Trash,Brooklyn,11228.0,Closed,Mobile,0
63589442,2025-01-01 15:03:47,2025-01-03 06:05:01,DSNY,Dirty Condition,Trash,Brooklyn,11226.0,Closed,Mobile,1
63589450,2025-01-01 15:21:32,2025-01-02 04:58:53,DSNY,Dirty Condition,Trash,Queens,11385.0,Closed,Phone,0
63589451,2025-01-01 14:43:30,2025-01-02 11:56:57,DSNY,Dirty Condition,Trash,Queens,11355.0,Closed,Mobile,0
63589452,2025-01-01 05:33:46,2025-01-02 06:15:45,DSNY,Dirty Condition,Trash,Staten Island,10309.0,Closed,Online,1
63589455,2025-01-01 11:42:37,2025-01-13 09:02:06,DSNY,Illegal Dumping,Removal Request,Manhattan,10027.0,Closed,Online,11
63589458,2025-01-01 11:01:29,2025-01-02 06:01:01,DSNY,Dirty Condition,Broken Glass,Manhattan,10280.0,Closed,Online,0
63589674,2025-01-01 17:48:39,2025-01-02 04:36:04,DSNY,Dirty Condition,Trash,Brooklyn,11204.0,Closed,Mobile,0
63589690,2025-01-01 14:52:19,2025-01-02 13:19:53,DSNY,Residential Disposal Complaint,Trash or Recycling Not Secure,Brooklyn,11233.0,Closed,Online,0
63589696,2025-01-01 11:19:25,2025-01-07 15:09:48,DSNY,Litter Basket Request,Replacement Basket,Manhattan,10010.0,Closed,Phone,6
63590291,2025-01-01 17:30:26,2025-01-04 15:21:45,DSNY,Obstruction,Trash or Recycling,Brooklyn,11201.0,Closed,Online,2
63590323,2025-01-01 23:37:43,2025-02-06 02:22:24,DSNY,Graffiti,Graffiti,Brooklyn,11220.0,Closed,Unknown,35
63590369,2025-01-01 12:32:49,2025-01-02 13:16:34,DSNY,Illegal Dumping,Chronic Dumping,Manhattan,10011.0,Closed,Mobile,1
63590376,2025-01-02 01:21:47,2025-02-12 00:00:00,DSNY,Graffiti,Graffiti,Brooklyn,11237.0,Closed,Unknown,40
63590377,2025-01-02 01:20:39,2025-02-12 00:00:00,DSNY,Graffiti,Graffiti,Brooklyn,11237.0,Closed,Unknown,40
63590378,2025-01-01 12:40:10,2025-01-01 14:01:36,DSNY,Vendor Enforcement,Non-Food Vendor,Manhattan,10036.0,Closed,Online,0
63590379,2025-01-01 18:21:27,2025-01-02 12:53:10,DSNY,Illegal Posting,Poster or Sign,Brooklyn,11207.0,Closed,Online,0
63590380,2025-01-01 17:58:22,2025-01-02 12:52:34,DSNY,Illegal Posting,Poster or Sign,Brooklyn,11207.0,Closed,Online,0
63590381,2025-01-01 22:39:34,2025-01-03 21:52:39,DSNY,Obstruction,Merchandise,Brooklyn,11220.0,Closed,Online,1
63590382,2025-01-01 05:15:30,2025-01-03 16:29:39,DSNY,Obstruction,Weeds or Grass,Brooklyn,11249.0,Closed,Online,2
63590383,2025-01-01 23:56:00,2025-01-02 12:51:29,DSNY,Residential Disposal Complaint,Trash or Recycling Not Secure,Queens,11426.0,Closed,Online,0
63590395,2025-01-01 11:36:39,2025-01-01 13:01:37,DSNY,Commercial Disposal Complaint,Waste Disposal,Manhattan,10011.0,Closed,Phone,0
63590418,2025-01-01 15:04:40,2025-01-01 17:01:29,DSNY,Vendor Enforcement,Food Vendor,Manhattan,10012.0,Closed,Online,0
63590419,2025-01-01 11:19:52,2025-01-01 13:01:26,DSNY,Vendor Enforcement,Food Vendor,Manhattan,10005.0,Closed,Online,0
63590420,2025-01-01 12:32:31,2025-01-01 14:01:34,DSNY,Vendor Enforcement,Non-Food Vendor,Manhattan,10036.0,Closed,Online,0
63590422,2025-01-01 15:26:13,2025-01-03 11:06:38,DSNY,Dead Animal,Cat,Queens,11103.0,Closed,Online,1
63590423,2025-01-02 01:48:24,2025-05-15 00:00:00,DSNY,Graffiti,Graffiti,Bronx,10451.0,Closed,Unknown,132
63590436,2025-01-01 06:00:55,2025-01-03 13:24:11,DSNY,Illegal Posting,Poster or Sign,Staten Island,10308.0,Closed,Online,2
63590452,2025-01-01 08:56:44,2025-02-06 02:22:24,DSNY,Graffiti,Graffiti,Brooklyn,11229.0,Closed,Unknown,35
63590493,2025-01-01 14:54:56,2025-01-01 16:01:23,DSNY,Vendor Enforcement,Food Vendor,Manhattan,10012.0,Closed,Online,0
63590494,2025-01-02 01:22:23,2025-02-26 00:00:00,DSNY,Graffiti,Graffiti,Brooklyn,11237.0,Closed,Unknown,54
63590500,2025-01-01 11:33:58,2025-01-01 13:01:25,DSNY,Vendor Enforcement,Food Vendor,Manhattan,10025.0,Closed,Online,0
63590529,2025-01-01 23:50:23,2025-01-29 00:00:00,DSNY,Graffiti,Graffiti,Brooklyn,11217.0,Closed,Unknown,27
63590530,2025-01-01 04:19:01,2025-01-10 00:00:00,DSNY,Graffiti,Graffiti,Brooklyn,11211.0,Closed,Unknown,8
63590534,2025-01-01 11:59:22,2025-01-01 13:01:34,DSNY,Vendor Enforcement,Non-Food Vendor,Manhattan,10004.0,Closed,Online,0
63590536,2025-01-01 10:50:56,2025-01-02 13:48:03,DSNY,Residential Disposal Complaint,Waste Set Out Too Early or Too Late,Queens,11377.0,Closed,Online,1
63590537,2025-01-01 11:18:17,2025-01-02 13:09:14,DSNY,Residential Disposal Complaint,Trash Not Separated from Recycling,Manhattan,10002.0,Closed,Online,1
63590631,2025-01-01 10:04:44,2025-01-02 04:03:40,DSNY,Dirty Condition,Trash,Bronx,10461.0,Closed,Mobile,0
63590632,2025-01-01 09:23:43,2025-01-03 13:42:04,DSNY,Dirty Condition,Trash,Brooklyn,11220.0,Closed,Mobile,2
63590633,2025-01-01 16:32:36,2025-01-02 10:50:07,DSNY,Dirty Condition,Trash,Brooklyn,11231.0,Closed,Mobile,0
63590637,2025-01-01 12:22:17,2025-01-13 09:02:11,DSNY,Illegal Dumping,Removal Request,Manhattan,10027.0,Closed,Mobile,11
63590638,2025-01-01 10:58:16,2025-01-13 07:28:53,DSNY,Illegal Dumping,Removal Request,Manhattan,10011.0,Closed,Online,11
63590657,2025-01-01 09:01:35,2025-01-02 14:10:10,DSNY,Dirty Condition,Trash,Brooklyn,11205.0,Closed,Mobile,1
63590658,2025-01-01 15:05:39,2025-01-02 20:32:15,DSNY,Dirty Condition,Trash,Brooklyn,11226.0,Closed,Mobile,1
63590659,2025-01-01 15:11:08,2025-01-03 11:36:40,DSNY,Dirty Condition,Trash,Brooklyn,11238.0,Closed,Mobile,1
63590660,2025-01-01 09:28:27,2025-01-02 11:15:09,DSNY,Dirty Condition,Trash,Manhattan,10033.0,Closed,Mobile,1
63590661,2025-01-01 12:47:08,2025-01-02 06:38:31,DSNY,Dirty Condition,Trash,Queens,11368.0,Closed,Phone,0
63590731,2025-01-01 19:18:54,2025-01-02 13:22:47,DSNY,Dirty Condition,Trash,Brooklyn,11223.0,Closed,Online,0
63590751,2025-01-01 12:29:40,2025-01-04 12:47:19,DSNY,Dirty Condition,Trash,Bronx,10474.0,Closed,Online,3
63590752,2025-01-01 23:36:38,2025-01-02 07:30:50,DSNY,Dirty Condition,Trash,Bronx,10459.0,Closed,Online,0
63590753,2025-01-01 22:17:01,2025-01-02 12:32:35,DSNY,Dirty Condition,Trash,Staten Island,10314.0,Closed,Online,0
63590754,2025-01-01 15:01:19,2025-01-07 10:45:13,DSNY,Illegal Dumping,Removal Request,Bronx,10468.0,Closed,Phone,5
63590755,2025-01-01 13:42:45,2025-01-07 07:34:38,DSNY,Illegal Dumping,Removal Request,Queens,11101.0,Closed,Online,5
63590862,2025-01-01 09:59:35,2025-01-02 13:43:56,DSNY,Dirty Condition,Trash,Queens,11418.0,Closed,Mobile,1
63590867,2025-01-01 13:18:06,2025-01-03 11:27:30,DSNY,Dirty Condition,Trash,Queens,11101.0,Closed,Mobile,1
63590868,2025-01-01 17:36:38,2025-01-03 00:14:25,DSNY,Dirty Condition,Trash,Bronx,10456.0,Closed,Mobile,1
63590869,2025-01-01 16:08:06,2025-01-02 14:31:52,DSNY,Illegal Dumping,Removal Request,Staten Island,10301.0,Closed,Phone,0
63590870,2025-01-01 15:36:00,2025-01-24 12:11:38,DSNY,Litter Basket Request,New Basket,Bronx,10460.0,Closed,Online,22
63590911,2025-01-01 13:56:35,2025-01-02 13:06:39,DSNY,Residential Disposal Complaint,Trash or Recycling Not Secure,Manhattan,10013.0,Closed,Phone,0
63591579,2025-01-01 18:48:36,2025-01-02 16:10:54,DSNY,Obstruction,Trash or Recycling,Brooklyn,11203.0,Closed,Phone,0
63591591,2025-01-02 02:00:55,2025-02-06 02:22:24,DSNY,Graffiti,Graffiti,Bronx,10451.0,Closed,Unknown,35
63591658,2025-01-01 12:10:56,2025-01-03 12:04:32,DSNY,Dead Animal,Cat,Queens,11428.0,Closed,Phone,1
63591660,2025-01-01 15:37:09,2025-01-03 11:06:41,DSNY,Dead Animal,Cat,Queens,11106.0,Closed,Online,1
63591661,2025-01-01 06:26:17,2025-01-02 06:15:26,DSNY,Dirty Condition,Trash,Staten Island,10309.0,Closed,Online,0
63591662,2025-01-01 17:47:52,2025-01-04 12:04:54,DSNY,Illegal Dumping,Chronic Dumping,Brooklyn,11238.0,Closed,Mobile,2
63591663,2025-01-01 09:38:53,2025-01-04 10:15:29,DSNY,Illegal Dumping,Chronic Dumping,Manhattan,10024.0,Closed,Mobile,3
63591664,2025-01-01 19:15:15,2025-01-08 13:50:53,DSNY,Illegal Dumping,Chronic Dumping,Bronx,10452.0,Closed,Mobile,6
63591667,2025-01-01 14:58:42,2025-01-04 10:27:20,DSNY,Illegal Dumping,Chronic Dumping,Queens,11378.0,Closed,Mobile,2
63591672,2025-01-01 15:08:24,2025-01-02 14:31:34,DSNY,Dirty Condition,Dirt or Gravel,Staten Island,10301.0,Closed,Online,0
63591674,2025-01-01 16:26:05,2025-01-13 07:29:04,DSNY,Dirty Condition,Syringes,Manhattan,10036.0,Closed,Online,11
63591681,2025-01-01 18:26:59,2025-01-02 12:53:46,DSNY,Illegal Posting,Poster or Sign,Brooklyn,11208.0,Closed,Online,0
63591688,2025-01-01 20:24:55,2025-01-02 12:52:30,DSNY,Residential Disposal Complaint,Waste Left in Front of Other Residence,Queens,11413.0,Closed,Phone,0
63591698,2025-01-02 02:02:38,2025-02-06 02:22:24,DSNY,Graffiti,Graffiti,Bronx,10456.0,Closed,Unknown,35
63591699,2025-01-02 01:51:06,2025-02-06 02:22:24,DSNY,Graffiti,Graffiti,Bronx,10451.0,Closed,Unknown,35
63591742,2025-01-01 11:35:26,2025-01-01 13:01:34,DSNY,Vendor Enforcement,Non-Food Vendor,Manhattan,10004.0,Closed,Online,0
63591744,2025-01-01 11:46:07,2025-01-01 13:01:25,DSNY,Vendor Enforcement,Food Vendor,Manhattan,10011.0,Closed,Phone,0
63591747,2025-01-01 11:26:58,2025-01-01 13:01:27,DSNY,Vendor Enforcement,Food Vendor,Manhattan,10048.0,Closed,Online,0
63591760,2025-01-01 05:20:36,2025-01-03 13:32:33,DSNY,Illegal Posting,Poster or Sign,Staten Island,10312.0,Closed,Online,2
63591772,2025-01-01 02:49:37,2025-01-07 17:47:41,DSNY,Illegal Dumping,Chronic Dumping,Brooklyn,11226.0,Closed,Online,6
63591776,2025-01-01 18:21:05,2025-01-09 06:39:36,DSNY,Illegal Dumping,Chronic Dumping,Bronx,10453.0,Closed,Mobile,7
63591777,2025-01-01 18:11:55,2025-01-02 12:51:08,DSNY,Illegal Posting,Poster or Sign,Brooklyn,11207.0,Closed,Online,0
63591778,2025-01-01 16:40:06,2025-01-02 13:29:33,DSNY,Residential Disposal Complaint,Trash or Recycling Not Secure,Bronx,10451.0,Closed,Online,0
63591840,2025-01-01 12:50:17,2025-01-02 06:42:53,DSNY,Dirty Condition,Trash,Brooklyn,11217.0,Closed,Online,0
63591844,2025-01-01 15:34:28,2025-01-02 04:32:34,DSNY,Dirty Condition,Trash,Brooklyn,11214.0,Closed,Online,0
63591845,2025-01-01 20:57:48,2025-01-02 06:39:18,DSNY,Dirty Condition,Trash,Manhattan,10006.0,Closed,Online,0
63591846,2025-01-01 09:17:47,2025-01-02 13:35:38,DSNY,Dirty Condition,Trash,Queens,11385.0,Closed,Online,1
63591847,2025-01-01 13:40:24,2025-01-03 04:00:05,DSNY,Dirty Condition,Trash,Manhattan,10026.0,Closed,Online,1
63591848,2025-01-01 15:16:27,2025-01-03 12:55:05,DSNY,Illegal Dumping,Removal Request,Bronx,10459.0,Closed,Phone,1
63591850,2025-01-01 20:55:06,2025-01-18 13:02:50,DSNY,Litter Basket Request,Replacement Basket,Brooklyn,11225.0,Closed,Online,16
63591867,2025-01-01 03:00:29,2025-01-02 13:10:33,DSNY,Abandoned Bike,Chained to Public Property,Brooklyn,11226.0,Closed,Online,1
63591868,2025-01-01 17:08:18,2025-01-02 23:21:39,DSNY,Dirty Condition,Trash,Bronx,10458.0,Closed,Mobile,1
63591869,2025-01-01 21:58:39,2025-01-02 12:15:43,DSNY,Dirty Condition,Trash,Manhattan,10001.0,Closed,Mobile,0
63591873,2025-01-01 17:34:58,2025-01-03 06:25:06,DSNY,Dirty Condition,Trash,Staten Island,10309.0,Closed,Online,1
63591874,2025-01-01 10:40:57,2025-01-02 08:54:55,DSNY,Illegal Dumping,Removal Request,Queens,11370.0,Closed,Mobile,0
63591875,2025-01-01 18:44:23,2025-01-03 14:03:18,DSNY,Illegal Dumping,Removal Request,Bronx,10460.0,Closed,Mobile,1
63591876,2025-01-01 15:30:13,2025-01-07 10:44:08,DSNY,Illegal Dumping,Removal Request,Bronx,10466.0,Closed,Phone,5
63591915,2025-01-01 11:06:50,2025-01-02 12:24:02,DSNY,Dirty Condition,Trash,Manhattan,10009.0,Closed,Mobile,1
63591936,2025-01-01 09:46:20,2025-01-02 05:29:26,DSNY,Dirty Condition,Trash,Queens,11420.0,Closed,Online,0
63591937,2025-01-01 13:17:34,2025-01-02 07:08:09,DSNY,Dirty Condition,Trash,Queens,11420.0,Closed,Online,0
63591938,2025-01-01 06:37:08,2025-01-02 12:00:21,DSNY,Dirty Condition,Trash,Staten Island,10314.0,Closed,Online,1
63591939,2025-01-01 21:53:02,2025-01-03 06:57:41,DSNY,Illegal Dumping,Removal Request,Brooklyn,11225.0,Closed,Mobile,1
63591940,2025-01-01 09:58:26,2025-01-03 14:47:07,DSNY,Illegal Dumping,Removal Request,Bronx,10461.0,Closed,Mobile,2
63591948,2025-01-01 16:08:16,2025-01-02 01:06:27,DSNY,Dirty Condition,Trash,Brooklyn,11229.0,Closed,Mobile,0
63591967,2025-01-01 10:04:14,2025-01-02 11:57:27,DSNY,Illegal Dumping,Removal Request,Staten Island,10306.0,Closed,Mobile,1
63592824,2025-01-01 22:23:08,2025-01-02 15:47:56,DSNY,Dumpster Complaint,Overflowing dumpster,Manhattan,10031.0,Closed,Online,0
63592865,2025-01-02 01:40:44,2025-02-26 00:00:00,DSNY,Graffiti,Graffiti,Bronx,10456.0,Closed,Unknown,54
63592882,2025-01-02 01:45:16,2025-02-06 02:22:24,DSNY,Graffiti,Graffiti,Bronx,10456.0,Closed,Unknown,35
63592895,2025-01-01 22:21:10,2025-02-06 02:22:24,DSNY,Graffiti,Graffiti,Bronx,10458.0,Closed,Unknown,35
63593007,2025-01-01 11:59:50,2025-01-24 12:07:33,DSNY,Dead Animal,Cat,Bronx,10456.0,Closed,Online,23
63593066,2025-01-01 17:58:54,2025-01-01 19:01:29,DSNY,Vendor Enforcement,Non-Food Vendor,Manhattan,10020.0,Closed,Online,0
63593067,2025-01-01 21:19:58,2025-01-01 23:01:21,DSNY,Vendor Enforcement,Food Vendor,Brooklyn,11217.0,Closed,Online,0
63593068,2025-01-01 11:13:47,2025-01-01 13:01:33,DSNY,Vendor Enforcement,Non-Food Vendor,Manhattan,10005.0,Closed,Online,0
63593069,2025-01-01 05:05:42,2025-01-01 07:01:39,DSNY,Vendor Enforcement,Food Vendor,Brooklyn,11249.0,Closed,Online,0
63593070,2025-01-01 11:18:47,2025-01-01 13:01:28,DSNY,Vendor Enforcement,Food Vendor,Brooklyn,11201.0,Closed,Online,0
63593071,2025-01-01 13:11:19,2025-01-01 15:01:29,DSNY,Vendor Enforcement,Food Vendor,Manhattan,10036.0,Closed,Online,0
63593072,2025-01-01 18:18:15,2025-01-02 12:50:35,DSNY,Illegal Posting,Poster or Sign,Brooklyn,11207.0,Closed,Online,0
63593076,2025-01-01 09:55:37,2025-01-02 13:11:18,DSNY,Dead Animal,Cat,Brooklyn,11226.0,Closed,Online,1
63593077,2025-01-01 05:56:25,2025-01-03 13:33:33,DSNY,Illegal Posting,Poster or Sign,Staten Island,10312.0,Closed,Online,2
63593086,2025-01-01 17:31:31,2025-01-02 11:49:36,DSNY,Residential Disposal Complaint,Waste Set Out Too Early or Too Late,Staten Island,10309.0,Closed,Phone,0
63593150,2025-01-01 15:08:18,2025-01-02 06:53:51,DSNY,Dirty Condition,Trash,Manhattan,10024.0,Closed,Mobile,0
63593154,2025-01-01 08:50:53,2025-01-02 08:54:37,DSNY,Illegal Dumping,Removal Request,Queens,11372.0,Closed,Phone,1
63593155,2025-01-01 11:08:00,2025-01-02 06:22:40,DSNY,Dirty Condition,Trash,Brooklyn,11229.0,Closed,Online,0
63593217,2025-01-01 13:37:27,2025-01-02 23:05:12,DSNY,Dirty Condition,Trash,Brooklyn,11207.0,Closed,Mobile,1
63593218,2025-01-01 15:09:38,2025-01-02 06:52:04,DSNY,Dirty Condition,Trash,Manhattan,10024.0,Closed,Mobile,0
63593219,2025-01-01 11:39:53,2025-01-02 10:13:40,DSNY,Dirty Condition,Trash,Manhattan,10011.0,Closed,Phone,0
63593220,2025-01-01 10:03:58,2025-01-02 16:11:39,DSNY,Illegal Dumping,Removal Request,Brooklyn,11207.0,Closed,Phone,1
63593253,2025-01-01 20:23:24,2025-01-02 07:10:31,DSNY,Dirty Condition,Trash,Bronx,10454.0,Closed,Mobile,0
63593254,2025-01-01 15:46:53,2025-01-02 13:03:09,DSNY,Dirty Condition,Trash,Queens,11358.0,Closed,Mobile,0
63593255,2025-01-01 08:31:34,2025-01-04 13:11:20,DSNY,Dirty Condition,Trash,Queens,11101.0,Closed,Mobile,3
63593256,2025-01-01 18:34:04,2025-01-02 08:46:32,DSNY,Dirty Condition,Trash,Manhattan,10022.0,Closed,Online,0
63593257,2025-01-01 07:28:37,2025-01-02 06:43:12,DSNY,Dirty Condition,Trash,Queens,11368.0,Closed,Online,0
63593258,2025-01-01 16:03:58,2025-01-13 07:17:07,DSNY,Illegal Dumping,Removal Request,Manhattan,10011.0,Closed,Mobile,11
63593273,2025-01-01 17:10:20,2025-01-13 08:32:58,DSNY,Litter Basket Request,Replacement Basket,Manhattan,10023.0,Closed,Online,11
63593274,2025-01-01 20:58:22,2025-01-02 12:54:11,DSNY,Obstruction,Cone,Queens,11435.0,Closed,Phone,0
63593346,2025-01-01 21:36:00,2025-01-02 02:03:00,DSNY,Derelict Vehicles,Derelict Vehicles,Brooklyn,11221.0,Closed,Phone,0
63594023,2025-01-01 02:37:08,2025-01-02 13:11:58,DSNY,Dumpster Complaint,Overflowing dumpster,Brooklyn,11224.0,Closed,Online,1
63594072,2025-01-01 11:41:40,2025-01-04 15:23:06,DSNY,Obstruction,Trash or Recycling,Brooklyn,11238.0,Closed,Online,3
63594073,2025-01-01 10:53:05,2025-01-13 05:59:12,DSNY,Obstruction,Trash or Recycling,Manhattan,10003.0,Closed,Online,11
63594098,2025-01-02 01:35:46,2025-02-06 02:22:24,DSNY,Graffiti,Graffiti,Bronx,10451.0,Closed,Unknown,35
63594099,2025-01-02 01:26:24,2025-01-03 00:00:00,DSNY,Graffiti,Graffiti,Manhattan,10003.0,Closed,Unknown,0
63594154,2025-01-02 01:51:58,2025-02-06 02:22:24,DSNY,Graffiti,Graffiti,Bronx,10456.0,Closed,Unknown,35
63594175,2025-01-01 23:37:06,2025-02-06 02:22:24,DSNY,Graffiti,Graffiti,Brooklyn,11220.0,Closed,Unknown,35
63594201,2025-01-01 18:08:45,2025-01-02 12:51:42,DSNY,Illegal Posting,Poster or Sign,Brooklyn,11208.0,Closed,Online,0
63594202,2025-01-01 18:05:52,2025-01-02 12:51:58,DSNY,Illegal Posting,Poster or Sign,Brooklyn,11207.0,Closed,Online,0
63594204,2025-01-01 19:20:26,2025-01-02 09:37:13,DSNY,Residential Disposal Complaint,Waste Set Out Too Early or Too Late,Queens,11357.0,Closed,Online,0
63594212,2025-01-01 06:16:34,2025-01-02 06:43:17,DSNY,Dirty Condition,Trash,Staten Island,10312.0,Closed,Online,1
63594213,2025-01-01 22:18:48,2025-01-02 06:28:43,DSNY,Dirty Condition,Trash,Manhattan,10032.0,Closed,Online,0
63594214,2025-01-01 11:48:30,2025-01-03 20:30:25,DSNY,Residential Disposal Complaint,Waste Set Out Too Early or Too Late,Brooklyn,11201.0,Closed,Online,2
63594244,2025-01-02 01:34:09,2025-05-15 00:00:00,DSNY,Graffiti,Graffiti,Bronx,10451.0,Closed,Unknown,132
63594303,2025-01-01 22:31:27,2025-01-02 14:55:48,DSNY,Dead Animal,Opossum,Brooklyn,11236.0,Closed,Phone,0
63594304,2025-01-01 06:57:47,2025-01-03 21:06:27,DSNY,Dirty Condition,Dog Waste,Bronx,10467.0,Closed,Phone,2
63594305,2025-01-01 09:55:18,2025-01-02 08:17:06,DSNY,Dirty Condition,Syringes,Manhattan,10128.0,Closed,Phone,0
63594306,2025-01-01 11:26:37,2025-01-07 04:33:36,DSNY,Illegal Dumping,Chronic Dumping,Brooklyn,11215.0,Closed,Mobile,5
63594309,2025-01-01 09:40:41,2025-01-02 12:14:54,DSNY,Obstruction,Merchandise,Queens,11354.0,Closed,Online,1
63594313,2025-01-01 17:18:27,2025-01-01 19:01:24,DSNY,Vendor Enforcement,Food Vendor,Brooklyn,11201.0,Closed,Online,0
63594341,2025-01-01 10:58:17,2025-01-02 13:11:43,DSNY,Dirty Condition,Debris from Car Accident,Brooklyn,11230.0,Closed,Online,1
63594342,2025-01-01 12:04:29,2025-01-02 14:52:32,DSNY,Abandoned Bike,Chained to Public Property,Brooklyn,11214.0,Closed,Online,1
63594343,2025-01-01 16:07:36,2025-01-02 10:46:13,DSNY,Dirty Condition,Trash,Brooklyn,11229.0,Closed,Mobile,0
63594344,2025-01-01 17:09:23,2025-01-02 13:20:35,DSNY,Dirty Condition,Broken Glass,Staten Island,10314.0,Closed,Online,0
63594352,2025-01-01 07:52:18,2025-01-03 12:08:59,DSNY,Dead Animal,Bird,Queens,11429.0,Closed,Phone,2
63594355,2025-01-01 22:34:58,2025-01-03 07:46:49,DSNY,Dirty Condition,Trash,Brooklyn,11230.0,Closed,Mobile,1
63594356,2025-01-01 18:01:04,2025-01-02 10:15:32,DSNY,Dirty Condition,Trash,Manhattan,10001.0,Closed,Mobile,0
63594357,2025-01-01 20:31:14,2025-01-03 16:27:56,DSNY,Illegal Dumping,Removal Request,Brooklyn,11208.0,Closed,Phone,1
63594358,2025-01-01 17:27:15,2025-01-13 06:22:10,DSNY,Illegal Dumping,Removal Request,Manhattan,10016.0,Closed,Online,11
63594359,2025-01-01 06:06:49,2025-01-03 15:15:31,DSNY,Illegal Dumping,Removal Request,Staten Island,10314.0,Closed,Online,2
63594360,2025-01-01 21:52:31,2025-01-02 13:13:16,DSNY,Litter Basket Request,New Basket,Brooklyn,11201.0,Closed,Online,0
63594529,2025-01-01 17:04:56,2025-01-03 07:21:03,DSNY,Dirty Condition,Trash,Queens,11422.0,Closed,Mobile,1
63594530,2025-01-01 12:41:28,2025-01-02 10:47:30,DSNY,Dirty Condition,Trash,Brooklyn,11229.0,Closed,Phone,0
63594531,2025-01-01 12:14:19,2025-01-02 15:04:03,DSNY,Illegal Dumping,Removal Request,Brooklyn,11214.0,Closed,Phone,1
63594532,2025-01-01 14:25:22,2025-01-02 13:04:54,DSNY,Dirty Condition,Trash,Queens,11358.0,Closed,Mobile,0
63594544,2025-01-01 16:10:45,2025-01-03 16:21:29,DSNY,Illegal Dumping,Removal Request,Brooklyn,11220.0,Closed,Phone,2
63594546,2025-01-01 15:54:34,2025-01-03 16:23:59,DSNY,Obstruction,Sign,Brooklyn,11232.0,Closed,Phone,2
63595266,2025-01-02 01:41:08,2025-02-06 02:22:24,DSNY,Graffiti,Graffiti,Bronx,10456.0,Closed,Unknown,35
63595274,2025-01-01 09:41:42,2025-02-06 02:22:24,DSNY,Graffiti,Graffiti,Manhattan,10069.0,Closed,Unknown,35
63595331,2025-01-01 20:25:12,2025-01-02 15:10:23,DSNY,Obstruction,Trash or Recycling,Brooklyn,11234.0,Closed,Phone,0
63595336,2025-01-01 14:58:22,2025-01-01 16:01:25,DSNY,Vendor Enforcement,Food Vendor,Manhattan,10012.0,Closed,Online,0
63595337,2025-01-01 15:32:20,2025-01-01 17:01:26,DSNY,Vendor Enforcement,Food Vendor,Brooklyn,11201.0,Closed,Online,0
63595338,2025-01-01 16:55:35,2025-01-01 18:01:29,DSNY,Vendor Enforcement,Food Vendor,Queens,11354.0,Closed,Phone,0
63595339,2025-01-01 18:24:38,2025-01-02 12:53:29,DSNY,Illegal Posting,Poster or Sign,Brooklyn,11207.0,Closed,Online,0
63595378,2025-01-01 14:40:23,2025-01-01 16:01:23,DSNY,Vendor Enforcement,Food Vendor,Manhattan,10012.0,Closed,Online,0
63595379,2025-01-01 17:54:39,2025-01-02 12:52:50,DSNY,Illegal Posting,Poster or Sign,Brooklyn,11207.0,Closed,Online,0
63595424,2025-01-01 23:38:13,2025-02-06 02:22:24,DSNY,Graffiti,Graffiti,Brooklyn,11220.0,Closed,Unknown,35
63595485,2025-01-01 11:59:50,2025-01-02 15:47:38,DSNY,Dead Animal,Cat,Manhattan,10027.0,Closed,Online,1
63595486,2025-01-01 21:57:14,2025-01-18 13:08:27,DSNY,Dirty Condition,Syringes,Brooklyn,11237.0,Closed,Phone,16
63595487,2025-01-01 18:02:01,2025-01-02 12:52:15,DSNY,Illegal Posting,Poster or Sign,Brooklyn,11208.0,Closed,Online,0
63595488,2025-01-01 14:56:35,2025-01-01 16:01:24,DSNY,Vendor Enforcement,Food Vendor,Manhattan,10012.0,Closed,Online,0
63595489,2025-01-01 12:10:28,2025-01-01 14:01:29,DSNY,Vendor Enforcement,Food Vendor,Manhattan,10025.0,Closed,Online,0
63595520,2025-01-02 13:31:57,2025-01-03 10:44:11,DSNY,Dirty Condition,Trash,Brooklyn,11214.0,Closed,Mobile,0
63595521,2025-01-02 10:11:03,2025-01-04 13:42:07,DSNY,Dirty Condition,Trash,Bronx,10468.0,Closed,Mobile,2
63595522,2025-01-02 10:20:05,2025-01-03 11:18:09,DSNY,Dirty Condition,Trash,Queens,11416.0,Closed,Mobile,1
63595523,2025-01-02 10:44:45,2025-01-07 13:30:09,DSNY,Dirty Condition,Trash,Brooklyn,11249.0,Closed,Mobile,5
63595524,2025-01-02 08:33:03,2025-01-02 21:41:18,DSNY,Residential Disposal Complaint,Trash or Recycling Not Secure,Brooklyn,11207.0,Closed,Online,0
63595525,2025-01-02 08:23:04,2025-01-03 13:44:36,DSNY,Dirty Condition,Trash,Brooklyn,11226.0,Closed,Mobile,1
63595528,2025-01-02 10:19:28,2025-01-02 13:51:52,DSNY,Dirty Condition,Trash,Manhattan,10031.0,Closed,Mobile,0
63595533,2025-01-02 12:44:45,2025-01-03 11:16:35,DSNY,Dirty Condition,Trash,Queens,11416.0,Closed,Mobile,0
63595534,2025-01-02 12:14:56,2025-01-03 00:14:29,DSNY,Dirty Condition,Trash,Bronx,10456.0,Closed,Mobile,0
63595535,2025-01-02 13:14:39,2025-01-03 06:25:58,DSNY,Dirty Condition,Trash,Bronx,10460.0,Closed,Mobile,0
63595537,2025-01-02 15:08:17,2025-01-04 07:18:54,DSNY,Dirty Condition,Trash,Queens,11105.0,Closed,Phone,1
63595538,2025-01-02 11:09:13,2025-01-07 12:30:35,DSNY,Dumpster Complaint,Overflowing dumpster,Queens,11694.0,Closed,Online,5
63595539,2025-01-02 10:48:08,2025-01-03 05:07:48,DSNY,Dirty Condition,Trash,Bronx,10452.0,Closed,Mobile,0
63595541,2025-01-03 00:07:50,2025-01-03 09:43:48,DSNY,Dirty Condition,Trash,Queens,11419.0,Closed,Mobile,0
63595542,2025-01-02 13:35:23,2025-01-04 06:53:16,DSNY,Dirty Condition,Trash,Bronx,10461.0,Closed,Online,1
63595543,2025-01-02 19:34:36,2025-01-03 14:47:19,DSNY,Dead Animal,Other,Bronx,10471.0,Closed,Phone,0
63595546,2025-01-02 10:05:56,2025-01-03 11:07:25,DSNY,Illegal Dumping,Removal Request,Queens,11105.0,Closed,Online,1
63595547,2025-01-02 13:36:44,2025-01-04 15:23:44,DSNY,Illegal Dumping,Removal Request,Brooklyn,11221.0,Closed,Online,2
63595548,2025-01-02 14:01:50,2025-01-03 12:54:04,DSNY,Obstruction,Cone,Brooklyn,11230.0,Closed,Phone,0
63595550,2025-01-02 11:21:54,2025-01-03 13:37:51,DSNY,Dirty Condition,Trash,Queens,11435.0,Closed,Online,1
63595554,2025-01-02 18:29:42,2025-01-03 16:28:14,DSNY,Illegal Dumping,Removal Request,Brooklyn,11207.0,Closed,Online,0
63595555,2025-01-02 08:38:39,2025-01-18 12:52:10,DSNY,Illegal Dumping,Removal Request,Brooklyn,11238.0,Closed,Mobile,16
63595556,2025-01-02 06:47:18,2025-01-04 15:29:50,DSNY,Obstruction,Trash or Recycling,Manhattan,10001.0,Closed,Online,2
63595558,2025-01-02 21:46:37,2025-01-03 12:52:08,DSNY,Illegal Dumping,Removal Request,Bronx,10459.0,Closed,Online,0
63595559,2025-01-02 23:54:29,2025-01-03 13:01:15,DSNY,Residential Disposal Complaint,Trash or Recycling Not Secure,Queens,11377.0,Closed,Online,0
63595561,2025-01-02 17:22:37,2025-01-03 00:59:41,DSNY,Obstruction,Cone,Manhattan,10021.0,Closed,Online,0
63595563,2025-01-02 23:31:33,2025-01-03 13:30:12,DSNY,Dirty Condition,Trash,Brooklyn,11210.0,Closed,Phone,0
63595565,2025-01-02 15:21:26,2025-01-03 13:46:26,DSNY,Obstruction,Cone,Brooklyn,11236.0,Closed,Phone,0
63595568,2025-01-02 08:05:08,2025-01-03 14:02:30,DSNY,Illegal Dumping,Removal Request,Queens,11421.0,Closed,Unknown,1
63595569,2025-01-02 06:51:22,2025-01-03 12:11:30,DSNY,Residential Disposal Complaint,Trash or Recycling Not Secure,Manhattan,10018.0,Closed,Online,1
63595574,2025-01-02 10:37:40,2025-01-04 10:14:30,DSNY,Street Sweeping Complaint,Inadequate Sweeping,Queens,11367.0,Closed,Phone,1
63595579,2025-01-02 12:24:30,2025-01-02 20:12:45,DSNY,Dirty Condition,Dog Waste,Manhattan,10016.0,Closed,Online,0
63595584,2025-01-02 12:17:51,2025-01-03 16:19:59,DSNY,Litter Basket Request,Replacement Basket,Brooklyn,11214.0,Closed,Online,1
63595587,2025-01-02 09:47:40,2025-01-03 12:08:12,DSNY,Street Sweeping Complaint,Inadequate Sweeping,Brooklyn,11235.0,Closed,Online,1
63595588,2025-01-02 12:48:56,2025-01-18 13:10:20,DSNY,Street Sweeping Complaint,Inadequate Sweeping,Brooklyn,11207.0,Closed,Phone,16
63595606,2025-01-02 18:55:50,2025-02-03 00:00:00,DSNY,Graffiti,Graffiti,Bronx,10454.0,Closed,Unknown,31
63595747,2025-01-02 14:57:54,2025-02-07 02:22:23,DSNY,Graffiti,Graffiti,Brooklyn,11211.0,Closed,Unknown,35
63595761,2025-01-02 22:38:33,2025-01-17 00:00:00,DSNY,Graffiti,Graffiti,Brooklyn,11220.0,Closed,Unknown,14
63595767,2025-01-02 15:20:41,2025-01-02 22:52:43,DSNY,Residential Disposal Complaint,Waste Set Out Too Early or Too Late,Queens,11104.0,Closed,Online,0
63595769,2025-01-02 13:54:58,2025-01-02 15:01:38,DSNY,Vendor Enforcement,Non-Food Vendor,Manhattan,10013.0,Closed,Online,0
63595780,2025-01-02 22:50:31,2025-01-03 10:19:48,DSNY,Obstruction,Cone,Queens,11377.0,Closed,Online,0
63595790,2025-01-02 01:31:04,2025-01-02 03:01:43,DSNY,Vendor Enforcement,Food Vendor,Brooklyn,11204.0,Closed,Phone,0
63595791,2025-01-02 10:54:08,2025-01-02 12:01:46,DSNY,Vendor Enforcement,Food Vendor,Manhattan,10005.0,Closed,Phone,0
63595796,2025-01-02 13:37:44,2025-01-03 07:35:17,DSNY,Dirty Condition,Trash,Bronx,10469.0,Closed,Phone,0
63595805,2025-01-02 15:21:47,2025-01-03 15:18:21,DSNY,Dead Animal,Cat,Staten Island,10309.0,Closed,Phone,0
63595806,2025-01-02 16:07:19,2025-01-07 10:43:54,DSNY,Illegal Dumping,Chronic Dumping,Bronx,10470.0,Closed,Mobile,4
63595807,2025-01-02 16:42:06,2025-01-03 23:15:11,DSNY,Residential Disposal Complaint,Waste Set Out Too Early or Too Late,Brooklyn,11221.0,Closed,Online,1
63595813,2025-01-02 22:49:16,2025-01-06 08:49:23,DSNY,Illegal Dumping,Chronic Dumping,Manhattan,10025.0,Closed,Mobile,3
63595817,2025-01-02 10:48:10,2025-01-03 10:36:40,DSNY,Dirty Condition,Trash,Staten Island,10304.0,Closed,Online,0
63595819,2025-01-02 09:26:14,2025-01-03 06:51:17,DSNY,Dirty Condition,Trash,Bronx,10467.0,Closed,Phone,0
63595829,2025-01-02 08:02:18,2025-01-03 13:22:43,DSNY,Illegal Dumping,Chronic Dumping,Manhattan,10128.0,Closed,Mobile,1
63595832,2025-01-02 20:36:16,2025-01-03 14:14:42,DSNY,Sanitation Worker Or Vehicle Complaint,Inappropriate Behavior,Queens,11415.0,Closed,Phone,0
63595849,2025-01-01 15:05:00,2025-01-02 07:50:00,DSNY,Derelict Vehicles,Derelict Vehicles,Bronx,10467.0,Closed,Phone,0
63595852,2025-01-02 07:11:49,2025-01-03 13:29:35,DSNY,Illegal Posting,Poster or Sign,Staten Island,10308.0,Closed,Online,1
63595869,2025-01-02 10:32:55,2025-01-07 10:44:30,DSNY,Illegal Dumping,Removal Request,Bronx,10451.0,Closed,Online,5
63595870,2025-01-02 15:04:57,2025-01-04 15:20:57,DSNY,Illegal Dumping,Removal Request,Brooklyn,11223.0,Closed,Mobile,2
63595871,2025-01-02 20:46:38,2025-01-03 14:47:14,DSNY,Illegal Dumping,Removal Request,Bronx,10471.0,Closed,Mobile,0
63595875,2025-01-01 01:39:00,2025-01-02 20:36:00,DSNY,Derelict Vehicles,Derelict Vehicles,Brooklyn,11228.0,Closed,Phone,1
63595883,2025-01-02 10:39:51,2025-01-07 09:30:22,DSNY,Illegal Dumping,Removal Request,Queens,11101.0,Closed,Online,4
63595886,2025-01-02 07:07:38,2025-01-03 13:20:48,DSNY,Illegal Posting,Poster or Sign,Staten Island,10312.0,Closed,Online,1
63595888,2025-01-03 00:51:43,2025-01-07 12:01:22,DSNY,Sanitation Worker Or Vehicle Complaint,Spilled Garbage,Bronx,10458.0,Closed,Online,4
63595892,2025-01-02 14:24:43,2025-01-04 15:02:33,DSNY,Illegal Dumping,Removal Request,Brooklyn,11219.0,Closed,Unknown,2
63595893,2025-01-02 23:54:12,2025-01-13 07:28:49,DSNY,Dead Animal,Bird,Manhattan,10036.0,Closed,Online,10
63595895,2025-01-02 11:48:57,2025-01-07 09:31:56,DSNY,Street Sweeping Complaint,Inadequate Sweeping,Queens,11105.0,Closed,Online,4
63595896,2025-01-02 09:52:36,2025-01-03 07:20:12,DSNY,Street Sweeping Complaint,Inadequate Sweeping,Brooklyn,11214.0,Closed,Online,0
63595897,2025-01-02 12:01:07,2025-01-18 12:52:40,DSNY,Street Sweeping Complaint,Inadequate Sweeping,Brooklyn,11233.0,Closed,Online,16
63595898,2025-01-02 20:20:23,2025-01-06 07:05:25,DSNY,Street Sweeping Complaint,Inadequate Sweeping,Queens,11105.0,Closed,Online,3
63595899,2025-01-02 23:51:00,2025-01-03 02:57:00,DSNY,Derelict Vehicles,Derelict Vehicles,Queens,11379.0,Closed,Phone,0
63595900,2025-01-02 10:38:00,2025-01-02 23:24:00,DSNY,Derelict Vehicles,Derelict Vehicles,Bronx,10465.0,Closed,Phone,0
63595907,2025-01-02 10:05:00,2025-01-03 00:13:00,DSNY,Derelict Vehicles,Derelict Vehicles,Queens,11421.0,Closed,Phone,0
63595909,2025-01-02 17:33:44,2025-01-06 21:32:13,DSNY,Street Sweeping Complaint,Street Not Swept,Queens,11419.0,Closed,Phone,4
63595924,2025-01-02 09:10:09,2025-03-19 00:00:00,DSNY,Graffiti,Graffiti,Brooklyn,11207.0,Closed,Unknown,75
63595929,2025-01-02 17:51:09,2025-01-29 00:00:00,DSNY,Graffiti,Graffiti,Bronx,10462.0,Closed,Unknown,26
63595938,2025-01-01 13:11:00,2025-01-02 10:33:00,DSNY,Derelict Vehicles,Derelict Vehicles,Staten Island,10301.0,Closed,Phone,0
63595939,2025-01-02 17:51:59,2025-01-29 00:00:00,DSNY,Graffiti,Graffiti,Bronx,10462.0,Closed,Unknown,26
63595989,2025-01-01 14:45:00,2025-01-02 04:17:00,DSNY,Derelict Vehicles,Derelict Vehicles,Brooklyn,11208.0,Closed,Phone,0
63595991,2025-01-02 16:34:30,2025-01-07 18:43:47,DSNY,Illegal Dumping,Chronic Dumping,Brooklyn,11214.0,Closed,Mobile,5
63596037,2025-01-01 18:34:00,2025-01-02 05:08:00,DSNY,Derelict Vehicles,Derelict Vehicles,Bronx,10465.0,Closed,Phone,0
63596038,2025-01-01 17:56:00,2025-01-02 11:39:00,DSNY,Derelict Vehicles,Derelict Vehicles,Queens,11363.0,Closed,Phone,0
63596048,2025-01-02 10:41:00,2025-01-02 23:25:00,DSNY,Derelict Vehicles,Derelict Vehicles,Bronx,10465.0,Closed,Phone,0
63596074,2025-01-02 09:46:00,2025-01-02 21:04:00,DSNY,Derelict Vehicles,Derelict Vehicles,Queens,11370.0,Closed,Phone,0
63596081,2025-01-02 01:49:00,2025-01-02 13:40:00,DSNY,Derelict Vehicles,Derelict Vehicles,Staten Island,10309.0,Closed,Phone,0
63596086,2025-01-02 14:53:22,2025-01-08 15:25:56,DSNY,Dirty Condition,Trash,Bronx,10468.0,Closed,Online,6
63596090,2025-01-02 09:30:15,2025-01-03 15:19:53,DSNY,Obstruction,Weeds or Grass,Staten Island,10307.0,Closed,Online,1
63596092,2025-01-02 09:55:42,2025-01-04 15:32:09,DSNY,Dirty Condition,Syringes,Staten Island,10306.0,Closed,Phone,2
63596139,2025-01-02 15:41:06,2025-01-02 17:01:34,DSNY,Vendor Enforcement,Non-Food Vendor,Bronx,10468.0,Closed,Online,0
63596146,2025-01-01 05:45:00,2025-01-03 06:55:00,DSNY,Derelict Vehicles,Derelict Vehicles,Bronx,10452.0,Closed,Phone,2
63596156,2025-01-02 06:16:00,2025-01-03 06:54:00,DSNY,Derelict Vehicles,Derelict Vehicles,Bronx,10455.0,Closed,Phone,1
63596162,2025-01-02 09:43:54,2025-01-04 13:55:14,DSNY,Dirty Condition,Trash,Brooklyn,11234.0,Closed,Online,2
63596163,2025-01-02 16:06:05,2025-01-03 13:49:14,DSNY,Dirty Condition,Trash,Brooklyn,11226.0,Closed,Phone,0
63596164,2025-01-02 20:28:00,2025-01-08 12:38:49,DSNY,Illegal Posting,Poster or Sign,Queens,11361.0,Closed,Online,5
63597384,2025-01-02 12:21:26,2025-01-03 07:10:23,DSNY,Dirty Condition,Trash,Brooklyn,11226.0,Closed,Mobile,0
63597385,2025-01-02 18:16:05,2025-01-03 05:56:34,DSNY,Dirty Condition,Trash,Queens,11385.0,Closed,Mobile,0
63597399,2025-01-02 12:20:52,2025-01-03 00:24:15,DSNY,Dirty Condition,Trash,Bronx,10452.0,Closed,Phone,0
63597407,2025-01-02 12:03:52,2025-01-02 14:01:40,DSNY,Commercial Disposal Complaint,Waste Disposal,Manhattan,10036.0,Closed,Phone,0
63597408,2025-01-02 13:57:52,2025-01-02 15:01:42,DSNY,Commercial Disposal Complaint,Waste Disposal,Staten Island,10305.0,Closed,Phone,0
63597413,2025-01-02 17:53:09,2025-01-03 10:28:34,DSNY,Dirty Condition,Trash,Manhattan,10019.0,Closed,Mobile,0
63597414,2025-01-02 17:27:27,2025-01-03 13:17:54,DSNY,Dirty Condition,Trash,Brooklyn,11226.0,Closed,Mobile,0
63597415,2025-01-02 10:14:12,2025-01-03 13:40:41,DSNY,Dirty Condition,Trash,Manhattan,10065.0,Closed,Mobile,1
63597420,2025-01-02 14:18:43,2025-01-06 22:18:19,DSNY,Dumpster Complaint,Overflowing dumpster,Staten Island,10307.0,Closed,Phone,4
63597426,2025-01-02 15:05:43,2025-01-03 13:15:27,DSNY,Dirty Condition,Trash,Queens,11418.0,Closed,Mobile,0
63597445,2025-01-02 12:11:38,2025-01-02 14:01:40,DSNY,Commercial Disposal Complaint,Waste Disposal,Brooklyn,11213.0,Closed,Online,0
63597450,2025-01-02 15:26:55,2025-02-25 00:00:00,DSNY,Graffiti,Graffiti,Brooklyn,11249.0,Closed,Unknown,53
63597452,2025-01-02 17:58:05,2025-02-24 00:00:00,DSNY,Graffiti,Graffiti,Bronx,10472.0,Closed,Unknown,52
63597453,2025-01-02 11:58:27,2025-01-27 00:00:00,DSNY,Graffiti,Graffiti,Brooklyn,11237.0,Closed,Unknown,24
63597498,2025-01-02 15:23:30,2025-01-09 00:00:00,DSNY,Graffiti,Graffiti,Brooklyn,11249.0,Closed,Unknown,6
63597500,2025-01-02 17:50:23,2025-02-07 02:22:23,DSNY,Graffiti,Graffiti,Bronx,10462.0,Closed,Unknown,35
63597502,2025-01-02 15:50:23,2025-02-07 02:22:23,DSNY,Graffiti,Graffiti,Brooklyn,11225.0,Closed,Unknown,35
63597503,2025-01-02 14:54:15,2025-02-26 00:00:00,DSNY,Graffiti,Graffiti,Brooklyn,11249.0,Closed,Unknown,54
63597510,2025-01-02 15:34:12,2025-01-10 00:00:00,DSNY,Graffiti,Graffiti,Brooklyn,11211.0,Closed,Unknown,7
63597542,2025-01-02 17:46:19,2025-01-03 16:20:39,DSNY,Dead Animal,Rat or Mouse,Brooklyn,11219.0,Closed,Phone,0
63597687,2025-01-02 13:28:47,2025-01-03 13:28:15,DSNY,Residential Disposal Complaint,Waste Left in Front of Other Residence,Brooklyn,11233.0,Closed,Phone,0
63597702,2025-01-02 06:01:11,2025-01-02 07:01:29,DSNY,Commercial Disposal Complaint,Waste Disposal,Bronx,10467.0,Closed,Online,0
63597708,2025-01-02 09:35:55,2025-01-02 20:55:12,DSNY,Dirty Condition,Trash,Brooklyn,11233.0,Closed,Mobile,0
63597709,2025-01-02 10:05:44,2025-01-02 23:06:15,DSNY,Dirty Condition,Trash,Queens,11368.0,Closed,Mobile,0
63597710,2025-01-02 06:19:21,2025-01-02 07:10:49,DSNY,Dirty Condition,Trash,Brooklyn,11226.0,Closed,Mobile,0
63597712,2025-01-02 21:37:05,2025-01-03 12:57:34,DSNY,Residential Disposal Complaint,Waste Left in Front of Other Residence,Queens,11004.0,Closed,Online,0
63597713,2025-01-02 14:24:16,2025-01-07 01:25:02,DSNY,Commercial Disposal Complaint,Waste Left in Front of Residence,Brooklyn,11217.0,Closed,Phone,4
63597714,2025-01-02 10:23:22,2025-01-04 15:21:29,DSNY,Illegal Dumping,Removal Request,Brooklyn,11207.0,Closed,Mobile,2
63597715,2025-01-02 10:39:41,2025-01-06 12:51:02,DSNY,Illegal Dumping,Removal Request,Brooklyn,11215.0,Closed,Phone,4
63597716,2025-01-02 10:13:41,2025-01-03 15:11:31,DSNY,Illegal Dumping,Removal Request,Staten Island,10306.0,Closed,Unknown,1
63597719,2025-01-02 13:56:45,2025-01-03 10:51:28,DSNY,Dirty Condition,Trash,Queens,11420.0,Closed,Phone,0
63597720,2025-01-02 11:03:00,2025-01-09 15:03:47,DSNY,Illegal Dumping,Removal Request,Staten Island,10314.0,Closed,Online,7
63597721,2025-01-02 16:27:39,2025-01-03 10:35:14,DSNY,Illegal Dumping,Removal Request,Staten Island,10305.0,Closed,Mobile,0
63597723,2025-01-02 09:44:58,2025-01-03 13:34:22,DSNY,Dirty Condition,Trash,Bronx,10471.0,Closed,Online,1
63597724,2025-01-02 14:51:28,2025-01-08 06:06:11,DSNY,Dirty Condition,Trash,Queens,11101.0,Closed,Online,5
63597725,2025-01-02 08:02:03,2025-01-03 14:02:29,DSNY,Illegal Dumping,Removal Request,Queens,11421.0,Closed,Unknown,1
63597726,2025-01-02 12:44:17,2025-01-06 08:29:50,DSNY,Litter Basket Request,New Basket,Brooklyn,11204.0,Closed,Online,3
63597727,2025-01-02 13:21:47,2025-01-18 12:52:00,DSNY,Illegal Dumping,Removal Request,Brooklyn,11205.0,Closed,Mobile,15
63597728,2025-01-02 11:21:08,2025-01-03 14:46:59,DSNY,Illegal Dumping,Removal Request,Bronx,10458.0,Closed,Phone,1
63597729,2025-01-02 11:40:29,2025-01-07 10:44:09,DSNY,Illegal Dumping,Removal Request,Bronx,10466.0,Closed,Phone,4
63597730,2025-01-02 23:30:02,2025-01-03 11:07:48,DSNY,Illegal Dumping,Removal Request,Queens,11368.0,Closed,Mobile,0
63597731,2025-01-02 18:56:24,2025-01-03 11:44:34,DSNY,Residential Disposal Complaint,Trash Not Separated from Recycling,Manhattan,10029.0,Closed,Online,0
63597732,2025-01-02 12:54:53,2025-01-18 12:57:45,DSNY,Illegal Dumping,Removal Request,Brooklyn,11206.0,Closed,Mobile,16
63597733,2025-01-02 08:22:50,2025-01-07 15:11:38,DSNY,Obstruction,Trash or Recycling,Manhattan,10018.0,Closed,Online,5
63597735,2025-01-02 21:27:05,2025-01-03 21:53:05,DSNY,Residential Disposal Complaint,Trash or Recycling Not Secure,Brooklyn,11228.0,Closed,Online,1
63597737,2025-01-02 08:21:39,2025-01-03 14:02:33,DSNY,Illegal Dumping,Removal Request,Queens,11419.0,Closed,Phone,1
63597739,2025-01-02 12:25:56,2025-01-02 22:43:48,DSNY,Dirty Condition,Trash,Bronx,10469.0,Closed,Phone,0
63597741,2025-01-02 07:00:29,2025-01-13 08:24:11,DSNY,Obstruction,Trash or Recycling,Manhattan,10036.0,Closed,Online,11
63597744,2025-01-02 17:28:05,2025-01-02 19:25:32,DSNY,Dirty Condition,Trash,Brooklyn,11213.0,Closed,Online,0
63597745,2025-01-02 12:19:08,2025-01-13 07:26:57,DSNY,Litter Basket Request,Replacement Basket,Manhattan,10011.0,Closed,Phone,10
63597751,2025-01-02 09:50:29,2025-01-03 14:10:16,DSNY,Street Sweeping Complaint,Inadequate Sweeping,Queens,11385.0,Closed,Online,1
63597752,2025-01-02 09:52:25,2025-01-03 14:09:58,DSNY,Street Sweeping Complaint,Street Not Swept,Queens,11385.0,Closed,Online,1
63597753,2025-01-02 14:50:58,2025-01-02 21:28:15,DSNY,Obstruction,Cone,Staten Island,10314.0,Closed,Online,0
63597754,2025-01-02 13:52:53,2025-01-02 22:52:22,DSNY,Obstruction,Cone,Queens,11434.0,Closed,Phone,0
63597756,2025-01-02 09:52:30,2025-01-03 06:57:17,DSNY,Street Sweeping Complaint,Inadequate Sweeping,Queens,11433.0,Closed,Online,0
63597757,2025-01-02 10:16:11,2025-01-03 07:46:20,DSNY,Street Sweeping Complaint,Inadequate Sweeping,Brooklyn,11230.0,Closed,Online,0
63597792,2025-01-02 11:01:04,2025-01-02 14:32:27,DSNY,Snow Or Ice,Roadway,Staten Island,10314.0,Closed,Online,0
63597796,2025-01-02 07:57:42,2025-01-13 07:16:22,DSNY,Illegal Dumping,Removal Request,Manhattan,10011.0,Closed,Mobile,10
63597803,2025-01-02 06:51:57,2025-01-07 15:09:28,DSNY,Obstruction,Trash or Recycling,Manhattan,10018.0,Closed,Online,5
63597804,2025-01-02 06:12:55,2025-01-13 07:14:22,DSNY,Sanitation Worker Or Vehicle Complaint,Noise,Manhattan,10003.0,Closed,Online,11
63597825,2025-01-02 09:16:33,2025-03-10 00:00:00,DSNY,Graffiti,Graffiti,Brooklyn,11221.0,Closed,Unknown,66
63597856,2025-01-02 09:09:49,2025-01-02 14:55:52,DSNY,Dead Animal,Opossum,Brooklyn,11236.0,Closed,Phone,0
63597860,2025-01-02 11:57:59,2025-01-04 11:23:53,DSNY,Illegal Dumping,Chronic Dumping,Brooklyn,11218.0,Closed,Mobile,1
63597866,2025-01-02 15:27:50,2025-01-03 10:21:38,DSNY,Obstruction,Cone,Queens,11377.0,Closed,Phone,0
63597868,2025-01-02 13:23:12,2025-01-06 10:37:09,DSNY,Dirty Condition,Trash,Staten Island,10314.0,Closed,Online,3
63597869,2025-01-02 15:08:03,2025-01-03 06:51:22,DSNY,Dirty Condition,Trash,Bronx,10467.0,Closed,Online,0
63597870,2025-01-02 14:22:54,2025-01-03 05:24:11,DSNY,Dirty Condition,Trash,Brooklyn,11229.0,Closed,Online,0
63597872,2025-01-02 18:20:31,2025-01-03 11:43:28,DSNY,Residential Disposal Complaint,Storage Area Not Provided,Manhattan,10033.0,Closed,Online,0
63597884,2025-01-02 10:56:00,2025-01-02 14:52:00,DSNY,Derelict Vehicles,Derelict Vehicles,Bronx,10460.0,Closed,Phone,0
63597885,2025-01-01 16:44:00,2025-01-02 05:45:00,DSNY,Derelict Vehicles,Derelict Vehicles,Queens,11427.0,Closed,Phone,0
63597886,2025-01-02 00:44:00,2025-01-02 06:11:00,DSNY,Derelict Vehicles,Derelict Vehicles,Brooklyn,11237.0,Closed,Phone,0
63597907,2025-01-02 16:59:00,2025-01-02 21:19:00,DSNY,Derelict Vehicles,Derelict Vehicles,Queens,11419.0,Closed,Phone,0
63597921,2025-01-01 15:59:00,2025-01-02 08:04:00,DSNY,Derelict Vehicles,Derelict Vehicles,Bronx,10467.0,Closed,Phone,0
63597932,2025-01-01 14:29:00,2025-01-02 20:16:00,DSNY,Derelict Vehicles,Derelict Vehicles,Queens,11356.0,Closed,Phone,1
63597934,2025-01-01 20:20:00,2025-01-02 11:44:00,DSNY,Derelict Vehicles,Derelict Vehicles,Bronx,10460.0,Closed,Phone,0
63597950,2025-01-01 17:00:00,2025-01-02 11:47:00,DSNY,Derelict Vehicles,Derelict Vehicles,Bronx,10468.0,Closed,Phone,0
63597953,2025-01-02 11:13:00,2025-01-03 02:56:00,DSNY,Derelict Vehicles,Derelict Vehicles,Queens,11385.0,Closed,Phone,0
63597964,2025-01-02 17:20:59,2025-01-02 19:01:43,DSNY,Vendor Enforcement,Non-Food Vendor,Manhattan,10036.0,Closed,Online,0
63597975,2025-01-02 11:41:00,2025-01-02 22:02:00,DSNY,Derelict Vehicles,Derelict Vehicles,Brooklyn,11223.0,Closed,Phone,0
63597997,2025-01-02 07:10:10,2025-01-03 06:58:37,DSNY,Dumpster Complaint,Blocking Sidewalk or Street,Manhattan,10003.0,Closed,Online,0
63598010,2025-01-01 07:55:00,2025-01-02 03:55:00,DSNY,Derelict Vehicles,Derelict Vehicles,Bronx,10467.0,Closed,Phone,0
63598012,2025-01-02 09:29:59,2025-01-02 11:01:56,DSNY,Vendor Enforcement,Non-Food Vendor,Manhattan,10025.0,Closed,Online,0
63598018,2025-01-02 11:17:02,2025-01-02 13:01:44,DSNY,Vendor Enforcement,Non-Food Vendor,Manhattan,10004.0,Closed,Online,0
63598020,2025-01-02 08:55:36,2025-01-02 10:01:29,DSNY,Vendor Enforcement,Food Vendor,Manhattan,10007.0,Closed,Online,0
63598021,2025-01-02 19:47:04,2025-01-03 04:20:20,DSNY,Litter Basket Complaint,Misuse,Brooklyn,11201.0,Closed,Online,0
63598029,2025-01-02 08:16:57,2025-01-02 10:01:28,DSNY,Vendor Enforcement,Food Vendor,Manhattan,10007.0,Closed,Online,0
63598054,2025-01-02 10:27:56,2025-01-02 12:01:44,DSNY,Vendor Enforcement,Food Vendor,Manhattan,10004.0,Closed,Online,0
63598058,2025-01-02 09:48:22,2025-01-03 13:34:42,DSNY,Dirty Condition,Trash,Staten Island,10312.0,Closed,Online,1
63598062,2025-01-02 21:52:27,2025-01-03 13:16:00,DSNY,Illegal Posting,Sticker or Decal,Queens,11368.0,Closed,Online,0
63598063,2025-01-02 11:29:00,2025-01-02 23:51:00,DSNY,Derelict Vehicles,Derelict Vehicles,Bronx,10459.0,Closed,Phone,0
63598064,2025-01-02 15:25:20,2025-01-14 12:49:08,DSNY,Residential Disposal Complaint,Trash or Recycling Not Secure,Staten Island,10304.0,Closed,Phone,11
63598066,2025-01-02 07:48:00,2025-01-02 12:36:00,DSNY,Derelict Vehicles,Derelict Vehicles,Queens,11417.0,Closed,Phone,0
63598075,2025-01-01 08:56:00,2025-01-02 13:48:00,DSNY,Derelict Vehicles,Derelict Vehicles,Brooklyn,11230.0,Closed,Phone,1
63598082,2025-01-02 11:46:49,2025-01-03 16:25:07,DSNY,Dead Animal,Cat,Brooklyn,11218.0,Closed,Online,1
63598098,2025-01-02 10:49:53,2025-01-02 12:01:39,DSNY,Vendor Enforcement,Food Vendor,Manhattan,10016.0,Closed,Online,0
63598099,2025-01-02 01:29:05,2025-01-02 03:01:38,DSNY,Vendor Enforcement,Food Vendor,Brooklyn,11204.0,Closed,Phone,0
63599263,2025-01-02 21:24:05,2025-01-03 13:33:07,DSNY,Dirty Condition,Trash,Queens,11106.0,Closed,Mobile,0
63599264,2025-01-02 10:23:30,2025-01-03 11:53:17,DSNY,Dirty Condition,Trash,Queens,11418.0,Closed,Mobile,1
63599277,2025-01-02 09:04:51,2025-01-02 16:18:10,DSNY,Street Sweeping Complaint,Street Not Swept,Brooklyn,11222.0,Closed,Online,0
63599282,2025-01-02 14:14:01,2025-01-14 11:29:31,DSNY,Illegal Posting,Poster or Sign,Brooklyn,11223.0,Closed,Online,11
63599283,2025-01-02 06:39:25,2025-01-02 20:11:30,DSNY,Residential Disposal Complaint,Trash or Recycling Not Secure,Manhattan,10012.0,Closed,Online,0
63599284,2025-01-02 09:22:31,2025-01-02 16:14:21,DSNY,Street Sweeping Complaint,Street Not Swept,Brooklyn,11222.0,Closed,Online,0
63599289,2025-01-02 09:34:56,2025-01-03 16:27:39,DSNY,Street Sweeping Complaint,Inadequate Sweeping,Brooklyn,11203.0,Closed,Phone,1
63599297,2025-01-02 17:46:09,2025-01-03 07:10:29,DSNY,Dirty Condition,Trash,Brooklyn,11226.0,Closed,Mobile,0
63599298,2025-01-02 21:49:31,2025-01-03 13:14:10,DSNY,Illegal Posting,Sticker or Decal,Queens,11368.0,Closed,Online,0
63599310,2025-01-02 15:30:51,2025-02-07 02:22:23,DSNY,Graffiti,Graffiti,Brooklyn,11211.0,Closed,Unknown,35
63599313,2025-01-02 16:29:30,2025-02-07 02:22:23,DSNY,Graffiti,Graffiti,Manhattan,10025.0,Closed,Unknown,35
63599361,2025-01-02 08:33:13,2025-03-18 00:00:00,DSNY,Graffiti,Graffiti,Brooklyn,11222.0,Closed,Unknown,74
63599363,2025-01-02 14:39:43,2025-04-01 00:00:00,DSNY,Graffiti,Graffiti,Brooklyn,11206.0,Closed,Unknown,88
63599439,2025-01-01 09:16:00,2025-01-03 11:48:00,DSNY,Derelict Vehicles,Derelict Vehicles,Queens,11436.0,Closed,Phone,2
63599542,2025-01-02 14:06:07,2025-01-13 12:10:12,DSNY,Illegal Posting,Poster or Sign,Manhattan,10009.0,Closed,Online,10
63599553,2025-01-02 16:19:27,2025-01-03 11:04:19,DSNY,Obstruction,Cone,Queens,11373.0,Closed,Online,0
63599554,2025-01-02 19:07:59,2025-01-03 07:19:12,DSNY,Obstruction,Cone,Brooklyn,11220.0,Closed,Online,0
63599587,2025-01-02 07:11:55,2025-01-13 08:35:14,DSNY,Obstruction,Trash or Recycling,Manhattan,10024.0,Closed,Online,11
63599598,2025-01-02 17:53:17,2025-01-04 10:07:23,DSNY,Illegal Dumping,Chronic Dumping,Queens,11105.0,Closed,Mobile,1
63599603,2025-01-02 13:03:50,2025-01-07 12:53:54,DSNY,Dirty Condition,Trash,Brooklyn,11222.0,Closed,Online,4
63599604,2025-01-02 20:12:22,2025-01-03 21:54:50,DSNY,Residential Disposal Complaint,Trash or Recycling Not Secure,Brooklyn,11228.0,Closed,Online,1
63599611,2025-01-02 12:20:23,2025-01-04 16:45:48,DSNY,Dirty Condition,Trash,Manhattan,10016.0,Closed,Online,2
63599612,2025-01-02 16:18:09,2025-01-18 12:51:55,DSNY,Illegal Dumping,Removal Request,Brooklyn,11216.0,Closed,Phone,15
63599613,2025-01-02 11:21:28,2025-01-03 14:03:57,DSNY,Obstruction,Trash or Recycling,Queens,11415.0,Closed,Online,1
63599614,2025-01-02 06:43:19,2025-01-03 06:59:36,DSNY,Obstruction,Trash or Recycling,Manhattan,10013.0,Closed,Online,1
63599616,2025-01-02 12:52:41,2025-01-02 22:03:26,DSNY,Dirty Condition,Trash,Manhattan,10011.0,Closed,Mobile,0
63599617,2025-01-01 20:39:00,2025-01-02 12:35:00,DSNY,Derelict Vehicles,Derelict Vehicles,Queens,11419.0,Closed,Phone,0
63599622,2025-01-02 13:53:51,2025-01-10 15:21:09,DSNY,Residential Disposal Complaint,Trash or Recycling Not Secure,Staten Island,10314.0,Closed,Online,8
63599623,2025-01-02 11:34:09,2025-01-03 06:55:33,DSNY,Street Sweeping Complaint,Inadequate Sweeping,Brooklyn,11236.0,Closed,Phone,0
63599627,2025-01-01 17:20:00,2025-01-02 22:04:00,DSNY,Derelict Vehicles,Derelict Vehicles,Brooklyn,11230.0,Closed,Phone,1
63599628,2025-01-02 08:21:56,2025-01-02 21:58:40,DSNY,Dirty Condition,Trash,Brooklyn,11226.0,Closed,Mobile,0
63599629,2025-01-02 17:28:54,2025-01-03 13:35:08,DSNY,Dirty Condition,Trash,Staten Island,10303.0,Closed,Phone,0
63599630,2025-01-02 12:37:56,2025-01-07 10:50:28,DSNY,Illegal Dumping,Removal Request,Bronx,10468.0,Closed,Mobile,4
63599631,2025-01-02 06:58:02,2025-01-03 16:23:21,DSNY,Illegal Dumping,Removal Request,Brooklyn,11230.0,Closed,Mobile,1
63599637,2025-01-02 17:36:16,2025-01-09 15:04:52,DSNY,Illegal Dumping,Removal Request,Staten Island,10314.0,Closed,Phone,6
63599638,2025-01-02 06:54:17,2025-01-06 21:28:39,DSNY,Obstruction,Trash or Recycling,Queens,11355.0,Closed,Online,4
63599639,2025-01-02 12:02:48,2025-01-03 21:50:40,DSNY,Residential Disposal Complaint,Trash or Recycling Not Secure,Brooklyn,11213.0,Closed,Phone,1
63599651,2025-01-03 00:26:54,2025-01-06 08:26:27,DSNY,Illegal Dumping,Chronic Dumping,Queens,11369.0,Closed,Online,3
63599652,2025-01-02 15:36:57,2025-01-24 14:03:39,DSNY,Sanitation Worker Or Vehicle Complaint,Inappropriate Behavior,Bronx,10473.0,Closed,Phone,21
63599659,2025-01-02 05:58:50,2025-01-02 07:11:08,DSNY,Dirty Condition,Trash,Queens,11370.0,Closed,Online,0
63599660,2025-01-02 13:56:20,2025-01-03 16:28:19,DSNY,Illegal Dumping,Removal Request,Brooklyn,11208.0,Closed,Online,1
63599661,2025-01-02 11:52:43,2025-01-07 10:42:45,DSNY,Illegal Dumping,Removal Request,Bronx,10461.0,Closed,Online,4
63599663,2025-01-02 04:22:42,2025-01-03 16:24:56,DSNY,Illegal Dumping,Removal Request,Brooklyn,11226.0,Closed,Phone,1
63599672,2025-01-02 06:38:27,2025-01-03 06:58:47,DSNY,Obstruction,Trash or Recycling,Manhattan,10012.0,Closed,Online,1
63599674,2025-01-02 13:42:49,2025-01-10 15:22:09,DSNY,Residential Disposal Complaint,Trash or Recycling Not Secure,Staten Island,10314.0,Closed,Online,8
63599676,2025-01-02 09:57:53,2025-01-13 12:08:15,DSNY,Street Sweeping Complaint,Inadequate Sweeping,Queens,11368.0,Closed,Phone,11
63599680,2025-01-02 09:19:23,2025-01-06 08:38:56,DSNY,Street Sweeping Complaint,Inadequate Sweeping,Brooklyn,11233.0,Closed,Phone,3
63599685,2025-01-02 09:17:40,2025-01-04 10:03:00,DSNY,Illegal Dumping,Removal Request,Brooklyn,11220.0,Closed,Mobile,2
63599691,2025-01-02 17:55:41,2025-01-03 11:31:30,DSNY,Dirty Condition,Trash,Brooklyn,11238.0,Closed,Online,0
63599692,2025-01-02 10:28:08,2025-01-04 11:12:44,DSNY,Dirty Condition,Trash,Brooklyn,11223.0,Closed,Online,2
63599693,2025-01-02 16:04:11,2025-01-03 14:17:15,DSNY,Dirty Condition,Trash,Brooklyn,11219.0,Closed,Online,0
63599696,2025-01-02 10:21:20,2025-01-03 10:35:45,DSNY,Illegal Dumping,Removal Request,Staten Island,10301.0,Closed,Phone,1
63599698,2025-01-02 17:21:44,2025-01-06 08:48:38,DSNY,Sanitation Worker Or Vehicle Complaint,Idling or Blocking Traffic,Brooklyn,11230.0,Closed,Phone,3
63599702,2025-01-02 11:40:44,2025-01-03 16:24:32,DSNY,Dead Animal,Cat,Brooklyn,11218.0,Closed,Phone,1
63599713,2025-01-02 16:41:00,2025-01-02 22:04:00,DSNY,Derelict Vehicles,Derelict Vehicles,Brooklyn,11210.0,Closed,Phone,0
63599725,2025-01-02 21:10:44,2025-01-03 00:00:00,DSNY,Graffiti,Graffiti,Manhattan,10009.0,Closed,Unknown,0
63599727,2025-01-02 07:50:00,2025-01-03 01:39:00,DSNY,Derelict Vehicles,Derelict Vehicles,Bronx,10467.0,Closed,Phone,0
63599737,2025-01-02 01:46:00,2025-01-02 13:40:00,DSNY,Derelict Vehicles,Derelict Vehicles,Staten Island,10309.0,Closed,Phone,0
63599749,2025-01-01 15:04:00,2025-01-02 07:51:00,DSNY,Derelict Vehicles,Derelict Vehicles,Bronx,10467.0,Closed,Phone,0
63599761,2025-01-02 01:50:47,2025-01-03 16:28:01,DSNY,Illegal Dumping,Removal Request,Brooklyn,11208.0,Closed,Online,1
63599796,2025-01-02 11:06:52,2025-01-02 12:36:12,DSNY,Dirty Condition,Trash,Brooklyn,11209.0,Closed,Online,0
63599805,2025-01-02 17:51:35,2025-03-11 00:00:00,DSNY,Graffiti,Graffiti,Bronx,10462.0,Closed,Unknown,67
63599807,2025-01-02 17:18:49,2025-01-02 19:01:42,DSNY,Vendor Enforcement,Non-Food Vendor,Manhattan,10036.0,Closed,Online,0
63599810,2025-01-02 12:44:30,2025-01-02 14:01:31,DSNY,Vendor Enforcement,Food Vendor,Manhattan,10021.0,Closed,Phone,0
63599818,2025-01-02 09:51:16,2025-02-06 00:00:00,DSNY,Graffiti,Graffiti,Brooklyn,11203.0,Closed,Unknown,34
63599831,2025-01-02 03:35:37,2025-01-07 10:46:43,DSNY,Dead Animal,Cat,Bronx,10473.0,Closed,Online,5
63599838,2025-01-02 03:22:30,2025-01-02 14:08:42,DSNY,Illegal Dumping,Removal Request,Queens,11378.0,Closed,Online,0
63599887,2025-01-02 13:57:00,2025-01-02 23:52:00,DSNY,Derelict Vehicles,Derelict Vehicles,Bronx,10452.0,Closed,Phone,0
63599890,2025-01-02 11:15:36,2025-01-02 13:01:37,DSNY,Vendor Enforcement,Food Vendor,Manhattan,10025.0,Closed,Online,0
63599891,2025-01-02 09:55:37,2025-01-02 11:01:52,DSNY,Vendor Enforcement,Food Vendor,Bronx,10462.0,Closed,Phone,0
63599911,2025-01-02 11:25:10,2025-01-03 20:49:56,DSNY,Residential Disposal Complaint,Trash or Recycling Not Secure,Bronx,10463.0,Closed,Online,1
63599920,2025-01-02 10:36:33,2025-01-02 12:01:44,DSNY,Vendor Enforcement,Food Vendor,Manhattan,10048.0,Closed,Online,0
63599921,2025-01-02 10:45:57,2025-01-02 15:33:30,DSNY,Litter Basket Request,Replacement Basket,Manhattan,10029.0,Closed,Online,0
63599939,2025-01-02 14:37:05,2025-01-06 16:00:12,DSNY,Dirty Condition,Broken Glass,Queens,11434.0,Closed,Online,4
63601075,2025-01-02 17:22:12,2025-01-03 22:34:23,DSNY,Dirty Condition,Trash,Queens,11432.0,Closed,Mobile,1
63601076,2025-01-02 23:30:44,2025-01-04 12:03:14,DSNY,Dirty Condition,Trash,Brooklyn,11216.0,Closed,Mobile,1
63601078,2025-01-02 16:24:58,2025-01-03 10:38:28,DSNY,Dirty Condition,Trash,Brooklyn,11206.0,Closed,Mobile,0
63601079,2025-01-02 12:03:31,2025-01-03 11:22:30,DSNY,Dirty Condition,Trash,Queens,11416.0,Closed,Mobile,0
63601080,2025-01-02 21:17:42,2025-01-04 13:15:55,DSNY,Dirty Condition,Trash,Queens,11355.0,Closed,Mobile,1
63601081,2025-01-02 14:00:25,2025-01-03 05:04:08,DSNY,Dirty Condition,Trash,Queens,11375.0,Closed,Phone,0
63601087,2025-01-02 06:49:05,2025-01-02 20:13:55,DSNY,Residential Disposal Complaint,Trash or Recycling Not Secure,Manhattan,10013.0,Closed,Online,0
63601100,2025-01-02 17:39:21,2025-01-07 09:24:40,DSNY,Dirty Condition,Trash,Manhattan,10029.0,Closed,Mobile,4
63601101,2025-01-02 12:20:39,2025-01-03 06:12:16,DSNY,Dirty Condition,Trash,Brooklyn,11214.0,Closed,Online,0
63601102,2025-01-02 05:42:19,2025-01-02 07:19:17,DSNY,Street Sweeping Complaint,Street Not Swept,Brooklyn,11236.0,Closed,Phone,0
63601110,2025-01-02 09:49:29,2025-01-02 20:11:05,DSNY,Residential Disposal Complaint,Trash or Recycling Not Secure,Manhattan,10025.0,Closed,Online,0
63601150,2025-01-02 17:52:17,2025-01-30 00:00:00,DSNY,Graffiti,Graffiti,Bronx,10462.0,Closed,Unknown,27
63601154,2025-01-02 23:17:29,2025-01-03 10:28:20,DSNY,Dirty Condition,Trash,Brooklyn,11211.0,Closed,Mobile,0
63601182,2025-01-01 06:39:00,2025-01-03 12:39:00,DSNY,Derelict Vehicles,Derelict Vehicles,Staten Island,10304.0,Closed,Phone,2
63601211,2025-01-01 14:30:00,2025-01-03 08:36:00,DSNY,Derelict Vehicles,Derelict Vehicles,Bronx,10453.0,Closed,Phone,1
63601212,2025-01-01 15:54:00,2025-01-03 10:38:00,DSNY,Derelict Vehicles,Derelict Vehicles,Queens,11358.0,Closed,Phone,1
63601213,2025-01-01 18:13:00,2025-01-03 07:02:00,DSNY,Derelict Vehicles,Derelict Vehicles,Bronx,10453.0,Closed,Phone,1
63601385,2025-01-02 11:28:04,2025-01-03 23:16:44,DSNY,Dirty Condition,Broken Glass,Brooklyn,11213.0,Closed,Online,1
63601403,2025-01-02 13:55:45,2025-01-03 05:58:18,DSNY,Obstruction,Cone,Queens,11420.0,Closed,Online,0
63601458,2025-01-02 10:06:46,2025-01-02 14:33:17,DSNY,Dead Animal,Opossum,Staten Island,10310.0,Closed,Online,0
63601467,2025-01-02 10:25:50,2025-01-02 14:52:33,DSNY,Abandoned Bike,Chained to Public Property,Brooklyn,11214.0,Closed,Online,0
63601475,2025-01-03 01:09:41,2025-01-03 03:01:30,DSNY,Vendor Enforcement,Food Vendor,Queens,11368.0,Closed,Online,0
63601476,2025-01-02 12:22:37,2025-01-02 23:05:54,DSNY,Dirty Condition,Trash,Brooklyn,11237.0,Closed,Mobile,0
63601477,2025-01-02 11:04:30,2025-01-02 23:10:03,DSNY,Dirty Condition,Trash,Brooklyn,11222.0,Closed,Mobile,0
63601478,2025-01-02 12:09:00,2025-01-03 00:32:00,DSNY,Derelict Vehicles,Derelict Vehicles,Queens,11377.0,Closed,Phone,0
63601481,2025-01-02 06:41:49,2025-01-03 06:59:12,DSNY,Obstruction,Trash or Recycling,Manhattan,10013.0,Closed,Online,1
63601484,2025-01-02 20:08:42,2025-01-03 12:51:50,DSNY,Residential Disposal Complaint,Waste Set Out Too Early or Too Late,Queens,11433.0,Closed,Online,0
63601485,2025-01-02 10:27:01,2025-01-18 12:57:40,DSNY,Illegal Dumping,Removal Request,Brooklyn,11237.0,Closed,Mobile,16
63601486,2025-01-02 23:05:49,2025-01-04 10:14:00,DSNY,Illegal Dumping,Removal Request,Queens,11432.0,Closed,Phone,1
63601487,2025-01-02 08:15:46,2025-01-02 23:14:42,DSNY,Dirty Condition,Trash,Brooklyn,11222.0,Closed,Mobile,0
63601488,2025-01-02 12:53:30,2025-01-04 11:52:13,DSNY,Illegal Dumping,Removal Request,Queens,11105.0,Closed,Phone,1
63601489,2025-01-02 19:22:07,2025-01-03 06:52:01,DSNY,Illegal Dumping,Removal Request,Bronx,10467.0,Closed,Phone,0
63601503,2025-01-02 08:03:00,2025-01-02 11:40:00,DSNY,Derelict Vehicles,Derelict Vehicles,Queens,11378.0,Closed,Phone,0
63601505,2025-01-02 10:25:24,2025-01-13 09:04:15,DSNY,Street Sweeping Complaint,Inadequate Sweeping,Manhattan,10027.0,Closed,Online,10
63601506,2025-01-02 13:56:00,2025-01-02 23:59:00,DSNY,Derelict Vehicles,Derelict Vehicles,Bronx,10452.0,Closed,Phone,0
63601507,2025-01-02 10:39:38,2025-01-04 15:24:10,DSNY,Street Sweeping Complaint,Inadequate Sweeping,Brooklyn,11206.0,Closed,Phone,2
63601508,2025-01-02 11:59:22,2025-01-03 16:25:24,DSNY,Obstruction,Trash or Recycling,Brooklyn,11230.0,Closed,Online,1
63601511,2025-01-02 14:05:12,2025-01-04 10:14:17,DSNY,Street Sweeping Complaint,Street Not Swept,Queens,11367.0,Closed,Phone,1
63601512,2025-01-02 12:25:43,2025-01-02 18:53:59,DSNY,Dirty Condition,Broken Glass,Manhattan,10031.0,Closed,Online,0
63601517,2025-01-02 14:45:46,2025-01-02 20:51:06,DSNY,Dirty Condition,Dog Waste,Bronx,10460.0,Closed,Online,0
63601519,2025-01-02 06:59:49,2025-01-02 07:14:36,DSNY,Dirty Condition,Trash,Bronx,10455.0,Closed,Mobile,0
63601521,2025-01-01 09:52:00,2025-01-02 05:07:00,DSNY,Derelict Vehicles,Derelict Vehicles,Bronx,10465.0,Closed,Phone,0
63601522,2025-01-02 15:18:00,2025-01-02 23:12:00,DSNY,Derelict Vehicles,Derelict Vehicles,Brooklyn,11203.0,Closed,Phone,0
63601523,2025-01-02 23:18:13,2025-01-08 15:15:23,DSNY,Illegal Dumping,Removal Request,Queens,11436.0,Closed,Phone,5
63601524,2025-01-02 17:09:10,2025-01-13 14:12:34,DSNY,Illegal Dumping,Removal Request,Manhattan,10035.0,Closed,Online,10
63601525,2025-01-01 17:58:00,2025-01-02 10:48:00,DSNY,Derelict Vehicles,Derelict Vehicles,Brooklyn,11234.0,Closed,Phone,0
63601526,2025-01-02 11:31:43,2025-01-04 15:22:59,DSNY,Illegal Dumping,Removal Request,Brooklyn,11205.0,Closed,Phone,2
63601527,2025-01-02 17:07:04,2025-01-06 17:57:59,DSNY,Obstruction,Trash or Recycling,Brooklyn,11204.0,Closed,Online,4
63601533,2025-01-01 02:03:00,2025-01-02 04:05:00,DSNY,Derelict Vehicles,Derelict Vehicles,Brooklyn,11234.0,Closed,Phone,1
63601535,2025-01-02 15:59:22,2025-01-04 09:50:14,DSNY,Obstruction,Trash or Recycling,Queens,11354.0,Closed,Phone,1
63601537,2025-01-02 18:31:33,2025-01-13 14:35:17,DSNY,Street Sweeping Complaint,Inadequate Sweeping,Brooklyn,11231.0,Closed,Online,10
63601538,2025-01-02 11:55:29,2025-01-04 15:25:13,DSNY,Street Sweeping Complaint,Inadequate Sweeping,Brooklyn,11219.0,Closed,Phone,2
63601540,2025-01-02 13:56:28,2025-01-02 21:31:36,DSNY,Dirty Condition,Dog Waste,Brooklyn,11208.0,Closed,Phone,0
63601545,2025-01-02 10:58:00,2025-01-02 23:51:00,DSNY,Derelict Vehicles,Derelict Vehicles,Bronx,10452.0,Closed,Phone,0
63601563,2025-01-01 14:01:00,2025-01-02 11:21:00,DSNY,Derelict Vehicles,Derelict Vehicles,Staten Island,10301.0,Closed,Phone,0
63601564,2025-01-02 08:44:00,2025-01-02 20:36:00,DSNY,Derelict Vehicles,Derelict Vehicles,Brooklyn,11228.0,Closed,Phone,0
63601565,2025-01-01 16:38:00,2025-01-02 22:03:00,DSNY,Derelict Vehicles,Derelict Vehicles,Brooklyn,11210.0,Closed,Phone,1
63601567,2025-01-02 15:27:53,2025-01-31 00:00:00,DSNY,Graffiti,Graffiti,Brooklyn,11249.0,Closed,Unknown,28
63601571,2025-01-02 16:58:22,2025-02-07 02:22:23,DSNY,Graffiti,Graffiti,Manhattan,10014.0,Closed,Unknown,35
63601572,2025-01-02 09:49:36,2025-02-07 02:22:23,DSNY,Graffiti,Graffiti,Brooklyn,11203.0,Closed,Unknown,35
63601577,2025-01-01 17:59:00,2025-01-02 05:30:00,DSNY,Derelict Vehicles,Derelict Vehicles,Queens,11378.0,Closed,Phone,0
63601583,2025-01-02 13:19:51,2025-01-08 12:45:43,DSNY,Illegal Dumping,Chronic Dumping,Bronx,10457.0,Closed,Mobile,5
63601587,2025-01-02 08:45:43,2025-01-09 00:00:00,DSNY,Graffiti,Graffiti,Brooklyn,11211.0,Closed,Unknown,6
63601592,2025-01-02 18:02:44,2025-01-03 10:25:27,DSNY,Dirty Condition,Trash,Staten Island,10301.0,Closed,Phone,0
63601600,2025-01-02 12:47:37,2025-01-03 14:47:22,DSNY,Illegal Dumping,Removal Request,Bronx,10468.0,Closed,Mobile,1
63601601,2025-01-02 09:31:03,2025-01-04 10:19:22,DSNY,Illegal Dumping,Removal Request,Queens,11435.0,Closed,Phone,2
63601603,2025-01-02 15:38:50,2025-01-07 10:42:27,DSNY,Dead Animal,Bird,Bronx,10453.0,Closed,Online,4
63601604,2025-01-02 10:12:51,2025-01-03 16:32:36,DSNY,Dead Animal,Raccoon,Brooklyn,11233.0,Closed,Phone,1
63601616,2025-01-02 21:56:21,2025-01-13 07:00:40,DSNY,Illegal Dumping,Removal Request,Manhattan,10013.0,Closed,Mobile,10
63601617,2025-01-02 12:32:29,2025-01-07 10:42:32,DSNY,Illegal Dumping,Removal Request,Bronx,10468.0,Closed,Mobile,4
63601618,2025-01-02 15:40:06,2025-01-03 16:24:51,DSNY,Illegal Dumping,Removal Request,Brooklyn,11218.0,Closed,Online,1
63601619,2025-01-02 04:39:08,2025-01-04 10:22:37,DSNY,Illegal Dumping,Removal Request,Queens,11423.0,Closed,Mobile,2
63601620,2025-01-02 11:12:09,2025-01-04 09:55:46,DSNY,Illegal Dumping,Removal Request,Queens,11432.0,Closed,Mobile,1
63601621,2025-01-02 15:22:13,2025-01-03 14:47:26,DSNY,Illegal Dumping,Removal Request,Bronx,10458.0,Closed,Mobile,0
63601622,2025-01-02 10:02:41,2025-01-03 16:29:16,DSNY,Illegal Dumping,Removal Request,Brooklyn,11206.0,Closed,Phone,1
63601623,2025-01-02 06:50:33,2025-01-07 15:09:34,DSNY,Obstruction,Trash or Recycling,Manhattan,10018.0,Closed,Online,5
63601625,2025-01-02 10:07:56,2025-01-02 22:49:18,DSNY,Obstruction,Cone,Bronx,10467.0,Closed,Online,0
63601637,2025-01-02 22:41:00,2025-02-07 02:22:23,DSNY,Graffiti,Graffiti,Brooklyn,11220.0,Closed,Unknown,35
63601638,2025-01-02 08:44:10,2025-01-10 00:00:00,DSNY,Graffiti,Graffiti,Brooklyn,11211.0,Closed,Unknown,7
63601639,2025-01-02 06:46:12,2025-01-03 12:10:01,DSNY,Residential Disposal Complaint,Trash or Recycling Not Secure,Manhattan,10003.0,Closed,Online,1
63601640,2025-01-01 22:02:00,2025-01-02 22:45:00,DSNY,Derelict Vehicles,Derelict Vehicles,Bronx,10458.0,Closed,Phone,1
63601641,2025-01-02 01:27:00,2025-01-02 22:45:00,DSNY,Derelict Vehicles,Derelict Vehicles,Bronx,10458.0,Closed,Phone,0
63601643,2025-01-02 09:59:15,2025-01-03 06:56:53,DSNY,Street Sweeping Complaint,Inadequate Sweeping,Queens,11433.0,Closed,Online,0
63601644,2025-01-02 16:26:50,2025-01-18 13:08:03,DSNY,Street Sweeping Complaint,Inadequate Sweeping,Brooklyn,11237.0,Closed,Phone,15
63601645,2025-01-02 11:02:08,2025-01-02 20:49:44,DSNY,Dirty Condition,Dog Waste,Bronx,10456.0,Closed,Phone,0
63601652,2025-01-02 08:34:44,2025-01-02 10:01:31,DSNY,Vendor Enforcement,Food Vendor,Manhattan,10025.0,Closed,Online,0
63601657,2025-01-01 17:13:00,2025-01-02 07:09:00,DSNY,Derelict Vehicles,Derelict Vehicles,Manhattan,10003.0,Closed,Phone,0
63601665,2025-01-01 11:28:00,2025-01-02 04:04:00,DSNY,Derelict Vehicles,Derelict Vehicles,Queens,11102.0,Closed,Phone,0
63601667,2025-01-02 10:56:20,2025-01-03 16:24:39,DSNY,Dead Animal,Cat,Brooklyn,11218.0,Closed,Phone,1
63601671,2025-01-02 20:51:38,2025-01-17 16:45:51,DSNY,Abandoned Bike,Chained to Public Property,Brooklyn,11209.0,Closed,Online,14
63601672,2025-01-02 13:27:04,2025-01-03 16:24:33,DSNY,Dead Animal,Cat,Brooklyn,11218.0,Closed,Phone,1
63601673,2025-01-02 07:35:07,2025-01-03 15:15:04,DSNY,Illegal Dumping,Removal Request,Staten Island,10314.0,Closed,Online,1
63601680,2025-01-01 13:13:00,2025-01-02 10:33:00,DSNY,Derelict Vehicles,Derelict Vehicles,Staten Island,10303.0,Closed,Phone,0
63601681,2025-01-02 11:08:34,2025-01-04 09:53:46,DSNY,Dirty Condition,Dirt or Gravel,Queens,11357.0,Closed,Online,1
63601682,2025-01-02 06:35:34,2025-01-03 13:32:28,DSNY,Illegal Posting,Poster or Sign,Staten Island,10312.0,Closed,Online,1
63601712,2025-01-02 14:20:49,2025-01-03 11:14:21,DSNY,Dirty Condition,Trash,Manhattan,10025.0,Closed,Online,0
63601714,2025-01-02 08:25:03,2025-01-02 13:27:22,DSNY,Illegal Dumping,Removal Request,Brooklyn,11218.0,Closed,Online,0
63601720,2025-01-02 11:00:20,2025-01-13 07:00:45,DSNY,Litter Basket Request,Replacement Basket,Manhattan,10013.0,Closed,Phone,10
63601723,2025-01-02 22:39:59,2025-02-07 02:22:23,DSNY,Graffiti,Graffiti,Brooklyn,11220.0,Closed,Unknown,35
63601724,2025-01-02 14:34:59,2025-02-05 00:00:00,DSNY,Graffiti,Graffiti,Brooklyn,11218.0,Closed,Unknown,33
63601740,2025-01-02 10:32:23,2025-01-03 06:36:47,DSNY,Dirty Condition,Trash,Brooklyn,11214.0,Closed,Phone,0
63601742,2025-01-02 08:26:23,2025-01-04 15:30:33,DSNY,Illegal Dumping,Removal Request,Staten Island,10302.0,Closed,Phone,2
63601743,2025-01-02 09:27:22,2025-01-08 15:18:51,DSNY,Illegal Dumping,Removal Request,Queens,11434.0,Closed,Phone,6
63601770,2025-01-02 17:05:23,2025-01-02 19:01:39,DSNY,Vendor Enforcement,Food Vendor,Bronx,10455.0,Closed,Online,0
63601780,2025-01-02 18:29:03,2025-01-03 16:20:40,DSNY,Dead Animal,Rat or Mouse,Brooklyn,11219.0,Closed,Online,0
63601781,2025-01-02 12:00:13,2025-01-06 08:44:51,DSNY,Sanitation Worker Or Vehicle Complaint,Spilled Garbage,Brooklyn,11207.0,Closed,Phone,3
63601809,2025-01-02 15:17:21,2025-01-02 17:01:30,DSNY,Vendor Enforcement,Food Vendor,Manhattan,10065.0,Closed,Online,0
63601810,2025-01-02 07:24:23,2025-01-02 09:01:31,DSNY,Vendor Enforcement,Food Vendor,Manhattan,10036.0,Closed,Online,0
63601815,2025-01-02 13:38:45,2025-01-03 09:31:21,DSNY,Dirty Condition,Trash,Manhattan,10032.0,Closed,Online,0
63601816,2025-01-02 16:41:43,2025-01-03 21:05:27,DSNY,Residential Disposal Complaint,Trash or Recycling Not Secure,Bronx,10473.0,Closed,Online,1
63601840,2025-01-02 21:15:18,2025-01-02 23:02:30,DSNY,Vendor Enforcement,Food Vendor,Manhattan,10025.0,Closed,Online,0
63601904,2025-01-02 07:37:30,2025-01-02 09:01:38,DSNY,Vendor Enforcement,Non-Food Vendor,Bronx,10468.0,Closed,Online,0
63602943,2025-01-02 22:25:58,2025-01-03 06:12:30,DSNY,Dirty Condition,Trash,Queens,11372.0,Closed,Mobile,0
63602944,2025-01-02 16:08:29,2025-01-03 07:45:19,DSNY,Dirty Condition,Trash,Queens,11385.0,Closed,Online,0
63602950,2025-01-02 22:30:30,2025-01-04 11:12:11,DSNY,Dirty Condition,Trash,Bronx,10461.0,Closed,Mobile,1
63602951,2025-01-02 21:35:56,2025-01-03 06:16:05,DSNY,Dirty Condition,Trash,Brooklyn,11226.0,Closed,Mobile,0
63602952,2025-01-02 13:09:17,2025-01-03 10:27:32,DSNY,Dirty Condition,Trash,Manhattan,10019.0,Closed,Mobile,0
63602954,2025-01-02 13:31:36,2025-02-03 00:00:00,DSNY,Graffiti,Graffiti,Bronx,10459.0,Closed,Unknown,31
63602955,2025-01-02 11:19:14,2025-02-03 00:00:00,DSNY,Graffiti,Graffiti,Brooklyn,11222.0,Closed,Unknown,31
63602956,2025-01-02 17:55:51,2025-01-03 12:44:14,DSNY,Dirty Condition,Trash,Queens,11379.0,Closed,Mobile,0
63602957,2025-01-02 15:08:30,2025-01-06 13:42:25,DSNY,Dirty Condition,Trash,Brooklyn,11238.0,Closed,Mobile,3
63602958,2025-01-02 08:57:47,2025-01-04 11:37:00,DSNY,Dirty Condition,Trash,Manhattan,10030.0,Closed,Mobile,2
63602959,2025-01-02 21:21:07,2025-01-04 13:16:54,DSNY,Dirty Condition,Trash,Queens,11355.0,Closed,Mobile,1
63602960,2025-01-02 08:58:26,2025-01-02 20:12:19,DSNY,Residential Disposal Complaint,Trash or Recycling Not Secure,Manhattan,10014.0,Closed,Online,0
63602964,2025-01-02 20:09:57,2025-01-03 07:00:27,DSNY,Dead Animal,Other,Brooklyn,11238.0,Closed,Phone,0
63602993,2025-01-02 16:48:19,2025-01-06 08:28:01,DSNY,Dirty Condition,Syringes,Brooklyn,11232.0,Closed,Phone,3
63603003,2025-01-02 09:01:26,2025-01-06 00:00:00,DSNY,Graffiti,Graffiti,Brooklyn,11223.0,Closed,Unknown,3
63603030,2025-01-02 22:38:48,2025-02-07 02:22:23,DSNY,Graffiti,Graffiti,Brooklyn,11220.0,Closed,Unknown,35
63603085,2025-01-01 13:21:00,2025-01-03 11:48:00,DSNY,Derelict Vehicles,Derelict Vehicles,Queens,11421.0,Closed,Phone,1
63603190,2025-01-02 12:58:25,2025-01-03 12:59:56,DSNY,Commercial Disposal Complaint,Waste Left in Front of Residence,Queens,11105.0,Closed,Phone,1
63603211,2025-01-02 13:05:12,2025-01-03 12:19:34,DSNY,Dirty Condition,Trash,Queens,11357.0,Closed,Online,0
63603220,2025-01-02 15:29:50,2025-01-03 12:51:35,DSNY,Residential Disposal Complaint,Waste Left in Front of Other Residence,Queens,11373.0,Closed,Phone,0
63603229,2025-01-01 14:36:00,2025-01-02 07:46:00,DSNY,Derelict Vehicles,Derelict Vehicles,Brooklyn,11210.0,Closed,Phone,0
63603230,2025-01-01 14:49:00,2025-01-02 12:39:00,DSNY,Derelict Vehicles,Derelict Vehicles,Brooklyn,11234.0,Closed,Phone,0
63603235,2025-01-02 10:12:09,2025-01-13 08:32:44,DSNY,Dumpster Complaint,Small uncovered dumpster,Manhattan,10025.0,Closed,Online,10
63603238,2025-01-02 09:34:05,2025-01-03 14:44:48,DSNY,Illegal Dumping,Removal Request,Bronx,10469.0,Closed,Online,1
63603241,2025-01-02 07:29:00,2025-01-02 20:17:00,DSNY,Derelict Vehicles,Derelict Vehicles,Queens,11356.0,Closed,Phone,0
63603286,2025-01-02 08:42:50,2025-01-31 00:00:00,DSNY,Graffiti,Graffiti,Brooklyn,11211.0,Closed,Unknown,28
63603298,2025-01-01 15:16:00,2025-01-02 09:30:00,DSNY,Derelict Vehicles,Derelict Vehicles,Staten Island,10304.0,Closed,Phone,0
63603316,2025-01-02 08:48:00,2025-01-02 23:33:00,DSNY,Derelict Vehicles,Derelict Vehicles,Staten Island,10303.0,Closed,Phone,0
63603317,2025-01-02 00:00:00,2025-01-02 07:50:00,DSNY,Derelict Vehicles,Derelict Vehicles,Bronx,10467.0,Closed,Phone,0
63603318,2025-01-02 10:21:00,2025-01-02 23:50:00,DSNY,Derelict Vehicles,Derelict Vehicles,Bronx,10457.0,Closed,Phone,0
63603320,2025-01-02 14:08:01,2025-01-08 12:39:43,DSNY,Illegal Dumping,Chronic Dumping,Bronx,10458.0,Closed,Mobile,5
63603332,2025-01-02 12:13:00,2025-01-02 13:15:00,DSNY,Derelict Vehicles,Derelict Vehicles,Queens,11377.0,Closed,Phone,0
63603335,2025-01-02 09:25:00,2025-01-02 23:14:00,DSNY,Derelict Vehicles,Derelict Vehicles,Brooklyn,11225.0,Closed,Phone,0
63603337,2025-01-02 11:03:22,2025-01-02 23:12:23,DSNY,Dirty Condition,Trash,Brooklyn,11211.0,Closed,Mobile,0
63603338,2025-01-02 11:29:55,2025-01-02 13:56:41,DSNY,Dirty Condition,Trash,Manhattan,10033.0,Closed,Mobile,0
63603339,2025-01-02 11:45:36,2025-01-18 13:03:30,DSNY,Illegal Dumping,Removal Request,Brooklyn,11225.0,Closed,Phone,16
63603340,2025-01-02 07:36:00,2025-01-02 23:00:00,DSNY,Derelict Vehicles,Derelict Vehicles,Brooklyn,11212.0,Closed,Phone,0
63603341,2025-01-02 15:47:12,2025-01-03 11:26:18,DSNY,Illegal Dumping,Removal Request,Queens,11104.0,Closed,Mobile,0
63603342,2025-01-02 06:41:37,2025-01-13 07:18:11,DSNY,Obstruction,Trash or Recycling,Manhattan,10012.0,Closed,Online,11
63603345,2025-01-02 11:25:11,2025-01-06 08:32:46,DSNY,Dirty Condition,Trash,Bronx,10458.0,Closed,Online,3
63603346,2025-01-02 13:39:34,2025-01-10 15:21:38,DSNY,Residential Disposal Complaint,Trash or Recycling Not Secure,Staten Island,10314.0,Closed,Online,8
63603347,2025-01-02 07:12:16,2025-01-03 13:00:36,DSNY,Residential Disposal Complaint,Trash or Recycling Not Secure,Queens,11377.0,Closed,Online,1
63603350,2025-01-02 10:22:00,2025-01-03 00:04:00,DSNY,Derelict Vehicles,Derelict Vehicles,Bronx,10457.0,Closed,Phone,0
63603355,2025-01-02 18:33:52,2025-01-03 16:28:15,DSNY,Illegal Dumping,Removal Request,Brooklyn,11207.0,Closed,Online,0
63603356,2025-01-02 16:23:34,2025-01-03 13:25:21,DSNY,Illegal Dumping,Removal Request,Queens,11364.0,Closed,Online,0
63603357,2025-01-02 16:58:06,2025-01-03 16:23:27,DSNY,Illegal Dumping,Removal Request,Brooklyn,11214.0,Closed,Phone,0
63603358,2025-01-02 12:25:25,2025-01-13 06:21:53,DSNY,Obstruction,Trash or Recycling,Manhattan,10016.0,Closed,Online,10
63603359,2025-01-02 20:05:38,2025-01-03 21:53:34,DSNY,Residential Disposal Complaint,Trash or Recycling Not Secure,Brooklyn,11228.0,Closed,Online,1
63603369,2025-01-02 09:04:01,2025-01-18 13:08:16,DSNY,Street Sweeping Complaint,Inadequate Sweeping,Brooklyn,11207.0,Closed,Online,16
63603370,2025-01-02 17:20:49,2025-01-11 17:01:00,DSNY,Street Sweeping Complaint,Street Not Swept,Bronx,10451.0,Closed,Online,8
63603372,2025-01-02 08:21:00,2025-01-02 23:39:00,DSNY,Derelict Vehicles,Derelict Vehicles,Bronx,10453.0,Closed,Phone,0
63603390,2025-01-02 10:24:00,2025-01-02 20:17:00,DSNY,Derelict Vehicles,Derelict Vehicles,Queens,11367.0,Closed,Phone,0
63603400,2025-01-01 15:52:00,2025-01-02 20:17:00,DSNY,Derelict Vehicles,Derelict Vehicles,Queens,11358.0,Closed,Phone,1
63603404,2025-01-02 09:48:00,2025-01-02 22:16:00,DSNY,Derelict Vehicles,Derelict Vehicles,Queens,11417.0,Closed,Phone,0
63603414,2025-01-02 07:37:55,2025-01-04 12:46:12,DSNY,Dirty Condition,Trash,Staten Island,10314.0,Closed,Online,2
63603415,2025-01-02 13:58:55,2025-01-03 06:00:59,DSNY,Dirty Condition,Trash,Queens,11420.0,Closed,Phone,0
63603416,2025-01-02 08:32:41,2025-01-08 15:18:46,DSNY,Illegal Dumping,Removal Request,Queens,11413.0,Closed,Phone,6
63603426,2025-01-02 08:45:06,2025-01-10 00:00:00,DSNY,Graffiti,Graffiti,Brooklyn,11211.0,Closed,Unknown,7
63603427,2025-01-02 07:18:00,2025-01-02 23:04:00,DSNY,Derelict Vehicles,Derelict Vehicles,Manhattan,10031.0,Closed,Phone,0
63603483,2025-01-02 12:47:10,2025-01-02 14:01:31,DSNY,Vendor Enforcement,Food Vendor,Manhattan,10075.0,Closed,Phone,0
63603533,2025-01-02 07:04:07,2025-01-03 13:33:38,DSNY,Illegal Posting,Poster or Sign,Staten Island,10312.0,Closed,Online,1
63603535,2025-01-02 12:13:12,2025-01-03 00:28:35,DSNY,Obstruction,Cone,Bronx,10451.0,Closed,Phone,0
63603540,2025-01-02 12:20:09,2025-01-04 13:06:13,DSNY,Dirty Condition,Trash,Queens,11355.0,Closed,Online,2
63603542,2025-01-02 16:59:06,2025-01-07 10:42:42,DSNY,Illegal Dumping,Removal Request,Bronx,10464.0,Closed,Online,4
63603543,2025-01-02 07:55:33,2025-01-03 16:29:19,DSNY,Illegal Dumping,Removal Request,Brooklyn,11206.0,Closed,Phone,1
63603557,2025-01-02 19:16:54,2025-01-03 00:27:14,DSNY,Dirty Condition,Trash,Bronx,10452.0,Closed,Online,0
63603558,2025-01-02 06:50:09,2025-01-02 11:51:37,DSNY,Dirty Condition,Trash,Staten Island,10312.0,Closed,Online,0
63603564,2025-01-02 17:07:38,2025-01-04 09:56:10,DSNY,Litter Basket Request,Replacement Basket,Queens,11428.0,Closed,Online,1
63603566,2025-01-02 06:34:19,2025-01-02 12:54:18,DSNY,Obstruction,Cone,Queens,11435.0,Closed,Phone,0
63603570,2025-01-02 14:05:51,2025-01-03 11:50:12,DSNY,Dirty Condition,Trash,Queens,11363.0,Closed,Online,0
63603583,2025-01-02 09:57:52,2025-01-03 08:58:16,DSNY,Dirty Condition,Trash,Brooklyn,11226.0,Closed,Online,0
63603584,2025-01-02 16:37:00,2025-01-07 10:44:02,DSNY,Illegal Dumping,Removal Request,Bronx,10466.0,Closed,Phone,4
63603585,2025-01-02 09:39:30,2025-01-03 14:03:47,DSNY,Illegal Dumping,Removal Request,Bronx,10457.0,Closed,Online,1
63603591,2025-01-02 15:53:11,2025-01-03 14:03:42,DSNY,Litter Basket Request,Replacement Basket,Queens,11379.0,Closed,Online,0
63603594,2025-01-02 14:04:36,2025-01-02 22:13:24,DSNY,Obstruction,Cone,Queens,11417.0,Closed,Online,0
63603626,2025-01-02 11:29:55,2025-01-02 13:01:39,DSNY,Vendor Enforcement,Food Vendor,Manhattan,10001.0,Closed,Online,0
63603664,2025-01-02 08:21:13,2025-01-02 10:01:29,DSNY,Vendor Enforcement,Food Vendor,Manhattan,10007.0,Closed,Online,0
63603678,2025-01-02 22:16:15,2025-01-03 21:58:28,DSNY,Obstruction,Merchandise,Brooklyn,11231.0,Closed,Online,0
63603688,2025-01-02 13:33:22,2025-01-02 15:01:38,DSNY,Vendor Enforcement,Non-Food Vendor,Manhattan,10006.0,Closed,Online,0
63603710,2025-01-02 12:34:33,2025-01-04 07:58:26,DSNY,Dirty Condition,Trash,Manhattan,10028.0,Closed,Phone,1
63603717,2025-01-02 16:44:45,2025-01-03 23:15:14,DSNY,Residential Disposal Complaint,Waste Set Out Too Early or Too Late,Brooklyn,11221.0,Closed,Phone,1
63604741,2025-01-02 22:00:28,2025-01-07 05:28:31,DSNY,Dirty Condition,Trash,Queens,11423.0,Closed,Mobile,4
63604742,2025-01-02 11:12:37,2025-01-03 04:47:04,DSNY,Dirty Condition,Trash,Manhattan,10027.0,Closed,Mobile,0
63604761,2025-01-02 17:55:13,2025-02-19 00:00:00,DSNY,Graffiti,Graffiti,Bronx,10462.0,Closed,Unknown,47
63604763,2025-01-02 08:20:06,2025-01-03 13:29:27,DSNY,Dirty Condition,Trash,Bronx,10463.0,Closed,Mobile,1
63604793,2025-01-02 14:49:45,2025-01-03 13:26:09,DSNY,Dirty Condition,Trash,Bronx,10463.0,Closed,Mobile,0
63604794,2025-01-02 12:44:12,2025-01-03 09:32:25,DSNY,Dirty Condition,Trash,Manhattan,10032.0,Closed,Mobile,0
63604795,2025-01-02 13:56:55,2025-01-03 07:33:14,DSNY,Dirty Condition,Trash,Bronx,10466.0,Closed,Mobile,0
63604796,2025-01-02 15:40:03,2025-01-03 11:33:26,DSNY,Dirty Condition,Trash,Brooklyn,11221.0,Closed,Mobile,0
63604797,2025-01-02 06:37:43,2025-01-02 20:14:22,DSNY,Residential Disposal Complaint,Trash or Recycling Not Secure,Manhattan,10012.0,Closed,Online,0
63604799,2025-01-02 17:40:40,2025-01-03 07:10:29,DSNY,Dirty Condition,Trash,Brooklyn,11226.0,Closed,Online,0
63604800,2025-01-02 10:08:42,2025-01-04 11:07:03,DSNY,Dirty Condition,Trash,Brooklyn,11218.0,Closed,Mobile,2
63604801,2025-01-02 13:00:32,2025-01-02 21:35:49,DSNY,Residential Disposal Complaint,Trash or Recycling Not Secure,Brooklyn,11223.0,Closed,Online,0
63604812,2025-01-02 15:37:57,2025-01-13 08:32:35,DSNY,Street Sweeping Complaint,Inadequate Sweeping,Manhattan,10025.0,Closed,Phone,10
63604813,2025-01-02 08:28:35,2025-01-03 16:22:12,DSNY,Dead Animal,Opossum,Brooklyn,11203.0,Closed,Phone,1
63604885,2025-01-02 15:32:38,2025-02-07 02:22:23,DSNY,Graffiti,Graffiti,Brooklyn,11211.0,Closed,Unknown,35
63605038,2025-01-02 16:59:30,2025-01-06 08:27:40,DSNY,Dirty Condition,Broken Glass,Brooklyn,11234.0,Closed,Phone,3
63605081,2025-01-02 14:58:39,2025-01-28 00:00:00,DSNY,Graffiti,Graffiti,Brooklyn,11211.0,Closed,Unknown,25
63605087,2025-01-02 21:14:41,2025-01-04 21:50:22,DSNY,Residential Disposal Complaint,Waste Left in Front of Other Residence,Brooklyn,11229.0,Closed,Online,2
63605088,2025-01-02 23:55:48,2025-01-03 10:36:35,DSNY,Obstruction,Cone,Staten Island,10302.0,Closed,Online,0
63605098,2025-01-02 09:37:00,2025-01-02 13:14:00,DSNY,Derelict Vehicles,Derelict Vehicles,Brooklyn,11226.0,Closed,Phone,0
63605108,2025-01-02 13:04:50,2025-01-03 05:13:51,DSNY,Dirty Condition,Trash,Queens,11414.0,Closed,Online,0
63605120,2025-01-02 09:19:00,2025-01-02 20:44:00,DSNY,Derelict Vehicles,Derelict Vehicles,Manhattan,10004.0,Closed,Phone,0
63605121,2025-01-02 09:06:42,2025-01-04 13:54:14,DSNY,Illegal Dumping,Removal Request,Queens,11101.0,Closed,Online,2
63605122,2025-01-02 08:18:08,2025-01-04 09:55:04,DSNY,Illegal Dumping,Removal Request,Queens,11354.0,Closed,Mobile,2
63605123,2025-01-02 15:34:33,2025-01-10 15:16:31,DSNY,Residential Disposal Complaint,Trash or Recycling Not Secure,Staten Island,10314.0,Closed,Phone,7
63605126,2025-01-02 09:14:54,2025-01-18 13:19:53,DSNY,Street Sweeping Complaint,Inadequate Sweeping,Brooklyn,11211.0,Closed,Online,16
63605127,2025-01-02 13:37:50,2025-01-03 13:00:55,DSNY,Residential Disposal Complaint,Waste Left in Front of Other Residence,Queens,11377.0,Closed,Online,0
63605147,2025-01-02 08:43:42,2025-02-07 02:22:23,DSNY,Graffiti,Graffiti,Brooklyn,11249.0,Closed,Unknown,35
63605150,2025-01-02 16:48:53,2025-01-04 11:50:53,DSNY,Dead Animal,Cat,Queens,11103.0,Closed,Phone,1
63605151,2025-01-02 23:14:52,2025-01-06 08:49:23,DSNY,Illegal Dumping,Chronic Dumping,Manhattan,10025.0,Closed,Mobile,3
63605153,2025-01-02 13:51:00,2025-01-02 23:51:00,DSNY,Derelict Vehicles,Derelict Vehicles,Bronx,10452.0,Closed,Phone,0
63605154,2025-01-01 18:36:00,2025-01-02 05:08:00,DSNY,Derelict Vehicles,Derelict Vehicles,Bronx,10465.0,Closed,Phone,0
63605159,2025-01-02 01:44:00,2025-01-02 13:39:00,DSNY,Derelict Vehicles,Derelict Vehicles,Staten Island,10309.0,Closed,Phone,0
63605160,2025-01-01 15:20:00,2025-01-02 05:07:00,DSNY,Derelict Vehicles,Derelict Vehicles,Bronx,10465.0,Closed,Phone,0
63605166,2025-01-02 19:31:00,2025-01-02 20:39:00,DSNY,Derelict Vehicles,Derelict Vehicles,Brooklyn,11209.0,Closed,Phone,0
63605171,2025-01-02 12:28:00,2025-01-02 22:46:00,DSNY,Derelict Vehicles,Derelict Vehicles,Bronx,10460.0,Closed,Phone,0
63605172,2025-01-02 13:01:00,2025-01-03 02:46:00,DSNY,Derelict Vehicles,Derelict Vehicles,Queens,11433.0,Closed,Phone,0
63605205,2025-01-02 16:31:06,2025-01-07 18:43:44,DSNY,Illegal Dumping,Chronic Dumping,Brooklyn,11214.0,Closed,Mobile,5
63605206,2025-01-02 14:52:00,2025-01-02 22:46:00,DSNY,Derelict Vehicles,Derelict Vehicles,Bronx,10454.0,Closed,Phone,0
63605211,2025-01-02 20:56:07,2025-01-06 08:27:14,DSNY,Illegal Dumping,Chronic Dumping,Manhattan,10036.0,Closed,Mobile,3
63605213,2025-01-02 16:38:41,2025-01-06 08:44:31,DSNY,Sanitation Worker Or Vehicle Complaint,Inappropriate Behavior,Brooklyn,11210.0,Closed,Phone,3
63605218,2025-01-02 16:12:10,2025-01-04 11:52:19,DSNY,Illegal Dumping,Removal Request,Queens,11106.0,Closed,Online,1
63605220,2025-01-02 15:15:00,2025-01-02 22:04:00,DSNY,Derelict Vehicles,Derelict Vehicles,Brooklyn,11210.0,Closed,Phone,0
63605221,2025-01-02 10:22:00,2025-01-02 20:36:00,DSNY,Derelict Vehicles,Derelict Vehicles,Brooklyn,11228.0,Closed,Phone,0
63605222,2025-01-02 12:12:00,2025-01-03 00:33:00,DSNY,Derelict Vehicles,Derelict Vehicles,Queens,11377.0,Closed,Phone,0
63605223,2025-01-01 11:14:00,2025-01-02 07:48:00,DSNY,Derelict Vehicles,Derelict Vehicles,Bronx,10470.0,Closed,Phone,0
63605224,2025-01-01 20:09:00,2025-01-02 07:49:00,DSNY,Derelict Vehicles,Derelict Vehicles,Bronx,10466.0,Closed,Phone,0
63605226,2025-01-02 12:25:44,2025-01-18 12:57:33,DSNY,Street Sweeping Complaint,Inadequate Sweeping,Brooklyn,11213.0,Closed,Online,16
63605231,2025-01-02 11:41:00,2025-01-02 22:56:00,DSNY,Derelict Vehicles,Derelict Vehicles,Queens,11434.0,Closed,Phone,0
63605233,2025-01-02 11:42:00,2025-01-02 22:04:00,DSNY,Derelict Vehicles,Derelict Vehicles,Brooklyn,11223.0,Closed,Phone,0
63605237,2025-01-02 08:04:00,2025-01-03 02:58:00,DSNY,Derelict Vehicles,Derelict Vehicles,Queens,11378.0,Closed,Phone,0
63605238,2025-01-02 07:22:31,2025-01-02 13:06:25,DSNY,Dirty Condition,Trash,Queens,11385.0,Closed,Mobile,0
63605239,2025-01-02 10:10:06,2025-01-02 22:04:24,DSNY,Dirty Condition,Trash,Manhattan,10014.0,Closed,Mobile,0
63605240,2025-01-02 11:31:39,2025-01-07 14:10:30,DSNY,Dirty Condition,Trash,Brooklyn,11222.0,Closed,Online,5
63605241,2025-01-02 14:59:00,2025-01-07 15:44:58,DSNY,Illegal Dumping,Removal Request,Queens,11385.0,Closed,Online,5
63605242,2025-01-02 19:45:36,2025-01-07 10:43:49,DSNY,Illegal Dumping,Removal Request,Bronx,10467.0,Closed,Online,4
63605243,2025-01-02 10:50:29,2025-01-03 16:27:46,DSNY,Illegal Dumping,Removal Request,Brooklyn,11226.0,Closed,Phone,1
63605244,2025-01-02 14:41:16,2025-01-03 14:02:26,DSNY,Illegal Dumping,Removal Request,Queens,11378.0,Closed,Phone,0
63605246,2025-01-02 13:07:08,2025-02-05 00:00:00,DSNY,Graffiti,Graffiti,Brooklyn,11220.0,Closed,Unknown,33
63605247,2025-01-02 16:33:00,2025-01-03 02:56:00,DSNY,Derelict Vehicles,Derelict Vehicles,Queens,11378.0,Closed,Phone,0
63605248,2025-01-02 18:19:46,2025-01-13 06:19:03,DSNY,Illegal Dumping,Removal Request,Manhattan,10003.0,Closed,Mobile,10
63605249,2025-01-02 19:35:21,2025-01-03 13:17:03,DSNY,Illegal Dumping,Removal Request,Queens,11417.0,Closed,Online,0
63605250,2025-01-02 15:24:42,2025-01-03 14:02:21,DSNY,Illegal Dumping,Removal Request,Queens,11378.0,Closed,Phone,0
63605255,2025-01-02 13:20:27,2025-01-13 07:28:12,DSNY,Illegal Dumping,Removal Request,Manhattan,10011.0,Closed,Mobile,10
63605256,2025-01-02 21:24:26,2025-01-03 21:54:24,DSNY,Residential Disposal Complaint,Trash or Recycling Not Secure,Brooklyn,11228.0,Closed,Online,1
63605258,2025-01-02 16:33:33,2025-01-18 13:02:34,DSNY,Street Sweeping Complaint,Inadequate Sweeping,Brooklyn,11213.0,Closed,Online,15
63605259,2025-01-02 12:51:35,2025-01-03 06:54:21,DSNY,Street Sweeping Complaint,Inadequate Sweeping,Queens,11423.0,Closed,Online,0
63605260,2025-01-02 09:51:39,2025-02-03 00:00:00,DSNY,Graffiti,Graffiti,Brooklyn,11203.0,Closed,Unknown,31
63605261,2025-01-02 11:24:39,2025-01-03 12:54:30,DSNY,Illegal Dumping,Removal Request,Bronx,10474.0,Closed,Phone,1
63605262,2025-01-02 14:59:37,2025-01-13 05:59:25,DSNY,Illegal Dumping,Removal Request,Manhattan,10002.0,Closed,Phone,10
63605263,2025-01-02 13:57:52,2025-01-03 14:32:40,DSNY,Illegal Dumping,Removal Request,Queens,11422.0,Closed,Phone,1
63605264,2025-01-01 16:01:00,2025-01-02 10:29:00,DSNY,Derelict Vehicles,Derelict Vehicles,Queens,11377.0,Closed,Phone,0
63605265,2025-01-01 09:48:00,2025-01-02 13:44:00,DSNY,Derelict Vehicles,Derelict Vehicles,Queens,11418.0,Closed,Phone,1
63605300,2025-01-02 12:39:54,2025-01-02 14:01:30,DSNY,Vendor Enforcement,Food Vendor,Manhattan,10022.0,Closed,Phone,0
63605301,2025-01-02 10:35:56,2025-01-02 12:01:51,DSNY,Vendor Enforcement,Non-Food Vendor,Brooklyn,11235.0,Closed,Phone,0
63605306,2025-01-02 12:50:59,2025-01-04 15:21:09,DSNY,Dead Animal,Cat,Brooklyn,11223.0,Closed,Phone,2
63605318,2025-01-02 12:43:41,2025-01-03 16:24:26,DSNY,Dead Animal,Cat,Brooklyn,11218.0,Closed,Online,1
63605332,2025-01-03 00:59:48,2025-01-03 16:21:57,DSNY,Abandoned Bike,Chained to Public Property,Brooklyn,11214.0,Closed,Online,0
63605339,2025-01-02 18:39:19,2025-02-04 00:00:00,DSNY,Graffiti,Graffiti,Brooklyn,11222.0,Closed,Unknown,32
63605342,2025-01-02 11:09:05,2025-01-02 14:08:34,DSNY,Obstruction,Trash or Recycling,Queens,11385.0,Closed,Online,0
63605343,2025-01-02 20:32:44,2025-01-03 13:16:13,DSNY,Litter Basket Request,New Basket,Queens,11419.0,Closed,Online,0
63605363,2025-01-02 23:27:31,2025-01-13 08:32:39,DSNY,Litter Basket Request,Replacement Basket,Manhattan,10024.0,Closed,Online,10
63605434,2025-01-02 11:05:21,2025-01-06 08:37:43,DSNY,Illegal Dumping,Removal Request,Staten Island,10314.0,Closed,Online,3
63605442,2025-01-02 15:42:21,2025-01-03 07:45:39,DSNY,Illegal Dumping,Removal Request,Brooklyn,11230.0,Closed,Phone,0
63605443,2025-01-02 13:56:10,2025-01-02 22:53:56,DSNY,Obstruction,Cone,Queens,11433.0,Closed,Phone,0
63605447,2025-01-02 22:12:42,2025-01-06 08:14:41,DSNY,Dirty Condition,Trash,Bronx,10465.0,Closed,Online,3
63605448,2025-01-02 19:15:03,2025-01-03 06:52:23,DSNY,Dirty Condition,Trash,Bronx,10465.0,Closed,Online,0
63605449,2025-01-02 15:35:37,2025-01-03 16:22:02,DSNY,Illegal Dumping,Removal Request,Brooklyn,11214.0,Closed,Online,1
63605452,2025-01-02 08:25:02,2025-01-02 09:02:43,DSNY,Dirty Condition,Trash,Brooklyn,11215.0,Closed,Online,0
63605453,2025-01-02 16:31:08,2025-01-13 12:33:52,DSNY,Illegal Dumping,Removal Request,Brooklyn,11234.0,Closed,Phone,10
63605459,2025-01-02 09:57:59,2025-01-02 23:36:17,DSNY,Dirty Condition,Trash,Staten Island,10303.0,Closed,Phone,0
63605460,2025-01-02 13:45:03,2025-01-02 23:12:07,DSNY,Obstruction,Cone,Queens,11435.0,Closed,Online,0
63605464,2025-01-02 15:25:10,2025-01-03 13:23:58,DSNY,Dead Animal,Raccoon,Queens,11694.0,Closed,Online,0
63605468,2025-01-02 10:50:21,2025-01-13 07:28:07,DSNY,Litter Basket Request,Replacement Basket,Manhattan,10019.0,Closed,Phone,10
63605485,2025-01-02 03:49:45,2025-01-04 13:28:04,DSNY,Residential Disposal Complaint,Trash Not Separated from Recycling,Staten Island,10312.0,Closed,Online,2
63605487,2025-01-02 09:38:48,2025-01-02 11:01:57,DSNY,Vendor Enforcement,Non-Food Vendor,Manhattan,10025.0,Closed,Online,0
63605488,2025-01-02 09:59:09,2025-01-02 11:01:48,DSNY,Vendor Enforcement,Food Vendor,Manhattan,10004.0,Closed,Online,0
63605492,2025-01-02 03:15:43,2025-01-02 05:01:22,DSNY,Vendor Enforcement,Food Vendor,Manhattan,10001.0,Closed,Online,0
63605500,2025-01-02 21:55:04,2025-01-03 20:52:09,DSNY,Dirty Condition,Dog Waste,Manhattan,10032.0,Closed,Online,0
63605508,2025-01-02 18:58:42,2025-01-03 04:29:01,DSNY,Residential Disposal Complaint,Waste Set Out Too Early or Too Late,Brooklyn,11231.0,Closed,Online,0
63605548,2025-01-02 11:18:38,2025-01-02 13:01:46,DSNY,Vendor Enforcement,Non-Food Vendor,Manhattan,10020.0,Closed,Online,0
63605580,2025-01-02 03:13:24,2025-01-02 05:01:21,DSNY,Vendor Enforcement,Food Vendor,Manhattan,10001.0,Closed,Online,0
63605585,2025-01-02 18:46:16,2025-01-03 20:42:20,DSNY,Dirty Condition,Dog Waste,Manhattan,10023.0,Closed,Online,1
63605586,2025-01-02 07:32:27,2025-01-03 11:24:30,DSNY,Dirty Condition,Trash,Brooklyn,11221.0,Closed,Online,1
63605588,2025-01-02 12:03:19,2025-01-21 13:24:49,DSNY,Illegal Posting,Poster or Sign,Queens,11358.0,Closed,Online,19
63605601,2025-01-02 22:47:40,2025-01-03 03:57:22,DSNY,Residential Disposal Complaint,Waste Set Out Too Early or Too Late,Manhattan,10026.0,Closed,Online,0
63605607,2025-01-03 01:42:13,2025-01-03 15:10:26,DSNY,Snow Or Ice,Roadway,Staten Island,10301.0,Closed,Online,0
63605627,2025-01-02 12:32:33,2025-01-03 12:50:36,DSNY,Obstruction,Merchandise,Queens,11354.0,Closed,Online,1
63605630,2025-01-02 20:06:50,2025-01-03 21:58:01,DSNY,Residential Disposal Complaint,Trash or Recycling Not Secure,Brooklyn,11201.0,Closed,Online,1
63606645,2025-01-02 16:20:02,2025-01-03 07:10:31,DSNY,Dirty Condition,Trash,Brooklyn,11226.0,Closed,Online,0
63606646,2025-01-02 16:18:09,2025-01-03 07:13:52,DSNY,Dirty Condition,Trash,Manhattan,10024.0,Closed,Mobile,0
63606647,2025-01-02 11:06:55,2025-01-06 08:37:23,DSNY,Dirty Condition,Trash,Brooklyn,11220.0,Closed,Mobile,3
63606648,2025-01-02 22:27:34,2025-01-08 13:21:31,DSNY,Dirty Condition,Trash,Queens,11103.0,Closed,Mobile,5
63606649,2025-01-02 19:10:32,2025-01-03 07:09:24,DSNY,Dirty Condition,Trash,Brooklyn,11226.0,Closed,Mobile,0
63606650,2025-01-02 13:52:08,2025-01-03 12:31:31,DSNY,Dirty Condition,Trash,Manhattan,10013.0,Closed,Mobile,0
63606651,2025-01-02 18:22:15,2025-01-04 08:02:47,DSNY,Dirty Condition,Trash,Manhattan,10028.0,Closed,Mobile,1
63606652,2025-01-02 06:38:09,2025-01-02 20:13:32,DSNY,Residential Disposal Complaint,Trash or Recycling Not Secure,Manhattan,10012.0,Closed,Online,0
63606690,2025-01-02 22:37:20,2025-01-27 00:00:00,DSNY,Graffiti,Graffiti,Brooklyn,11220.0,Closed,Unknown,24
63606706,2025-01-02 12:31:27,2025-01-04 15:24:59,DSNY,Street Sweeping Complaint,Inadequate Sweeping,Brooklyn,11219.0,Closed,Phone,2
63606716,2025-01-02 08:39:56,2025-01-04 14:04:29,DSNY,Dirty Condition,Trash,Brooklyn,11216.0,Closed,Mobile,2
63606717,2025-01-02 06:59:22,2025-01-02 20:14:46,DSNY,Residential Disposal Complaint,Trash or Recycling Not Secure,Manhattan,10012.0,Closed,Online,0
63606729,2025-01-02 13:21:34,2025-01-02 21:42:53,DSNY,Residential Disposal Complaint,Waste Left in Front of Other Residence,Brooklyn,11211.0,Closed,Online,0
63606731,2025-01-02 08:52:06,2025-01-03 23:09:57,DSNY,Dirty Condition,Trash,Brooklyn,11249.0,Closed,Mobile,1
63606732,2025-01-02 08:20:22,2025-01-03 17:22:57,DSNY,Dirty Condition,Trash,Brooklyn,11226.0,Closed,Mobile,1
63606742,2025-01-02 21:47:47,2025-01-03 13:12:44,DSNY,Illegal Posting,Sticker or Decal,Queens,11368.0,Closed,Online,0
63606758,2025-01-02 10:25:15,2025-01-02 21:42:09,DSNY,Residential Disposal Complaint,Trash or Recycling Not Secure,Brooklyn,11237.0,Closed,Online,0
63606765,2025-01-02 17:57:50,2025-02-20 00:00:00,DSNY,Graffiti,Graffiti,Bronx,10472.0,Closed,Unknown,48
63606777,2025-01-02 20:02:01,2025-02-20 00:00:00,DSNY,Graffiti,Graffiti,Brooklyn,11221.0,Closed,Unknown,48
63606778,2025-01-02 09:44:30,2025-01-09 00:00:00,DSNY,Graffiti,Graffiti,Brooklyn,11249.0,Closed,Unknown,6
63606800,2025-01-02 08:32:49,2025-01-03 16:25:01,DSNY,Dead Animal,Opossum,Brooklyn,11236.0,Closed,Phone,1
63606807,2025-01-02 09:56:00,2025-01-03 12:31:00,DSNY,Derelict Vehicles,Derelict Vehicles,Queens,11417.0,Closed,Phone,1
63606819,2025-01-02 22:39:17,2025-02-04 00:00:00,DSNY,Graffiti,Graffiti,Brooklyn,11220.0,Closed,Unknown,32
63606832,2025-01-02 15:24:44,2025-01-31 00:00:00,DSNY,Graffiti,Graffiti,Brooklyn,11249.0,Closed,Unknown,28
63606873,2025-01-01 16:04:00,2025-01-03 10:37:00,DSNY,Derelict Vehicles,Derelict Vehicles,Brooklyn,11207.0,Closed,Phone,1
63606977,2025-01-02 18:29:34,2025-01-04 11:48:51,DSNY,Illegal Dumping,Chronic Dumping,Queens,11385.0,Closed,Mobile,1
63606978,2025-01-02 13:08:29,2025-01-03 13:29:32,DSNY,Sanitation Worker Or Vehicle Complaint,Inappropriate Behavior,Queens,11362.0,Closed,Phone,1
63606982,2025-01-01 08:14:00,2025-01-03 00:38:00,DSNY,Derelict Vehicles,Derelict Vehicles,Manhattan,10039.0,Closed,Phone,1
63606997,2025-01-02 15:10:52,2025-01-03 16:24:11,DSNY,Obstruction,Trash or Recycling,Brooklyn,11236.0,Closed,Online,1
63606998,2025-01-02 07:30:57,2025-01-04 15:33:00,DSNY,Dirty Condition,Debris from Car Accident,Staten Island,10312.0,Closed,Online,2
63606999,2025-01-02 07:22:36,2025-01-03 07:28:07,DSNY,Obstruction,Cone,Brooklyn,11221.0,Closed,Online,1
63607002,2025-01-01 00:39:00,2025-01-02 07:19:00,DSNY,Derelict Vehicles,Derelict Vehicles,Brooklyn,11206.0,Closed,Phone,1
63607003,2025-01-02 15:36:17,2025-01-07 10:43:57,DSNY,Illegal Dumping,Removal Request,Bronx,10470.0,Closed,Online,4
63607004,2025-01-02 18:19:08,2025-01-03 11:07:44,DSNY,Illegal Dumping,Removal Request,Queens,11385.0,Closed,Mobile,0
63607005,2025-01-02 10:24:54,2025-01-06 08:38:05,DSNY,Illegal Dumping,Removal Request,Brooklyn,11216.0,Closed,Phone,3
63607008,2025-01-02 16:10:26,2025-01-04 10:22:45,DSNY,Illegal Dumping,Removal Request,Queens,11434.0,Closed,Phone,1
63607009,2025-01-02 06:45:47,2025-01-03 06:59:01,DSNY,Obstruction,Trash or Recycling,Manhattan,10012.0,Closed,Online,1
63607020,2025-01-02 15:44:56,2025-01-03 13:17:06,DSNY,Obstruction,Cone,Queens,11427.0,Closed,Online,0
63607076,2025-01-01 17:10:00,2025-01-02 08:02:00,DSNY,Derelict Vehicles,Derelict Vehicles,Brooklyn,11208.0,Closed,Phone,0
63607097,2025-01-02 15:31:19,2025-01-10 00:00:00,DSNY,Graffiti,Graffiti,Brooklyn,11211.0,Closed,Unknown,7
63607100,2025-01-02 15:13:09,2025-01-06 08:28:33,DSNY,Illegal Dumping,Removal Request,Brooklyn,11204.0,Closed,Online,3
63607102,2025-01-01 17:47:00,2025-01-02 07:49:00,DSNY,Derelict Vehicles,Derelict Vehicles,Bronx,10466.0,Closed,Phone,0
63607109,2025-01-02 15:33:35,2025-01-09 00:00:00,DSNY,Graffiti,Graffiti,Brooklyn,11211.0,Closed,Unknown,6
63607116,2025-01-02 19:13:22,2025-01-06 12:50:52,DSNY,Illegal Dumping,Removal Request,Brooklyn,11220.0,Closed,Online,3
63607118,2025-01-02 06:54:54,2025-01-03 12:12:12,DSNY,Residential Disposal Complaint,Trash or Recycling Not Secure,Manhattan,10001.0,Closed,Online,1
63607120,2025-01-02 12:14:51,2025-01-18 13:03:17,DSNY,Street Sweeping Complaint,Street Not Swept,Brooklyn,11213.0,Closed,Online,16
63607121,2025-01-01 09:43:00,2025-01-02 11:46:00,DSNY,Derelict Vehicles,Derelict Vehicles,Bronx,10453.0,Closed,Phone,1
63607122,2025-01-01 14:00:00,2025-01-02 05:31:00,DSNY,Derelict Vehicles,Derelict Vehicles,Queens,11103.0,Closed,Phone,0
63607124,2025-01-02 10:04:20,2025-01-03 21:09:19,DSNY,Dirty Condition,Dog Waste,Bronx,10452.0,Closed,Phone,1
63607125,2025-01-02 14:09:22,2025-01-04 15:20:49,DSNY,Illegal Dumping,Chronic Dumping,Brooklyn,11207.0,Closed,Mobile,2
63607132,2025-01-01 14:53:00,2025-01-02 23:03:00,DSNY,Derelict Vehicles,Derelict Vehicles,Manhattan,10031.0,Closed,Phone,1
63607156,2025-01-02 10:08:00,2025-01-02 12:58:00,DSNY,Derelict Vehicles,Derelict Vehicles,Brooklyn,11213.0,Closed,Phone,0
63607162,2025-01-02 10:05:05,2025-01-18 12:57:15,DSNY,Street Sweeping Complaint,Inadequate Sweeping,Brooklyn,11213.0,Closed,Phone,16
63607163,2025-01-02 08:14:04,2025-01-03 06:58:13,DSNY,Street Sweeping Complaint,Inadequate Sweeping,Brooklyn,11212.0,Closed,Phone,0
63607164,2025-01-02 15:56:16,2025-01-03 11:10:33,DSNY,Street Sweeping Complaint,Street Not Swept,Queens,11369.0,Closed,Online,0
63607165,2025-01-01 20:22:00,2025-01-02 08:00:00,DSNY,Derelict Vehicles,Derelict Vehicles,Bronx,10455.0,Closed,Phone,0
63607166,2025-01-02 12:59:27,2025-01-07 10:43:19,DSNY,Dead Animal,Cat,Bronx,10466.0,Closed,Phone,4
63607167,2025-01-02 16:30:14,2025-01-04 10:19:19,DSNY,Dead Animal,Cat,Queens,11432.0,Closed,Online,1
63607183,2025-01-02 12:15:00,2025-01-02 13:15:00,DSNY,Derelict Vehicles,Derelict Vehicles,Queens,11377.0,Closed,Phone,0
63607188,2025-01-02 22:10:42,2025-01-03 07:15:37,DSNY,Dirty Condition,Trash,Brooklyn,11211.0,Closed,Online,0
63607189,2025-01-02 11:59:30,2025-01-03 16:23:36,DSNY,Illegal Dumping,Removal Request,Brooklyn,11230.0,Closed,Online,1
63607196,2025-01-02 15:33:50,2025-01-08 12:57:32,DSNY,Illegal Dumping,Removal Request,Queens,11106.0,Closed,Mobile,5
63607197,2025-01-02 10:34:46,2025-01-03 16:22:17,DSNY,Illegal Dumping,Removal Request,Brooklyn,11212.0,Closed,Phone,1
63607199,2025-01-02 14:38:26,2025-01-03 16:27:42,DSNY,Illegal Dumping,Removal Request,Brooklyn,11203.0,Closed,Mobile,1
63607200,2025-01-02 15:10:00,2025-01-02 23:31:00,DSNY,Derelict Vehicles,Derelict Vehicles,Queens,11385.0,Closed,Phone,0
63607201,2025-01-02 11:08:10,2025-01-03 11:25:53,DSNY,Illegal Dumping,Removal Request,Queens,11377.0,Closed,Phone,1
63607202,2025-01-02 06:44:23,2025-01-03 06:59:27,DSNY,Obstruction,Trash or Recycling,Manhattan,10013.0,Closed,Online,1
63607205,2025-01-02 14:07:54,2025-01-04 15:22:47,DSNY,Litter Basket Request,Replacement Basket,Brooklyn,11205.0,Closed,Phone,2
63607211,2025-01-02 12:00:59,2025-01-13 14:16:05,DSNY,Street Sweeping Complaint,Inadequate Sweeping,Manhattan,10040.0,Closed,Online,11
63607213,2025-01-02 14:58:21,2025-01-31 00:00:00,DSNY,Graffiti,Graffiti,Brooklyn,11211.0,Closed,Unknown,28
63607259,2025-01-02 22:38:07,2025-02-07 02:22:23,DSNY,Graffiti,Graffiti,Brooklyn,11220.0,Closed,Unknown,35
63607291,2025-01-02 09:31:26,2025-01-03 12:10:22,DSNY,Dirty Condition,Trash,Bronx,10466.0,Closed,Online,1
63607292,2025-01-02 16:47:23,2025-01-04 10:22:42,DSNY,Illegal Dumping,Removal Request,Queens,11433.0,Closed,Phone,1
63607293,2025-01-02 13:11:46,2025-01-03 16:19:52,DSNY,Litter Basket Request,New Basket,Brooklyn,11218.0,Closed,Online,1
63607294,2025-01-02 06:34:12,2025-01-02 10:15:14,DSNY,Obstruction,Cone,Queens,11363.0,Closed,Online,0
63607302,2025-01-02 09:04:11,2025-01-02 11:01:46,DSNY,Vendor Enforcement,Food Vendor,Manhattan,10005.0,Closed,Online,0
63607320,2025-01-02 17:00:22,2025-01-07 10:42:37,DSNY,Illegal Dumping,Removal Request,Bronx,10461.0,Closed,Online,4
63607332,2025-01-02 21:39:38,2025-01-03 15:20:08,DSNY,Litter Basket Request,Replacement Basket,Staten Island,10309.0,Closed,Online,0
63607358,2025-01-02 11:34:25,2025-01-02 13:01:45,DSNY,Vendor Enforcement,Non-Food Vendor,Manhattan,10038.0,Closed,Online,0
63607359,2025-01-02 13:25:44,2025-01-02 15:01:39,DSNY,Vendor Enforcement,Non-Food Vendor,Manhattan,10013.0,Closed,Phone,0
63607375,2025-01-02 03:16:13,2025-01-02 14:32:44,DSNY,Sanitation Worker Or Vehicle Complaint,Inappropriate Behavior,Queens,11378.0,Closed,Phone,0
63607381,2025-01-02 11:53:48,2025-01-10 09:56:26,DSNY,Dirty Condition,Trash,Queens,11377.0,Closed,Online,7
63607382,2025-01-02 12:36:23,2025-01-03 06:55:06,DSNY,Illegal Dumping,Removal Request,Brooklyn,11231.0,Closed,Online,0
63607390,2025-01-02 12:34:46,2025-01-02 19:31:08,DSNY,Obstruction,Cone,Brooklyn,11238.0,Closed,Online,0
63607452,2025-01-02 03:44:41,2025-01-04 13:28:05,DSNY,Residential Disposal Complaint,Trash Not Separated from Recycling,Staten Island,10312.0,Closed,Online,2
63607457,2025-01-02 12:39:27,2025-01-03 06:54:47,DSNY,Dirty Condition,Trash,Brooklyn,11231.0,Closed,Phone,0
63607592,2025-01-02 16:41:05,2025-01-03 12:51:01,DSNY,Dirty Condition,Trash,Queens,11412.0,Closed,Phone,0
63608485,2025-01-02 15:35:17,2025-01-03 02:22:24,DSNY,Graffiti,Graffiti,Brooklyn,11211.0,Closed,Unknown,0
63608497,2025-01-02 15:27:44,2025-01-03 02:22:24,DSNY,Graffiti,Graffiti,Brooklyn,11249.0,Closed,Unknown,0
63608548,2025-01-02 13:42:15,2025-01-03 10:24:10,DSNY,Dirty Condition,Trash,Brooklyn,11206.0,Closed,Mobile,0
63608549,2025-01-02 15:20:38,2025-01-03 07:10:28,DSNY,Dirty Condition,Trash,Brooklyn,11226.0,Closed,Mobile,0
63608556,2025-01-02 16:38:01,2025-02-07 02:22:23,DSNY,Graffiti,Graffiti,Queens,11103.0,Closed,Unknown,35
63608557,2025-01-02 13:45:10,2025-01-21 00:00:00,DSNY,Graffiti,Graffiti,Queens,11375.0,Closed,Unknown,18
63608578,2025-01-02 20:29:59,2025-01-03 11:06:46,DSNY,Dead Animal,Opossum,Queens,11370.0,Closed,Phone,0
63608591,2025-01-02 11:39:04,2025-01-04 13:10:34,DSNY,Dirty Condition,Trash,Brooklyn,11205.0,Closed,Mobile,2
63608593,2025-01-02 08:58:45,2025-01-02 20:11:55,DSNY,Residential Disposal Complaint,Trash or Recycling Not Secure,Manhattan,10014.0,Closed,Online,0
63608604,2025-01-02 17:34:04,2025-01-03 13:35:52,DSNY,Dirty Condition,Trash,Staten Island,10312.0,Closed,Phone,0
63608608,2025-01-02 13:26:57,2025-01-03 05:59:08,DSNY,Obstruction,Cone,Queens,11420.0,Closed,Phone,0
63608610,2025-01-02 08:15:01,2025-01-03 12:55:00,DSNY,Illegal Dumping,Removal Request,Bronx,10474.0,Closed,Online,1
63608611,2025-01-02 14:16:02,2025-01-04 10:23:02,DSNY,Illegal Dumping,Removal Request,Queens,11412.0,Closed,Phone,1
63608612,2025-01-02 11:11:26,2025-01-04 13:55:02,DSNY,Obstruction,Trash or Recycling,Queens,11416.0,Closed,Online,2
63608617,2025-01-02 10:42:35,2025-01-03 13:29:02,DSNY,Residential Disposal Complaint,Trash or Recycling Not Secure,Brooklyn,11238.0,Closed,Online,1
63608618,2025-01-02 09:20:16,2025-01-03 11:06:33,DSNY,Dead Animal,Dog,Queens,11102.0,Closed,Online,1
63608621,2025-01-02 15:57:22,2025-01-02 22:51:12,DSNY,Obstruction,Cone,Queens,11434.0,Closed,Online,0
63608632,2025-01-02 08:48:14,2025-01-13 14:18:18,DSNY,Street Sweeping Complaint,Street Not Swept,Manhattan,10040.0,Closed,Online,11
63608633,2025-01-02 10:04:03,2025-01-03 06:56:28,DSNY,Street Sweeping Complaint,Street Not Swept,Queens,11433.0,Closed,Online,0
63608673,2025-01-02 09:24:37,2025-01-03 10:46:46,DSNY,Dirty Condition,Trash,Brooklyn,11211.0,Closed,Mobile,1
63608674,2025-01-02 19:31:25,2025-01-03 06:49:31,DSNY,Dirty Condition,Trash,Brooklyn,11231.0,Closed,Mobile,0
63608678,2025-01-02 16:01:03,2025-01-04 08:10:30,DSNY,Dirty Condition,Trash,Manhattan,10028.0,Closed,Phone,1
63608679,2025-01-02 11:37:19,2025-01-06 08:30:25,DSNY,Dirty Condition,Trash,Manhattan,10016.0,Closed,Mobile,3
63608680,2025-01-02 12:00:38,2025-01-03 11:23:44,DSNY,Dirty Condition,Trash,Queens,11416.0,Closed,Mobile,0
63608681,2025-01-02 15:20:04,2025-01-03 13:26:53,DSNY,Residential Disposal Complaint,Waste Left in Front of Other Residence,Brooklyn,11207.0,Closed,Phone,0
63608682,2025-01-02 07:50:19,2025-01-02 12:00:56,DSNY,Dirty Condition,Trash,Staten Island,10314.0,Closed,Online,0
63608695,2025-01-02 17:19:52,2025-01-13 14:08:59,DSNY,Street Sweeping Complaint,Inadequate Sweeping,Manhattan,10033.0,Closed,Online,10
63608715,2025-01-02 08:41:17,2025-01-28 00:00:00,DSNY,Graffiti,Graffiti,Brooklyn,11211.0,Closed,Unknown,25
63608737,2025-01-02 14:57:28,2025-01-14 00:00:00,DSNY,Graffiti,Graffiti,Brooklyn,11249.0,Closed,Unknown,11
63608738,2025-01-02 14:34:36,2025-01-31 00:00:00,DSNY,Graffiti,Graffiti,Queens,11385.0,Closed,Unknown,28
63608747,2025-01-02 22:33:14,2025-01-07 18:44:49,DSNY,Illegal Dumping,Chronic Dumping,Brooklyn,11219.0,Closed,Mobile,4
63608748,2025-01-02 15:18:10,2025-01-08 12:43:39,DSNY,Illegal Dumping,Chronic Dumping,Bronx,10458.0,Closed,Mobile,5
63608751,2025-01-02 17:07:46,2025-01-02 19:01:41,DSNY,Vendor Enforcement,Non-Food Vendor,Bronx,10455.0,Closed,Online,0
63608759,2025-01-02 11:23:02,2025-01-02 13:01:38,DSNY,Vendor Enforcement,Food Vendor,Manhattan,10019.0,Closed,Online,0
63608761,2025-01-02 10:23:42,2025-01-02 23:20:25,DSNY,Dirty Condition,Trash,Bronx,10458.0,Closed,Mobile,0
63608762,2025-01-01 20:13:00,2025-01-02 07:49:00,DSNY,Derelict Vehicles,Derelict Vehicles,Bronx,10466.0,Closed,Phone,0
63608763,2025-01-02 12:40:31,2025-01-02 23:07:08,DSNY,Dirty Condition,Trash,Brooklyn,11221.0,Closed,Mobile,0
63608772,2025-01-02 16:59:49,2025-01-18 12:58:42,DSNY,Illegal Dumping,Removal Request,Brooklyn,11225.0,Closed,Online,15
63608773,2025-01-02 13:35:12,2025-01-03 16:25:14,DSNY,Illegal Dumping,Removal Request,Brooklyn,11226.0,Closed,Phone,1
63608774,2025-01-02 13:57:04,2025-01-04 10:04:40,DSNY,Illegal Dumping,Removal Request,Brooklyn,11235.0,Closed,Phone,1
63608775,2025-01-02 12:47:20,2025-01-13 09:02:45,DSNY,Illegal Dumping,Removal Request,Manhattan,10026.0,Closed,Online,10
63608776,2025-01-02 08:59:06,2025-01-03 06:57:46,DSNY,Obstruction,Trash or Recycling,Manhattan,10014.0,Closed,Online,0
63608778,2025-01-02 12:38:43,2025-01-04 20:48:16,DSNY,Dirty Condition,Dog Waste,Bronx,10453.0,Closed,Phone,2
63608781,2025-01-02 14:31:45,2025-01-03 12:51:05,DSNY,Residential Disposal Complaint,Trash or Recycling Not Secure,Queens,11370.0,Closed,Online,0
63608782,2025-01-02 15:34:35,2025-02-07 02:22:23,DSNY,Graffiti,Graffiti,Brooklyn,11249.0,Closed,Unknown,35
63608783,2025-01-02 15:31:07,2025-02-07 02:22:23,DSNY,Graffiti,Graffiti,Brooklyn,11211.0,Closed,Unknown,35
63608784,2025-01-02 14:55:53,2025-01-09 00:00:00,DSNY,Graffiti,Graffiti,Brooklyn,11211.0,Closed,Unknown,6
63608792,2025-01-02 04:30:00,2025-01-02 13:03:00,DSNY,Derelict Vehicles,Derelict Vehicles,Queens,11416.0,Closed,Phone,0
63608794,2025-01-01 03:42:00,2025-01-02 10:23:00,DSNY,Derelict Vehicles,Derelict Vehicles,Queens,11435.0,Closed,Phone,1
63608795,2025-01-02 10:41:02,2025-01-07 11:22:03,DSNY,Street Sweeping Complaint,Street Not Swept,Bronx,10463.0,Closed,Phone,5
63608820,2025-01-02 23:21:28,2025-01-03 14:35:35,DSNY,Snow Or Ice,Roadway,Queens,11367.0,Closed,Phone,0
63608836,2025-01-02 21:50:58,2025-01-03 13:15:06,DSNY,Illegal Posting,Sticker or Decal,Queens,11368.0,Closed,Online,0
63608844,2025-01-02 10:32:45,2025-01-03 16:25:02,DSNY,Dead Animal,Rat or Mouse,Brooklyn,11215.0,Closed,Phone,1
63608849,2025-01-02 08:33:09,2025-01-03 16:22:13,DSNY,Dead Animal,Opossum,Brooklyn,11203.0,Closed,Phone,1
63608854,2025-01-01 19:49:00,2025-01-02 07:51:00,DSNY,Derelict Vehicles,Derelict Vehicles,Bronx,10466.0,Closed,Phone,0
63608883,2025-01-02 07:54:00,2025-01-03 02:55:00,DSNY,Derelict Vehicles,Derelict Vehicles,Queens,11377.0,Closed,Phone,0
63608884,2025-01-02 13:31:00,2025-01-02 20:39:00,DSNY,Derelict Vehicles,Derelict Vehicles,Brooklyn,11228.0,Closed,Phone,0
63608890,2025-01-01 17:00:00,2025-01-02 06:40:00,DSNY,Derelict Vehicles,Derelict Vehicles,Bronx,10459.0,Closed,Phone,0
63608901,2025-01-02 07:42:31,2025-02-07 02:22:23,DSNY,Graffiti,Graffiti,Staten Island,10314.0,Closed,Unknown,35
63608941,2025-01-02 10:46:39,2025-01-13 12:23:40,DSNY,Abandoned Bike,Chained to Public Property,Brooklyn,11234.0,Closed,Phone,11
63608943,2025-01-02 10:19:20,2025-01-03 14:47:04,DSNY,Illegal Dumping,Removal Request,Bronx,10461.0,Closed,Phone,1
63608970,2025-01-02 10:21:52,2025-01-03 00:27:09,DSNY,Dirty Condition,Trash,Bronx,10452.0,Closed,Online,0
63609018,2025-01-02 19:28:12,2025-01-04 15:15:14,DSNY,Dead Animal,Cat,Brooklyn,11214.0,Closed,Phone,1
63609053,2025-01-02 16:37:51,2025-01-03 06:52:42,DSNY,Obstruction,Cone,Manhattan,10013.0,Closed,Online,0
63609073,2025-01-02 23:49:55,2025-01-03 12:51:56,DSNY,Residential Disposal Complaint,Waste Left in Front of Other Residence,Queens,11432.0,Closed,Online,0
63609078,2025-01-02 08:23:21,2025-01-02 13:12:13,DSNY,Illegal Dumping,Removal Request,Brooklyn,11231.0,Closed,Online,0
63609109,2025-01-02 15:28:20,2025-02-07 02:22:23,DSNY,Graffiti,Graffiti,Brooklyn,11249.0,Closed,Unknown,35
63609121,2025-01-02 13:11:32,2025-01-04 11:13:56,DSNY,Illegal Dumping,Chronic Dumping,Queens,11375.0,Closed,Mobile,1
63609123,2025-01-02 14:01:03,2025-01-02 15:01:35,DSNY,Vendor Enforcement,Non-Food Vendor,Brooklyn,11201.0,Closed,Online,0
63609124,2025-01-02 13:21:54,2025-01-02 15:01:36,DSNY,Vendor Enforcement,Non-Food Vendor,Manhattan,10002.0,Closed,Phone,0
63609125,2025-01-02 08:11:06,2025-01-02 10:01:36,DSNY,Vendor Enforcement,Non-Food Vendor,Manhattan,10004.0,Closed,Online,0
63609163,2025-01-02 07:21:37,2025-01-02 20:28:45,DSNY,Dirty Condition,Trash,Manhattan,10005.0,Closed,Mobile,0
63609165,2025-01-02 16:45:17,2025-01-02 23:07:23,DSNY,Dirty Condition,Trash,Manhattan,10031.0,Closed,Mobile,0
63609166,2025-01-02 06:53:25,2025-01-02 07:02:19,DSNY,Dirty Condition,Trash,Bronx,10451.0,Closed,Mobile,0
63609167,2025-01-02 16:37:38,2025-01-04 10:22:25,DSNY,Illegal Dumping,Removal Request,Queens,11435.0,Closed,Phone,1
63609168,2025-01-02 09:38:20,2025-01-04 15:31:05,DSNY,Illegal Dumping,Removal Request,Staten Island,10304.0,Closed,Online,2
63609175,2025-01-01 14:18:00,2025-01-02 03:55:00,DSNY,Derelict Vehicles,Derelict Vehicles,Bronx,10469.0,Closed,Phone,0
63609176,2025-01-02 17:20:45,2025-01-03 16:20:15,DSNY,Illegal Dumping,Removal Request,Brooklyn,11218.0,Closed,Online,0
63609177,2025-01-02 10:17:13,2025-01-18 12:57:37,DSNY,Illegal Dumping,Removal Request,Brooklyn,11222.0,Closed,Phone,16
63609179,2025-01-02 12:09:47,2025-01-03 13:27:35,DSNY,Residential Disposal Complaint,Trash or Recycling Not Secure,Brooklyn,11212.0,Closed,Phone,1
63609191,2025-01-02 10:46:11,2025-01-03 13:00:15,DSNY,Residential Disposal Complaint,Trash or Recycling Not Secure,Queens,11105.0,Closed,Online,1
63609192,2025-01-02 16:02:30,2025-01-03 11:10:34,DSNY,Street Sweeping Complaint,Street Not Swept,Queens,11369.0,Closed,Online,0
63609197,2025-01-01 19:08:00,2025-01-02 23:09:00,DSNY,Derelict Vehicles,Derelict Vehicles,Queens,11432.0,Closed,Phone,1
63609204,2025-01-02 08:45:31,2025-01-03 11:25:58,DSNY,Illegal Dumping,Removal Request,Queens,11377.0,Closed,Online,1
63609216,2025-01-02 15:16:56,2025-01-07 10:44:57,DSNY,Illegal Dumping,Removal Request,Bronx,10468.0,Closed,Mobile,4
63609217,2025-01-02 18:29:37,2025-01-03 13:16:28,DSNY,Illegal Dumping,Removal Request,Queens,11420.0,Closed,Phone,0
63609218,2025-01-02 13:20:43,2025-01-07 10:43:34,DSNY,Illegal Dumping,Removal Request,Bronx,10475.0,Closed,Phone,4
63609219,2025-01-02 04:49:00,2025-01-02 21:50:00,DSNY,Derelict Vehicles,Derelict Vehicles,Staten Island,10314.0,Closed,Phone,0
63609220,2025-01-01 21:31:00,2025-01-02 04:54:00,DSNY,Derelict Vehicles,Derelict Vehicles,Brooklyn,11207.0,Closed,Phone,0
63609226,2025-01-02 13:01:23,2025-01-03 06:53:56,DSNY,Obstruction,Trash or Recycling,Queens,11385.0,Closed,Online,0
63609227,2025-01-03 00:12:11,2025-01-06 08:45:45,DSNY,Sanitation Worker Or Vehicle Complaint,Noise,Queens,11103.0,Closed,Online,3
63609229,2025-01-02 15:17:09,2025-01-03 07:19:32,DSNY,Street Sweeping Complaint,Street Not Swept,Brooklyn,11237.0,Closed,Phone,0
63609230,2025-01-02 11:30:15,2025-01-02 21:30:27,DSNY,Dirty Condition,Dog Waste,Brooklyn,11207.0,Closed,Phone,0
63609249,2025-01-01 12:35:00,2025-01-02 04:29:00,DSNY,Derelict Vehicles,Derelict Vehicles,Brooklyn,11207.0,Closed,Phone,0
63609277,2025-01-02 11:45:48,2025-01-09 00:00:00,DSNY,Graffiti,Graffiti,Brooklyn,11237.0,Closed,Unknown,6
63609338,2025-01-02 11:36:55,2025-01-02 13:01:37,DSNY,Vendor Enforcement,Food Vendor,Manhattan,10010.0,Closed,Phone,0
63609350,2025-01-02 11:48:34,2025-01-03 16:24:19,DSNY,Dead Animal,Cat,Brooklyn,11218.0,Closed,Online,1
63609351,2025-01-02 09:30:02,2025-01-02 14:09:04,DSNY,Obstruction,Trash or Recycling,Queens,11385.0,Closed,Online,0
63609352,2025-01-02 08:42:09,2025-01-09 15:06:04,DSNY,Dead Animal,Dog,Staten Island,10314.0,Closed,Online,7
63609353,2025-01-02 11:20:57,2025-01-04 15:31:52,DSNY,Illegal Dumping,Removal Request,Staten Island,10312.0,Closed,Online,2
63609361,2025-01-02 19:48:46,2025-01-04 15:30:33,DSNY,Illegal Dumping,Removal Request,Staten Island,10302.0,Closed,Phone,1
63609442,2025-01-02 12:49:41,2025-01-02 14:01:32,DSNY,Vendor Enforcement,Food Vendor,Manhattan,10075.0,Closed,Phone,0
63609460,2025-01-02 11:02:54,2025-01-03 12:55:45,DSNY,Dirty Condition,Trash,Bronx,10469.0,Closed,Phone,1
63609569,2025-01-02 12:44:24,2025-01-02 14:01:36,DSNY,Vendor Enforcement,Non-Food Vendor,Manhattan,10005.0,Closed,Online,0
63609573,2025-01-02 19:28:18,2025-01-03 13:44:54,DSNY,Dirty Condition,Trash,Queens,11370.0,Closed,Phone,0
63610456,2025-01-02 15:23:00,2025-01-03 02:22:24,DSNY,Graffiti,Graffiti,Brooklyn,11249.0,Closed,Unknown,0
63610457,2025-01-02 15:22:12,2025-01-03 02:22:24,DSNY,Graffiti,Graffiti,Brooklyn,11249.0,Closed,Unknown,0
63610500,2025-01-03 07:45:01,2025-01-03 23:17:39,DSNY,Dirty Condition,Trash,Brooklyn,11221.0,Closed,Mobile,0
63610501,2025-01-03 11:34:39,2025-01-03 13:44:36,DSNY,Dirty Condition,Trash,Brooklyn,11230.0,Closed,Mobile,0
63610502,2025-01-03 21:18:27,2025-01-04 10:43:47,DSNY,Dirty Condition,Trash,Bronx,10472.0,Closed,Mobile,0
63610503,2025-01-03 16:04:50,2025-01-04 14:47:54,DSNY,Dirty Condition,Trash,Manhattan,10026.0,Closed,Mobile,0
63610504,2025-01-03 08:03:23,2025-01-04 13:11:24,DSNY,Dirty Condition,Trash,Staten Island,10306.0,Closed,Online,1
63610505,2025-01-03 14:06:48,2025-01-04 07:01:40,DSNY,Dirty Condition,Trash,Brooklyn,11203.0,Closed,Online,0
63610506,2025-01-03 12:40:50,2025-01-04 11:19:25,DSNY,Dirty Condition,Trash,Queens,11378.0,Closed,Online,0
63610507,2025-01-03 07:15:34,2025-01-03 15:50:34,DSNY,Obstruction,Trash or Recycling,Manhattan,10012.0,Closed,Online,0
63610510,2025-01-03 07:01:21,2025-01-13 07:19:32,DSNY,Obstruction,Trash or Recycling,Manhattan,10012.0,Closed,Online,10
63610511,2025-01-03 09:21:26,2025-01-04 13:10:10,DSNY,Dirty Condition,Trash,Queens,11101.0,Closed,Mobile,1
63610514,2025-01-03 04:51:57,2025-01-03 13:53:14,DSNY,Abandoned Bike,Chained to Public Property,Bronx,10452.0,Closed,Phone,0
63610515,2025-01-03 15:50:01,2025-01-03 22:27:25,DSNY,Dirty Condition,Trash,Manhattan,10011.0,Closed,Mobile,0
63610516,2025-01-03 13:47:31,2025-01-10 12:33:04,DSNY,Abandoned Bike,Chained to Public Property,Brooklyn,11231.0,Closed,Phone,6
63610517,2025-01-03 07:54:36,2025-01-03 23:19:18,DSNY,Dirty Condition,Trash,Brooklyn,11221.0,Closed,Mobile,0
63610518,2025-01-03 23:29:19,2025-01-04 14:25:56,DSNY,Dirty Condition,Trash,Brooklyn,11214.0,Closed,Mobile,0
63610519,2025-01-03 18:09:18,2025-01-04 15:00:07,DSNY,Dirty Condition,Trash,Bronx,10453.0,Closed,Mobile,0
63610520,2025-01-03 12:00:18,2025-01-04 14:14:50,DSNY,Dirty Condition,Trash,Brooklyn,11204.0,Closed,Mobile,1
63610521,2025-01-03 16:59:43,2025-01-04 06:33:57,DSNY,Dirty Condition,Trash,Brooklyn,11226.0,Closed,Mobile,0
63610522,2025-01-03 12:23:27,2025-01-06 14:18:15,DSNY,Dirty Condition,Trash,Queens,11414.0,Closed,Online,3
63610523,2025-01-03 22:44:48,2025-01-04 11:31:49,DSNY,Dirty Condition,Trash,Manhattan,10030.0,Closed,Online,0
63610529,2025-01-03 11:03:00,2025-01-13 07:14:13,DSNY,Illegal Dumping,Removal Request,Brooklyn,11232.0,Closed,Phone,9
63610530,2025-01-03 18:14:23,2025-01-07 14:45:58,DSNY,Illegal Dumping,Removal Request,Queens,11434.0,Closed,Phone,3
63610531,2025-01-03 16:51:52,2025-01-07 01:25:41,DSNY,Obstruction,Sign,Brooklyn,11217.0,Closed,Online,3
63610532,2025-01-03 06:46:20,2025-01-03 17:47:38,DSNY,Residential Disposal Complaint,Trash or Recycling Not Secure,Manhattan,10018.0,Closed,Online,0
63610533,2025-01-03 09:11:01,2025-01-04 15:53:40,DSNY,Dirty Condition,Trash,Queens,11385.0,Closed,Phone,1
63610534,2025-01-03 10:58:40,2025-01-18 13:09:52,DSNY,Illegal Dumping,Removal Request,Brooklyn,11207.0,Closed,Phone,15
63610535,2025-01-03 13:29:42,2025-01-08 12:56:22,DSNY,Illegal Dumping,Removal Request,Queens,11101.0,Closed,Mobile,4
63610536,2025-01-03 18:24:39,2025-01-04 12:53:19,DSNY,Obstruction,Sign,Manhattan,10030.0,Closed,Online,0
63610537,2025-01-03 15:29:32,2025-01-04 13:01:23,DSNY,Residential Disposal Complaint,Waste Left in Front of Other Residence,Queens,11357.0,Closed,Phone,0
63610539,2025-01-03 10:57:58,2025-01-06 08:20:45,DSNY,Dirty Condition,Trash,Brooklyn,11231.0,Closed,Mobile,2
63610540,2025-01-03 12:30:55,2025-01-04 15:21:14,DSNY,Illegal Dumping,Removal Request,Brooklyn,11207.0,Closed,Phone,1
63610541,2025-01-03 10:28:48,2025-01-04 09:59:44,DSNY,Illegal Dumping,Removal Request,Brooklyn,11231.0,Closed,Online,0
63610542,2025-01-03 17:20:45,2025-01-06 12:50:10,DSNY,Illegal Dumping,Removal Request,Brooklyn,11215.0,Closed,Online,2
63610543,2025-01-03 09:38:03,2025-01-04 21:44:19,DSNY,Residential Disposal Complaint,Trash or Recycling Not Secure,Brooklyn,11232.0,Closed,Phone,1
63610548,2025-01-03 22:25:36,2025-01-04 07:26:57,DSNY,Dirty Condition,Trash,Manhattan,10023.0,Closed,Mobile,0
63610549,2025-01-03 10:41:32,2025-01-04 03:22:22,DSNY,Dirty Condition,Trash,Queens,11373.0,Closed,Mobile,0
63610550,2025-01-03 10:31:26,2025-01-04 04:25:20,DSNY,Dirty Condition,Trash,Brooklyn,11231.0,Closed,Online,0
63610551,2025-01-03 17:46:11,2025-01-04 07:40:33,DSNY,Dirty Condition,Trash,Bronx,10466.0,Closed,Mobile,0
63610552,2025-01-03 20:56:10,2025-01-06 13:36:36,DSNY,Dirty Condition,Trash,Brooklyn,11237.0,Closed,Online,2
63610553,2025-01-03 11:10:59,2025-01-07 12:23:12,DSNY,Dirty Condition,Trash,Brooklyn,11229.0,Closed,Phone,4
63610554,2025-01-03 15:24:02,2025-01-07 10:44:52,DSNY,Illegal Dumping,Removal Request,Bronx,10458.0,Closed,Mobile,3
63610555,2025-01-04 01:13:05,2025-01-07 10:44:44,DSNY,Illegal Dumping,Removal Request,Bronx,10459.0,Closed,Phone,3
63610576,2025-01-03 06:57:03,2025-01-03 20:44:55,DSNY,Residential Disposal Complaint,Trash or Recycling Not Secure,Manhattan,10012.0,Closed,Online,0
63610597,2025-01-03 15:10:18,2025-01-04 15:23:26,DSNY,Dead Animal,Dog,Brooklyn,11207.0,Closed,Phone,1
63610598,2025-01-03 07:06:32,2025-01-03 20:47:42,DSNY,Residential Disposal Complaint,Trash or Recycling Not Secure,Manhattan,10012.0,Closed,Online,0
63610609,2025-01-03 22:58:42,2025-01-06 07:31:21,DSNY,Litter Basket Request,Replacement Basket,Manhattan,10012.0,Closed,Phone,2
63610614,2025-01-03 08:54:37,2025-01-04 11:51:57,DSNY,Street Sweeping Complaint,Inadequate Sweeping,Queens,11106.0,Closed,Phone,1
63610634,2025-01-03 06:51:05,2025-01-03 13:04:06,DSNY,Dirty Condition,Trash,Staten Island,10312.0,Closed,Online,0
63610635,2025-01-03 11:33:38,2025-01-03 22:27:19,DSNY,Dirty Condition,Trash,Brooklyn,11220.0,Closed,Online,0
63610636,2025-01-03 06:49:27,2025-01-03 09:28:30,DSNY,Dirty Condition,Trash,Manhattan,10034.0,Closed,Phone,0
63610647,2025-01-03 11:01:13,2025-01-04 11:48:40,DSNY,Street Sweeping Complaint,Street Not Swept,Queens,11369.0,Closed,Online,1
63610648,2025-01-03 07:00:02,2025-01-13 08:32:18,DSNY,Litter Basket Request,Replacement Basket,Manhattan,10025.0,Closed,Phone,10
63610652,2025-01-03 07:57:27,2025-01-18 12:58:00,DSNY,Street Sweeping Complaint,Street Not Swept,Brooklyn,11222.0,Closed,Online,15
63610653,2025-01-03 15:01:44,2025-01-03 22:38:30,DSNY,Obstruction,Cone,Queens,11435.0,Closed,Phone,0
63610674,2025-01-03 20:27:06,2025-01-15 00:00:00,DSNY,Graffiti,Graffiti,Manhattan,10033.0,Closed,Unknown,11
63610681,2025-01-03 23:19:18,2025-01-09 15:05:47,DSNY,Litter Basket Request,Replacement Basket,Staten Island,10306.0,Closed,Online,5
63610695,2025-01-03 14:15:39,2025-01-10 00:00:00,DSNY,Graffiti,Graffiti,Brooklyn,11211.0,Closed,Unknown,6
63610709,2025-01-03 14:59:07,2025-01-14 00:00:00,DSNY,Graffiti,Graffiti,Brooklyn,11220.0,Closed,Unknown,10
63610712,2025-01-03 14:34:14,2025-01-31 00:00:00,DSNY,Graffiti,Graffiti,Brooklyn,11249.0,Closed,Unknown,27
63610905,2025-01-02 16:50:00,2025-01-03 13:10:00,DSNY,Derelict Vehicles,Derelict Vehicles,Queens,11356.0,Closed,Phone,0
63610908,2025-01-03 10:40:00,2025-01-03 23:25:00,DSNY,Derelict Vehicles,Derelict Vehicles,Staten Island,10302.0,Closed,Phone,0
63610911,2025-01-02 12:55:00,2025-01-04 02:25:00,DSNY,Derelict Vehicles,Derelict Vehicles,Brooklyn,11230.0,Closed,Phone,1
63610919,2025-01-03 09:15:00,2025-01-03 22:30:00,DSNY,Derelict Vehicles,Derelict Vehicles,Queens,11433.0,Closed,Phone,0
63610930,2025-01-02 18:21:00,2025-01-03 07:25:00,DSNY,Derelict Vehicles,Derelict Vehicles,Queens,11369.0,Closed,Phone,0
63610931,2025-01-02 20:49:00,2025-01-04 02:25:00,DSNY,Derelict Vehicles,Derelict Vehicles,Brooklyn,11230.0,Closed,Phone,1
63610936,2025-01-02 16:04:00,2025-01-03 06:22:00,DSNY,Derelict Vehicles,Derelict Vehicles,Queens,11363.0,Closed,Phone,0
63610938,2025-01-03 02:15:19,2025-01-03 04:01:41,DSNY,Vendor Enforcement,Food Vendor,Manhattan,10002.0,Closed,Online,0
63610940,2025-01-03 15:08:25,2025-01-04 09:57:24,DSNY,Dead Animal,Raccoon,Queens,11004.0,Closed,Phone,0
63610949,2025-01-03 08:49:03,2025-01-08 12:40:07,DSNY,Illegal Posting,Poster or Sign,Queens,11429.0,Closed,Online,5
63610950,2025-01-03 18:27:12,2025-01-04 07:09:43,DSNY,Residential Disposal Complaint,Waste Set Out Too Early or Too Late,Brooklyn,11224.0,Closed,Online,0
63610953,2025-01-03 03:09:03,2025-01-03 05:01:39,DSNY,Vendor Enforcement,Food Vendor,Manhattan,10001.0,Closed,Online,0
63610968,2025-01-03 13:38:02,2025-01-04 15:24:03,DSNY,Dead Animal,Cat,Brooklyn,11229.0,Closed,Phone,1
63610971,2025-01-03 12:10:18,2025-01-03 14:01:40,DSNY,Vendor Enforcement,Food Vendor,Queens,11368.0,Closed,Phone,0
63610973,2025-01-03 20:48:01,2025-01-04 15:09:02,DSNY,Dead Animal,Cat,Brooklyn,11209.0,Closed,Online,0
63610978,2025-01-03 14:09:12,2025-01-04 14:09:11,DSNY,Dirty Condition,Trash,Brooklyn,11215.0,Closed,Online,0
63610979,2025-01-03 13:49:49,2025-01-08 13:14:35,DSNY,Illegal Dumping,Chronic Dumping,Bronx,10451.0,Closed,Mobile,4
63610980,2025-01-03 14:47:42,2025-01-09 11:36:50,DSNY,Illegal Dumping,Chronic Dumping,Bronx,10458.0,Closed,Mobile,5
63610981,2025-01-03 13:30:44,2025-01-08 12:34:56,DSNY,Illegal Dumping,Chronic Dumping,Bronx,10468.0,Closed,Online,4
63610986,2025-01-03 20:02:36,2025-01-03 22:01:38,DSNY,Vendor Enforcement,Food Vendor,Brooklyn,11208.0,Closed,Online,0
63610987,2025-01-03 10:22:07,2025-01-04 10:22:20,DSNY,Dead Animal,Cat,Queens,11420.0,Closed,Phone,1
63610988,2025-01-03 08:15:47,2025-01-13 12:09:46,DSNY,Illegal Posting,Poster or Sign,Manhattan,10014.0,Closed,Online,10
63610997,2025-01-03 22:01:34,2025-01-04 14:05:52,DSNY,Dirty Condition,Trash,Staten Island,10309.0,Closed,Online,0
63610998,2025-01-03 07:23:09,2025-01-06 08:24:23,DSNY,Illegal Dumping,Chronic Dumping,Manhattan,10011.0,Closed,Mobile,3
63610999,2025-01-03 21:27:57,2025-01-09 13:23:15,DSNY,Illegal Dumping,Chronic Dumping,Brooklyn,11213.0,Closed,Mobile,5
63611000,2025-01-03 15:06:30,2025-01-08 12:42:02,DSNY,Illegal Dumping,Chronic Dumping,Bronx,10458.0,Closed,Mobile,4
63611001,2025-01-03 10:44:42,2025-01-04 10:35:23,DSNY,Illegal Dumping,Chronic Dumping,Queens,11373.0,Closed,Mobile,0
63611007,2025-01-03 14:44:59,2025-01-04 13:29:34,DSNY,Illegal Dumping,Chronic Dumping,Manhattan,10019.0,Closed,Mobile,0
63611025,2025-01-03 07:14:45,2025-01-08 12:11:29,DSNY,Sanitation Worker Or Vehicle Complaint,Inappropriate Behavior,Staten Island,10309.0,Closed,Phone,5
63611026,2025-01-03 08:03:58,2025-01-03 13:17:41,DSNY,Street Sweeping Complaint,Inadequate Sweeping,Brooklyn,11220.0,Closed,Online,0
63611035,2025-01-03 17:27:44,2025-01-06 07:44:07,DSNY,Litter Basket Request,New Basket,Brooklyn,11223.0,Closed,Phone,2
63611036,2025-01-03 14:21:52,2025-01-07 07:00:08,DSNY,Sanitation Worker Or Vehicle Complaint,Spilled Garbage,Queens,11356.0,Closed,Phone,3
63611037,2025-01-03 11:22:59,2025-01-07 14:27:06,DSNY,Sanitation Worker Or Vehicle Complaint,Spilled Garbage,Bronx,10463.0,Closed,Phone,4
63611771,2025-01-03 14:14:28,2025-02-10 02:22:24,DSNY,Graffiti,Graffiti,Brooklyn,11249.0,Closed,Unknown,37
63611778,2025-01-03 09:30:46,2025-02-10 02:22:24,DSNY,Graffiti,Graffiti,Queens,11106.0,Closed,Unknown,37
63611779,2025-01-03 09:19:51,2025-02-05 00:00:00,DSNY,Graffiti,Graffiti,Queens,11103.0,Closed,Unknown,32
63611799,2025-01-03 14:26:07,2025-01-09 00:00:00,DSNY,Graffiti,Graffiti,Manhattan,10002.0,Closed,Unknown,5
63611800,2025-01-03 12:48:55,2025-01-27 00:00:00,DSNY,Graffiti,Graffiti,Brooklyn,11217.0,Closed,Unknown,23
63611827,2025-01-03 08:32:36,2025-01-24 00:00:00,DSNY,Graffiti,Graffiti,Manhattan,10002.0,Closed,Unknown,20
63611930,2025-01-03 09:58:53,2025-01-04 02:22:23,DSNY,Graffiti,Graffiti,Brooklyn,11218.0,Closed,Unknown,0
63611989,2025-01-03 08:05:00,2025-01-03 21:21:54,DSNY,Dirty Condition,Trash,Manhattan,10024.0,Closed,Mobile,0
63611990,2025-01-03 07:51:52,2025-01-06 05:17:16,DSNY,Dirty Condition,Trash,Brooklyn,11225.0,Closed,Mobile,2
63611991,2025-01-04 01:09:26,2025-01-17 16:46:37,DSNY,Illegal Dumping,Removal Request,Brooklyn,11209.0,Closed,Phone,13
63611992,2025-01-03 13:46:21,2025-01-03 23:41:43,DSNY,Dirty Condition,Trash,Brooklyn,11226.0,Closed,Mobile,0
63611993,2025-01-03 10:15:06,2025-01-06 08:23:18,DSNY,Dirty Condition,Trash,Queens,11106.0,Closed,Mobile,2
63611994,2025-01-03 18:24:49,2025-01-04 12:42:29,DSNY,Dirty Condition,Trash,Brooklyn,11207.0,Closed,Mobile,0
63611995,2025-01-03 14:43:04,2025-01-07 10:47:45,DSNY,Illegal Dumping,Removal Request,Bronx,10468.0,Closed,Mobile,3
63611996,2025-01-03 09:06:18,2025-01-18 13:03:25,DSNY,Illegal Dumping,Removal Request,Brooklyn,11225.0,Closed,Online,15
63611997,2025-01-03 07:38:27,2025-01-04 10:01:26,DSNY,Illegal Dumping,Removal Request,Brooklyn,11230.0,Closed,Online,1
63611998,2025-01-03 19:22:32,2025-01-04 21:46:04,DSNY,Residential Disposal Complaint,Trash or Recycling Not Secure,Brooklyn,11221.0,Closed,Online,1
63611999,2025-01-03 15:11:13,2025-01-04 20:47:10,DSNY,Residential Disposal Complaint,Trash or Recycling Not Secure,Bronx,10472.0,Closed,Phone,1
63612005,2025-01-03 09:39:48,2025-01-04 06:08:30,DSNY,Dirty Condition,Trash,Bronx,10472.0,Closed,Phone,0
63612006,2025-01-03 12:24:19,2025-01-20 11:01:12,DSNY,Illegal Dumping,Removal Request,Bronx,10459.0,Closed,Mobile,16
63612007,2025-01-03 12:01:19,2025-01-04 15:21:25,DSNY,Illegal Dumping,Removal Request,Brooklyn,11207.0,Closed,Mobile,1
63612008,2025-01-03 09:56:55,2025-01-07 10:48:58,DSNY,Illegal Dumping,Removal Request,Bronx,10461.0,Closed,Online,4
63612009,2025-01-03 12:16:38,2025-01-06 08:19:15,DSNY,Illegal Dumping,Removal Request,Brooklyn,11232.0,Closed,Phone,2
63612010,2025-01-03 17:20:35,2025-01-18 12:55:15,DSNY,Illegal Dumping,Removal Request,Brooklyn,11238.0,Closed,Phone,14
63612011,2025-01-03 15:54:07,2025-01-07 08:37:38,DSNY,Dead Animal,Squirrel,Queens,11432.0,Closed,Online,3
63612012,2025-01-03 09:30:15,2025-01-03 14:37:20,DSNY,Dirty Condition,Trash,Brooklyn,11220.0,Closed,Online,0
63612013,2025-01-03 09:48:11,2025-01-18 12:55:07,DSNY,Street Sweeping Complaint,Inadequate Sweeping,Brooklyn,11238.0,Closed,Phone,15
63612014,2025-01-03 10:00:19,2025-01-03 10:23:41,DSNY,Illegal Dumping,Removal Request,Queens,11377.0,Closed,Phone,0
63612015,2025-01-03 16:18:57,2025-01-04 15:17:28,DSNY,Litter Basket Request,Replacement Basket,Brooklyn,11223.0,Closed,Online,0
63612023,2025-01-03 08:23:59,2025-01-03 15:51:25,DSNY,Obstruction,Trash or Recycling,Manhattan,10011.0,Closed,Online,0
63612024,2025-01-03 06:50:12,2025-01-07 14:59:18,DSNY,Obstruction,Trash or Recycling,Manhattan,10018.0,Closed,Online,4
63612031,2025-01-03 09:42:23,2025-01-06 07:09:41,DSNY,Street Sweeping Complaint,Street Not Swept,Brooklyn,11204.0,Closed,Phone,2
63612036,2025-01-03 16:46:27,2025-01-04 13:54:21,DSNY,Dumpster Complaint,Overflowing dumpster,Queens,11385.0,Closed,Online,0
63612037,2025-01-03 08:27:49,2025-01-03 15:51:49,DSNY,Obstruction,Trash or Recycling,Manhattan,10012.0,Closed,Online,0
63612046,2025-01-04 00:52:54,2025-01-04 12:35:40,DSNY,Dirty Condition,Trash,Bronx,10470.0,Closed,Mobile,0
63612055,2025-01-03 07:58:58,2025-02-03 00:00:00,DSNY,Graffiti,Graffiti,Brooklyn,11231.0,Closed,Unknown,30
63612058,2025-01-03 14:34:36,2025-02-10 02:22:24,DSNY,Graffiti,Graffiti,Brooklyn,11249.0,Closed,Unknown,37
63612059,2025-01-03 08:21:33,2025-01-04 11:07:09,DSNY,Dirty Condition,Trash,Brooklyn,11218.0,Closed,Mobile,1
63612060,2025-01-04 01:24:34,2025-01-18 13:03:21,DSNY,Illegal Dumping,Removal Request,Brooklyn,11225.0,Closed,Online,14
63612061,2025-01-03 19:34:57,2025-01-18 13:03:50,DSNY,Illegal Dumping,Removal Request,Brooklyn,11203.0,Closed,Phone,14
63612062,2025-01-03 14:49:10,2025-01-07 10:50:57,DSNY,Illegal Dumping,Removal Request,Bronx,10452.0,Closed,Mobile,3
63612063,2025-01-03 16:59:25,2025-01-04 15:16:45,DSNY,Illegal Dumping,Removal Request,Brooklyn,11208.0,Closed,Phone,0
63612064,2025-01-03 13:56:40,2025-01-07 12:27:14,DSNY,Illegal Dumping,Removal Request,Staten Island,10303.0,Closed,Phone,3
63612065,2025-01-03 14:22:44,2025-01-04 05:32:22,DSNY,Dirty Condition,Trash,Queens,11375.0,Closed,Mobile,0
63612066,2025-01-03 14:01:49,2025-01-04 12:58:17,DSNY,Dirty Condition,Trash,Queens,11418.0,Closed,Online,0
63612067,2025-01-03 08:44:23,2025-01-04 13:23:41,DSNY,Dirty Condition,Trash,Brooklyn,11221.0,Closed,Mobile,1
63612068,2025-01-03 15:32:31,2025-01-06 07:46:44,DSNY,Dirty Condition,Trash,Brooklyn,11201.0,Closed,Mobile,2
63612069,2025-01-03 13:17:07,2025-01-04 08:07:31,DSNY,Dirty Condition,Trash,Bronx,10459.0,Closed,Online,0
63612070,2025-01-03 14:47:55,2025-01-13 08:45:34,DSNY,Illegal Dumping,Removal Request,Manhattan,10031.0,Closed,Mobile,9
63612086,2025-01-03 07:25:52,2025-01-03 21:53:59,DSNY,Residential Disposal Complaint,Trash or Recycling Not Secure,Brooklyn,11228.0,Closed,Online,0
63612087,2025-01-03 13:09:02,2025-01-03 23:47:26,DSNY,Residential Disposal Complaint,Waste Set Out Too Early or Too Late,Brooklyn,11203.0,Closed,Online,0
63612092,2025-01-03 15:18:59,2025-01-17 16:45:41,DSNY,Illegal Dumping,Removal Request,Brooklyn,11209.0,Closed,Phone,14
63612093,2025-01-03 15:03:59,2025-01-06 07:44:31,DSNY,Illegal Dumping,Removal Request,Brooklyn,11220.0,Closed,Phone,2
63612094,2025-01-03 10:30:49,2025-01-04 13:25:33,DSNY,Residential Disposal Complaint,Trash or Recycling Not Secure,Brooklyn,11207.0,Closed,Online,1
63612095,2025-01-03 13:02:13,2025-01-03 23:49:39,DSNY,Residential Disposal Complaint,Waste Set Out Too Early or Too Late,Brooklyn,11203.0,Closed,Online,0
63612107,2025-01-03 13:08:30,2025-01-04 15:16:10,DSNY,Street Sweeping Complaint,Street Not Swept,Brooklyn,11204.0,Closed,Phone,1
63612112,2025-01-03 13:46:59,2025-01-04 21:42:32,DSNY,Commercial Disposal Complaint,Waste Left in Front of Residence,Brooklyn,11231.0,Closed,Online,1
63612116,2025-01-03 12:30:38,2025-01-10 16:32:09,DSNY,Street Sweeping Complaint,Inadequate Sweeping,Brooklyn,11214.0,Closed,Phone,7
63612117,2025-01-03 13:17:55,2025-01-13 12:24:40,DSNY,Street Sweeping Complaint,Inadequate Sweeping,Brooklyn,11234.0,Closed,Phone,9
63612135,2025-01-03 09:34:55,2025-01-03 20:41:52,DSNY,Residential Disposal Complaint,Trash or Recycling Not Secure,Manhattan,10026.0,Closed,Online,0
63612139,2025-01-03 12:47:48,2025-01-04 15:28:49,DSNY,Litter Basket Request,Replacement Basket,Staten Island,10309.0,Closed,Online,1
63612140,2025-01-03 16:49:53,2025-01-04 06:41:30,DSNY,Obstruction,Cone,Manhattan,10011.0,Closed,Online,0
63612165,2025-01-03 14:21:35,2025-01-04 02:22:23,DSNY,Graffiti,Graffiti,Brooklyn,11211.0,Closed,Unknown,0
63612166,2025-01-03 17:48:57,2025-01-18 12:58:02,DSNY,Obstruction,Trash or Recycling,Brooklyn,11222.0,Closed,Phone,14
63612169,2025-01-03 20:35:35,2025-01-18 13:04:26,DSNY,Obstruction,Trash or Recycling,Brooklyn,11226.0,Closed,Phone,14
63612174,2025-01-03 14:37:48,2025-02-10 02:22:24,DSNY,Graffiti,Graffiti,Brooklyn,11249.0,Closed,Unknown,37
63612206,2025-01-03 14:07:46,2025-02-10 02:22:24,DSNY,Graffiti,Graffiti,Brooklyn,11249.0,Closed,Unknown,37
63612362,2025-01-03 11:43:00,2025-01-03 21:58:00,DSNY,Derelict Vehicles,Derelict Vehicles,Queens,11103.0,Closed,Phone,0
63612400,2025-01-03 10:48:00,2025-01-03 23:01:00,DSNY,Derelict Vehicles,Derelict Vehicles,Queens,11368.0,Closed,Phone,0
63612401,2025-01-02 18:56:00,2025-01-03 05:29:00,DSNY,Derelict Vehicles,Derelict Vehicles,Brooklyn,11201.0,Closed,Phone,0
63612437,2025-01-02 09:59:00,2025-01-04 02:25:00,DSNY,Derelict Vehicles,Derelict Vehicles,Brooklyn,11219.0,Closed,Phone,1
63612438,2025-01-02 21:57:00,2025-01-04 02:26:00,DSNY,Derelict Vehicles,Derelict Vehicles,Brooklyn,11230.0,Closed,Phone,1
63612449,2025-01-02 16:39:00,2025-01-03 10:10:00,DSNY,Derelict Vehicles,Derelict Vehicles,Queens,11377.0,Closed,Phone,0
63612476,2025-01-02 08:02:00,2025-01-03 04:15:00,DSNY,Derelict Vehicles,Derelict Vehicles,Brooklyn,11231.0,Closed,Phone,0
63612491,2025-01-03 10:28:00,2025-01-03 12:29:00,DSNY,Derelict Vehicles,Derelict Vehicles,Queens,11377.0,Closed,Phone,0
63612500,2025-01-02 10:22:00,2025-01-03 05:01:00,DSNY,Derelict Vehicles,Derelict Vehicles,Bronx,10457.0,Closed,Phone,0
63612505,2025-01-02 10:01:00,2025-01-06 08:43:00,DSNY,Derelict Vehicles,Derelict Vehicles,Queens,11413.0,Closed,Phone,3
63612507,2025-01-03 21:07:05,2025-01-04 09:46:25,DSNY,Dead Animal,Cat,Queens,11354.0,Closed,Online,0
63612508,2025-01-03 07:14:24,2025-01-07 04:00:07,DSNY,Dirty Condition,Trash,Brooklyn,11238.0,Closed,Online,3
63612509,2025-01-02 17:18:00,2025-01-03 11:09:00,DSNY,Derelict Vehicles,Derelict Vehicles,Bronx,10469.0,Closed,Phone,0
63612510,2025-01-03 08:54:00,2025-01-03 22:17:00,DSNY,Derelict Vehicles,Derelict Vehicles,Queens,11378.0,Closed,Phone,0
63612511,2025-01-03 02:56:00,2025-01-03 13:42:00,DSNY,Derelict Vehicles,Derelict Vehicles,Staten Island,10309.0,Closed,Phone,0
63612517,2025-01-03 08:15:00,2025-01-03 21:06:00,DSNY,Derelict Vehicles,Derelict Vehicles,Queens,11416.0,Closed,Phone,0
63612518,2025-01-03 11:55:00,2025-01-03 23:11:00,DSNY,Derelict Vehicles,Derelict Vehicles,Queens,11358.0,Closed,Phone,0
63612528,2025-01-02 17:07:00,2025-01-03 05:37:00,DSNY,Derelict Vehicles,Derelict Vehicles,Staten Island,10301.0,Closed,Phone,0
63612531,2025-01-02 10:06:00,2025-01-06 09:05:00,DSNY,Derelict Vehicles,Derelict Vehicles,Queens,11413.0,Closed,Phone,3
63612546,2025-01-03 19:17:00,2025-01-04 03:09:00,DSNY,Derelict Vehicles,Derelict Vehicles,Queens,11368.0,Closed,Phone,0
63612556,2025-01-03 10:26:21,2025-01-03 12:01:42,DSNY,Vendor Enforcement,Non-Food Vendor,Bronx,10463.0,Closed,Phone,0
63612557,2025-01-03 16:57:29,2025-01-03 18:01:40,DSNY,Vendor Enforcement,Food Vendor,Queens,11354.0,Closed,Online,0
63612558,2025-01-03 09:40:00,2025-01-14 15:35:14,DSNY,Dead Animal,Rat or Mouse,Brooklyn,11215.0,Closed,Phone,11
63612595,2025-01-03 23:31:32,2025-01-08 15:46:19,DSNY,Sanitation Worker Or Vehicle Complaint,Spilled Garbage,Bronx,10452.0,Closed,Phone,4
63612596,2025-01-03 07:47:06,2025-01-06 08:46:08,DSNY,Sanitation Worker Or Vehicle Complaint,Spilled Garbage,Queens,11373.0,Closed,Online,3
63612614,2025-01-03 09:46:00,2025-01-03 22:36:00,DSNY,Derelict Vehicles,Derelict Vehicles,Queens,11367.0,Closed,Phone,0
63612646,2025-01-03 13:06:00,2025-01-03 15:01:38,DSNY,Vendor Enforcement,Non-Food Vendor,Brooklyn,11204.0,Closed,Phone,0
63612649,2025-01-03 17:16:34,2025-01-04 10:23:10,DSNY,Dead Animal,Raccoon,Queens,11412.0,Closed,Phone,0
63612650,2025-01-03 09:34:12,2025-01-07 12:54:41,DSNY,Dirty Condition,Broken Glass,Brooklyn,11222.0,Closed,Online,4
63612661,2025-01-03 12:18:53,2025-01-06 08:18:56,DSNY,Dirty Condition,Broken Glass,Manhattan,10019.0,Closed,Online,2
63612662,2025-01-03 21:44:41,2025-01-06 17:25:17,DSNY,Dirty Condition,Trash,Brooklyn,11207.0,Closed,Phone,2
63612668,2025-01-03 10:58:47,2025-01-03 12:01:37,DSNY,Vendor Enforcement,Food Vendor,Bronx,10455.0,Closed,Online,0
63612669,2025-01-03 08:38:27,2025-01-03 10:01:44,DSNY,Vendor Enforcement,Food Vendor,Manhattan,10004.0,Closed,Online,0
63612670,2025-01-03 07:48:58,2025-01-06 08:44:08,DSNY,Sanitation Worker Or Vehicle Complaint,Spilled Garbage,Brooklyn,11219.0,Closed,Phone,3
63612782,2025-01-03 07:34:24,2025-01-07 04:00:39,DSNY,Obstruction,Cone,Brooklyn,11238.0,Closed,Online,3
63613253,2025-01-03 09:56:35,2025-02-10 02:22:24,DSNY,Graffiti,Graffiti,Brooklyn,11204.0,Closed,Unknown,37
63613254,2025-01-03 09:46:38,2025-01-27 00:00:00,DSNY,Graffiti,Graffiti,Brooklyn,11214.0,Closed,Unknown,23
63613260,2025-01-03 14:28:37,2025-01-09 00:00:00,DSNY,Graffiti,Graffiti,Manhattan,10002.0,Closed,Unknown,5
63613336,2025-01-03 20:31:10,2025-02-10 02:22:24,DSNY,Graffiti,Graffiti,Manhattan,10031.0,Closed,Unknown,37
63613337,2025-01-03 13:45:56,2025-02-10 02:22:24,DSNY,Graffiti,Graffiti,Brooklyn,11220.0,Closed,Unknown,37
63613338,2025-01-03 09:07:19,2025-02-10 02:22:24,DSNY,Graffiti,Graffiti,Queens,11103.0,Closed,Unknown,37
63613341,2025-01-03 14:08:13,2025-04-07 00:00:00,DSNY,Graffiti,Graffiti,Brooklyn,11249.0,Closed,Unknown,93
63613344,2025-01-03 12:54:19,2025-02-04 00:00:00,DSNY,Graffiti,Graffiti,Brooklyn,11217.0,Closed,Unknown,31
63613345,2025-01-03 12:50:52,2025-01-13 00:00:00,DSNY,Graffiti,Graffiti,Brooklyn,11217.0,Closed,Unknown,9
63613346,2025-01-03 08:38:45,2025-01-24 00:00:00,DSNY,Graffiti,Graffiti,Manhattan,10002.0,Closed,Unknown,20
63613486,2025-01-04 00:12:13,2025-01-08 15:52:27,DSNY,Abandoned Bike,Chained to Public Property,Bronx,10452.0,Closed,Phone,4
63613487,2025-01-03 15:03:31,2025-01-03 23:14:01,DSNY,Dirty Condition,Trash,Brooklyn,11221.0,Closed,Mobile,0
63613488,2025-01-03 10:32:36,2025-01-03 23:12:31,DSNY,Dirty Condition,Trash,Brooklyn,11221.0,Closed,Mobile,0
63613489,2025-01-03 08:21:57,2025-01-04 11:14:39,DSNY,Dirty Condition,Trash,Brooklyn,11223.0,Closed,Mobile,1
63613490,2025-01-03 09:49:58,2025-01-04 14:04:47,DSNY,Dirty Condition,Trash,Brooklyn,11223.0,Closed,Mobile,1
63613491,2025-01-03 14:51:44,2025-01-07 10:47:52,DSNY,Illegal Dumping,Removal Request,Bronx,10468.0,Closed,Mobile,3
63613492,2025-01-03 17:45:56,2025-01-09 14:12:46,DSNY,Illegal Dumping,Removal Request,Bronx,10469.0,Closed,Online,5
63613496,2025-01-03 08:21:08,2025-01-07 10:43:23,DSNY,Illegal Dumping,Removal Request,Bronx,10475.0,Closed,Unknown,4
63613497,2025-01-03 19:28:38,2025-01-07 13:09:59,DSNY,Illegal Dumping,Removal Request,Queens,11412.0,Closed,Phone,3
63613498,2025-01-03 20:35:14,2025-01-07 10:50:52,DSNY,Illegal Dumping,Removal Request,Bronx,10452.0,Closed,Mobile,3
63613499,2025-01-03 08:30:39,2025-01-07 10:49:57,DSNY,Illegal Dumping,Removal Request,Bronx,10468.0,Closed,Online,4
63613500,2025-01-03 23:37:46,2025-01-04 13:33:16,DSNY,Dirty Condition,Trash,Brooklyn,11206.0,Closed,Mobile,0
63613501,2025-01-03 15:20:04,2025-01-15 13:17:15,DSNY,Residential Disposal Complaint,Trash Not Separated from Recycling,Staten Island,10310.0,Closed,Online,11
63613502,2025-01-03 08:36:47,2025-01-03 20:51:07,DSNY,Dirty Condition,Trash,Manhattan,10023.0,Closed,Phone,0
63613503,2025-01-03 12:09:23,2025-01-18 13:09:43,DSNY,Street Sweeping Complaint,Inadequate Sweeping,Brooklyn,11208.0,Closed,Phone,15
63613504,2025-01-03 12:58:05,2025-01-04 09:59:12,DSNY,Street Sweeping Complaint,Street Not Swept,Brooklyn,11215.0,Closed,Online,0
63613506,2025-01-03 06:57:14,2025-01-03 06:59:31,DSNY,Obstruction,Trash or Recycling,Manhattan,10013.0,Closed,Online,0
63613508,2025-01-03 18:37:37,2025-01-03 21:55:23,DSNY,Obstruction,Merchandise,Brooklyn,11220.0,Closed,Phone,0
63613515,2025-01-03 15:37:38,2025-01-10 16:27:55,DSNY,Obstruction,Trash or Recycling,Brooklyn,11220.0,Closed,Phone,7
63613516,2025-01-03 17:17:27,2025-01-07 13:32:18,DSNY,Obstruction,Trash or Recycling,Bronx,10453.0,Closed,Phone,3
63613520,2025-01-03 11:52:52,2025-01-18 13:09:47,DSNY,Street Sweeping Complaint,Inadequate Sweeping,Brooklyn,11233.0,Closed,Phone,15
63613521,2025-01-03 22:56:12,2025-01-23 15:27:11,DSNY,Street Sweeping Complaint,Street Not Swept,Brooklyn,11215.0,Closed,Online,19
63613523,2025-01-03 11:45:03,2025-02-10 02:22:24,DSNY,Graffiti,Graffiti,Brooklyn,11222.0,Closed,Unknown,37
63613524,2025-01-03 06:45:18,2025-01-13 08:35:13,DSNY,Obstruction,Trash or Recycling,Manhattan,10024.0,Closed,Online,10
63613525,2025-01-03 06:44:54,2025-01-13 08:32:48,DSNY,Obstruction,Trash or Recycling,Manhattan,10024.0,Closed,Online,10
63613526,2025-01-03 14:40:02,2025-01-03 16:01:45,DSNY,Commercial Disposal Complaint,Waste Disposal,Brooklyn,11203.0,Closed,Online,0
63613535,2025-01-03 14:12:03,2025-03-05 00:00:00,DSNY,Graffiti,Graffiti,Brooklyn,11221.0,Closed,Unknown,60
63613542,2025-01-03 14:32:50,2025-01-31 00:00:00,DSNY,Graffiti,Graffiti,Brooklyn,11249.0,Closed,Unknown,27
63613586,2025-01-03 07:34:08,2025-01-03 23:10:53,DSNY,Dirty Condition,Trash,Manhattan,10001.0,Closed,Mobile,0
63613587,2025-01-03 11:13:01,2025-01-03 12:50:38,DSNY,Dirty Condition,Trash,Queens,11367.0,Closed,Mobile,0
63613588,2025-01-03 14:36:09,2025-01-04 23:21:37,DSNY,Dirty Condition,Trash,Brooklyn,11221.0,Closed,Mobile,1
63613589,2025-01-03 10:38:58,2025-01-03 23:45:03,DSNY,Dirty Condition,Trash,Brooklyn,11203.0,Closed,Mobile,0
63613590,2025-01-03 08:18:45,2025-01-03 14:29:52,DSNY,Dirty Condition,Trash,Manhattan,10033.0,Closed,Mobile,0
63613591,2025-01-03 07:49:41,2025-01-03 23:19:43,DSNY,Dirty Condition,Trash,Brooklyn,11221.0,Closed,Mobile,0
63613592,2025-01-03 08:36:03,2025-01-07 12:53:20,DSNY,Dirty Condition,Trash,Brooklyn,11222.0,Closed,Mobile,4
63613593,2025-01-03 10:22:01,2025-01-08 23:03:09,DSNY,Dirty Condition,Trash,Brooklyn,11207.0,Closed,Mobile,5
63613594,2025-01-03 06:42:00,2025-01-04 14:43:00,DSNY,Dirty Condition,Trash,Queens,11691.0,Closed,Online,1
63613595,2025-01-03 08:13:39,2025-01-04 06:34:46,DSNY,Dirty Condition,Trash,Brooklyn,11226.0,Closed,Mobile,0
63613616,2025-01-03 07:17:20,2025-01-04 14:29:15,DSNY,Dirty Condition,Trash,Brooklyn,11223.0,Closed,Online,1
63613617,2025-01-03 07:58:34,2025-01-04 23:25:48,DSNY,Dirty Condition,Trash,Brooklyn,11207.0,Closed,Mobile,1
63613618,2025-01-03 15:48:38,2025-01-13 08:32:23,DSNY,Illegal Dumping,Removal Request,Manhattan,10023.0,Closed,Mobile,9
63613619,2025-01-03 13:30:56,2025-01-13 05:59:07,DSNY,Illegal Dumping,Removal Request,Manhattan,10002.0,Closed,Mobile,9
63613620,2025-01-03 08:24:19,2025-01-04 11:48:34,DSNY,Illegal Dumping,Removal Request,Queens,11369.0,Closed,Online,1
63613621,2025-01-03 08:46:16,2025-01-06 08:22:36,DSNY,Dirty Condition,Trash,Queens,11354.0,Closed,Mobile,2
63613622,2025-01-03 12:05:51,2025-01-04 06:43:45,DSNY,Dirty Condition,Trash,Manhattan,10011.0,Closed,Phone,0
63613623,2025-01-03 08:49:03,2025-01-13 07:28:17,DSNY,Illegal Dumping,Removal Request,Manhattan,10019.0,Closed,Online,9
63613624,2025-01-03 09:02:28,2025-01-04 10:22:53,DSNY,Illegal Dumping,Removal Request,Queens,11435.0,Closed,Phone,1
63613637,2025-01-03 07:01:01,2025-01-03 20:44:04,DSNY,Residential Disposal Complaint,Trash or Recycling Not Secure,Manhattan,10012.0,Closed,Online,0
63613640,2025-01-03 12:15:12,2025-01-10 16:32:25,DSNY,Street Sweeping Complaint,Inadequate Sweeping,Brooklyn,11223.0,Closed,Online,7
63613641,2025-01-03 12:11:52,2025-01-08 15:48:59,DSNY,Street Sweeping Complaint,Inadequate Sweeping,Bronx,10453.0,Closed,Online,5
63613647,2025-01-03 08:00:49,2025-01-03 12:57:37,DSNY,Dirty Condition,Trash,Bronx,10467.0,Closed,Phone,0
63613660,2025-01-03 11:58:15,2025-01-13 06:19:43,DSNY,Street Sweeping Complaint,Street Not Swept,Manhattan,10003.0,Closed,Phone,9
63613661,2025-01-03 09:51:00,2025-01-04 10:14:56,DSNY,Street Sweeping Complaint,Inadequate Sweeping,Queens,11433.0,Closed,Online,1
63613662,2025-01-03 12:17:24,2025-01-10 16:32:14,DSNY,Street Sweeping Complaint,Inadequate Sweeping,Brooklyn,11223.0,Closed,Online,7
63613681,2025-01-03 15:29:19,2025-01-06 07:47:15,DSNY,Obstruction,Trash or Recycling,Brooklyn,11201.0,Closed,Phone,2
63613683,2025-01-03 08:39:36,2025-01-07 15:11:38,DSNY,Obstruction,Trash or Recycling,Manhattan,10018.0,Closed,Online,4
63613684,2025-01-03 21:14:42,2025-01-04 20:13:45,DSNY,Obstruction,Cone,Queens,11365.0,Closed,Online,0
63613685,2025-01-03 08:39:28,2025-01-03 22:38:25,DSNY,Obstruction,Cone,Queens,11435.0,Closed,Phone,0
63613687,2025-01-03 15:14:16,2025-01-17 16:45:46,DSNY,Litter Basket Request,Replacement Basket,Brooklyn,11209.0,Closed,Phone,14
63613688,2025-01-03 11:01:53,2025-01-03 14:18:48,DSNY,Obstruction,Cone,Bronx,10469.0,Closed,Online,0
63613709,2025-01-03 20:26:31,2025-01-15 00:00:00,DSNY,Graffiti,Graffiti,Manhattan,10033.0,Closed,Unknown,11
63613710,2025-01-03 08:29:55,2025-02-10 02:22:24,DSNY,Graffiti,Graffiti,Manhattan,10002.0,Closed,Unknown,37
63613733,2025-01-03 12:25:08,2025-01-03 14:01:50,DSNY,Commercial Disposal Complaint,Waste Disposal,Manhattan,10011.0,Closed,Phone,0
63613737,2025-01-03 14:35:42,2025-01-15 00:00:00,DSNY,Graffiti,Graffiti,Brooklyn,11249.0,Closed,Unknown,11
63613738,2025-01-03 07:03:47,2025-01-31 00:00:00,DSNY,Graffiti,Graffiti,Brooklyn,11211.0,Closed,Unknown,27
63613782,2025-01-03 20:31:51,2025-01-29 02:22:23,DSNY,Graffiti,Graffiti,Manhattan,10031.0,Closed,Unknown,25
63613870,2025-01-02 16:52:00,2025-01-03 12:38:00,DSNY,Derelict Vehicles,Derelict Vehicles,Queens,11434.0,Closed,Phone,0
63613921,2025-01-03 13:35:00,2025-01-03 21:58:00,DSNY,Derelict Vehicles,Derelict Vehicles,Queens,11377.0,Closed,Phone,0
63613971,2025-01-02 10:36:00,2025-01-03 20:50:00,DSNY,Derelict Vehicles,Derelict Vehicles,Queens,11385.0,Closed,Phone,1
63614029,2025-01-02 15:05:00,2025-01-04 00:30:00,DSNY,Derelict Vehicles,Derelict Vehicles,Brooklyn,11209.0,Closed,Phone,1
63614030,2025-01-03 12:45:00,2025-01-04 01:30:00,DSNY,Derelict Vehicles,Derelict Vehicles,Bronx,10467.0,Closed,Phone,0
63614031,2025-01-02 07:49:00,2025-01-03 22:17:00,DSNY,Derelict Vehicles,Derelict Vehicles,Queens,11377.0,Closed,Phone,1
63614052,2025-01-03 17:42:40,2025-01-04 15:29:35,DSNY,Dead Animal,Dog,Staten Island,10312.0,Closed,Phone,0
63614057,2025-01-02 15:13:00,2025-01-03 07:14:00,DSNY,Derelict Vehicles,Derelict Vehicles,Brooklyn,11222.0,Closed,Phone,0
63614083,2025-01-03 03:14:43,2025-01-03 05:01:42,DSNY,Vendor Enforcement,Food Vendor,Manhattan,10001.0,Closed,Online,0
63614084,2025-01-03 15:01:18,2025-01-03 16:01:38,DSNY,Vendor Enforcement,Food Vendor,Bronx,10453.0,Closed,Phone,0
63614085,2025-01-03 20:50:50,2025-01-04 15:09:02,DSNY,Dead Animal,Cat,Brooklyn,11209.0,Closed,Phone,0
63614086,2025-01-03 15:35:31,2025-01-04 15:25:24,DSNY,Dead Animal,Rat or Mouse,Brooklyn,11220.0,Closed,Phone,0
63614145,2025-01-03 14:20:00,2025-01-03 22:42:00,DSNY,Derelict Vehicles,Derelict Vehicles,Queens,11375.0,Closed,Phone,0
63614179,2025-01-03 09:16:00,2025-01-03 23:16:00,DSNY,Derelict Vehicles,Derelict Vehicles,Brooklyn,11217.0,Closed,Phone,0
63614201,2025-01-03 11:54:00,2025-01-06 11:24:00,DSNY,Derelict Vehicles,Derelict Vehicles,Queens,11356.0,Closed,Phone,2
63614211,2025-01-03 14:41:44,2025-01-03 16:01:42,DSNY,Vendor Enforcement,Non-Food Vendor,Queens,11354.0,Closed,Online,0
63614212,2025-01-03 08:41:50,2025-01-03 10:01:44,DSNY,Vendor Enforcement,Food Vendor,Manhattan,10038.0,Closed,Online,0
63614213,2025-01-03 16:17:17,2025-01-06 07:45:37,DSNY,Dirty Condition,Dirt or Gravel,Queens,11105.0,Closed,Online,2
63614223,2025-01-03 06:57:32,2025-01-03 13:32:36,DSNY,Illegal Posting,Poster or Sign,Staten Island,10312.0,Closed,Online,0
63614233,2025-01-03 17:41:02,2025-01-03 19:02:00,DSNY,Vendor Enforcement,Non-Food Vendor,Manhattan,10013.0,Closed,Online,0
63614234,2025-01-03 10:11:13,2025-01-03 12:01:35,DSNY,Vendor Enforcement,Food Vendor,Manhattan,10038.0,Closed,Online,0
63614268,2025-01-03 08:51:11,2025-01-08 12:41:42,DSNY,Illegal Posting,Poster or Sign,Queens,11429.0,Closed,Online,5
63614278,2025-01-03 22:47:10,2025-01-04 13:30:37,DSNY,Residential Disposal Complaint,Waste Set Out Too Early or Too Late,Queens,11694.0,Closed,Phone,0
63614283,2025-01-03 18:39:50,2025-01-04 21:49:24,DSNY,Obstruction,Merchandise,Brooklyn,11209.0,Closed,Phone,1
63614284,2025-01-03 11:51:05,2025-01-06 08:19:40,DSNY,Sanitation Worker Or Vehicle Complaint,Spilled Garbage,Brooklyn,11214.0,Closed,Online,2
63614285,2025-01-03 07:38:25,2025-01-03 16:24:06,DSNY,Street Sweeping Complaint,Inadequate Sweeping,Brooklyn,11230.0,Closed,Phone,0
63614797,2025-01-03 10:03:32,2025-02-10 02:22:24,DSNY,Graffiti,Graffiti,Brooklyn,11204.0,Closed,Unknown,37
63614798,2025-01-03 09:52:29,2025-02-10 02:22:24,DSNY,Graffiti,Graffiti,Brooklyn,11204.0,Closed,Unknown,37
63614877,2025-01-03 12:55:19,2025-01-13 00:00:00,DSNY,Graffiti,Graffiti,Brooklyn,11217.0,Closed,Unknown,9
63614878,2025-01-03 09:48:18,2025-01-13 00:00:00,DSNY,Graffiti,Graffiti,Brooklyn,11214.0,Closed,Unknown,9
63614879,2025-01-03 10:03:25,2025-02-10 02:22:24,DSNY,Graffiti,Graffiti,Brooklyn,11204.0,Closed,Unknown,37
63614965,2025-01-03 14:10:33,2025-01-04 02:22:23,DSNY,Graffiti,Graffiti,Brooklyn,11249.0,Closed,Unknown,0
63615019,2025-01-03 18:21:40,2025-01-04 13:36:40,DSNY,Dirty Condition,Trash,Brooklyn,11204.0,Closed,Mobile,0
63615020,2025-01-03 09:10:50,2025-01-04 13:21:55,DSNY,Dirty Condition,Trash,Brooklyn,11216.0,Closed,Mobile,1
63615021,2025-01-03 17:49:42,2025-01-05 04:49:26,DSNY,Dirty Condition,Trash,Brooklyn,11215.0,Closed,Online,1
63615022,2025-01-03 14:48:04,2025-01-08 15:43:52,DSNY,Illegal Dumping,Removal Request,Bronx,10468.0,Closed,Mobile,5
63615023,2025-01-03 21:57:00,2025-01-04 15:29:49,DSNY,Illegal Dumping,Removal Request,Staten Island,10309.0,Closed,Online,0
63615024,2025-01-03 13:46:36,2025-01-13 15:05:24,DSNY,Illegal Dumping,Removal Request,Brooklyn,11231.0,Closed,Online,10
63615025,2025-01-03 16:16:04,2025-01-04 10:01:11,DSNY,Illegal Dumping,Removal Request,Brooklyn,11226.0,Closed,Mobile,0
63615029,2025-01-03 16:09:59,2025-01-04 15:30:04,DSNY,Illegal Dumping,Removal Request,Staten Island,10309.0,Closed,Online,0
63615030,2025-01-03 09:46:35,2025-01-04 11:52:23,DSNY,Illegal Dumping,Removal Request,Queens,11106.0,Closed,Phone,1
63615031,2025-01-03 09:12:39,2025-01-04 21:51:27,DSNY,Residential Disposal Complaint,Trash or Recycling Not Secure,Brooklyn,11236.0,Closed,Phone,1
63615032,2025-01-03 15:43:10,2025-01-04 13:32:39,DSNY,Dirty Condition,Broken Glass,Queens,11105.0,Closed,Online,0
63615033,2025-01-03 06:55:13,2025-01-03 20:49:01,DSNY,Residential Disposal Complaint,Trash or Recycling Not Secure,Manhattan,10012.0,Closed,Online,0
63615036,2025-01-03 13:23:10,2025-01-04 06:44:08,DSNY,Dirty Condition,Trash,Manhattan,10011.0,Closed,Phone,0
63615037,2025-01-03 20:33:40,2025-01-04 13:38:35,DSNY,Dirty Condition,Trash,Brooklyn,11229.0,Closed,Online,0
63615038,2025-01-03 22:53:42,2025-01-18 12:51:01,DSNY,Illegal Dumping,Removal Request,Brooklyn,11205.0,Closed,Mobile,14
63615039,2025-01-03 23:01:26,2025-01-13 12:39:45,DSNY,Illegal Dumping,Removal Request,Brooklyn,11236.0,Closed,Phone,9
63615040,2025-01-03 07:40:50,2025-01-13 14:12:50,DSNY,Illegal Dumping,Removal Request,Manhattan,10035.0,Closed,Mobile,10
63615044,2025-01-03 13:18:32,2025-01-06 21:33:13,DSNY,Illegal Dumping,Removal Request,Queens,11429.0,Closed,Online,3
63615046,2025-01-03 18:28:40,2025-01-03 22:38:29,DSNY,Obstruction,Cone,Queens,11435.0,Closed,Phone,0
63615059,2025-01-03 13:45:40,2025-02-10 02:22:24,DSNY,Graffiti,Graffiti,Brooklyn,11220.0,Closed,Unknown,37
63615062,2025-01-03 11:34:56,2025-01-08 15:36:38,DSNY,Street Sweeping Complaint,Inadequate Sweeping,Bronx,10462.0,Closed,Phone,5
63615063,2025-01-03 11:06:12,2025-01-03 13:42:00,DSNY,Dirty Condition,Trash,Queens,11379.0,Closed,Online,0
63615076,2025-01-03 06:54:54,2025-01-07 15:04:39,DSNY,Obstruction,Trash or Recycling,Manhattan,10003.0,Closed,Online,4
63615077,2025-01-03 18:34:42,2025-01-06 17:58:59,DSNY,Obstruction,Trash or Recycling,Brooklyn,11214.0,Closed,Online,2
63615107,2025-01-03 23:46:24,2025-01-04 11:05:55,DSNY,Dirty Condition,Trash,Bronx,10461.0,Closed,Mobile,0
63615108,2025-01-03 13:11:56,2025-01-04 06:44:38,DSNY,Dirty Condition,Trash,Manhattan,10011.0,Closed,Phone,0
63615109,2025-01-03 12:52:59,2025-01-04 10:21:11,DSNY,Dirty Condition,Trash,Brooklyn,11220.0,Closed,Phone,0
63615110,2025-01-03 16:31:41,2025-01-21 15:30:19,DSNY,Illegal Dumping,Removal Request,Brooklyn,11231.0,Closed,Mobile,17
63615112,2025-01-03 08:13:10,2025-01-07 10:50:43,DSNY,Illegal Dumping,Removal Request,Bronx,10461.0,Closed,Mobile,4
63615113,2025-01-03 09:48:31,2025-01-13 08:45:39,DSNY,Illegal Dumping,Removal Request,Manhattan,10027.0,Closed,Online,9
63615114,2025-01-03 12:16:20,2025-01-08 15:52:36,DSNY,Obstruction,Trash or Recycling,Bronx,10452.0,Closed,Phone,5
63615125,2025-01-03 11:34:36,2025-01-03 12:49:18,DSNY,Residential Disposal Complaint,Waste Set Out Too Early or Too Late,Manhattan,10027.0,Closed,Online,0
63615131,2025-01-03 15:24:35,2025-01-04 10:23:07,DSNY,Dead Animal,Raccoon,Queens,11412.0,Closed,Phone,0
63615132,2025-01-03 14:45:29,2025-01-03 22:14:56,DSNY,Dirty Condition,Trash,Brooklyn,11205.0,Closed,Online,0
63615139,2025-01-03 09:17:37,2025-01-06 12:49:59,DSNY,Street Sweeping Complaint,Inadequate Sweeping,Brooklyn,11218.0,Closed,Phone,3
63615140,2025-01-03 06:55:25,2025-01-07 12:49:45,DSNY,Street Sweeping Complaint,Inadequate Sweeping,Bronx,10454.0,Closed,Online,4
63615141,2025-01-03 09:08:45,2025-01-06 08:25:04,DSNY,Street Sweeping Complaint,Inadequate Sweeping,Brooklyn,11204.0,Closed,Online,2
63615142,2025-01-03 11:09:47,2025-01-08 15:38:37,DSNY,Street Sweeping Complaint,Inadequate Sweeping,Bronx,10462.0,Closed,Phone,5
63615143,2025-01-03 12:22:45,2025-01-10 16:32:19,DSNY,Street Sweeping Complaint,Inadequate Sweeping,Brooklyn,11223.0,Closed,Online,7
63615145,2025-01-03 20:44:03,2025-01-04 15:17:14,DSNY,Litter Basket Request,Replacement Basket,Brooklyn,11223.0,Closed,Online,0
63615181,2025-01-03 11:42:44,2025-01-13 05:59:02,DSNY,Abandoned Bike,Chained to Public Property,Manhattan,10002.0,Closed,Phone,9
63615182,2025-01-03 22:41:50,2025-01-04 11:17:49,DSNY,Dirty Condition,Trash,Queens,11378.0,Closed,Mobile,0
63615183,2025-01-03 13:18:59,2025-01-04 15:52:59,DSNY,Dirty Condition,Trash,Queens,11385.0,Closed,Mobile,1
63615184,2025-01-03 12:02:24,2025-01-04 04:10:22,DSNY,Dirty Condition,Trash,Manhattan,10002.0,Closed,Phone,0
63615185,2025-01-03 12:03:03,2025-01-04 10:26:38,DSNY,Dirty Condition,Trash,Manhattan,10011.0,Closed,Phone,0
63615186,2025-01-03 09:05:21,2025-01-04 09:58:57,DSNY,Illegal Dumping,Removal Request,Brooklyn,11215.0,Closed,Online,1
63615187,2025-01-03 10:28:13,2025-01-04 10:14:39,DSNY,Illegal Dumping,Removal Request,Queens,11367.0,Closed,Unknown,0
63615209,2025-01-03 14:47:50,2025-01-18 13:09:25,DSNY,Illegal Dumping,Removal Request,Brooklyn,11222.0,Closed,Mobile,14
63615210,2025-01-03 15:35:07,2025-01-04 13:01:28,DSNY,Residential Disposal Complaint,Waste Left in Front of Other Residence,Queens,11357.0,Closed,Phone,0
63615211,2025-01-03 08:52:21,2025-01-04 13:04:22,DSNY,Residential Disposal Complaint,Waste Left in Front of Other Residence,Queens,11433.0,Closed,Phone,1
63615212,2025-01-03 11:44:50,2025-01-03 22:10:39,DSNY,Dirty Condition,Trash,Queens,11372.0,Closed,Online,0
63615213,2025-01-03 04:17:57,2025-01-03 12:39:57,DSNY,Obstruction,Weeds or Grass,Queens,11433.0,Closed,Online,0
63615224,2025-01-03 13:43:37,2025-01-06 21:28:10,DSNY,Obstruction,Trash or Recycling,Queens,11355.0,Closed,Phone,3
63615225,2025-01-03 17:02:56,2025-01-18 12:52:45,DSNY,Obstruction,Trash or Recycling,Brooklyn,11216.0,Closed,Phone,14
63615227,2025-01-03 16:27:35,2025-01-04 13:57:55,DSNY,Dirty Condition,Trash,Staten Island,10310.0,Closed,Online,0
63615228,2025-01-03 09:01:26,2025-01-03 13:35:03,DSNY,Dirty Condition,Trash,Brooklyn,11226.0,Closed,Phone,0
63615229,2025-01-03 18:15:07,2025-01-06 07:31:45,DSNY,Street Sweeping Complaint,Inadequate Sweeping,Brooklyn,11212.0,Closed,Online,2
63615230,2025-01-03 09:44:49,2025-01-04 13:54:38,DSNY,Street Sweeping Complaint,Inadequate Sweeping,Queens,11385.0,Closed,Phone,1
63615231,2025-01-03 14:05:45,2025-02-09 20:56:29,DSNY,Street Sweeping Complaint,Inadequate Sweeping,Brooklyn,11236.0,Closed,Phone,37
63615241,2025-01-03 17:18:09,2025-01-30 00:00:00,DSNY,Graffiti,Graffiti,Queens,11372.0,Closed,Unknown,26
63615264,2025-01-03 13:06:02,2025-01-03 15:01:43,DSNY,Commercial Disposal Complaint,Waste Disposal,Brooklyn,11203.0,Closed,Online,0
63615364,2025-01-03 15:13:00,2025-01-03 23:00:00,DSNY,Derelict Vehicles,Derelict Vehicles,Brooklyn,11223.0,Closed,Phone,0
63615386,2025-01-03 10:41:00,2025-01-04 02:26:00,DSNY,Derelict Vehicles,Derelict Vehicles,Brooklyn,11204.0,Closed,Phone,0
63615405,2025-01-03 18:23:00,2025-01-04 03:18:00,DSNY,Derelict Vehicles,Derelict Vehicles,Queens,11378.0,Closed,Phone,0
63615420,2025-01-02 11:39:00,2025-01-03 07:29:00,DSNY,Derelict Vehicles,Derelict Vehicles,Bronx,10467.0,Closed,Phone,0
63615421,2025-01-03 16:00:00,2025-01-03 23:18:00,DSNY,Derelict Vehicles,Derelict Vehicles,Brooklyn,11226.0,Closed,Phone,0
63615439,2025-01-03 14:04:00,2025-01-04 02:25:00,DSNY,Derelict Vehicles,Derelict Vehicles,Brooklyn,11219.0,Closed,Phone,0
63615491,2025-01-02 11:16:00,2025-01-03 06:02:00,DSNY,Derelict Vehicles,Derelict Vehicles,Brooklyn,11207.0,Closed,Phone,0
63615492,2025-01-03 12:01:00,2025-01-03 23:35:00,DSNY,Derelict Vehicles,Derelict Vehicles,Bronx,10460.0,Closed,Phone,0
63615526,2025-01-03 06:24:00,2025-01-04 00:31:00,DSNY,Derelict Vehicles,Derelict Vehicles,Brooklyn,11209.0,Closed,Phone,0
63615527,2025-01-02 03:46:00,2025-01-03 13:18:00,DSNY,Derelict Vehicles,Derelict Vehicles,Brooklyn,11207.0,Closed,Phone,1
63615543,2025-01-03 11:40:00,2025-01-03 23:09:00,DSNY,Derelict Vehicles,Derelict Vehicles,Queens,11427.0,Closed,Phone,0
63615553,2025-01-03 12:56:00,2025-01-03 23:58:00,DSNY,Derelict Vehicles,Derelict Vehicles,Bronx,10457.0,Closed,Phone,0
63615585,2025-01-03 10:49:00,2025-01-03 22:17:00,DSNY,Derelict Vehicles,Derelict Vehicles,Queens,11378.0,Closed,Phone,0
63615589,2025-01-03 11:12:00,2025-01-03 14:15:00,DSNY,Derelict Vehicles,Derelict Vehicles,Bronx,10467.0,Closed,Phone,0
63615595,2025-01-03 10:03:00,2025-01-06 07:44:00,DSNY,Derelict Vehicles,Derelict Vehicles,Queens,11418.0,Closed,Phone,2
63615614,2025-01-03 13:35:20,2025-01-03 15:01:38,DSNY,Vendor Enforcement,Non-Food Vendor,Manhattan,10029.0,Closed,Online,0
63615615,2025-01-03 11:19:07,2025-01-03 13:01:39,DSNY,Vendor Enforcement,Food Vendor,Manhattan,10037.0,Closed,Phone,0
63615616,2025-01-03 13:59:59,2025-01-03 15:01:34,DSNY,Vendor Enforcement,Food Vendor,Manhattan,10017.0,Closed,Online,0
63615632,2025-01-03 18:07:00,2025-01-04 00:31:00,DSNY,Derelict Vehicles,Derelict Vehicles,Brooklyn,11209.0,Closed,Phone,0
63615648,2025-01-03 08:25:06,2025-01-03 10:01:46,DSNY,Vendor Enforcement,Food Vendor,Manhattan,10025.0,Closed,Online,0
63615664,2025-01-03 23:18:12,2025-01-04 10:55:43,DSNY,Dirty Condition,Trash,Queens,11433.0,Closed,Online,0
63615665,2025-01-03 19:14:23,2025-01-04 13:53:59,DSNY,Residential Disposal Complaint,Waste Set Out Too Early or Too Late,Manhattan,10035.0,Closed,Online,0
63615684,2025-01-03 09:04:49,2025-01-03 11:01:34,DSNY,Vendor Enforcement,Food Vendor,Manhattan,10019.0,Closed,Online,0
63615686,2025-01-03 12:16:10,2025-01-04 15:25:55,DSNY,Dead Animal,Raccoon,Brooklyn,11218.0,Closed,Online,1
63615687,2025-01-03 12:24:42,2025-01-04 13:01:00,DSNY,Dirty Condition,Dog Waste,Queens,11435.0,Closed,Phone,1
63615688,2025-01-03 06:41:24,2025-01-04 10:52:16,DSNY,Dirty Condition,Trash,Staten Island,10312.0,Closed,Online,1
63615689,2025-01-03 10:31:12,2025-01-08 15:36:59,DSNY,Dumpster Complaint,Blocking Sidewalk or Street,Bronx,10462.0,Closed,Phone,5
63615731,2025-01-02 13:21:00,2025-01-03 03:53:00,DSNY,Derelict Vehicles,Derelict Vehicles,Brooklyn,11214.0,Closed,Phone,0
63615732,2025-01-02 21:20:00,2025-01-03 13:23:00,DSNY,Derelict Vehicles,Derelict Vehicles,Queens,11421.0,Closed,Phone,0
63615733,2025-01-02 11:43:00,2025-01-03 07:16:00,DSNY,Derelict Vehicles,Derelict Vehicles,Bronx,10466.0,Closed,Phone,0
63615776,2025-01-03 07:39:26,2025-01-06 08:21:56,DSNY,Dirty Condition,Trash,Staten Island,10314.0,Closed,Online,3
63615777,2025-01-03 11:16:19,2025-01-08 14:00:39,DSNY,Obstruction,Weeds or Grass,Manhattan,10003.0,Closed,Online,5
63615778,2025-01-03 17:57:49,2025-01-09 13:02:24,DSNY,Residential Disposal Complaint,Waste Set Out Too Early or Too Late,Manhattan,10026.0,Closed,Online,5
63615809,2025-01-03 11:55:47,2025-01-03 13:01:41,DSNY,Vendor Enforcement,Food Vendor,Manhattan,10023.0,Closed,Phone,0
63615810,2025-01-03 08:46:47,2025-01-03 10:01:41,DSNY,Vendor Enforcement,Food Vendor,Queens,11368.0,Closed,Phone,0
63615811,2025-01-03 19:45:44,2025-01-04 15:21:18,DSNY,Dead Animal,Opossum,Brooklyn,11210.0,Closed,Online,0
63615835,2025-01-03 09:23:02,2025-01-11 07:45:22,DSNY,Sanitation Worker Or Vehicle Complaint,Inappropriate Behavior,Brooklyn,11228.0,Closed,Phone,7
63615843,2025-01-03 08:46:53,2025-01-08 12:40:41,DSNY,Illegal Posting,Poster or Sign,Queens,11429.0,Closed,Online,5
63615844,2025-01-03 10:31:29,2025-01-03 11:26:13,DSNY,Litter Basket Request,New Basket,Queens,11101.0,Closed,Phone,0
63616329,2025-01-03 13:58:07,2025-02-10 02:22:24,DSNY,Graffiti,Graffiti,Brooklyn,11219.0,Closed,Unknown,37
63616330,2025-01-03 12:52:12,2025-01-27 00:00:00,DSNY,Graffiti,Graffiti,Brooklyn,11217.0,Closed,Unknown,23
63616331,2025-01-03 09:49:06,2025-02-10 02:22:24,DSNY,Graffiti,Graffiti,Brooklyn,11214.0,Closed,Unknown,37
63616344,2025-01-03 14:31:34,2025-01-16 00:00:00,DSNY,Graffiti,Graffiti,Manhattan,10002.0,Closed,Unknown,12
63616345,2025-01-03 11:57:48,2025-02-10 02:22:24,DSNY,Graffiti,Graffiti,Brooklyn,11222.0,Closed,Unknown,37
63616356,2025-01-03 08:36:56,2025-02-10 02:22:24,DSNY,Graffiti,Graffiti,Manhattan,10002.0,Closed,Unknown,37
63616359,2025-01-03 08:38:22,2025-01-24 00:00:00,DSNY,Graffiti,Graffiti,Manhattan,10002.0,Closed,Unknown,20
63616360,2025-01-03 07:33:00,2025-02-10 02:22:24,DSNY,Graffiti,Graffiti,Queens,11372.0,Closed,Unknown,37
63616494,2025-01-03 09:48:27,2025-01-04 02:22:23,DSNY,Graffiti,Graffiti,Brooklyn,11218.0,Closed,Unknown,0
63616524,2025-01-03 10:13:56,2025-01-03 12:17:31,DSNY,Dirty Condition,Trash,Bronx,10469.0,Closed,Unknown,0
63616525,2025-01-03 13:50:44,2025-01-07 06:17:34,DSNY,Dirty Condition,Trash,Brooklyn,11232.0,Closed,Mobile,3
63616526,2025-01-03 17:58:53,2025-01-18 13:04:17,DSNY,Illegal Dumping,Removal Request,Brooklyn,11203.0,Closed,Phone,14
63616527,2025-01-03 09:37:46,2025-01-04 13:54:51,DSNY,Illegal Dumping,Removal Request,Queens,11385.0,Closed,Mobile,1
63616528,2025-01-03 11:50:42,2025-01-08 15:36:43,DSNY,Illegal Dumping,Removal Request,Bronx,10469.0,Closed,Mobile,5
63616529,2025-01-03 13:11:38,2025-01-06 07:50:12,DSNY,Illegal Dumping,Removal Request,Manhattan,10018.0,Closed,Mobile,2
63616530,2025-01-03 16:18:45,2025-01-04 15:15:29,DSNY,Illegal Dumping,Removal Request,Brooklyn,11223.0,Closed,Online,0
63616532,2025-01-03 12:33:35,2025-01-10 00:20:45,DSNY,Dirty Condition,Trash,Brooklyn,11208.0,Closed,Mobile,6
63616533,2025-01-03 07:03:02,2025-01-06 04:47:48,DSNY,Dirty Condition,Trash,Bronx,10451.0,Closed,Mobile,2
63616534,2025-01-03 09:07:21,2025-01-04 07:25:07,DSNY,Dirty Condition,Trash,Bronx,10468.0,Closed,Mobile,0
63616535,2025-01-03 21:19:23,2025-01-07 17:37:17,DSNY,Illegal Dumping,Removal Request,Brooklyn,11235.0,Closed,Online,3
63616536,2025-01-03 14:51:39,2025-01-04 13:26:03,DSNY,Residential Disposal Complaint,Trash or Recycling Not Secure,Staten Island,10314.0,Closed,Online,0
63616537,2025-01-03 15:17:36,2025-01-13 07:16:07,DSNY,Sanitation Worker Or Vehicle Complaint,Noise,Manhattan,10021.0,Closed,Phone,9
63616538,2025-01-03 10:13:27,2025-01-03 20:42:49,DSNY,Obstruction,Merchandise,Manhattan,10025.0,Closed,Online,0
63616545,2025-01-03 14:58:00,2025-01-03 23:13:24,DSNY,Dirty Condition,Trash,Brooklyn,11211.0,Closed,Mobile,0
63616546,2025-01-03 15:33:59,2025-01-06 07:46:49,DSNY,Dirty Condition,Trash,Brooklyn,11201.0,Closed,Mobile,2
63616547,2025-01-03 08:01:17,2025-01-06 08:22:14,DSNY,Dirty Condition,Trash,Brooklyn,11217.0,Closed,Online,3
63616549,2025-01-03 07:04:45,2025-01-03 20:46:26,DSNY,Residential Disposal Complaint,Trash or Recycling Not Secure,Manhattan,10012.0,Closed,Online,0
63616550,2025-01-03 08:05:52,2025-01-03 21:48:31,DSNY,Obstruction,Merchandise,Brooklyn,11206.0,Closed,Online,0
63616553,2025-01-03 07:24:26,2025-01-03 09:25:40,DSNY,Dirty Condition,Trash,Staten Island,10312.0,Closed,Online,0
63616557,2025-01-03 19:09:37,2025-01-04 10:59:14,DSNY,Obstruction,Cone,Staten Island,10305.0,Closed,Online,0
63616561,2025-01-03 22:03:24,2025-01-04 09:52:00,DSNY,Dirty Condition,Trash,Queens,11368.0,Closed,Online,0
63616562,2025-01-03 21:15:21,2025-01-07 17:37:16,DSNY,Illegal Dumping,Removal Request,Brooklyn,11235.0,Closed,Online,3
63616563,2025-01-03 13:20:06,2025-01-08 10:42:59,DSNY,Illegal Dumping,Removal Request,Queens,11429.0,Closed,Online,4
63616564,2025-01-03 13:43:05,2025-01-07 10:50:03,DSNY,Illegal Dumping,Removal Request,Bronx,10467.0,Closed,Mobile,3
63616565,2025-01-03 14:44:38,2025-01-13 14:50:41,DSNY,Illegal Dumping,Removal Request,Brooklyn,11234.0,Closed,Mobile,10
63616566,2025-01-03 16:56:18,2025-02-04 14:22:45,DSNY,Illegal Dumping,Removal Request,Bronx,10457.0,Closed,Online,31
63616567,2025-01-03 16:32:04,2025-01-04 15:31:21,DSNY,Illegal Dumping,Removal Request,Staten Island,10305.0,Closed,Mobile,0
63616572,2025-01-03 08:46:19,2025-01-18 13:08:00,DSNY,Street Sweeping Complaint,Inadequate Sweeping,Brooklyn,11221.0,Closed,Phone,15
63616588,2025-01-03 11:32:29,2025-01-03 12:10:18,DSNY,Dirty Condition,Trash,Bronx,10474.0,Closed,Phone,0
63616602,2025-01-03 08:57:32,2025-01-03 12:59:14,DSNY,Dirty Condition,Trash,Queens,11385.0,Closed,Online,0
63616605,2025-01-03 11:31:05,2025-01-03 20:50:29,DSNY,Dirty Condition,Dog Waste,Bronx,10463.0,Closed,Online,0
63616606,2025-01-03 08:57:22,2025-01-04 15:20:45,DSNY,Litter Basket Request,Replacement Basket,Brooklyn,11226.0,Closed,Online,1
63616615,2025-01-03 07:08:14,2025-01-03 15:50:10,DSNY,Obstruction,Trash or Recycling,Manhattan,10012.0,Closed,Online,0
63616618,2025-01-03 23:04:58,2025-01-04 15:14:40,DSNY,Dirty Condition,Syringes,Brooklyn,11215.0,Closed,Online,0
63616619,2025-01-03 18:30:24,2025-01-04 12:49:15,DSNY,Dirty Condition,Trash,Brooklyn,11249.0,Closed,Mobile,0
63616620,2025-01-03 19:30:21,2025-01-04 15:21:08,DSNY,Illegal Dumping,Removal Request,Brooklyn,11207.0,Closed,Phone,0
63616621,2025-01-03 13:33:31,2025-01-03 22:40:59,DSNY,Obstruction,Cone,Queens,11419.0,Closed,Phone,0
63616640,2025-01-03 08:52:26,2025-01-07 10:49:48,DSNY,Illegal Dumping,Removal Request,Bronx,10452.0,Closed,Mobile,4
63616641,2025-01-03 20:50:31,2025-01-07 10:50:53,DSNY,Illegal Dumping,Removal Request,Bronx,10452.0,Closed,Phone,3
63616642,2025-01-03 08:43:24,2025-01-24 12:13:58,DSNY,Illegal Dumping,Removal Request,Bronx,10460.0,Closed,Online,21
63616643,2025-01-03 10:58:27,2025-01-04 15:23:49,DSNY,Illegal Dumping,Removal Request,Brooklyn,11213.0,Closed,Online,1
63616644,2025-01-03 09:22:59,2025-01-13 14:30:51,DSNY,Residential Disposal Complaint,Trash or Recycling Not Secure,Staten Island,10304.0,Closed,Phone,10
63616670,2025-01-03 10:06:53,2025-01-18 13:07:46,DSNY,Street Sweeping Complaint,Inadequate Sweeping,Brooklyn,11221.0,Closed,Phone,15
63616677,2025-01-03 06:52:11,2025-01-04 15:29:51,DSNY,Obstruction,Trash or Recycling,Manhattan,10001.0,Closed,Online,1
63616690,2025-01-03 18:50:36,2025-03-07 00:00:00,DSNY,Graffiti,Graffiti,Manhattan,10001.0,Closed,Unknown,62
63616720,2025-01-03 06:50:25,2025-01-07 15:01:58,DSNY,Obstruction,Trash or Recycling,Manhattan,10001.0,Closed,Online,4
63616940,2025-01-02 15:07:00,2025-01-03 13:01:00,DSNY,Derelict Vehicles,Derelict Vehicles,Bronx,10469.0,Closed,Phone,0
63616962,2025-01-02 08:30:00,2025-01-03 06:02:00,DSNY,Derelict Vehicles,Derelict Vehicles,Brooklyn,11207.0,Closed,Phone,0
63616979,2025-01-02 16:46:00,2025-01-03 10:53:00,DSNY,Derelict Vehicles,Derelict Vehicles,Brooklyn,11203.0,Closed,Phone,0
63617032,2025-01-02 15:47:00,2025-01-03 06:22:00,DSNY,Derelict Vehicles,Derelict Vehicles,Bronx,10461.0,Closed,Phone,0
63617067,2025-01-02 11:31:00,2025-01-03 22:31:00,DSNY,Derelict Vehicles,Derelict Vehicles,Queens,11432.0,Closed,Phone,1
63617077,2025-01-02 10:39:00,2025-01-03 07:19:00,DSNY,Derelict Vehicles,Derelict Vehicles,Queens,11372.0,Closed,Phone,0
63617078,2025-01-03 07:44:00,2025-01-03 13:15:00,DSNY,Derelict Vehicles,Derelict Vehicles,Brooklyn,11234.0,Closed,Phone,0
63617083,2025-01-02 12:20:00,2025-01-03 06:03:00,DSNY,Derelict Vehicles,Derelict Vehicles,Brooklyn,11207.0,Closed,Phone,0
63617084,2025-01-02 16:50:00,2025-01-03 06:47:00,DSNY,Derelict Vehicles,Derelict Vehicles,Brooklyn,11203.0,Closed,Phone,0
63617116,2025-01-02 14:34:00,2025-01-03 13:23:00,DSNY,Derelict Vehicles,Derelict Vehicles,Bronx,10466.0,Closed,Phone,0
63617149,2025-01-03 13:24:00,2025-01-03 23:10:00,DSNY,Derelict Vehicles,Derelict Vehicles,Brooklyn,11225.0,Closed,Phone,0
63617153,2025-01-02 09:30:00,2025-01-03 06:03:00,DSNY,Derelict Vehicles,Derelict Vehicles,Brooklyn,11208.0,Closed,Phone,0
63617176,2025-01-02 21:01:00,2025-01-03 10:14:00,DSNY,Derelict Vehicles,Derelict Vehicles,Queens,11377.0,Closed,Phone,0
63617177,2025-01-02 10:04:00,2025-01-03 06:57:00,DSNY,Derelict Vehicles,Derelict Vehicles,Queens,11420.0,Closed,Phone,0
63617182,2025-01-03 16:26:00,2025-01-03 22:25:00,DSNY,Derelict Vehicles,Derelict Vehicles,Queens,11420.0,Closed,Phone,0
63617192,2025-01-03 08:31:49,2025-01-03 10:01:43,DSNY,Vendor Enforcement,Food Vendor,Manhattan,10025.0,Closed,Online,0
63617194,2025-01-03 19:36:27,2025-01-04 10:23:22,DSNY,Dead Animal,Cat,Queens,11436.0,Closed,Phone,0
63617195,2025-01-03 10:28:47,2025-01-04 11:48:57,DSNY,Dead Animal,Squirrel,Queens,11378.0,Closed,Online,1
63617196,2025-01-03 15:29:20,2025-01-04 10:08:55,DSNY,Dirty Condition,Trash,Brooklyn,11230.0,Closed,Online,0
63617209,2025-01-03 15:42:00,2025-01-03 22:11:00,DSNY,Derelict Vehicles,Derelict Vehicles,Queens,11369.0,Closed,Phone,0
63617210,2025-01-02 14:57:00,2025-01-03 10:41:00,DSNY,Derelict Vehicles,Derelict Vehicles,Bronx,10457.0,Closed,Phone,0
63617233,2025-01-03 22:05:43,2025-01-04 00:01:41,DSNY,Vendor Enforcement,Food Vendor,Manhattan,10025.0,Closed,Online,0
63617234,2025-01-03 15:42:27,2025-01-04 15:23:32,DSNY,Dead Animal,Cat,Brooklyn,11229.0,Closed,Phone,0
63617235,2025-01-03 19:13:36,2025-01-04 10:23:15,DSNY,Dead Animal,Cat,Queens,11413.0,Closed,Phone,0
63617254,2025-01-02 09:54:00,2025-01-03 05:03:00,DSNY,Derelict Vehicles,Derelict Vehicles,Bronx,10469.0,Closed,Phone,0
63617260,2025-01-03 22:02:31,2025-01-07 08:41:13,DSNY,Dumpster Complaint,Blocking Sidewalk or Street,Queens,11420.0,Closed,Online,3
63617300,2025-01-03 08:02:27,2025-01-03 10:01:50,DSNY,Vendor Enforcement,Non-Food Vendor,Manhattan,10004.0,Closed,Online,0
63617301,2025-01-03 18:15:32,2025-01-04 14:51:01,DSNY,Dirty Condition,Trash,Manhattan,10039.0,Closed,Online,0
63617302,2025-01-03 06:45:03,2025-01-06 08:25:46,DSNY,Dirty Condition,Trash,Staten Island,10312.0,Closed,Online,3
63617320,2025-01-03 09:09:16,2025-01-15 13:13:37,DSNY,Illegal Posting,Poster or Sign,Queens,11374.0,Closed,Online,12
63617334,2025-01-03 07:19:49,2025-01-03 13:33:37,DSNY,Illegal Posting,Poster or Sign,Staten Island,10312.0,Closed,Online,0
63617335,2025-01-03 23:32:26,2025-01-07 12:32:07,DSNY,Snow Or Ice,Roadway,Staten Island,10309.0,Closed,Phone,3
63617363,2025-01-03 16:54:24,2025-01-04 15:23:17,DSNY,Dead Animal,Cat,Brooklyn,11229.0,Closed,Online,0
63617364,2025-01-03 17:27:17,2025-01-04 04:45:53,DSNY,Dirty Condition,Trash,Bronx,10451.0,Closed,Phone,0
63617400,2025-01-03 07:45:03,2025-01-07 13:30:46,DSNY,Snow Or Ice,Roadway,Bronx,10471.0,Closed,Online,4
63617437,2025-01-03 11:09:21,2025-01-04 15:23:40,DSNY,Snow Or Ice,Roadway,Brooklyn,11208.0,Closed,Online,1
63617438,2025-01-03 09:57:25,2025-01-07 12:37:05,DSNY,Snow Or Ice,Roadway,Staten Island,10312.0,Closed,Online,4
63617875,2025-01-03 12:53:14,2025-01-27 00:00:00,DSNY,Graffiti,Graffiti,Brooklyn,11217.0,Closed,Unknown,23
63617930,2025-01-03 10:00:05,2025-01-07 00:00:00,DSNY,Graffiti,Graffiti,Brooklyn,11204.0,Closed,Unknown,3
63617931,2025-01-03 09:56:26,2025-02-10 02:22:24,DSNY,Graffiti,Graffiti,Brooklyn,11204.0,Closed,Unknown,37
63617976,2025-01-03 13:57:57,2025-02-10 02:22:24,DSNY,Graffiti,Graffiti,Brooklyn,11219.0,Closed,Unknown,37
63617977,2025-01-03 12:03:20,2025-01-29 00:00:00,DSNY,Graffiti,Graffiti,Brooklyn,11217.0,Closed,Unknown,25
63618002,2025-01-03 19:01:05,2025-01-04 02:22:23,DSNY,Graffiti,Graffiti,Brooklyn,11218.0,Closed,Unknown,0
63618091,2025-01-03 12:31:29,2025-01-03 12:49:48,DSNY,Dirty Condition,Trash,Brooklyn,11214.0,Closed,Online,0
63618092,2025-01-03 22:25:13,2025-01-06 13:30:51,DSNY,Dirty Condition,Trash,Brooklyn,11237.0,Closed,Mobile,2
63618093,2025-01-03 16:26:51,2025-01-04 14:44:27,DSNY,Dirty Condition,Trash,Queens,11691.0,Closed,Online,0
63618094,2025-01-03 19:40:52,2025-01-06 13:42:30,DSNY,Dirty Condition,Trash,Brooklyn,11238.0,Closed,Phone,2
63618095,2025-01-03 14:44:20,2025-01-04 11:36:32,DSNY,Dirty Condition,Trash,Staten Island,10312.0,Closed,Online,0
63618097,2025-01-03 17:50:23,2025-01-04 10:22:33,DSNY,Illegal Dumping,Removal Request,Queens,11417.0,Closed,Phone,0
63618098,2025-01-03 16:15:20,2025-01-13 07:28:36,DSNY,Illegal Dumping,Removal Request,Manhattan,10036.0,Closed,Online,9
63618099,2025-01-03 09:49:49,2025-01-03 21:51:45,DSNY,Residential Disposal Complaint,Trash or Recycling Not Secure,Brooklyn,11220.0,Closed,Online,0
63618107,2025-01-03 17:19:00,2025-01-04 13:14:10,DSNY,Dirty Condition,Trash,Brooklyn,11225.0,Closed,Mobile,0
63618108,2025-01-03 11:22:17,2025-01-04 08:03:55,DSNY,Dirty Condition,Trash,Bronx,10461.0,Closed,Phone,0
63618109,2025-01-03 12:15:06,2025-01-04 12:59:34,DSNY,Commercial Disposal Complaint,Waste Left in Front of Residence,Queens,11355.0,Closed,Online,1
63618110,2025-01-03 09:46:22,2025-01-04 09:54:34,DSNY,Street Sweeping Complaint,Inadequate Sweeping,Queens,11354.0,Closed,Phone,1
63618111,2025-01-03 11:10:45,2025-01-04 09:54:12,DSNY,Street Sweeping Complaint,Street Not Swept,Queens,11354.0,Closed,Phone,0
63618112,2025-01-03 10:13:20,2025-01-03 13:16:36,DSNY,Illegal Dumping,Removal Request,Queens,11414.0,Closed,Mobile,0
63618113,2025-01-03 11:31:51,2025-01-04 10:22:27,DSNY,Illegal Dumping,Removal Request,Queens,11417.0,Closed,Online,0
63618114,2025-01-03 15:14:19,2025-01-07 10:48:55,DSNY,Illegal Dumping,Removal Request,Bronx,10458.0,Closed,Mobile,3
63618115,2025-01-03 06:38:03,2025-01-04 15:31:37,DSNY,Illegal Dumping,Removal Request,Staten Island,10305.0,Closed,Online,1
63618116,2025-01-03 16:11:48,2025-01-04 21:49:49,DSNY,Residential Disposal Complaint,Waste Left in Front of Other Residence,Brooklyn,11223.0,Closed,Online,1
63618133,2025-01-03 11:49:38,2025-01-03 23:31:21,DSNY,Dirty Condition,Trash,Bronx,10457.0,Closed,Phone,0
63618134,2025-01-03 08:25:39,2025-01-03 22:36:35,DSNY,Obstruction,Cone,Queens,11435.0,Closed,Online,0
63618152,2025-01-03 14:13:29,2025-02-12 00:00:00,DSNY,Graffiti,Graffiti,Brooklyn,11211.0,Closed,Unknown,39
63618153,2025-01-03 07:04:50,2025-02-10 02:22:24,DSNY,Graffiti,Graffiti,Brooklyn,11211.0,Closed,Unknown,37
63618154,2025-01-03 13:25:01,2025-01-04 15:15:44,DSNY,Abandoned Bike,Chained to Public Property,Brooklyn,11214.0,Closed,Online,1
63618155,2025-01-03 07:47:18,2025-01-03 23:17:09,DSNY,Dirty Condition,Trash,Brooklyn,11221.0,Closed,Mobile,0
63618156,2025-01-03 17:39:26,2025-01-06 14:59:42,DSNY,Dirty Condition,Trash,Brooklyn,11226.0,Closed,Mobile,2
63618157,2025-01-03 10:10:05,2025-01-04 14:46:28,DSNY,Dirty Condition,Trash,Manhattan,10027.0,Closed,Mobile,1
63618158,2025-01-03 10:47:53,2025-01-04 20:54:38,DSNY,Dirty Condition,Trash,Brooklyn,11235.0,Closed,Mobile,1
63618159,2025-01-03 17:37:51,2025-01-04 10:32:40,DSNY,Dirty Condition,Trash,Brooklyn,11217.0,Closed,Online,0
63618160,2025-01-03 12:17:29,2025-01-04 13:30:53,DSNY,Dirty Condition,Trash,Brooklyn,11206.0,Closed,Online,1
63618161,2025-01-03 19:59:04,2025-01-06 07:43:27,DSNY,Dirty Condition,Trash,Brooklyn,11226.0,Closed,Online,2
63618162,2025-01-03 22:18:02,2025-01-10 12:29:45,DSNY,Illegal Dumping,Removal Request,Brooklyn,11215.0,Closed,Mobile,6
63618167,2025-01-03 08:45:09,2025-01-04 10:14:35,DSNY,Illegal Dumping,Removal Request,Queens,11367.0,Closed,Phone,1
63618168,2025-01-03 15:15:48,2025-01-07 10:47:37,DSNY,Illegal Dumping,Removal Request,Bronx,10473.0,Closed,Online,3
63618169,2025-01-03 12:12:52,2025-01-07 10:42:57,DSNY,Illegal Dumping,Removal Request,Bronx,10469.0,Closed,Online,3
63618170,2025-01-03 23:42:39,2025-01-08 05:38:07,DSNY,Residential Disposal Complaint,Waste Left in Front of Other Residence,Queens,11434.0,Closed,Phone,4
63618171,2025-01-03 18:29:18,2025-01-04 15:29:05,DSNY,Dead Animal,Dog,Staten Island,10312.0,Closed,Phone,0
63618174,2025-01-03 12:34:30,2025-01-04 15:30:17,DSNY,Obstruction,Trash or Recycling,Staten Island,10303.0,Closed,Online,1
63618186,2025-01-03 09:32:07,2025-01-03 20:55:43,DSNY,Residential Disposal Complaint,Trash or Recycling Not Secure,Bronx,10459.0,Closed,Phone,0
63618195,2025-01-03 13:26:02,2025-01-13 15:05:02,DSNY,Abandoned Bike,Chained to Public Property,Brooklyn,11215.0,Closed,Phone,10
63618196,2025-01-03 09:10:37,2025-01-06 08:23:55,DSNY,Dirty Condition,Trash,Brooklyn,11231.0,Closed,Mobile,2
63618197,2025-01-03 10:00:18,2025-01-04 15:24:30,DSNY,Street Sweeping Complaint,Inadequate Sweeping,Brooklyn,11223.0,Closed,Phone,1
63618202,2025-01-03 20:21:06,2025-01-18 13:04:26,DSNY,Obstruction,Trash or Recycling,Brooklyn,11226.0,Closed,Phone,14
63618212,2025-01-04 00:52:39,2025-01-07 00:28:06,DSNY,Residential Disposal Complaint,Storage Area Not Provided,Queens,11415.0,Closed,Online,2
63618219,2025-01-03 14:36:29,2025-01-09 00:00:00,DSNY,Graffiti,Graffiti,Brooklyn,11249.0,Closed,Unknown,5
63618222,2025-01-03 09:01:45,2025-01-03 10:47:51,DSNY,Obstruction,Trash or Recycling,Manhattan,10002.0,Closed,Online,0
63618226,2025-01-03 12:55:57,2025-01-06 07:53:52,DSNY,Street Sweeping Complaint,Inadequate Sweeping,Brooklyn,11208.0,Closed,Phone,2
63618227,2025-01-03 09:52:00,2025-01-06 08:23:35,DSNY,Street Sweeping Complaint,Inadequate Sweeping,Brooklyn,11203.0,Closed,Phone,2
63618308,2025-01-03 07:17:32,2025-01-03 15:51:04,DSNY,Obstruction,Trash or Recycling,Manhattan,10012.0,Closed,Online,0
63618323,2025-01-03 07:15:46,2025-01-13 07:21:41,DSNY,Obstruction,Trash or Recycling,Manhattan,10012.0,Closed,Online,10
63618327,2025-01-03 20:06:04,2025-01-18 13:04:25,DSNY,Obstruction,Trash or Recycling,Brooklyn,11226.0,Closed,Phone,14
63618517,2025-01-03 10:44:00,2025-01-03 23:20:00,DSNY,Derelict Vehicles,Derelict Vehicles,Brooklyn,11211.0,Closed,Phone,0
63618518,2025-01-03 13:51:00,2025-01-03 23:18:00,DSNY,Derelict Vehicles,Derelict Vehicles,Brooklyn,11226.0,Closed,Phone,0
63618563,2025-01-02 18:36:00,2025-01-03 13:46:00,DSNY,Derelict Vehicles,Derelict Vehicles,Queens,11416.0,Closed,Phone,0
63618564,2025-01-01 10:23:00,2025-01-03 06:09:00,DSNY,Derelict Vehicles,Derelict Vehicles,Bronx,10462.0,Closed,Phone,1
63618699,2025-01-02 06:47:00,2025-01-04 00:18:00,DSNY,Derelict Vehicles,Derelict Vehicles,Manhattan,10040.0,Closed,Phone,1
63618700,2025-01-02 18:01:00,2025-01-03 07:27:00,DSNY,Derelict Vehicles,Derelict Vehicles,Bronx,10473.0,Closed,Phone,0
63618727,2025-01-03 11:39:00,2025-01-03 23:47:00,DSNY,Derelict Vehicles,Derelict Vehicles,Bronx,10453.0,Closed,Phone,0
63618728,2025-01-02 13:42:00,2025-01-03 06:27:00,DSNY,Derelict Vehicles,Derelict Vehicles,Queens,11364.0,Closed,Phone,0
63618738,2025-01-03 10:23:00,2025-01-04 02:26:00,DSNY,Derelict Vehicles,Derelict Vehicles,Brooklyn,11204.0,Closed,Phone,0
63618751,2025-01-02 14:40:00,2025-01-03 06:08:00,DSNY,Derelict Vehicles,Derelict Vehicles,Bronx,10462.0,Closed,Phone,0
63618793,2025-01-03 11:41:00,2025-01-04 01:30:00,DSNY,Derelict Vehicles,Derelict Vehicles,Bronx,10468.0,Closed,Phone,0
63618803,2025-01-03 16:41:21,2025-01-03 18:01:40,DSNY,Vendor Enforcement,Food Vendor,Manhattan,10019.0,Closed,Online,0
63618804,2025-01-03 20:07:30,2025-01-03 22:01:38,DSNY,Vendor Enforcement,Food Vendor,Brooklyn,11208.0,Closed,Online,0
63618805,2025-01-03 14:38:25,2025-01-08 12:39:52,DSNY,Illegal Dumping,Chronic Dumping,Bronx,10458.0,Closed,Mobile,4
63618806,2025-01-02 22:22:00,2025-01-06 11:34:00,DSNY,Derelict Vehicles,Derelict Vehicles,Queens,11105.0,Closed,Phone,3
63618827,2025-01-03 07:51:40,2025-01-06 08:43:50,DSNY,Sanitation Worker Or Vehicle Complaint,Spilled Garbage,Brooklyn,11219.0,Closed,Phone,3
63618828,2025-01-03 08:16:52,2025-01-03 10:01:43,DSNY,Vendor Enforcement,Food Vendor,Manhattan,10007.0,Closed,Online,0
63618829,2025-01-03 23:26:48,2025-01-04 13:30:42,DSNY,Residential Disposal Complaint,Waste Set Out Too Early or Too Late,Queens,11694.0,Closed,Online,0
63618839,2025-01-03 07:54:14,2025-01-03 13:17:36,DSNY,Street Sweeping Complaint,Inadequate Sweeping,Brooklyn,11220.0,Closed,Online,0
63618861,2025-01-02 11:13:00,2025-01-03 23:44:00,DSNY,Derelict Vehicles,Derelict Vehicles,Bronx,10453.0,Closed,Phone,1
63618862,2025-01-03 07:29:00,2025-01-04 00:31:00,DSNY,Derelict Vehicles,Derelict Vehicles,Brooklyn,11209.0,Closed,Phone,0
63618875,2025-01-02 15:27:00,2025-01-03 07:26:00,DSNY,Derelict Vehicles,Derelict Vehicles,Bronx,10471.0,Closed,Phone,0
63618894,2025-01-03 10:50:00,2025-01-03 23:01:00,DSNY,Derelict Vehicles,Derelict Vehicles,Queens,11368.0,Closed,Phone,0
63618919,2025-01-03 10:13:32,2025-01-04 15:23:35,DSNY,Dead Animal,Cat,Brooklyn,11207.0,Closed,Phone,1
63618920,2025-01-03 11:21:35,2025-01-13 12:34:25,DSNY,Dead Animal,Cat,Brooklyn,11236.0,Closed,Phone,10
63618921,2025-01-03 18:18:02,2025-01-04 14:51:05,DSNY,Dirty Condition,Trash,Manhattan,10039.0,Closed,Online,0
63618924,2025-01-03 08:52:56,2025-01-08 12:42:15,DSNY,Illegal Posting,Poster or Sign,Queens,11429.0,Closed,Online,5
63618933,2025-01-03 17:25:49,2025-01-08 12:11:11,DSNY,Sanitation Worker Or Vehicle Complaint,Inappropriate Behavior,Staten Island,10312.0,Closed,Phone,4
63618951,2025-01-03 18:07:40,2025-01-07 01:21:22,DSNY,Residential Disposal Complaint,Storage Area Not Provided,Brooklyn,11215.0,Closed,Online,3
63619416,2025-01-03 14:33:21,2025-01-09 00:00:00,DSNY,Graffiti,Graffiti,Brooklyn,11249.0,Closed,Unknown,5
63619422,2025-01-03 09:59:38,2025-02-10 02:22:24,DSNY,Graffiti,Graffiti,Brooklyn,11204.0,Closed,Unknown,37
63619484,2025-01-03 14:34:45,2025-01-14 00:00:00,DSNY,Graffiti,Graffiti,Manhattan,10002.0,Closed,Unknown,10
63619485,2025-01-03 12:44:51,2025-01-28 00:00:00,DSNY,Graffiti,Graffiti,Brooklyn,11217.0,Closed,Unknown,24
63619486,2025-01-03 08:37:20,2025-02-10 02:22:24,DSNY,Graffiti,Graffiti,Manhattan,10002.0,Closed,Unknown,37
63619549,2025-01-03 10:01:24,2025-01-04 02:22:23,DSNY,Graffiti,Graffiti,Brooklyn,11218.0,Closed,Unknown,0
63619594,2025-01-03 07:44:12,2025-01-03 23:17:04,DSNY,Dirty Condition,Trash,Brooklyn,11221.0,Closed,Mobile,0
63619595,2025-01-03 11:07:04,2025-01-07 06:35:53,DSNY,Dirty Condition,Trash,Brooklyn,11237.0,Closed,Mobile,3
63619596,2025-01-03 16:27:37,2025-01-06 12:32:40,DSNY,Dirty Condition,Trash,Brooklyn,11216.0,Closed,Phone,2
63619597,2025-01-03 09:09:01,2025-01-06 08:24:44,DSNY,Dirty Condition,Trash,Brooklyn,11231.0,Closed,Mobile,2
63619598,2025-01-03 09:58:00,2025-01-04 14:27:38,DSNY,Dirty Condition,Trash,Brooklyn,11232.0,Closed,Mobile,1
63619599,2025-01-03 12:53:34,2025-01-04 10:50:36,DSNY,Dirty Condition,Trash,Bronx,10473.0,Closed,Online,0
63619600,2025-01-03 19:57:51,2025-01-04 07:44:31,DSNY,Dirty Condition,Trash,Bronx,10451.0,Closed,Online,0
63619601,2025-01-03 10:59:16,2025-01-04 15:14:56,DSNY,Illegal Dumping,Removal Request,Brooklyn,11220.0,Closed,Phone,1
63619602,2025-01-03 16:22:49,2025-01-06 22:18:38,DSNY,Illegal Dumping,Removal Request,Staten Island,10312.0,Closed,Mobile,3
63619608,2025-01-03 07:58:10,2025-01-03 11:06:36,DSNY,Dirty Condition,Trash,Bronx,10469.0,Closed,Phone,0
63619609,2025-01-03 22:59:36,2025-01-10 16:32:57,DSNY,Recycling Basket Complaint,Overflowing,Brooklyn,11215.0,Closed,Online,6
63619610,2025-01-03 08:23:41,2025-01-03 17:49:44,DSNY,Residential Disposal Complaint,Trash or Recycling Not Secure,Manhattan,10010.0,Closed,Online,0
63619611,2025-01-03 14:11:09,2025-01-03 23:40:15,DSNY,Residential Disposal Complaint,Waste Set Out Too Early or Too Late,Brooklyn,11226.0,Closed,Phone,0
63619617,2025-01-03 19:16:14,2025-01-04 15:14:02,DSNY,Dirty Condition,Trash,Bronx,10460.0,Closed,Mobile,0
63619618,2025-01-03 16:56:16,2025-01-04 14:49:47,DSNY,Dirty Condition,Trash,Manhattan,10026.0,Closed,Mobile,0
63619619,2025-01-03 08:41:02,2025-01-04 14:02:58,DSNY,Dirty Condition,Trash,Brooklyn,11204.0,Closed,Mobile,1
63619620,2025-01-03 11:44:56,2025-01-04 12:15:21,DSNY,Dirty Condition,Trash,Queens,11357.0,Closed,Online,1
63619621,2025-01-03 08:37:49,2025-01-07 09:32:02,DSNY,Illegal Dumping,Removal Request,Queens,11385.0,Closed,Phone,4
63619622,2025-01-03 10:34:36,2025-01-06 08:21:35,DSNY,Street Sweeping Complaint,Inadequate Sweeping,Brooklyn,11204.0,Closed,Online,2
63619623,2025-01-03 10:30:05,2025-01-03 16:27:51,DSNY,Dead Animal,Raccoon,Brooklyn,11210.0,Closed,Phone,0
63619624,2025-01-03 08:46:29,2025-01-03 12:28:03,DSNY,Dirty Condition,Dog Waste,Queens,11435.0,Closed,Online,0
63619625,2025-01-03 14:54:24,2025-01-07 07:59:32,DSNY,Sanitation Worker Or Vehicle Complaint,Inappropriate Behavior,Queens,11366.0,Closed,Phone,3
63619626,2025-01-03 10:25:54,2025-01-03 14:00:09,DSNY,Obstruction,Cone,Queens,11691.0,Closed,Phone,0
63619629,2025-01-03 07:44:12,2025-01-03 12:46:43,DSNY,Dirty Condition,Trash,Queens,11101.0,Closed,Mobile,0
63619630,2025-01-03 22:05:27,2025-01-04 20:38:43,DSNY,Dirty Condition,Trash,Brooklyn,11221.0,Closed,Mobile,0
63619631,2025-01-03 18:12:55,2025-01-04 11:08:42,DSNY,Dirty Condition,Trash,Brooklyn,11209.0,Closed,Mobile,0
63619632,2025-01-03 09:01:11,2025-01-04 10:24:46,DSNY,Dirty Condition,Trash,Queens,11417.0,Closed,Online,1
63619633,2025-01-03 17:33:04,2025-01-06 07:44:54,DSNY,Illegal Dumping,Removal Request,Queens,11377.0,Closed,Mobile,2
63619634,2025-01-03 11:02:06,2025-01-18 12:47:10,DSNY,Illegal Dumping,Removal Request,Brooklyn,11212.0,Closed,Online,15
63619635,2025-01-03 15:25:31,2025-01-18 12:51:39,DSNY,Illegal Dumping,Removal Request,Brooklyn,11205.0,Closed,Phone,14
63619636,2025-01-03 07:45:46,2025-01-07 10:43:27,DSNY,Illegal Dumping,Removal Request,Bronx,10469.0,Closed,Phone,4
63619637,2025-01-03 07:08:13,2025-01-10 15:51:44,DSNY,Illegal Dumping,Removal Request,Queens,11694.0,Closed,Phone,7
63619638,2025-01-03 10:03:04,2025-01-04 15:23:31,DSNY,Dead Animal,Dog,Brooklyn,11207.0,Closed,Phone,1
63619643,2025-01-03 14:31:41,2025-02-10 02:22:24,DSNY,Graffiti,Graffiti,Brooklyn,11249.0,Closed,Unknown,37
63619646,2025-01-03 10:05:39,2025-01-04 15:22:44,DSNY,Illegal Dumping,Removal Request,Brooklyn,11217.0,Closed,Online,1
63619647,2025-01-03 06:59:37,2025-01-03 20:44:31,DSNY,Residential Disposal Complaint,Trash or Recycling Not Secure,Manhattan,10013.0,Closed,Online,0
63619648,2025-01-03 08:25:20,2025-01-03 20:43:14,DSNY,Residential Disposal Complaint,Trash or Recycling Not Secure,Manhattan,10011.0,Closed,Online,0
63619650,2025-01-03 11:23:51,2025-01-03 17:49:24,DSNY,Residential Disposal Complaint,Waste Left in Front of Other Residence,Manhattan,10011.0,Closed,Phone,0
63619651,2025-01-03 07:25:04,2025-01-03 14:04:04,DSNY,Street Sweeping Complaint,Street Not Swept,Staten Island,10314.0,Closed,Phone,0
63619660,2025-01-03 10:02:10,2025-01-03 23:06:57,DSNY,Dirty Condition,Trash,Brooklyn,11222.0,Closed,Phone,0
63619661,2025-01-03 10:44:19,2025-01-04 07:39:36,DSNY,Dirty Condition,Trash,Bronx,10470.0,Closed,Mobile,0
63619662,2025-01-03 17:14:28,2025-01-04 11:13:23,DSNY,Dirty Condition,Trash,Queens,11103.0,Closed,Mobile,0
63619663,2025-01-03 16:56:38,2025-01-04 09:23:55,DSNY,Dirty Condition,Trash,Brooklyn,11215.0,Closed,Online,0
63619666,2025-01-03 10:00:26,2025-01-04 09:59:29,DSNY,Street Sweeping Complaint,Inadequate Sweeping,Brooklyn,11215.0,Closed,Online,0
63619667,2025-01-03 06:10:57,2025-01-11 16:50:44,DSNY,Street Sweeping Complaint,Street Not Swept,Queens,11434.0,Closed,Phone,8
63619669,2025-01-03 15:04:35,2025-01-06 07:46:09,DSNY,Dirty Condition,Debris from Car Accident,Brooklyn,11201.0,Closed,Online,2
63619670,2025-01-03 06:48:01,2025-01-03 17:48:04,DSNY,Residential Disposal Complaint,Trash or Recycling Not Secure,Manhattan,10036.0,Closed,Online,0
63619671,2025-01-03 11:58:40,2025-01-03 21:49:02,DSNY,Residential Disposal Complaint,Waste Left in Front of Other Residence,Brooklyn,11249.0,Closed,Online,0
63619672,2025-01-03 21:05:26,2025-01-04 11:08:43,DSNY,Obstruction,Cone,Brooklyn,11223.0,Closed,Online,0
63619673,2025-01-03 13:19:39,2025-01-03 22:38:28,DSNY,Obstruction,Cone,Queens,11435.0,Closed,Phone,0
63619679,2025-01-03 17:57:44,2025-01-07 10:50:48,DSNY,Illegal Dumping,Removal Request,Bronx,10461.0,Closed,Mobile,3
63619680,2025-01-03 13:08:53,2025-01-18 12:52:49,DSNY,Illegal Dumping,Removal Request,Brooklyn,11233.0,Closed,Phone,14
63619681,2025-01-03 09:01:04,2025-01-04 15:21:32,DSNY,Illegal Dumping,Removal Request,Brooklyn,11207.0,Closed,Mobile,1
63619682,2025-01-03 15:03:10,2025-01-07 10:42:49,DSNY,Illegal Dumping,Removal Request,Bronx,10466.0,Closed,Mobile,3
63619683,2025-01-03 08:16:12,2025-01-07 10:42:53,DSNY,Illegal Dumping,Removal Request,Bronx,10475.0,Closed,Online,4
63619684,2025-01-03 16:06:53,2025-01-04 19:55:52,DSNY,Residential Disposal Complaint,Waste Left in Front of Other Residence,Manhattan,10025.0,Closed,Phone,1
63619685,2025-01-03 13:44:09,2025-01-04 13:04:50,DSNY,Dirty Condition,Dog Waste,Queens,11411.0,Closed,Online,0
63619693,2025-01-03 14:12:12,2025-02-10 02:22:24,DSNY,Graffiti,Graffiti,Brooklyn,11249.0,Closed,Unknown,37
63619694,2025-01-03 08:30:24,2025-02-10 02:22:24,DSNY,Graffiti,Graffiti,Manhattan,10002.0,Closed,Unknown,37
63619701,2025-01-03 07:03:08,2025-01-13 07:21:53,DSNY,Obstruction,Trash or Recycling,Manhattan,10012.0,Closed,Online,10
63619705,2025-01-03 03:47:57,2025-01-13 09:12:03,DSNY,Sanitation Worker Or Vehicle Complaint,Noise,Manhattan,10021.0,Closed,Phone,10
63619706,2025-01-03 13:33:24,2025-01-23 15:25:11,DSNY,Sanitation Worker Or Vehicle Complaint,Noise,Brooklyn,11215.0,Closed,Phone,20
63619710,2025-01-03 08:51:47,2025-01-18 13:08:01,DSNY,Street Sweeping Complaint,Inadequate Sweeping,Brooklyn,11221.0,Closed,Phone,15
63619711,2025-01-03 17:24:52,2025-01-18 13:42:12,DSNY,Street Sweeping Complaint,Inadequate Sweeping,Brooklyn,11222.0,Closed,Phone,14
63619718,2025-01-03 11:33:31,2025-01-13 09:04:11,DSNY,Street Sweeping Complaint,Street Not Swept,Manhattan,10027.0,Closed,Phone,9
63619742,2025-01-03 14:30:47,2025-01-14 00:00:00,DSNY,Graffiti,Graffiti,Brooklyn,11249.0,Closed,Unknown,10
63619750,2025-01-03 14:39:33,2025-02-10 02:22:24,DSNY,Graffiti,Graffiti,Brooklyn,11249.0,Closed,Unknown,37
63619779,2025-01-03 07:05:59,2025-01-03 15:49:35,DSNY,Obstruction,Trash or Recycling,Manhattan,10012.0,Closed,Online,0
63619802,2025-01-03 18:02:00,2025-01-18 12:55:20,DSNY,Obstruction,Trash or Recycling,Brooklyn,11238.0,Closed,Phone,14
63619803,2025-01-03 08:38:20,2025-01-07 15:11:39,DSNY,Obstruction,Trash or Recycling,Manhattan,10018.0,Closed,Online,4
63619804,2025-01-03 08:23:33,2025-01-07 14:58:03,DSNY,Obstruction,Trash or Recycling,Manhattan,10001.0,Closed,Online,4
63620048,2025-01-02 15:39:00,2025-01-03 12:38:00,DSNY,Derelict Vehicles,Derelict Vehicles,Queens,11412.0,Closed,Phone,0
63620119,2025-01-03 08:52:00,2025-01-03 21:56:00,DSNY,Derelict Vehicles,Derelict Vehicles,Queens,11102.0,Closed,Phone,0
63620160,2025-01-01 19:19:00,2025-01-04 00:07:00,DSNY,Derelict Vehicles,Derelict Vehicles,Manhattan,10003.0,Closed,Phone,2
63620164,2025-01-02 12:05:00,2025-01-03 07:30:00,DSNY,Derelict Vehicles,Derelict Vehicles,Bronx,10472.0,Closed,Phone,0
63620174,2025-01-02 17:09:00,2025-01-03 07:30:00,DSNY,Derelict Vehicles,Derelict Vehicles,Bronx,10473.0,Closed,Phone,0
63620175,2025-01-03 06:24:00,2025-01-04 01:48:00,DSNY,Derelict Vehicles,Derelict Vehicles,Bronx,10458.0,Closed,Phone,0
63620182,2025-01-02 11:06:00,2025-01-03 07:18:00,DSNY,Derelict Vehicles,Derelict Vehicles,Bronx,10469.0,Closed,Phone,0
63620223,2025-01-03 00:59:00,2025-01-03 13:18:00,DSNY,Derelict Vehicles,Derelict Vehicles,Brooklyn,11207.0,Closed,Phone,0
63620224,2025-01-02 04:42:00,2025-01-03 07:24:00,DSNY,Derelict Vehicles,Derelict Vehicles,Bronx,10471.0,Closed,Phone,1
63620233,2025-01-01 08:30:00,2025-01-03 04:38:00,DSNY,Derelict Vehicles,Derelict Vehicles,Bronx,10461.0,Closed,Phone,1
63620264,2025-01-03 14:02:32,2025-01-03 16:01:43,DSNY,Vendor Enforcement,Non-Food Vendor,Manhattan,10017.0,Closed,Online,0
63620269,2025-01-02 15:24:00,2025-01-03 07:26:00,DSNY,Derelict Vehicles,Derelict Vehicles,Bronx,10471.0,Closed,Phone,0
63620279,2025-01-03 22:35:05,2025-01-04 12:37:43,DSNY,Illegal Dumping,Chronic Dumping,Brooklyn,11208.0,Closed,Mobile,0
63620299,2025-01-03 09:33:30,2025-01-03 12:07:45,DSNY,Street Sweeping Complaint,Inadequate Sweeping,Brooklyn,11235.0,Closed,Online,0
63620317,2025-01-02 12:46:00,2025-01-03 06:19:00,DSNY,Derelict Vehicles,Derelict Vehicles,Queens,11364.0,Closed,Phone,0
63620352,2025-01-03 15:20:23,2025-01-03 17:01:42,DSNY,Vendor Enforcement,Non-Food Vendor,Brooklyn,11201.0,Closed,Online,0
63620353,2025-01-03 13:46:55,2025-01-03 15:01:39,DSNY,Vendor Enforcement,Non-Food Vendor,Brooklyn,11220.0,Closed,Online,0
63620354,2025-01-03 10:15:16,2025-01-03 12:01:35,DSNY,Vendor Enforcement,Food Vendor,Manhattan,10004.0,Closed,Online,0
63620355,2025-01-03 13:04:36,2025-01-03 15:01:33,DSNY,Vendor Enforcement,Food Vendor,Manhattan,10038.0,Closed,Online,0
63620356,2025-01-03 14:06:51,2025-01-04 09:49:41,DSNY,Dead Animal,Squirrel,Queens,11354.0,Closed,Online,0
63620357,2025-01-03 13:42:38,2025-01-04 11:49:31,DSNY,Dead Animal,Squirrel,Queens,11105.0,Closed,Phone,0
63620363,2025-01-03 15:17:41,2025-01-03 17:01:41,DSNY,Vendor Enforcement,Non-Food Vendor,Brooklyn,11201.0,Closed,Online,0
63620365,2025-01-03 08:22:25,2025-01-03 14:07:36,DSNY,Sanitation Worker Or Vehicle Complaint,Inappropriate Behavior,Queens,11375.0,Closed,Phone,0
63620386,2025-01-03 13:19:00,2025-01-03 15:01:32,DSNY,Vendor Enforcement,Food Vendor,Manhattan,10023.0,Closed,Online,0
63620391,2025-01-03 09:45:16,2025-01-14 06:35:39,DSNY,Lot Condition,Trash,Staten Island,10303.0,Closed,Phone,10
63620392,2025-01-03 07:55:15,2025-01-07 11:55:16,DSNY,Sanitation Worker Or Vehicle Complaint,Spilled Garbage,Bronx,10467.0,Closed,Online,4
63620397,2025-01-03 18:14:42,2025-01-04 15:21:10,DSNY,Dead Animal,Opossum,Brooklyn,11203.0,Closed,Phone,0
63620398,2025-01-03 20:15:34,2025-01-04 07:45:20,DSNY,Dirty Condition,Trash,Bronx,10451.0,Closed,Online,0
63620419,2025-01-03 03:53:15,2025-01-19 11:17:38,DSNY,Sanitation Worker Or Vehicle Complaint,Inappropriate Behavior,Brooklyn,11221.0,Closed,Phone,16
63620931,2025-01-03 14:33:41,2025-01-14 00:00:00,DSNY,Graffiti,Graffiti,Manhattan,10002.0,Closed,Unknown,10
63620949,2025-01-03 10:09:17,2025-02-28 00:00:00,DSNY,Graffiti,Graffiti,Brooklyn,11204.0,Closed,Unknown,55
63620950,2025-01-03 09:07:48,2025-02-10 02:22:24,DSNY,Graffiti,Graffiti,Queens,11103.0,Closed,Unknown,37
63620991,2025-01-03 14:13:52,2025-02-10 02:22:24,DSNY,Graffiti,Graffiti,Brooklyn,11211.0,Closed,Unknown,37
63620992,2025-01-03 10:06:42,2025-01-07 00:00:00,DSNY,Graffiti,Graffiti,Brooklyn,11204.0,Closed,Unknown,3
63621124,2025-01-03 16:45:25,2025-01-04 12:56:28,DSNY,Dirty Condition,Trash,Manhattan,10031.0,Closed,Mobile,0
63621125,2025-01-03 14:45:56,2025-01-06 13:40:31,DSNY,Dirty Condition,Trash,Brooklyn,11221.0,Closed,Mobile,2
63621126,2025-01-03 15:20:55,2025-01-04 23:33:55,DSNY,Dirty Condition,Trash,Bronx,10451.0,Closed,Mobile,1
63621127,2025-01-03 12:50:17,2025-01-06 08:17:40,DSNY,Dirty Condition,Trash,Staten Island,10309.0,Closed,Mobile,2
63621128,2025-01-03 13:52:00,2025-01-07 12:26:57,DSNY,Illegal Dumping,Removal Request,Staten Island,10310.0,Closed,Mobile,3
63621136,2025-01-03 22:46:29,2025-01-06 07:35:59,DSNY,Dirty Condition,Trash,Queens,11420.0,Closed,Online,2
63621140,2025-01-03 15:25:33,2025-01-04 12:58:02,DSNY,Obstruction,Cone,Staten Island,10304.0,Closed,Online,0
63621141,2025-01-03 08:50:16,2025-01-03 15:52:40,DSNY,Obstruction,Cone,Manhattan,10013.0,Closed,Online,0
63621156,2025-01-03 12:50:02,2025-01-03 16:22:12,DSNY,Street Sweeping Complaint,Inadequate Sweeping,Brooklyn,11230.0,Closed,Phone,0
63621162,2025-01-03 18:23:25,2025-01-04 22:50:07,DSNY,Dirty Condition,Trash,Bronx,10468.0,Closed,Mobile,1
63621163,2025-01-03 09:38:48,2025-01-04 12:44:27,DSNY,Dirty Condition,Trash,Queens,11385.0,Closed,Mobile,1
63621164,2025-01-03 14:41:02,2025-01-07 06:20:54,DSNY,Dirty Condition,Trash,Brooklyn,11206.0,Closed,Mobile,3
63621169,2025-01-03 18:06:11,2025-01-11 16:57:44,DSNY,Abandoned Bike,Chained to Public Property,Bronx,10462.0,Closed,Online,7
63621170,2025-01-03 08:16:12,2025-01-03 23:05:26,DSNY,Dirty Condition,Trash,Brooklyn,11235.0,Closed,Mobile,0
63621171,2025-01-04 00:00:31,2025-01-04 05:37:19,DSNY,Dirty Condition,Trash,Queens,11361.0,Closed,Mobile,0
63621172,2025-01-03 17:43:15,2025-01-04 10:33:01,DSNY,Dirty Condition,Trash,Brooklyn,11217.0,Closed,Online,0
63621173,2025-01-03 14:14:54,2025-01-04 15:08:18,DSNY,Dirty Condition,Trash,Brooklyn,11215.0,Closed,Online,1
63621174,2025-01-03 11:59:17,2025-01-04 15:21:24,DSNY,Illegal Dumping,Removal Request,Brooklyn,11207.0,Closed,Mobile,1
63621175,2025-01-03 09:54:45,2025-01-04 15:23:44,DSNY,Illegal Dumping,Removal Request,Brooklyn,11223.0,Closed,Phone,1
63621176,2025-01-03 10:04:22,2025-01-13 09:04:23,DSNY,Litter Basket Request,New Basket,Manhattan,10030.0,Closed,Online,9
63621183,2025-01-03 09:08:42,2025-01-04 07:41:36,DSNY,Dirty Condition,Trash,Bronx,10451.0,Closed,Online,0
63621184,2025-01-03 16:08:17,2025-01-04 10:22:57,DSNY,Illegal Dumping,Removal Request,Queens,11436.0,Closed,Phone,0
63621185,2025-01-03 20:13:05,2025-01-04 15:16:59,DSNY,Illegal Dumping,Removal Request,Brooklyn,11208.0,Closed,Phone,0
63621186,2025-01-03 16:30:28,2025-01-04 09:58:59,DSNY,Illegal Dumping,Removal Request,Queens,11411.0,Closed,Phone,0
63621187,2025-01-03 09:44:02,2025-01-10 15:51:33,DSNY,Illegal Dumping,Removal Request,Queens,11691.0,Closed,Phone,7
63621188,2025-01-03 20:13:55,2025-01-04 13:26:48,DSNY,Residential Disposal Complaint,Waste Left in Front of Other Residence,Brooklyn,11233.0,Closed,Online,0
63621189,2025-01-03 06:54:05,2025-01-03 17:48:32,DSNY,Residential Disposal Complaint,Trash or Recycling Not Secure,Manhattan,10011.0,Closed,Online,0
63621190,2025-01-03 06:36:41,2025-01-03 13:35:54,DSNY,Dirty Condition,Trash,Bronx,10455.0,Closed,Mobile,0
63621191,2025-01-03 09:22:15,2025-01-07 10:44:20,DSNY,Illegal Dumping,Removal Request,Bronx,10451.0,Closed,Online,4
63621192,2025-01-03 09:44:07,2025-01-04 13:55:28,DSNY,Illegal Dumping,Removal Request,Queens,11379.0,Closed,Online,1
63621193,2025-01-03 08:53:49,2025-01-08 15:41:14,DSNY,Illegal Dumping,Removal Request,Bronx,10452.0,Closed,Phone,5
63621194,2025-01-03 11:52:08,2025-01-04 15:20:39,DSNY,Illegal Dumping,Removal Request,Brooklyn,11208.0,Closed,Online,1
63621195,2025-01-03 21:22:46,2025-01-07 17:37:16,DSNY,Illegal Dumping,Removal Request,Brooklyn,11235.0,Closed,Online,3
63621196,2025-01-03 16:56:36,2025-01-04 21:47:41,DSNY,Illegal Dumping,Chronic Dumping,Brooklyn,11222.0,Closed,Mobile,1
63621197,2025-01-03 15:52:32,2025-01-04 11:57:50,DSNY,Residential Disposal Complaint,Waste Left in Front of Other Residence,Manhattan,10016.0,Closed,Online,0
63621198,2025-01-03 09:50:02,2025-01-03 21:59:00,DSNY,Residential Disposal Complaint,Trash or Recycling Not Secure,Brooklyn,11238.0,Closed,Online,0
63621199,2025-01-03 08:26:05,2025-01-03 20:43:40,DSNY,Residential Disposal Complaint,Trash or Recycling Not Secure,Manhattan,10012.0,Closed,Online,0
63621200,2025-01-03 07:09:07,2025-01-03 16:24:07,DSNY,Dirty Condition,Trash,Staten Island,10314.0,Closed,Online,0
63621201,2025-01-03 13:15:27,2025-01-04 05:47:37,DSNY,Residential Disposal Complaint,Storage Area Not Provided,Queens,11368.0,Closed,Online,0
63621202,2025-01-03 09:02:34,2025-01-04 15:24:16,DSNY,Obstruction,Trash or Recycling,Brooklyn,11229.0,Closed,Online,1
63621203,2025-01-03 06:48:13,2025-01-07 15:02:49,DSNY,Obstruction,Trash or Recycling,Manhattan,10036.0,Closed,Online,4
63621209,2025-01-03 07:20:07,2025-01-03 20:48:41,DSNY,Residential Disposal Complaint,Trash or Recycling Not Secure,Manhattan,10012.0,Closed,Online,0
63621220,2025-01-03 10:19:58,2025-01-03 10:33:29,DSNY,Dirty Condition,Trash,Staten Island,10304.0,Closed,Online,0
63621221,2025-01-03 15:54:09,2025-01-06 07:32:17,DSNY,Street Sweeping Complaint,Street Not Swept,Brooklyn,11234.0,Closed,Phone,2
63621225,2025-01-03 23:57:54,2025-01-04 01:01:38,DSNY,Commercial Disposal Complaint,Waste Disposal,Queens,11368.0,Closed,Online,0
63621227,2025-01-03 14:17:30,2025-01-04 13:00:09,DSNY,Commercial Disposal Complaint,Waste Left in Front of Residence,Queens,11358.0,Closed,Online,0
63621228,2025-01-03 10:01:50,2025-01-03 13:32:49,DSNY,Dirty Condition,Trash,Brooklyn,11203.0,Closed,Online,0
63621229,2025-01-03 06:58:18,2025-01-07 08:47:04,DSNY,Street Sweeping Complaint,Inadequate Sweeping,Queens,11429.0,Closed,Phone,4
63621230,2025-01-03 09:48:55,2025-01-03 21:49:55,DSNY,Residential Disposal Complaint,Waste Left in Front of Other Residence,Brooklyn,11216.0,Closed,Phone,0
63621233,2025-01-03 22:51:00,2025-01-04 10:37:32,DSNY,Obstruction,Cone,Queens,11412.0,Closed,Online,0
63621234,2025-01-03 09:20:27,2025-01-04 07:43:29,DSNY,Dirty Condition,Broken Glass,Bronx,10451.0,Closed,Online,0
63621260,2025-01-03 14:29:05,2025-02-10 02:22:24,DSNY,Graffiti,Graffiti,Brooklyn,11249.0,Closed,Unknown,37
63621261,2025-01-03 14:09:32,2025-01-31 00:00:00,DSNY,Graffiti,Graffiti,Brooklyn,11249.0,Closed,Unknown,27
63621262,2025-01-03 14:04:06,2025-02-10 02:22:24,DSNY,Graffiti,Graffiti,Brooklyn,11249.0,Closed,Unknown,37
63621321,2025-01-03 08:28:25,2025-01-03 15:52:17,DSNY,Obstruction,Trash or Recycling,Manhattan,10012.0,Closed,Online,0
63621354,2025-01-03 17:18:26,2025-01-03 19:02:03,DSNY,Commercial Disposal Complaint,Waste Disposal,Brooklyn,11203.0,Closed,Online,0
63621355,2025-01-03 06:59:29,2025-01-03 15:49:12,DSNY,Obstruction,Trash or Recycling,Manhattan,10013.0,Closed,Online,0
63621373,2025-01-03 21:47:52,2025-01-13 06:22:05,DSNY,Obstruction,Trash or Recycling,Manhattan,10010.0,Closed,Online,9
63621374,2025-01-03 06:52:03,2025-01-07 15:11:28,DSNY,Obstruction,Trash or Recycling,Manhattan,10001.0,Closed,Online,4
63621683,2025-01-02 14:52:00,2025-01-03 22:12:00,DSNY,Derelict Vehicles,Derelict Vehicles,Queens,11368.0,Closed,Phone,1
63621721,2025-01-02 11:40:00,2025-01-03 22:17:00,DSNY,Derelict Vehicles,Derelict Vehicles,Queens,11378.0,Closed,Phone,1
63621722,2025-01-03 07:36:00,2025-01-03 23:25:00,DSNY,Derelict Vehicles,Derelict Vehicles,Staten Island,10301.0,Closed,Phone,0
63621751,2025-01-02 14:53:00,2025-01-03 22:33:00,DSNY,Derelict Vehicles,Derelict Vehicles,Queens,11367.0,Closed,Phone,1
63621752,2025-01-03 14:33:00,2025-01-04 02:26:00,DSNY,Derelict Vehicles,Derelict Vehicles,Brooklyn,11230.0,Closed,Phone,0
63621776,2025-01-02 16:24:00,2025-01-03 10:09:00,DSNY,Derelict Vehicles,Derelict Vehicles,Queens,11377.0,Closed,Phone,0
63621779,2025-01-03 08:24:00,2025-01-03 23:25:00,DSNY,Derelict Vehicles,Derelict Vehicles,Staten Island,10310.0,Closed,Phone,0
63621780,2025-01-02 08:39:00,2025-01-03 05:28:00,DSNY,Derelict Vehicles,Derelict Vehicles,Brooklyn,11205.0,Closed,Phone,0
63621792,2025-01-03 11:22:27,2025-01-03 13:01:44,DSNY,Vendor Enforcement,Non-Food Vendor,Manhattan,10037.0,Closed,Phone,0
63621793,2025-01-03 08:51:43,2025-01-03 10:01:47,DSNY,Vendor Enforcement,Food Vendor,Queens,11368.0,Closed,Phone,0
63621795,2025-01-03 12:03:43,2025-01-08 12:54:10,DSNY,Illegal Dumping,Chronic Dumping,Bronx,10459.0,Closed,Mobile,5
63621831,2025-01-03 15:50:00,2025-01-03 21:01:00,DSNY,Derelict Vehicles,Derelict Vehicles,Queens,11354.0,Closed,Phone,0
63621832,2025-01-03 07:31:53,2025-01-03 15:18:34,DSNY,Litter Basket Request,New Basket,Staten Island,10312.0,Closed,Online,0
63621833,2025-01-03 03:41:56,2025-01-06 08:45:31,DSNY,Sanitation Worker Or Vehicle Complaint,Inappropriate Behavior,Queens,11368.0,Closed,Phone,3
63621844,2025-01-03 20:48:00,2025-01-04 01:30:00,DSNY,Derelict Vehicles,Derelict Vehicles,Bronx,10467.0,Closed,Phone,0
63621856,2025-01-03 07:32:31,2025-01-19 11:17:52,DSNY,Sanitation Worker Or Vehicle Complaint,Inappropriate Behavior,Brooklyn,11221.0,Closed,Phone,16
63621873,2025-01-02 01:16:00,2025-01-03 07:24:00,DSNY,Derelict Vehicles,Derelict Vehicles,Bronx,10471.0,Closed,Phone,1
63621881,2025-01-02 08:07:00,2025-01-03 13:46:00,DSNY,Derelict Vehicles,Derelict Vehicles,Brooklyn,11213.0,Closed,Phone,1
63621908,2025-01-02 22:29:00,2025-01-06 11:27:00,DSNY,Derelict Vehicles,Derelict Vehicles,Queens,11103.0,Closed,Phone,3
63621910,2025-01-03 10:22:40,2025-01-03 12:01:36,DSNY,Vendor Enforcement,Food Vendor,Manhattan,10038.0,Closed,Online,0
63621911,2025-01-03 20:28:02,2025-01-04 09:51:10,DSNY,Dead Animal,Opossum,Queens,11356.0,Closed,Phone,0
63621912,2025-01-03 11:41:07,2025-01-04 13:24:58,DSNY,Dirty Condition,Broken Glass,Brooklyn,11206.0,Closed,Online,1
63621942,2025-01-03 11:00:32,2025-01-03 12:01:44,DSNY,Vendor Enforcement,Non-Food Vendor,Brooklyn,11214.0,Closed,Phone,0
63621943,2025-01-03 08:50:51,2025-01-03 10:01:45,DSNY,Vendor Enforcement,Food Vendor,Manhattan,10005.0,Closed,Online,0
63621948,2025-01-03 10:45:19,2025-01-06 08:45:08,DSNY,Sanitation Worker Or Vehicle Complaint,Spilled Garbage,Brooklyn,11214.0,Closed,Phone,2
63621949,2025-01-03 09:42:14,2025-01-03 13:44:57,DSNY,Street Sweeping Complaint,Inadequate Sweeping,Brooklyn,11210.0,Closed,Phone,0
63621951,2025-01-03 07:55:39,2025-01-04 15:16:28,DSNY,Dead Animal,Cat,Brooklyn,11214.0,Closed,Online,1
63621952,2025-01-03 10:51:48,2025-01-04 10:19:02,DSNY,Dirty Condition,Trash,Queens,11356.0,Closed,Online,0
63621953,2025-01-03 12:23:10,2025-01-04 15:25:45,DSNY,Dirty Condition,Trash,Brooklyn,11230.0,Closed,Mobile,1
63621991,2025-01-03 19:45:18,2025-01-04 15:21:35,DSNY,Dead Animal,Cat,Brooklyn,11207.0,Closed,Phone,0
63622469,2025-01-03 09:50:26,2025-03-27 00:00:00,DSNY,Graffiti,Graffiti,Brooklyn,11214.0,Closed,Unknown,82
63622653,2025-01-03 14:22:25,2025-01-04 02:22:23,DSNY,Graffiti,Graffiti,Brooklyn,11249.0,Closed,Unknown,0
63622693,2025-01-04 11:41:31,2025-01-04 14:32:04,DSNY,Dirty Condition,Trash,Brooklyn,11214.0,Closed,Online,0
63622694,2025-01-04 18:54:07,2025-01-06 18:49:03,DSNY,Dirty Condition,Trash,Queens,11419.0,Closed,Mobile,1
63622696,2025-01-04 10:58:35,2025-01-04 14:05:03,DSNY,Dirty Condition,Trash,Bronx,10463.0,Closed,Mobile,0
63622697,2025-01-04 18:57:35,2025-01-06 07:28:14,DSNY,Dirty Condition,Trash,Brooklyn,11216.0,Closed,Mobile,1
63622698,2025-01-04 09:33:30,2025-01-13 12:35:35,DSNY,Abandoned Bike,Chained to Public Property,Brooklyn,11236.0,Closed,Phone,9
63622699,2025-01-04 13:52:17,2025-01-04 20:54:02,DSNY,Dirty Condition,Trash,Brooklyn,11238.0,Closed,Mobile,0
63622700,2025-01-04 15:33:50,2025-01-07 10:44:30,DSNY,Dirty Condition,Trash,Brooklyn,11210.0,Closed,Online,2
63622701,2025-01-04 18:19:06,2025-01-06 13:16:18,DSNY,Dirty Condition,Trash,Bronx,10467.0,Closed,Mobile,1
63622702,2025-01-04 15:07:41,2025-01-18 12:53:37,DSNY,Illegal Dumping,Removal Request,Brooklyn,11213.0,Closed,Online,13
63622703,2025-01-04 07:13:56,2025-01-04 14:04:44,DSNY,Dirty Condition,Trash,Staten Island,10309.0,Closed,Online,0
63622706,2025-01-04 17:06:50,2025-01-05 11:28:19,DSNY,Dirty Condition,Trash,Manhattan,10027.0,Closed,Mobile,0
63622707,2025-01-04 14:38:43,2025-01-05 14:42:42,DSNY,Dirty Condition,Trash,Brooklyn,11236.0,Closed,Mobile,1
63622708,2025-01-04 16:38:41,2025-01-18 13:04:35,DSNY,Illegal Dumping,Removal Request,Brooklyn,11208.0,Closed,Phone,13
63622709,2025-01-04 10:52:30,2025-01-06 18:42:39,DSNY,Illegal Dumping,Removal Request,Queens,11421.0,Closed,Phone,2
63622710,2025-01-04 14:10:08,2025-01-08 14:24:53,DSNY,Illegal Dumping,Removal Request,Queens,11103.0,Closed,Mobile,4
63622711,2025-01-04 16:10:03,2025-01-18 12:50:55,DSNY,Litter Basket Request,New Basket,Brooklyn,11205.0,Closed,Online,13
63622717,2025-01-04 17:22:56,2025-01-07 09:31:31,DSNY,Missed Collection,Compost,Queens,11368.0,Closed,Online,2
63622719,2025-01-04 08:07:38,2025-01-08 14:24:41,DSNY,Illegal Dumping,Removal Request,Queens,11418.0,Closed,Phone,4
63622720,2025-01-04 08:22:11,2025-01-15 14:22:20,DSNY,Residential Disposal Complaint,Trash or Recycling Not Secure,Staten Island,10310.0,Closed,Phone,11
63622721,2025-01-04 09:41:16,2025-01-04 20:45:43,DSNY,Dirty Condition,Trash,Brooklyn,11224.0,Closed,Online,0
63622724,2025-01-04 07:47:48,2025-01-04 11:48:23,DSNY,Dumpster Complaint,Small uncovered dumpster,Queens,11370.0,Closed,Online,0
63622725,2025-01-04 13:46:07,2025-01-07 00:05:26,DSNY,Residential Disposal Complaint,Waste Left in Front of Other Residence,Queens,11423.0,Closed,Phone,2
63622727,2025-01-04 10:51:08,2025-01-13 12:34:50,DSNY,Obstruction,Trash or Recycling,Brooklyn,11236.0,Closed,Phone,9
63622731,2025-01-04 10:20:21,2025-01-08 15:19:12,DSNY,Dead Animal,Raccoon,Queens,11423.0,Closed,Online,4
63622732,2025-01-04 09:53:58,2025-01-06 14:14:24,DSNY,Obstruction,Cone,Queens,11433.0,Closed,Phone,2
63622737,2025-01-04 12:24:13,2025-01-04 21:48:57,DSNY,Residential Disposal Complaint,Trash or Recycling Not Secure,Brooklyn,11201.0,Closed,Online,0
63622741,2025-01-04 14:43:50,2025-01-04 20:58:22,DSNY,Dirty Condition,Trash,Queens,11375.0,Closed,Phone,0
63622743,2025-01-04 12:50:09,2025-01-31 00:00:00,DSNY,Graffiti,Graffiti,Manhattan,10033.0,Closed,Unknown,26
63622746,2025-01-04 08:01:17,2025-03-27 00:00:00,DSNY,Graffiti,Graffiti,Brooklyn,11237.0,Closed,Unknown,81
63622753,2025-01-04 20:11:10,2025-02-10 02:22:24,DSNY,Graffiti,Graffiti,Brooklyn,11220.0,Closed,Unknown,36
63622754,2025-01-04 06:31:33,2025-02-10 02:22:24,DSNY,Graffiti,Graffiti,Staten Island,10309.0,Closed,Unknown,36
63622818,2025-01-04 09:56:16,2025-01-04 11:01:48,DSNY,Commercial Disposal Complaint,Waste Disposal,Queens,11368.0,Closed,Online,0
63622820,2025-01-04 16:44:15,2025-01-07 08:03:07,DSNY,Dumpster Complaint,Small uncovered dumpster,Bronx,10459.0,Closed,Online,2
63622822,2025-01-04 23:54:27,2025-01-05 01:01:24,DSNY,Vendor Enforcement,Food Vendor,Queens,11368.0,Closed,Phone,0
63622823,2025-01-04 13:20:41,2025-01-04 15:01:37,DSNY,Vendor Enforcement,Food Vendor,Brooklyn,11208.0,Closed,Online,0
63622824,2025-01-04 13:56:06,2025-01-04 15:01:33,DSNY,Vendor Enforcement,Food Vendor,Manhattan,10004.0,Closed,Online,0
63622827,2025-01-04 11:53:33,2025-01-04 13:01:33,DSNY,Vendor Enforcement,Food Vendor,Manhattan,10007.0,Closed,Online,0
63622828,2025-01-04 16:32:21,2025-01-06 22:39:52,DSNY,Illegal Dumping,Chronic Dumping,Manhattan,10019.0,Closed,Mobile,2
63622829,2025-01-04 14:58:13,2025-01-04 16:01:28,DSNY,Vendor Enforcement,Food Vendor,Brooklyn,11220.0,Closed,Phone,0
63622830,2025-01-04 09:15:15,2025-01-04 11:01:45,DSNY,Vendor Enforcement,Non-Food Vendor,Manhattan,10019.0,Closed,Online,0
63622833,2025-01-04 19:52:31,2025-01-08 15:14:08,DSNY,Sanitation Worker Or Vehicle Complaint,Inappropriate Behavior,Queens,11412.0,Closed,Phone,3
63622845,2025-01-04 11:17:36,2025-01-04 13:01:30,DSNY,Vendor Enforcement,Food Vendor,Manhattan,10038.0,Closed,Online,0
63622846,2025-01-04 16:20:14,2025-01-08 13:16:52,DSNY,Illegal Posting,Poster or Sign,Queens,11364.0,Closed,Online,3
63622851,2025-01-02 17:15:00,2025-01-04 22:49:00,DSNY,Derelict Vehicles,Derelict Vehicles,Manhattan,10023.0,Closed,Phone,2
63622855,2025-01-04 10:05:40,2025-01-06 21:33:40,DSNY,Snow Or Ice,Roadway,Queens,11413.0,Closed,Phone,2
63622857,2025-01-04 08:44:00,2025-01-04 10:52:00,DSNY,Derelict Vehicles,Derelict Vehicles,Brooklyn,11220.0,Closed,Phone,0
63622859,2025-01-04 09:06:00,2025-01-04 22:57:00,DSNY,Derelict Vehicles,Derelict Vehicles,Manhattan,10004.0,Closed,Phone,0
63622864,2025-01-04 17:45:40,2025-01-07 04:58:22,DSNY,Dirty Condition,Trash,Brooklyn,11235.0,Closed,Online,2
63622870,2025-01-04 11:09:15,2025-01-07 13:31:41,DSNY,Snow Or Ice,Roadway,Bronx,10453.0,Closed,Phone,3
63622872,2025-01-04 11:06:00,2025-01-04 23:15:00,DSNY,Derelict Vehicles,Derelict Vehicles,Bronx,10462.0,Closed,Phone,0
63622874,2025-01-03 22:06:00,2025-01-04 05:57:00,DSNY,Derelict Vehicles,Derelict Vehicles,Brooklyn,11235.0,Closed,Phone,0
63622875,2025-01-03 14:33:00,2025-01-04 23:09:00,DSNY,Derelict Vehicles,Derelict Vehicles,Bronx,10455.0,Closed,Phone,1
63622877,2025-01-04 10:50:00,2025-01-04 22:57:00,DSNY,Derelict Vehicles,Derelict Vehicles,Manhattan,10004.0,Closed,Phone,0
63622878,2025-01-04 16:02:00,2025-01-04 21:05:00,DSNY,Derelict Vehicles,Derelict Vehicles,Queens,11379.0,Closed,Phone,0
63622879,2025-01-03 18:17:00,2025-01-04 11:33:00,DSNY,Derelict Vehicles,Derelict Vehicles,Brooklyn,11234.0,Closed,Phone,0
63622880,2025-01-04 06:28:00,2025-01-04 12:48:00,DSNY,Derelict Vehicles,Derelict Vehicles,Bronx,10465.0,Closed,Phone,0
63622885,2025-01-03 14:52:00,2025-01-04 11:38:00,DSNY,Derelict Vehicles,Derelict Vehicles,Brooklyn,11233.0,Closed,Phone,0
63622888,2025-01-04 04:26:00,2025-01-04 23:20:00,DSNY,Derelict Vehicles,Derelict Vehicles,Queens,11421.0,Closed,Phone,0
63622889,2025-01-03 11:22:00,2025-01-04 05:01:00,DSNY,Derelict Vehicles,Derelict Vehicles,Manhattan,10033.0,Closed,Phone,0
63622890,2025-01-03 17:11:00,2025-01-04 11:12:00,DSNY,Derelict Vehicles,Derelict Vehicles,Bronx,10470.0,Closed,Phone,0
63622894,2025-01-03 18:07:00,2025-01-04 10:17:00,DSNY,Derelict Vehicles,Derelict Vehicles,Queens,11356.0,Closed,Phone,0
63622897,2025-01-03 16:18:00,2025-01-04 05:28:00,DSNY,Derelict Vehicles,Derelict Vehicles,Manhattan,10014.0,Closed,Phone,0
63622898,2025-01-04 08:20:00,2025-01-04 11:30:00,DSNY,Derelict Vehicles,Derelict Vehicles,Queens,11385.0,Closed,Phone,0
63623500,2025-01-04 16:05:45,2025-02-05 00:00:00,DSNY,Graffiti,Graffiti,Brooklyn,11222.0,Closed,Unknown,31
63623516,2025-01-04 19:11:20,2025-01-23 00:00:00,DSNY,Graffiti,Graffiti,Brooklyn,11220.0,Closed,Unknown,18
63623518,2025-01-04 18:55:08,2025-01-29 00:00:00,DSNY,Graffiti,Graffiti,Bronx,10460.0,Closed,Unknown,24
63623523,2025-01-04 13:01:11,2025-02-10 02:22:24,DSNY,Graffiti,Graffiti,Brooklyn,11220.0,Closed,Unknown,36
63623585,2025-01-04 14:43:05,2025-01-09 00:00:00,DSNY,Graffiti,Graffiti,Brooklyn,11229.0,Closed,Unknown,4
63624184,2025-01-04 10:01:33,2025-01-07 08:27:19,DSNY,Illegal Dumping,Removal Request,Queens,11355.0,Closed,Phone,2
63624185,2025-01-04 15:42:48,2025-01-15 14:05:20,DSNY,Illegal Dumping,Removal Request,Brooklyn,11207.0,Closed,Mobile,10
63624186,2025-01-04 12:55:06,2025-01-04 21:43:17,DSNY,Residential Disposal Complaint,Trash or Recycling Not Secure,Brooklyn,11231.0,Closed,Phone,0
63624187,2025-01-04 09:24:02,2025-01-04 13:07:22,DSNY,Dirty Condition,Trash,Brooklyn,11219.0,Closed,Phone,0
63624188,2025-01-04 11:30:18,2025-01-11 16:58:09,DSNY,Street Sweeping Complaint,Inadequate Sweeping,Bronx,10469.0,Closed,Phone,7
63624192,2025-01-04 15:44:18,2025-01-04 23:19:49,DSNY,Dirty Condition,Trash,Bronx,10452.0,Closed,Mobile,0
63624193,2025-01-04 08:02:20,2025-03-03 00:00:00,DSNY,Graffiti,Graffiti,Brooklyn,11237.0,Closed,Unknown,57
63624197,2025-01-04 14:54:05,2025-01-07 13:54:49,DSNY,Dirty Condition,Trash,Brooklyn,11206.0,Closed,Mobile,2
63624198,2025-01-04 16:52:46,2025-01-06 04:50:59,DSNY,Dirty Condition,Trash,Manhattan,10011.0,Closed,Mobile,1
63624199,2025-01-04 10:36:02,2025-01-04 23:46:25,DSNY,Dirty Condition,Trash,Manhattan,10022.0,Closed,Mobile,0
63624200,2025-01-04 09:26:12,2025-01-05 06:36:59,DSNY,Dirty Condition,Trash,Brooklyn,11235.0,Closed,Mobile,0
63624201,2025-01-04 14:08:58,2025-01-06 18:43:21,DSNY,Illegal Dumping,Removal Request,Queens,11377.0,Closed,Mobile,2
63624202,2025-01-04 14:39:09,2025-01-07 10:49:58,DSNY,Illegal Dumping,Removal Request,Bronx,10468.0,Closed,Online,2
63624212,2025-01-04 13:06:16,2025-01-07 10:50:15,DSNY,Illegal Dumping,Removal Request,Bronx,10468.0,Closed,Mobile,2
63624213,2025-01-04 05:12:30,2025-01-07 10:44:13,DSNY,Illegal Dumping,Removal Request,Bronx,10454.0,Closed,Online,3
63624217,2025-01-05 00:07:17,2025-01-09 15:26:25,DSNY,Residential Disposal Complaint,Waste Left in Front of Other Residence,Staten Island,10312.0,Closed,Online,4
63624234,2025-01-04 07:01:35,2025-01-04 13:00:50,DSNY,Dirty Condition,Trash,Bronx,10459.0,Closed,Phone,0
63624235,2025-01-04 11:06:04,2025-01-04 20:50:49,DSNY,Dirty Condition,Trash,Brooklyn,11221.0,Closed,Online,0
63624236,2025-01-04 15:09:12,2025-01-06 13:27:13,DSNY,Dirty Condition,Trash,Brooklyn,11237.0,Closed,Mobile,1
63624237,2025-01-04 18:45:30,2025-01-07 12:22:04,DSNY,Illegal Dumping,Removal Request,Staten Island,10305.0,Closed,Mobile,2
63624238,2025-01-04 14:37:12,2025-01-07 01:34:19,DSNY,Residential Disposal Complaint,Trash or Recycling Not Secure,Brooklyn,11211.0,Closed,Online,2
63624252,2025-01-04 09:51:26,2025-01-04 10:23:15,DSNY,Dead Animal,Cat,Queens,11413.0,Closed,Phone,0
63624263,2025-01-04 18:14:11,2025-01-13 14:21:24,DSNY,Litter Basket Request,Replacement Basket,Manhattan,10029.0,Closed,Online,8
63624271,2025-01-04 13:45:27,2025-01-04 15:01:34,DSNY,Vendor Enforcement,Food Vendor,Brooklyn,11237.0,Closed,Phone,0
63624272,2025-01-04 19:48:30,2025-01-08 12:28:03,DSNY,Illegal Posting,Poster or Sign,Brooklyn,11208.0,Closed,Online,3
63624273,2025-01-04 21:29:10,2025-01-08 12:35:10,DSNY,Illegal Posting,Poster or Sign,Queens,11416.0,Closed,Online,3
63624286,2025-01-04 09:29:05,2025-01-07 10:15:45,DSNY,Sanitation Worker Or Vehicle Complaint,Inappropriate Behavior,Queens,11416.0,Closed,Phone,3
63624288,2025-01-04 13:49:01,2025-01-04 15:01:42,DSNY,Vendor Enforcement,Non-Food Vendor,Manhattan,10017.0,Closed,Online,0
63624289,2025-01-04 12:33:13,2025-01-07 10:50:12,DSNY,Dead Animal,Cat,Bronx,10467.0,Closed,Phone,2
63624290,2025-01-04 11:28:49,2025-01-06 17:09:00,DSNY,Dirty Condition,Trash,Staten Island,10309.0,Closed,Online,2
63624291,2025-01-03 20:59:00,2025-01-04 04:18:00,DSNY,Derelict Vehicles,Derelict Vehicles,Queens,11372.0,Closed,Phone,0
63624293,2025-01-04 13:27:08,2025-01-06 13:15:11,DSNY,Residential Disposal Complaint,Waste Set Out Too Early or Too Late,Queens,11426.0,Closed,Phone,1
63624295,2025-01-03 10:59:00,2025-01-04 20:31:00,DSNY,Derelict Vehicles,Derelict Vehicles,Bronx,10466.0,Closed,Phone,1
63624296,2025-01-04 08:27:00,2025-01-04 18:50:00,DSNY,Derelict Vehicles,Derelict Vehicles,Queens,11102.0,Closed,Phone,0
63624299,2025-01-04 15:47:00,2025-01-04 19:22:00,DSNY,Derelict Vehicles,Derelict Vehicles,Bronx,10475.0,Closed,Phone,0
63624300,2025-01-04 10:50:03,2025-01-06 18:44:21,DSNY,Snow Or Ice,Roadway,Queens,11379.0,Closed,Phone,2
63624302,2025-01-03 10:04:00,2025-01-04 05:48:00,DSNY,Derelict Vehicles,Derelict Vehicles,Queens,11412.0,Closed,Phone,0
63624304,2025-01-03 18:00:00,2025-01-04 07:24:00,DSNY,Derelict Vehicles,Derelict Vehicles,Bronx,10455.0,Closed,Phone,0
63624305,2025-01-04 12:36:00,2025-01-04 20:32:00,DSNY,Derelict Vehicles,Derelict Vehicles,Bronx,10466.0,Closed,Phone,0
63624306,2025-01-04 12:55:57,2025-01-04 14:01:36,DSNY,Vendor Enforcement,Non-Food Vendor,Manhattan,10005.0,Closed,Online,0
63624307,2025-01-04 09:12:57,2025-01-06 06:01:24,DSNY,Dirty Condition,Trash,Brooklyn,11236.0,Closed,Phone,1
63624308,2025-01-04 11:15:12,2025-01-10 16:27:46,DSNY,Dumpster Complaint,Blocking Sidewalk or Street,Brooklyn,11209.0,Closed,Online,6
63624309,2025-01-03 11:28:00,2025-01-04 20:32:00,DSNY,Derelict Vehicles,Derelict Vehicles,Queens,11434.0,Closed,Phone,1
63624310,2025-01-04 17:38:30,2025-01-06 12:00:13,DSNY,Residential Disposal Complaint,Waste Set Out Too Early or Too Late,Queens,11419.0,Closed,Online,1
63624311,2025-01-04 09:01:28,2025-01-13 14:56:38,DSNY,Sanitation Worker Or Vehicle Complaint,Inappropriate Behavior,Brooklyn,11236.0,Closed,Phone,9
63624314,2025-01-04 15:40:00,2025-01-04 19:22:00,DSNY,Derelict Vehicles,Derelict Vehicles,Bronx,10467.0,Closed,Phone,0
63624315,2025-01-03 09:23:00,2025-01-04 06:53:00,DSNY,Derelict Vehicles,Derelict Vehicles,Queens,11378.0,Closed,Phone,0
63624316,2025-01-03 20:27:00,2025-01-04 13:34:00,DSNY,Derelict Vehicles,Derelict Vehicles,Brooklyn,11221.0,Closed,Phone,0
63624317,2025-01-03 10:46:00,2025-01-04 22:24:00,DSNY,Derelict Vehicles,Derelict Vehicles,Brooklyn,11207.0,Closed,Phone,1
63624323,2025-01-04 18:53:00,2025-01-04 22:14:00,DSNY,Derelict Vehicles,Derelict Vehicles,Brooklyn,11235.0,Closed,Phone,0
63624327,2025-01-04 08:43:17,2025-01-07 12:37:05,DSNY,Snow Or Ice,Roadway,Staten Island,10312.0,Closed,Online,3
63624328,2025-01-03 05:05:00,2025-01-04 04:22:00,DSNY,Derelict Vehicles,Derelict Vehicles,Brooklyn,11222.0,Closed,Phone,0
63624331,2025-01-04 11:30:00,2025-01-04 23:10:00,DSNY,Derelict Vehicles,Derelict Vehicles,Queens,11418.0,Closed,Phone,0
63624332,2025-01-03 08:57:00,2025-01-04 12:59:00,DSNY,Derelict Vehicles,Derelict Vehicles,Queens,11101.0,Closed,Phone,1
63624333,2025-01-03 19:19:00,2025-01-04 10:48:00,DSNY,Derelict Vehicles,Derelict Vehicles,Bronx,10467.0,Closed,Phone,0
63624334,2025-01-04 08:03:00,2025-01-04 20:09:00,DSNY,Derelict Vehicles,Derelict Vehicles,Queens,11356.0,Closed,Phone,0
63624335,2025-01-03 10:44:00,2025-01-04 07:22:00,DSNY,Derelict Vehicles,Derelict Vehicles,Brooklyn,11211.0,Closed,Phone,0
63624906,2025-01-04 12:59:57,2025-02-10 02:22:24,DSNY,Graffiti,Graffiti,Brooklyn,11220.0,Closed,Unknown,36
63624929,2025-01-04 12:56:12,2025-02-10 02:22:24,DSNY,Graffiti,Graffiti,Brooklyn,11220.0,Closed,Unknown,36
63625057,2025-01-04 19:44:57,2025-01-05 02:22:25,DSNY,Graffiti,Graffiti,Brooklyn,11218.0,Closed,Unknown,0
63625141,2025-01-04 17:49:25,2025-01-08 15:36:54,DSNY,Obstruction,Trash or Recycling,Bronx,10467.0,Closed,Phone,3
63625656,2025-01-04 12:22:20,2025-01-18 13:25:26,DSNY,Dirty Condition,Trash,Brooklyn,11201.0,Closed,Mobile,14
63625657,2025-01-04 23:01:21,2025-01-07 05:19:33,DSNY,Dirty Condition,Trash,Queens,11363.0,Closed,Online,2
63625658,2025-01-04 17:59:33,2025-01-08 13:01:43,DSNY,Dirty Condition,Trash,Brooklyn,11222.0,Closed,Online,3
63625659,2025-01-04 13:24:19,2025-01-13 07:28:40,DSNY,Illegal Dumping,Removal Request,Manhattan,10001.0,Closed,Phone,8
63625661,2025-01-04 07:53:37,2025-01-04 10:59:54,DSNY,Dirty Condition,Trash,Queens,11370.0,Closed,Online,0
63625662,2025-01-04 08:45:55,2025-01-04 21:45:25,DSNY,Residential Disposal Complaint,Trash or Recycling Not Secure,Brooklyn,11232.0,Closed,Online,0
63625667,2025-01-04 16:52:27,2025-01-06 17:54:45,DSNY,Abandoned Bike,Chained to Public Property,Brooklyn,11214.0,Closed,Online,2
63625668,2025-01-04 10:39:14,2025-01-04 23:33:07,DSNY,Dirty Condition,Trash,Bronx,10456.0,Closed,Mobile,0
63625672,2025-01-04 11:33:02,2025-01-06 08:54:35,DSNY,Dirty Condition,Trash,Queens,11378.0,Closed,Phone,1
63625673,2025-01-04 08:25:22,2025-01-06 21:48:02,DSNY,Residential Disposal Complaint,Trash or Recycling Not Secure,Queens,11412.0,Closed,Online,2
63625681,2025-01-04 17:11:47,2025-01-05 11:24:04,DSNY,Obstruction,Cone,Manhattan,10032.0,Closed,Online,0
63625695,2025-01-04 12:28:56,2025-02-10 02:22:24,DSNY,Graffiti,Graffiti,Queens,11419.0,Closed,Unknown,36
63625712,2025-01-04 08:49:35,2025-01-06 21:33:58,DSNY,Dead Animal,Cat,Queens,11413.0,Closed,Phone,2
63625714,2025-01-04 09:56:58,2025-01-04 14:06:18,DSNY,Dirty Condition,Broken Glass,Bronx,10463.0,Closed,Online,0
63625715,2025-01-04 20:32:23,2025-01-08 12:55:44,DSNY,Abandoned Bike,Chained to Public Property,Queens,11103.0,Closed,Online,3
63625716,2025-01-04 10:54:27,2025-01-08 07:47:45,DSNY,Dirty Condition,Trash,Queens,11435.0,Closed,Mobile,3
63625717,2025-01-04 15:05:54,2025-01-06 13:27:38,DSNY,Dirty Condition,Trash,Brooklyn,11237.0,Closed,Mobile,1
63625718,2025-01-04 05:10:30,2025-01-07 10:49:14,DSNY,Illegal Dumping,Removal Request,Bronx,10461.0,Closed,Online,3
63625723,2025-01-04 14:26:51,2025-01-07 10:49:45,DSNY,Illegal Dumping,Removal Request,Bronx,10469.0,Closed,Phone,2
63625724,2025-01-04 19:34:32,2025-01-18 13:20:33,DSNY,Illegal Dumping,Removal Request,Brooklyn,11208.0,Closed,Phone,13
63625725,2025-01-04 17:14:51,2025-01-13 15:04:32,DSNY,Illegal Dumping,Removal Request,Brooklyn,11235.0,Closed,Mobile,8
63625726,2025-01-04 11:58:12,2025-01-08 15:18:07,DSNY,Illegal Dumping,Removal Request,Queens,11412.0,Closed,Phone,4
63625727,2025-01-04 10:30:28,2025-01-15 14:23:34,DSNY,Residential Disposal Complaint,Trash or Recycling Not Secure,Staten Island,10303.0,Closed,Online,11
63625731,2025-01-04 10:01:54,2025-01-18 13:04:14,DSNY,Missed Collection,Compost,Brooklyn,11203.0,Closed,Online,14
63625733,2025-01-04 14:42:10,2025-01-04 23:32:17,DSNY,Dirty Condition,Trash,Bronx,10472.0,Closed,Phone,0
63625739,2025-01-04 08:22:57,2025-02-11 00:00:00,DSNY,Graffiti,Graffiti,Bronx,10453.0,Closed,Unknown,37
63625740,2025-01-03 16:49:00,2025-01-04 06:25:00,DSNY,Derelict Vehicles,Derelict Vehicles,Queens,11378.0,Closed,Phone,0
63625753,2025-01-04 12:00:00,2025-01-04 23:47:00,DSNY,Derelict Vehicles,Derelict Vehicles,Queens,11375.0,Closed,Phone,0
63625754,2025-01-04 08:03:00,2025-01-04 21:00:00,DSNY,Derelict Vehicles,Derelict Vehicles,Staten Island,10305.0,Closed,Phone,0
63625755,2025-01-04 14:09:53,2025-01-04 23:32:00,DSNY,Dirty Condition,Trash,Bronx,10452.0,Closed,Mobile,0
63625756,2025-01-04 12:50:51,2025-01-06 11:38:11,DSNY,Dirty Condition,Trash,Queens,11418.0,Closed,Mobile,1
63625757,2025-01-04 13:21:22,2025-01-07 10:49:08,DSNY,Illegal Dumping,Removal Request,Bronx,10461.0,Closed,Phone,2
63625758,2025-01-03 15:11:00,2025-01-04 13:43:00,DSNY,Derelict Vehicles,Derelict Vehicles,Bronx,10466.0,Closed,Phone,0
63625761,2025-01-04 10:52:59,2025-01-04 21:48:06,DSNY,Residential Disposal Complaint,Waste Left in Front of Other Residence,Brooklyn,11211.0,Closed,Online,0
63625763,2025-01-03 22:19:00,2025-01-04 13:15:00,DSNY,Derelict Vehicles,Derelict Vehicles,Brooklyn,11234.0,Closed,Phone,0
63625764,2025-01-03 09:49:00,2025-01-04 23:16:00,DSNY,Derelict Vehicles,Derelict Vehicles,Bronx,10473.0,Closed,Phone,1
63625765,2025-01-03 18:23:00,2025-01-04 08:02:00,DSNY,Derelict Vehicles,Derelict Vehicles,Bronx,10465.0,Closed,Phone,0
63625766,2025-01-02 10:04:00,2025-01-04 07:15:00,DSNY,Derelict Vehicles,Derelict Vehicles,Brooklyn,11210.0,Closed,Phone,1
63625769,2025-01-04 19:18:35,2025-01-24 00:00:00,DSNY,Graffiti,Graffiti,Brooklyn,11232.0,Closed,Unknown,19
63625771,2025-01-04 15:34:07,2025-01-04 17:01:34,DSNY,Vendor Enforcement,Food Vendor,Brooklyn,11201.0,Closed,Online,0
63625772,2025-01-04 23:28:23,2025-01-05 11:21:59,DSNY,Dirty Condition,Trash,Manhattan,10032.0,Closed,Online,0
63625773,2025-01-04 11:28:00,2025-01-06 11:39:00,DSNY,Derelict Vehicles,Derelict Vehicles,Queens,11355.0,Closed,Phone,2
63625787,2025-01-04 13:16:14,2025-01-13 07:14:33,DSNY,Sanitation Worker Or Vehicle Complaint,Inappropriate Behavior,Manhattan,10022.0,Closed,Phone,8
63625788,2025-01-04 09:20:52,2025-01-06 07:15:16,DSNY,Sanitation Worker Or Vehicle Complaint,Inappropriate Behavior,Queens,11420.0,Closed,Phone,1
63625792,2025-01-03 23:57:00,2025-01-04 05:20:00,DSNY,Derelict Vehicles,Derelict Vehicles,Queens,11106.0,Closed,Phone,0
63625795,2025-01-04 07:55:00,2025-01-04 11:31:00,DSNY,Derelict Vehicles,Derelict Vehicles,Brooklyn,11234.0,Closed,Phone,0
63625796,2025-01-04 12:00:00,2025-01-04 12:11:00,DSNY,Derelict Vehicles,Derelict Vehicles,Queens,11378.0,Closed,Phone,0
63625799,2025-01-04 16:16:02,2025-01-06 04:10:32,DSNY,Obstruction,Cone,Brooklyn,11215.0,Closed,Online,1
63625801,2025-01-04 13:20:00,2025-01-04 21:53:00,DSNY,Derelict Vehicles,Derelict Vehicles,Bronx,10466.0,Closed,Phone,0
63625802,2025-01-03 22:25:00,2025-01-04 12:35:00,DSNY,Derelict Vehicles,Derelict Vehicles,Queens,11434.0,Closed,Phone,0
63625803,2025-01-03 06:13:00,2025-01-04 10:58:00,DSNY,Derelict Vehicles,Derelict Vehicles,Queens,11434.0,Closed,Phone,1
63625804,2025-01-03 14:41:00,2025-01-06 08:43:00,DSNY,Derelict Vehicles,Derelict Vehicles,Brooklyn,11214.0,Closed,Phone,2
63625808,2025-01-04 22:12:28,2025-01-05 00:01:42,DSNY,Commercial Disposal Complaint,Waste Disposal,Manhattan,10010.0,Closed,Online,0
63626282,2025-01-04 19:39:44,2025-01-29 00:00:00,DSNY,Graffiti,Graffiti,Brooklyn,11232.0,Closed,Unknown,24
63626443,2025-01-04 13:00:30,2025-02-10 02:22:24,DSNY,Graffiti,Graffiti,Brooklyn,11220.0,Closed,Unknown,36
63626578,2025-01-04 12:06:17,2025-01-06 12:49:33,DSNY,Obstruction,Trash or Recycling,Brooklyn,11226.0,Closed,Online,2
63626664,2025-01-04 09:25:24,2025-01-04 11:01:49,DSNY,Commercial Disposal Complaint,Waste Disposal,Bronx,10466.0,Closed,Phone,0
63627182,2025-01-04 16:35:06,2025-01-06 11:00:13,DSNY,Dirty Condition,Trash,Queens,11355.0,Closed,Mobile,1
63627183,2025-01-04 12:35:09,2025-01-13 15:00:58,DSNY,Illegal Dumping,Removal Request,Brooklyn,11218.0,Closed,Mobile,9
63627184,2025-01-04 09:12:28,2025-01-06 22:18:00,DSNY,Illegal Dumping,Removal Request,Staten Island,10312.0,Closed,Phone,2
63627185,2025-01-04 15:47:02,2025-01-06 12:50:37,DSNY,Illegal Dumping,Removal Request,Brooklyn,11220.0,Closed,Phone,1
63627187,2025-01-04 15:28:55,2025-01-06 12:50:27,DSNY,Missed Collection,Recycling - Metal/Glass/Rigid Plastic,Brooklyn,11232.0,Closed,Online,1
63627188,2025-01-04 11:56:18,2025-01-09 08:28:12,DSNY,Residential Disposal Complaint,Trash or Recycling Not Secure,Staten Island,10307.0,Closed,Phone,4
63627193,2025-01-04 18:36:34,2025-01-06 08:33:26,DSNY,Dirty Condition,Trash,Brooklyn,11206.0,Closed,Mobile,1
63627194,2025-01-04 17:19:02,2025-01-07 22:16:39,DSNY,Dirty Condition,Trash,Brooklyn,11235.0,Closed,Mobile,3
63627197,2025-01-04 08:08:50,2025-01-04 20:57:35,DSNY,Dirty Condition,Trash,Brooklyn,11224.0,Closed,Phone,0
63627198,2025-01-04 17:22:16,2025-01-06 07:29:07,DSNY,Street Sweeping Complaint,Inadequate Sweeping,Brooklyn,11225.0,Closed,Online,1
63627199,2025-01-04 13:35:03,2025-01-04 21:50:53,DSNY,Residential Disposal Complaint,Trash Not Separated from Recycling,Brooklyn,11230.0,Closed,Online,0
63627224,2025-01-04 08:51:06,2025-01-04 10:01:34,DSNY,Vendor Enforcement,Non-Food Vendor,Queens,11368.0,Closed,Online,0
63627225,2025-01-04 12:46:16,2025-01-04 14:01:38,DSNY,Vendor Enforcement,Non-Food Vendor,Manhattan,10013.0,Closed,Online,0
63627226,2025-01-04 13:58:34,2025-01-04 15:01:36,DSNY,Vendor Enforcement,Food Vendor,Manhattan,10017.0,Closed,Online,0
63627227,2025-01-04 22:14:52,2025-01-05 00:01:36,DSNY,Vendor Enforcement,Food Vendor,Manhattan,10065.0,Closed,Online,0
63627228,2025-01-04 09:59:06,2025-01-08 15:19:03,DSNY,Dead Animal,Raccoon,Queens,11412.0,Closed,Online,4
63627229,2025-01-04 19:28:37,2025-01-08 12:26:29,DSNY,Illegal Posting,Poster or Sign,Brooklyn,11208.0,Closed,Online,3
63627230,2025-01-04 13:17:31,2025-01-06 17:06:37,DSNY,Dirty Condition,Trash,Bronx,10459.0,Closed,Online,2
63627231,2025-01-04 07:07:11,2025-01-07 08:41:54,DSNY,Litter Basket Request,New Basket,Queens,11361.0,Closed,Online,3
63627232,2025-01-04 21:15:40,2025-01-15 14:46:57,DSNY,Obstruction,Merchandise,Brooklyn,11220.0,Closed,Online,10
63627233,2025-01-04 13:37:25,2025-01-09 08:27:29,DSNY,Residential Disposal Complaint,Trash or Recycling Not Secure,Staten Island,10307.0,Closed,Phone,4
63627243,2025-01-04 08:37:00,2025-01-04 22:07:00,DSNY,Derelict Vehicles,Derelict Vehicles,Queens,11420.0,Closed,Phone,0
63627244,2025-01-04 14:48:00,2025-01-04 23:54:00,DSNY,Derelict Vehicles,Derelict Vehicles,Brooklyn,11220.0,Closed,Phone,0
63627245,2025-01-04 11:20:27,2025-01-04 15:51:57,DSNY,Dirty Condition,Trash,Queens,11385.0,Closed,Mobile,0
63627246,2025-01-04 16:35:46,2025-01-06 07:29:31,DSNY,Dirty Condition,Trash,Brooklyn,11215.0,Closed,Mobile,1
63627247,2025-01-04 09:22:06,2025-01-06 18:40:09,DSNY,Illegal Dumping,Removal Request,Queens,11377.0,Closed,Online,2
63627249,2025-01-03 23:52:00,2025-01-04 13:02:00,DSNY,Derelict Vehicles,Derelict Vehicles,Bronx,10473.0,Closed,Phone,0
63627250,2025-01-04 16:08:00,2025-01-07 09:30:37,DSNY,Illegal Dumping,Removal Request,Queens,11418.0,Closed,Mobile,2
63627251,2025-01-04 17:24:06,2025-01-18 13:04:04,DSNY,Illegal Dumping,Removal Request,Brooklyn,11203.0,Closed,Online,13
63627252,2025-01-04 11:20:26,2025-01-08 05:38:40,DSNY,Residential Disposal Complaint,Trash or Recycling Not Secure,Queens,11691.0,Closed,Phone,3
63627256,2025-01-04 15:24:02,2025-01-04 23:22:23,DSNY,Dirty Condition,Trash,Bronx,10452.0,Closed,Online,0
63627257,2025-01-04 10:15:02,2025-01-04 14:18:37,DSNY,Dirty Condition,Trash,Brooklyn,11204.0,Closed,Mobile,0
63627258,2025-01-04 12:34:13,2025-01-04 23:56:53,DSNY,Dirty Condition,Trash,Brooklyn,11211.0,Closed,Mobile,0
63627259,2025-01-04 12:15:28,2025-01-04 21:56:03,DSNY,Dirty Condition,Trash,Bronx,10466.0,Closed,Phone,0
63627260,2025-01-04 08:33:08,2025-01-06 07:31:02,DSNY,Dirty Condition,Trash,Brooklyn,11230.0,Closed,Mobile,1
63627261,2025-01-04 15:06:31,2025-01-06 08:34:30,DSNY,Dirty Condition,Trash,Bronx,10465.0,Closed,Mobile,1
63627262,2025-01-05 00:19:24,2025-01-06 08:42:47,DSNY,Dirty Condition,Trash,Manhattan,10028.0,Closed,Online,1
63627263,2025-01-04 15:55:51,2025-01-06 08:29:17,DSNY,Illegal Dumping,Removal Request,Staten Island,10302.0,Closed,Phone,1
63627264,2025-01-04 07:09:58,2025-01-08 15:36:18,DSNY,Illegal Dumping,Removal Request,Bronx,10462.0,Closed,Phone,4
63627268,2025-01-03 08:07:00,2025-01-04 06:02:00,DSNY,Derelict Vehicles,Derelict Vehicles,Brooklyn,11239.0,Closed,Phone,0
63627269,2025-01-04 13:22:03,2025-01-15 00:00:00,DSNY,Graffiti,Graffiti,Manhattan,10040.0,Closed,Unknown,10
63627274,2025-01-04 09:22:55,2025-01-18 13:19:23,DSNY,Street Sweeping Complaint,Inadequate Sweeping,Brooklyn,11211.0,Closed,Online,14
63627275,2025-01-03 08:16:00,2025-01-04 04:58:00,DSNY,Derelict Vehicles,Derelict Vehicles,Manhattan,10033.0,Closed,Phone,0
63627276,2025-01-02 10:26:00,2025-01-04 04:58:00,DSNY,Derelict Vehicles,Derelict Vehicles,Manhattan,10033.0,Closed,Phone,1
63627277,2025-01-04 04:51:14,2025-01-21 00:00:00,DSNY,Graffiti,Graffiti,Queens,11375.0,Closed,Unknown,16
63627285,2025-01-04 20:40:37,2025-01-06 14:58:09,DSNY,Obstruction,Cone,Brooklyn,11226.0,Closed,Online,1
63627291,2025-01-04 18:03:00,2025-01-04 23:09:00,DSNY,Derelict Vehicles,Derelict Vehicles,Bronx,10455.0,Closed,Phone,0
63627293,2025-01-02 10:40:00,2025-01-04 04:11:00,DSNY,Derelict Vehicles,Derelict Vehicles,Manhattan,10002.0,Closed,Phone,1
63627303,2025-01-03 20:30:00,2025-01-04 06:53:00,DSNY,Derelict Vehicles,Derelict Vehicles,Queens,11377.0,Closed,Phone,0
63627304,2025-01-02 11:17:00,2025-01-06 08:42:00,DSNY,Derelict Vehicles,Derelict Vehicles,Brooklyn,11236.0,Closed,Phone,3
63627319,2025-01-04 17:35:00,2025-01-04 19:01:25,DSNY,Vendor Enforcement,Food Vendor,Manhattan,10019.0,Closed,Online,0
63627320,2025-01-04 14:12:30,2025-01-08 09:13:26,DSNY,Dirty Condition,Trash,Bronx,10463.0,Closed,Online,3
63627321,2025-01-04 21:25:52,2025-01-08 12:34:44,DSNY,Illegal Posting,Poster or Sign,Queens,11416.0,Closed,Online,3
63627329,2025-01-04 13:52:03,2025-01-04 15:01:35,DSNY,Vendor Enforcement,Food Vendor,Manhattan,10017.0,Closed,Online,0
63627330,2025-01-04 11:25:20,2025-01-04 12:01:36,DSNY,Vendor Enforcement,Food Vendor,Manhattan,10007.0,Closed,Online,0
63627331,2025-01-04 16:14:25,2025-01-07 00:28:12,DSNY,Dirty Condition,Dog Waste,Bronx,10466.0,Closed,Phone,2
63627332,2025-01-04 11:32:24,2025-01-07 11:07:01,DSNY,Dirty Condition,Trash,Queens,11428.0,Closed,Online,2
63627333,2025-01-04 22:04:07,2025-01-06 18:57:36,DSNY,Dirty Condition,Trash,Staten Island,10312.0,Closed,Online,1
63627334,2025-01-04 07:36:58,2025-01-07 23:55:12,DSNY,Dirty Condition,Trash,Brooklyn,11235.0,Closed,Online,3
63627335,2025-01-04 14:38:28,2025-01-07 19:26:32,DSNY,Illegal Dumping,Chronic Dumping,Brooklyn,11220.0,Closed,Mobile,3
63627336,2025-01-04 19:21:39,2025-01-08 12:25:12,DSNY,Illegal Posting,Poster or Sign,Brooklyn,11207.0,Closed,Online,3
63627338,2025-01-04 15:07:58,2025-01-04 23:49:34,DSNY,Dirty Condition,Trash,Bronx,10458.0,Closed,Online,0
63627341,2025-01-02 12:54:00,2025-01-04 07:28:00,DSNY,Derelict Vehicles,Derelict Vehicles,Bronx,10468.0,Closed,Phone,1
63627345,2025-01-03 12:57:00,2025-01-04 04:59:00,DSNY,Derelict Vehicles,Derelict Vehicles,Manhattan,10033.0,Closed,Phone,0
63627348,2025-01-03 16:50:00,2025-01-04 08:02:00,DSNY,Derelict Vehicles,Derelict Vehicles,Bronx,10465.0,Closed,Phone,0
63627349,2025-01-03 17:53:00,2025-01-06 12:41:00,DSNY,Derelict Vehicles,Derelict Vehicles,Brooklyn,11235.0,Closed,Phone,2
63627989,2025-01-04 18:00:29,2025-02-11 00:00:00,DSNY,Graffiti,Graffiti,Brooklyn,11213.0,Closed,Unknown,37
63628196,2025-01-04 15:00:29,2025-01-13 15:05:33,DSNY,Obstruction,Trash or Recycling,Brooklyn,11215.0,Closed,Online,9
63628766,2025-01-04 10:51:57,2025-01-06 11:52:26,DSNY,Abandoned Bike,Chained to Public Property,Brooklyn,11220.0,Closed,Phone,2
63628767,2025-01-04 08:33:43,2025-01-06 13:02:14,DSNY,Dirty Condition,Trash,Brooklyn,11222.0,Closed,Mobile,2
63628768,2025-01-04 13:30:34,2025-01-13 15:05:15,DSNY,Illegal Dumping,Removal Request,Brooklyn,11201.0,Closed,Phone,9
63628802,2025-01-04 18:04:54,2025-01-04 22:52:39,DSNY,Dirty Condition,Trash,Bronx,10466.0,Closed,Mobile,0
63628803,2025-01-05 00:22:21,2025-01-07 00:53:25,DSNY,Dirty Condition,Trash,Manhattan,10033.0,Closed,Mobile,2
63628804,2025-01-04 16:33:38,2025-01-06 11:01:19,DSNY,Dirty Condition,Trash,Queens,11355.0,Closed,Mobile,1
63628805,2025-01-04 12:21:44,2025-01-06 13:29:56,DSNY,Dirty Condition,Trash,Brooklyn,11223.0,Closed,Phone,2
63628806,2025-01-04 13:44:15,2025-01-05 11:28:03,DSNY,Dirty Condition,Trash,Manhattan,10017.0,Closed,Online,0
63628807,2025-01-04 09:51:00,2025-01-08 12:56:11,DSNY,Illegal Dumping,Removal Request,Queens,11101.0,Closed,Mobile,4
63628808,2025-01-04 11:02:55,2025-01-10 15:50:12,DSNY,Illegal Dumping,Removal Request,Queens,11692.0,Closed,Phone,6
63628809,2025-01-04 10:35:17,2025-01-06 18:40:50,DSNY,Illegal Dumping,Removal Request,Queens,11369.0,Closed,Phone,2
63628810,2025-01-04 13:31:13,2025-01-07 01:35:12,DSNY,Residential Disposal Complaint,Trash or Recycling Not Secure,Brooklyn,11211.0,Closed,Online,2
63628814,2025-01-04 09:38:51,2025-01-06 06:02:02,DSNY,Dirty Condition,Trash,Brooklyn,11236.0,Closed,Mobile,1
63628816,2025-01-05 00:18:39,2025-01-05 02:01:34,DSNY,Vendor Enforcement,Food Vendor,Queens,11373.0,Closed,Phone,0
63628822,2025-01-04 15:53:38,2025-01-27 13:56:20,DSNY,Graffiti,Graffiti,Manhattan,10017.0,Closed,Unknown,22
63628823,2025-01-04 16:37:28,2025-01-07 10:20:23,DSNY,Dirty Condition,Trash,Queens,11354.0,Closed,Mobile,2
63628824,2025-01-04 07:54:47,2025-01-06 18:41:00,DSNY,Illegal Dumping,Removal Request,Queens,11369.0,Closed,Mobile,2
63628825,2025-01-04 08:35:41,2025-01-18 12:51:21,DSNY,Illegal Dumping,Removal Request,Brooklyn,11216.0,Closed,Online,14
63628826,2025-01-04 18:59:18,2025-01-06 18:43:05,DSNY,Illegal Dumping,Removal Request,Queens,11370.0,Closed,Phone,1
63628827,2025-01-04 12:19:31,2025-01-07 10:50:07,DSNY,Illegal Dumping,Removal Request,Bronx,10467.0,Closed,Online,2
63628837,2025-01-04 05:49:46,2025-01-04 15:29:20,DSNY,Obstruction,Weeds or Grass,Staten Island,10309.0,Closed,Online,0
63628841,2025-01-04 12:24:12,2025-01-06 07:36:04,DSNY,Dirty Condition,Trash,Queens,11420.0,Closed,Online,1
63628855,2025-01-04 11:45:10,2025-01-04 12:29:59,DSNY,Dirty Condition,Trash,Queens,11385.0,Closed,Mobile,0
63628856,2025-01-04 10:43:35,2025-01-04 15:37:36,DSNY,Dirty Condition,Trash,Staten Island,10306.0,Closed,Mobile,0
63628868,2025-01-04 14:55:52,2025-01-07 10:50:23,DSNY,Illegal Dumping,Removal Request,Bronx,10458.0,Closed,Mobile,2
63628869,2025-01-04 13:12:47,2025-01-07 10:50:20,DSNY,Illegal Dumping,Removal Request,Bronx,10468.0,Closed,Mobile,2
63628870,2025-01-04 12:05:29,2025-01-07 00:27:20,DSNY,Residential Disposal Complaint,Trash or Recycling Not Secure,Bronx,10468.0,Closed,Online,2
63628871,2025-01-04 08:52:07,2025-01-04 22:00:43,DSNY,Dirty Condition,Trash,Manhattan,10012.0,Closed,Online,0
63628877,2025-01-04 05:13:00,2025-01-04 23:09:00,DSNY,Derelict Vehicles,Derelict Vehicles,Bronx,10454.0,Closed,Phone,0
63628881,2025-01-04 13:16:42,2025-01-04 22:38:02,DSNY,Dirty Condition,Trash,Brooklyn,11212.0,Closed,Phone,0
63628882,2025-01-04 22:07:15,2025-01-05 00:01:34,DSNY,Vendor Enforcement,Food Vendor,Manhattan,10025.0,Closed,Online,0
63628883,2025-01-04 16:32:05,2025-01-06 11:31:38,DSNY,Dirty Condition,Trash,Bronx,10461.0,Closed,Online,1
63628884,2025-01-04 21:04:41,2025-01-06 18:34:45,DSNY,Illegal Dumping,Chronic Dumping,Brooklyn,11220.0,Closed,Mobile,1
63628885,2025-01-04 11:39:52,2025-01-08 14:43:06,DSNY,Sanitation Worker Or Vehicle Complaint,Inappropriate Behavior,Queens,11377.0,Closed,Phone,4
63628895,2025-01-03 08:33:00,2025-01-04 04:58:00,DSNY,Derelict Vehicles,Derelict Vehicles,Manhattan,10033.0,Closed,Phone,0
63628903,2025-01-03 16:47:00,2025-01-04 06:25:00,DSNY,Derelict Vehicles,Derelict Vehicles,Queens,11378.0,Closed,Phone,0
63628904,2025-01-03 00:53:00,2025-01-06 12:31:00,DSNY,Derelict Vehicles,Derelict Vehicles,Brooklyn,11220.0,Closed,Phone,3
63628905,2025-01-03 17:25:00,2025-01-06 07:48:00,DSNY,Derelict Vehicles,Derelict Vehicles,Bronx,10466.0,Closed,Phone,2
63628918,2025-01-04 15:22:01,2025-01-04 17:01:34,DSNY,Vendor Enforcement,Food Vendor,Manhattan,10036.0,Closed,Online,0
63628919,2025-01-04 09:52:26,2025-01-04 11:01:39,DSNY,Vendor Enforcement,Food Vendor,Manhattan,10007.0,Closed,Online,0
63628920,2025-01-04 09:46:59,2025-01-04 11:01:38,DSNY,Vendor Enforcement,Food Vendor,Manhattan,10038.0,Closed,Online,0
63628921,2025-01-04 10:54:39,2025-01-18 13:03:47,DSNY,Dead Animal,Opossum,Brooklyn,11203.0,Closed,Online,14
63628922,2025-01-04 13:22:19,2025-01-06 17:06:44,DSNY,Dirty Condition,Trash,Bronx,10459.0,Closed,Online,2
63628923,2025-01-04 19:38:05,2025-01-08 12:29:29,DSNY,Illegal Posting,Poster or Sign,Brooklyn,11208.0,Closed,Online,3
63628924,2025-01-04 13:51:57,2025-01-18 12:53:32,DSNY,Litter Basket Request,New Basket,Brooklyn,11238.0,Closed,Online,13
63628932,2025-01-04 12:58:15,2025-01-06 12:29:42,DSNY,Residential Disposal Complaint,Waste Set Out Too Early or Too Late,Queens,11420.0,Closed,Phone,1
63628933,2025-01-04 14:35:35,2025-01-09 14:32:42,DSNY,Sanitation Worker Or Vehicle Complaint,Inappropriate Behavior,Bronx,10465.0,Closed,Phone,4
63628934,2025-01-04 08:21:42,2025-01-07 11:14:01,DSNY,Sanitation Worker Or Vehicle Complaint,Spilled Garbage,Queens,11418.0,Closed,Phone,3
63628938,2025-01-03 16:10:00,2025-01-04 11:14:00,DSNY,Derelict Vehicles,Derelict Vehicles,Brooklyn,11203.0,Closed,Phone,0
63628939,2025-01-04 15:16:00,2025-01-04 22:56:00,DSNY,Derelict Vehicles,Derelict Vehicles,Manhattan,10004.0,Closed,Phone,0
63628940,2025-01-04 11:21:10,2025-01-04 13:01:34,DSNY,Vendor Enforcement,Food Vendor,Brooklyn,11220.0,Closed,Phone,0
63628941,2025-01-04 20:00:38,2025-01-07 12:29:47,DSNY,Dead Animal,Opossum,Staten Island,10302.0,Closed,Phone,2
63628942,2025-01-04 14:00:10,2025-01-07 01:19:51,DSNY,Dirty Condition,Dog Waste,Brooklyn,11220.0,Closed,Online,2
63628943,2025-01-03 20:25:00,2025-01-04 13:34:00,DSNY,Derelict Vehicles,Derelict Vehicles,Brooklyn,11221.0,Closed,Phone,0
63628945,2025-01-04 13:01:00,2025-01-04 20:53:00,DSNY,Derelict Vehicles,Derelict Vehicles,Staten Island,10305.0,Closed,Phone,0
63628946,2025-01-04 09:59:00,2025-01-04 14:09:00,DSNY,Derelict Vehicles,Derelict Vehicles,Brooklyn,11230.0,Closed,Phone,0
63628950,2025-01-03 20:22:00,2025-01-04 11:39:00,DSNY,Derelict Vehicles,Derelict Vehicles,Brooklyn,11221.0,Closed,Phone,0
63628951,2025-01-04 17:01:00,2025-01-04 20:58:00,DSNY,Derelict Vehicles,Derelict Vehicles,Brooklyn,11235.0,Closed,Phone,0
63628955,2025-01-02 20:49:00,2025-01-04 05:09:00,DSNY,Derelict Vehicles,Derelict Vehicles,Brooklyn,11236.0,Closed,Phone,1
63628956,2025-01-03 18:00:00,2025-01-04 07:49:00,DSNY,Derelict Vehicles,Derelict Vehicles,Bronx,10457.0,Closed,Phone,0
63628957,2025-01-04 16:09:00,2025-01-04 20:50:00,DSNY,Derelict Vehicles,Derelict Vehicles,Brooklyn,11235.0,Closed,Phone,0
63628958,2025-01-03 09:20:00,2025-01-04 12:59:00,DSNY,Derelict Vehicles,Derelict Vehicles,Queens,11101.0,Closed,Phone,1
63628961,2025-01-04 16:36:00,2025-01-04 20:50:00,DSNY,Derelict Vehicles,Derelict Vehicles,Brooklyn,11235.0,Closed,Phone,0
63628962,2025-01-03 11:24:00,2025-01-04 13:46:00,DSNY,Derelict Vehicles,Derelict Vehicles,Bronx,10466.0,Closed,Phone,1
63629056,2025-01-04 12:58:43,2025-01-04 14:01:41,DSNY,Commercial Disposal Complaint,Waste Disposal,Bronx,10469.0,Closed,Phone,0
63629550,2025-01-04 19:46:18,2025-02-10 02:22:24,DSNY,Graffiti,Graffiti,Brooklyn,11220.0,Closed,Unknown,36
63629740,2025-01-04 09:33:50,2025-01-17 16:46:42,DSNY,Dumpster Complaint,Overflowing dumpster,Brooklyn,11220.0,Closed,Phone,13
63629741,2025-01-04 19:39:35,2025-01-10 16:32:29,DSNY,Obstruction,Trash or Recycling,Brooklyn,11235.0,Closed,Online,5
63630232,2025-01-04 13:04:56,2025-01-04 23:58:04,DSNY,Dirty Condition,Trash,Brooklyn,11206.0,Closed,Mobile,0
63630233,2025-01-04 13:04:16,2025-01-05 00:02:14,DSNY,Dirty Condition,Trash,Brooklyn,11206.0,Closed,Mobile,0
63630234,2025-01-04 11:44:15,2025-01-04 21:03:12,DSNY,Dirty Condition,Trash,Queens,11385.0,Closed,Mobile,0
63630235,2025-01-05 01:02:42,2025-01-08 13:22:43,DSNY,Dirty Condition,Trash,Queens,11103.0,Closed,Mobile,3
63630236,2025-01-04 10:52:55,2025-01-08 07:47:41,DSNY,Dirty Condition,Trash,Queens,11435.0,Closed,Mobile,3
63630237,2025-01-04 16:58:47,2025-01-06 16:13:16,DSNY,Dirty Condition,Trash,Staten Island,10305.0,Closed,Online,1
63630241,2025-01-04 08:49:51,2025-01-08 12:54:46,DSNY,Illegal Dumping,Removal Request,Queens,11378.0,Closed,Phone,4
63630242,2025-01-04 11:09:08,2025-01-06 18:43:00,DSNY,Illegal Dumping,Removal Request,Queens,11418.0,Closed,Mobile,2
63630243,2025-01-04 15:28:14,2025-01-17 16:45:28,DSNY,Illegal Dumping,Removal Request,Brooklyn,11220.0,Closed,Mobile,13
63630244,2025-01-04 16:35:40,2025-01-13 07:16:17,DSNY,Illegal Dumping,Removal Request,Manhattan,10014.0,Closed,Phone,8
63630245,2025-01-04 10:10:21,2025-01-08 12:56:39,DSNY,Missed Collection,Recycling - Paper,Queens,11101.0,Closed,Online,4
63630246,2025-01-04 16:33:03,2025-01-14 06:30:58,DSNY,Residential Disposal Complaint,Trash Not Separated from Recycling,Brooklyn,11229.0,Closed,Phone,9
63630254,2025-01-04 15:12:48,2025-01-18 13:05:01,DSNY,Missed Collection,Compost,Brooklyn,11216.0,Closed,Phone,13
63630255,2025-01-04 06:23:15,2025-01-04 12:50:22,DSNY,Dirty Condition,Trash,Staten Island,10309.0,Closed,Online,0
63630282,2025-01-04 13:37:51,2025-01-04 20:50:52,DSNY,Dirty Condition,Trash,Brooklyn,11217.0,Closed,Mobile,0
63630283,2025-01-04 10:57:32,2025-01-05 00:05:45,DSNY,Dirty Condition,Trash,Brooklyn,11206.0,Closed,Mobile,0
63630284,2025-01-04 11:48:25,2025-01-08 07:50:46,DSNY,Dirty Condition,Trash,Queens,11423.0,Closed,Phone,3
63630285,2025-01-04 17:52:43,2025-01-18 13:04:54,DSNY,Illegal Dumping,Removal Request,Brooklyn,11221.0,Closed,Phone,13
63630291,2025-01-04 22:15:17,2025-01-13 15:04:44,DSNY,Dead Animal,Raccoon,Brooklyn,11229.0,Closed,Phone,8
63630292,2025-01-04 09:12:17,2025-01-04 13:02:00,DSNY,Residential Disposal Complaint,Waste Left in Front of Other Residence,Queens,11356.0,Closed,Phone,0
63630295,2025-01-04 15:58:40,2025-02-10 02:22:24,DSNY,Graffiti,Graffiti,Manhattan,10017.0,Closed,Unknown,36
63630298,2025-01-04 12:58:44,2025-02-10 02:22:24,DSNY,Graffiti,Graffiti,Brooklyn,11220.0,Closed,Unknown,36
63630304,2025-01-04 11:23:34,2025-01-04 15:52:00,DSNY,Dirty Condition,Trash,Queens,11385.0,Closed,Mobile,0
63630305,2025-01-04 16:56:11,2025-01-06 16:13:11,DSNY,Dirty Condition,Trash,Staten Island,10305.0,Closed,Online,1
63630306,2025-01-04 13:09:15,2025-01-07 10:50:16,DSNY,Illegal Dumping,Removal Request,Bronx,10468.0,Closed,Mobile,2
63630307,2025-01-04 15:48:16,2025-01-06 18:40:52,DSNY,Illegal Dumping,Removal Request,Queens,11368.0,Closed,Phone,2
63630308,2025-01-04 18:41:48,2025-01-06 17:59:10,DSNY,Illegal Dumping,Removal Request,Brooklyn,11214.0,Closed,Mobile,1
63630309,2025-01-04 09:45:53,2025-01-04 11:01:43,DSNY,Vendor Enforcement,Non-Food Vendor,Bronx,10468.0,Closed,Online,0
63630310,2025-01-04 10:24:20,2025-01-04 12:01:32,DSNY,Vendor Enforcement,Food Vendor,Manhattan,10007.0,Closed,Online,0
63630311,2025-01-04 23:05:49,2025-01-05 01:01:23,DSNY,Vendor Enforcement,Food Vendor,Bronx,10462.0,Closed,Online,0
63630312,2025-01-04 10:07:40,2025-01-04 12:01:31,DSNY,Vendor Enforcement,Food Vendor,Manhattan,10005.0,Closed,Online,0
63630313,2025-01-04 19:46:24,2025-01-08 12:30:18,DSNY,Illegal Posting,Poster or Sign,Brooklyn,11208.0,Closed,Online,3
63630314,2025-01-04 19:26:10,2025-01-08 12:31:34,DSNY,Illegal Posting,Poster or Sign,Brooklyn,11207.0,Closed,Online,3
63630315,2025-01-04 19:23:28,2025-01-08 12:27:03,DSNY,Illegal Posting,Poster or Sign,Brooklyn,11208.0,Closed,Online,3
63630320,2025-01-04 05:13:59,2025-01-07 10:49:03,DSNY,Illegal Dumping,Removal Request,Bronx,10461.0,Closed,Online,3
63630321,2025-01-04 14:11:56,2025-01-09 12:59:10,DSNY,Illegal Dumping,Removal Request,Queens,11377.0,Closed,Mobile,4
63630328,2025-01-04 07:09:02,2025-01-04 12:51:40,DSNY,Dirty Condition,Trash,Staten Island,10314.0,Closed,Online,0
63630329,2025-01-04 02:40:55,2025-01-18 12:47:37,DSNY,Street Sweeping Complaint,Inadequate Sweeping,Brooklyn,11208.0,Closed,Online,14
63630330,2025-01-04 15:15:11,2025-01-06 04:45:28,DSNY,Obstruction,Cone,Manhattan,10024.0,Closed,Online,1
63630341,2025-01-04 18:16:15,2025-01-07 08:33:33,DSNY,Snow Or Ice,Roadway,Queens,11358.0,Closed,Online,2
63630354,2025-01-04 11:41:00,2025-01-04 21:04:00,DSNY,Derelict Vehicles,Derelict Vehicles,Queens,11379.0,Closed,Phone,0
63630355,2025-01-04 11:55:19,2025-01-04 13:01:34,DSNY,Vendor Enforcement,Food Vendor,Manhattan,10007.0,Closed,Online,0
63630356,2025-01-04 09:33:33,2025-01-08 07:49:11,DSNY,Dirty Condition,Trash,Queens,11433.0,Closed,Phone,3
63630357,2025-01-04 16:48:40,2025-01-11 17:13:42,DSNY,Illegal Dumping,Chronic Dumping,Staten Island,10314.0,Closed,Mobile,7
63630358,2025-01-04 19:33:23,2025-01-08 12:25:47,DSNY,Illegal Posting,Poster or Sign,Brooklyn,11207.0,Closed,Online,3
63630359,2025-01-04 11:16:12,2025-01-09 13:03:36,DSNY,Residential Disposal Complaint,Waste Set Out Too Early or Too Late,Manhattan,10027.0,Closed,Online,5
63630362,2025-01-04 14:26:00,2025-01-04 23:16:00,DSNY,Derelict Vehicles,Derelict Vehicles,Brooklyn,11209.0,Closed,Phone,0
63630367,2025-01-03 22:03:00,2025-01-04 20:13:00,DSNY,Derelict Vehicles,Derelict Vehicles,Brooklyn,11221.0,Closed,Phone,0
63630373,2025-01-03 01:17:00,2025-01-04 04:18:00,DSNY,Derelict Vehicles,Derelict Vehicles,Brooklyn,11206.0,Closed,Phone,1
63630374,2025-01-04 10:56:00,2025-01-04 19:21:00,DSNY,Derelict Vehicles,Derelict Vehicles,Bronx,10467.0,Closed,Phone,0
63630381,2025-01-04 13:14:00,2025-01-04 19:21:00,DSNY,Derelict Vehicles,Derelict Vehicles,Bronx,10469.0,Closed,Phone,0
63630382,2025-01-04 13:50:00,2025-01-04 22:57:00,DSNY,Derelict Vehicles,Derelict Vehicles,Manhattan,10004.0,Closed,Phone,0
63630386,2025-01-04 13:05:00,2025-01-05 01:07:00,DSNY,Derelict Vehicles,Derelict Vehicles,Bronx,10456.0,Closed,Phone,0
63630387,2025-01-03 13:46:00,2025-01-04 10:31:00,DSNY,Derelict Vehicles,Derelict Vehicles,Bronx,10469.0,Closed,Phone,0
63630390,2025-01-04 08:55:39,2025-01-04 15:24:44,DSNY,Snow Or Ice,Roadway,Brooklyn,11235.0,Closed,Phone,0
63630391,2025-01-03 09:25:00,2025-01-04 07:48:00,DSNY,Derelict Vehicles,Derelict Vehicles,Bronx,10452.0,Closed,Phone,0
63630392,2025-01-04 07:32:00,2025-01-06 07:55:00,DSNY,Derelict Vehicles,Derelict Vehicles,Queens,11435.0,Closed,Phone,2
63630393,2025-01-04 12:20:24,2025-01-06 17:57:15,DSNY,Abandoned Bike,Chained to Public Property,Brooklyn,11214.0,Closed,Online,2
63630394,2025-01-04 15:45:40,2025-01-06 07:31:07,DSNY,Dirty Condition,Trash,Brooklyn,11230.0,Closed,Mobile,1
63630395,2025-01-04 18:57:23,2025-01-07 08:44:45,DSNY,Dirty Condition,Trash,Manhattan,10029.0,Closed,Mobile,2
63630396,2025-01-04 21:19:50,2025-01-06 14:15:42,DSNY,Dirty Condition,Trash,Queens,11433.0,Closed,Online,1
63630397,2025-01-03 08:31:00,2025-01-04 07:48:00,DSNY,Derelict Vehicles,Derelict Vehicles,Bronx,10452.0,Closed,Phone,0
63630398,2025-01-03 15:48:00,2025-01-04 05:59:00,DSNY,Derelict Vehicles,Derelict Vehicles,Brooklyn,11207.0,Closed,Phone,0
63630401,2025-01-04 07:59:43,2025-01-15 14:22:15,DSNY,Residential Disposal Complaint,Trash or Recycling Not Secure,Staten Island,10310.0,Closed,Online,11
63630402,2025-01-04 17:14:21,2025-01-14 06:31:52,DSNY,Residential Disposal Complaint,Trash or Recycling Not Secure,Brooklyn,11226.0,Closed,Phone,9
63630406,2025-01-04 15:35:13,2025-01-04 23:39:18,DSNY,Dirty Condition,Trash,Bronx,10451.0,Closed,Phone,0
63630407,2025-01-04 12:10:02,2025-01-04 21:17:28,DSNY,Dirty Condition,Trash,Queens,11373.0,Closed,Online,0
63630408,2025-01-03 05:42:00,2025-01-04 07:12:00,DSNY,Derelict Vehicles,Derelict Vehicles,Brooklyn,11224.0,Closed,Phone,1
63630409,2025-01-04 08:59:27,2025-01-04 20:47:16,DSNY,Obstruction,Cone,Brooklyn,11205.0,Closed,Online,0
63630433,2025-01-04 10:29:11,2025-01-04 12:01:41,DSNY,Vendor Enforcement,Non-Food Vendor,Manhattan,10005.0,Closed,Online,0
63630434,2025-01-04 09:49:57,2025-01-04 11:01:44,DSNY,Vendor Enforcement,Non-Food Vendor,Manhattan,10007.0,Closed,Online,0
63630435,2025-01-04 11:47:45,2025-01-15 14:05:50,DSNY,Abandoned Bike,Chained to Public Property,Brooklyn,11217.0,Closed,Online,11
63630436,2025-01-05 00:32:53,2025-01-08 12:34:11,DSNY,Illegal Dumping,Chronic Dumping,Queens,11385.0,Closed,Mobile,3
63630441,2025-01-04 15:25:08,2025-01-04 15:28:50,DSNY,Litter Basket Request,Replacement Basket,Staten Island,10309.0,Closed,Online,0
63630442,2025-01-03 22:02:00,2025-01-04 13:33:00,DSNY,Derelict Vehicles,Derelict Vehicles,Brooklyn,11221.0,Closed,Phone,0
63630443,2025-01-03 22:52:00,2025-01-06 08:36:00,DSNY,Derelict Vehicles,Derelict Vehicles,Brooklyn,11233.0,Closed,Phone,2
63630942,2025-01-04 08:03:14,2025-01-16 00:00:00,DSNY,Graffiti,Graffiti,Brooklyn,11237.0,Closed,Unknown,11
63631112,2025-01-04 20:11:19,2025-01-05 02:22:25,DSNY,Graffiti,Graffiti,Brooklyn,11218.0,Closed,Unknown,0
63631809,2025-01-04 09:36:03,2025-01-06 18:43:46,DSNY,Illegal Dumping,Removal Request,Queens,11373.0,Closed,Phone,2
63631810,2025-01-04 12:47:46,2025-01-18 12:55:00,DSNY,Missed Collection,Recycling - Paper,Brooklyn,11238.0,Closed,Online,14
63631811,2025-01-04 12:04:44,2025-01-04 22:14:40,DSNY,Dirty Condition,Trash,Queens,11419.0,Closed,Mobile,0
63631812,2025-01-04 15:07:49,2025-01-06 13:26:47,DSNY,Dirty Condition,Trash,Brooklyn,11237.0,Closed,Mobile,1
63631813,2025-01-04 10:47:30,2025-01-06 12:48:07,DSNY,Illegal Dumping,Removal Request,Brooklyn,11220.0,Closed,Phone,2
63631815,2025-01-04 10:32:49,2025-01-05 01:04:43,DSNY,Residential Disposal Complaint,Waste Set Out Too Early or Too Late,Bronx,10460.0,Closed,Phone,0
63631824,2025-01-04 02:37:48,2025-01-18 12:47:31,DSNY,Street Sweeping Complaint,Inadequate Sweeping,Brooklyn,11208.0,Closed,Online,14
63631825,2025-01-04 10:35:25,2025-01-04 11:17:08,DSNY,Obstruction,Cone,Queens,11379.0,Closed,Online,0
63631832,2025-01-04 12:59:03,2025-02-10 02:22:24,DSNY,Graffiti,Graffiti,Brooklyn,11220.0,Closed,Unknown,36
63631888,2025-01-04 09:30:54,2025-01-08 15:43:44,DSNY,Dirty Condition,Syringes,Bronx,10452.0,Closed,Phone,4
63631889,2025-01-04 14:24:16,2025-01-06 17:06:43,DSNY,Dirty Condition,Trash,Bronx,10459.0,Closed,Online,2
63631890,2025-01-04 21:22:43,2025-01-08 12:34:13,DSNY,Illegal Posting,Poster or Sign,Queens,11416.0,Closed,Online,3
63631891,2025-01-04 11:08:23,2025-01-09 07:23:21,DSNY,Residential Disposal Complaint,Waste Set Out Too Early or Too Late,Brooklyn,11209.0,Closed,Online,4
63631895,2025-01-04 12:01:24,2025-01-04 23:01:23,DSNY,Dirty Condition,Trash,Brooklyn,11206.0,Closed,Mobile,0
63631896,2025-01-04 15:21:05,2025-01-04 21:57:39,DSNY,Dirty Condition,Trash,Manhattan,10004.0,Closed,Mobile,0
63631897,2025-01-05 01:37:10,2025-01-06 17:45:59,DSNY,Dirty Condition,Trash,Brooklyn,11226.0,Closed,Online,1
63631898,2025-01-04 13:01:04,2025-01-06 07:30:44,DSNY,Illegal Dumping,Chronic Dumping,Queens,11370.0,Closed,Mobile,1
63631899,2025-01-04 14:43:05,2025-01-15 15:36:10,DSNY,Sanitation Worker Or Vehicle Complaint,Spilled Garbage,Brooklyn,11225.0,Closed,Phone,11
63631900,2025-01-04 08:11:52,2025-01-07 10:15:17,DSNY,Sanitation Worker Or Vehicle Complaint,Spilled Garbage,Queens,11373.0,Closed,Online,3
63631905,2025-01-04 07:51:08,2025-01-04 14:44:26,DSNY,Dirty Condition,Trash,Queens,11691.0,Closed,Phone,0
63631906,2025-01-04 16:32:53,2025-01-06 11:01:13,DSNY,Dirty Condition,Trash,Queens,11355.0,Closed,Mobile,1
63631907,2025-01-04 09:43:22,2025-01-17 16:45:55,DSNY,Illegal Dumping,Removal Request,Brooklyn,11209.0,Closed,Online,13
63631908,2025-01-04 10:05:34,2025-01-18 12:58:20,DSNY,Missed Collection,Recycling - Metal/Glass/Rigid Plastic,Brooklyn,11222.0,Closed,Online,14
63631917,2025-01-04 09:15:40,2025-01-09 00:00:00,DSNY,Graffiti,Graffiti,Brooklyn,11211.0,Closed,Unknown,4
63631919,2025-01-03 23:41:00,2025-01-04 05:58:00,DSNY,Derelict Vehicles,Derelict Vehicles,Brooklyn,11229.0,Closed,Phone,0
63631923,2025-01-04 19:22:17,2025-01-24 00:00:00,DSNY,Graffiti,Graffiti,Brooklyn,11232.0,Closed,Unknown,19
63631924,2025-01-04 12:58:23,2025-02-10 02:22:24,DSNY,Graffiti,Graffiti,Brooklyn,11220.0,Closed,Unknown,36
63631928,2025-01-04 17:59:19,2025-01-13 14:13:08,DSNY,Snow Or Ice,Roadway,Manhattan,10029.0,Closed,Phone,8
63631939,2025-01-03 22:35:00,2025-01-04 12:27:00,DSNY,Derelict Vehicles,Derelict Vehicles,Brooklyn,11238.0,Closed,Phone,0
63631940,2025-01-03 00:48:00,2025-01-04 10:42:00,DSNY,Derelict Vehicles,Derelict Vehicles,Queens,11435.0,Closed,Phone,1
63631942,2025-01-02 05:59:00,2025-01-04 04:57:00,DSNY,Derelict Vehicles,Derelict Vehicles,Manhattan,10040.0,Closed,Phone,1
63631943,2025-01-03 17:14:00,2025-01-04 12:18:00,DSNY,Derelict Vehicles,Derelict Vehicles,Queens,11004.0,Closed,Phone,0
63631947,2025-01-04 13:19:00,2025-01-04 22:57:00,DSNY,Derelict Vehicles,Derelict Vehicles,Manhattan,10004.0,Closed,Phone,0
63631948,2025-01-04 19:08:00,2025-01-04 22:12:00,DSNY,Derelict Vehicles,Derelict Vehicles,Brooklyn,11235.0,Closed,Phone,0
63631952,2025-01-04 12:18:00,2025-01-04 20:05:00,DSNY,Derelict Vehicles,Derelict Vehicles,Brooklyn,11221.0,Closed,Phone,0
63631954,2025-01-04 11:50:00,2025-01-06 07:56:00,DSNY,Derelict Vehicles,Derelict Vehicles,Queens,11417.0,Closed,Phone,1
63631961,2025-01-04 13:15:00,2025-01-04 21:04:00,DSNY,Derelict Vehicles,Derelict Vehicles,Queens,11377.0,Closed,Phone,0
63631962,2025-01-03 15:45:00,2025-01-04 10:48:00,DSNY,Derelict Vehicles,Derelict Vehicles,Bronx,10467.0,Closed,Phone,0
63631963,2025-01-03 13:33:00,2025-01-06 07:52:00,DSNY,Derelict Vehicles,Derelict Vehicles,Bronx,10466.0,Closed,Phone,2
63631974,2025-01-04 07:07:03,2025-01-06 18:44:00,DSNY,Snow Or Ice,Roadway,Queens,11101.0,Closed,Phone,2
63631978,2025-01-04 10:46:00,2025-01-04 20:52:00,DSNY,Derelict Vehicles,Derelict Vehicles,Staten Island,10310.0,Closed,Phone,0
63631980,2025-01-04 12:03:00,2025-01-04 23:28:53,DSNY,Dirty Condition,Trash,Bronx,10472.0,Closed,Phone,0
63631981,2025-01-04 15:38:08,2025-01-08 08:49:08,DSNY,Dirty Condition,Trash,Queens,11370.0,Closed,Mobile,3
63631982,2025-01-04 12:41:42,2025-01-05 21:22:47,DSNY,Dirty Condition,Trash,Brooklyn,11215.0,Closed,Online,1
63631983,2025-01-04 13:03:37,2025-01-09 14:12:42,DSNY,Illegal Dumping,Removal Request,Bronx,10462.0,Closed,Phone,5
63631984,2025-01-04 11:16:03,2025-01-18 13:20:42,DSNY,Illegal Dumping,Removal Request,Brooklyn,11207.0,Closed,Mobile,14
63631985,2025-01-04 10:35:33,2025-01-06 18:41:10,DSNY,Illegal Dumping,Removal Request,Queens,11105.0,Closed,Mobile,2
63631986,2025-01-03 21:23:00,2025-01-04 22:29:00,DSNY,Derelict Vehicles,Derelict Vehicles,Brooklyn,11237.0,Closed,Phone,1
63631987,2025-01-04 09:38:41,2025-01-07 12:25:41,DSNY,Missed Collection,Recycling - Paper/Metal/Glass/Rigid Plastic,Staten Island,10302.0,Closed,Online,3
63631988,2025-01-04 07:06:31,2025-01-08 05:38:26,DSNY,Residential Disposal Complaint,Trash or Recycling Not Secure,Queens,11691.0,Closed,Online,3
63631989,2025-01-04 15:27:54,2025-01-07 00:27:54,DSNY,Residential Disposal Complaint,Waste Left in Front of Other Residence,Queens,11418.0,Closed,Phone,2
63631994,2025-01-04 12:51:00,2025-01-04 20:26:00,DSNY,Derelict Vehicles,Derelict Vehicles,Queens,11436.0,Closed,Phone,0
63632001,2025-01-04 21:45:31,2025-01-18 12:58:30,DSNY,Dead Animal,Raccoon,Brooklyn,11207.0,Closed,Phone,13
63632002,2025-01-04 01:58:16,2025-01-04 08:13:28,DSNY,Dirty Condition,Trash,Manhattan,10032.0,Closed,Phone,0
63632003,2025-01-04 19:51:37,2025-01-08 12:31:14,DSNY,Illegal Posting,Poster or Sign,Brooklyn,11207.0,Closed,Online,3
63632004,2025-01-02 01:46:00,2025-01-04 04:11:00,DSNY,Derelict Vehicles,Derelict Vehicles,Manhattan,10003.0,Closed,Phone,2
63632025,2025-01-04 11:51:39,2025-01-04 13:01:32,DSNY,Vendor Enforcement,Food Vendor,Manhattan,10007.0,Closed,Online,0
63632026,2025-01-04 22:10:02,2025-01-05 00:01:36,DSNY,Vendor Enforcement,Food Vendor,Bronx,10475.0,Closed,Online,0
63632027,2025-01-04 07:39:07,2025-01-06 21:32:43,DSNY,Dead Animal,Cat,Queens,11422.0,Closed,Phone,2
63632032,2025-01-04 12:06:00,2025-01-04 20:53:00,DSNY,Derelict Vehicles,Derelict Vehicles,Staten Island,10303.0,Closed,Phone,0
63632033,2025-01-04 04:25:00,2025-01-04 23:08:00,DSNY,Derelict Vehicles,Derelict Vehicles,Queens,11421.0,Closed,Phone,0
63632034,2025-01-03 15:09:00,2025-01-04 23:25:00,DSNY,Derelict Vehicles,Derelict Vehicles,Bronx,10473.0,Closed,Phone,1
63632035,2025-01-03 15:15:00,2025-01-04 13:48:00,DSNY,Derelict Vehicles,Derelict Vehicles,Brooklyn,11233.0,Closed,Phone,0
63632458,2025-01-04 19:45:41,2025-02-10 02:22:24,DSNY,Graffiti,Graffiti,Brooklyn,11220.0,Closed,Unknown,36
63632763,2025-01-04 19:04:18,2025-01-23 00:00:00,DSNY,Graffiti,Graffiti,Brooklyn,11232.0,Closed,Unknown,18
63632822,2025-01-04 08:33:01,2025-01-08 15:14:45,DSNY,Obstruction,Trash or Recycling,Queens,11412.0,Closed,Online,4
63633345,2025-01-04 09:34:44,2025-01-04 23:17:36,DSNY,Dirty Condition,Trash,Brooklyn,11226.0,Closed,Mobile,0
63633346,2025-01-04 14:26:26,2025-01-06 07:30:25,DSNY,Dirty Condition,Trash,Manhattan,10013.0,Closed,Online,1
63633347,2025-01-04 14:54:09,2025-01-05 14:18:54,DSNY,Dirty Condition,Trash,Brooklyn,11236.0,Closed,Mobile,0
63633348,2025-01-04 10:09:15,2025-01-07 11:32:48,DSNY,Dirty Condition,Trash,Queens,11423.0,Closed,Phone,3
63633349,2025-01-04 08:15:46,2025-01-07 08:38:00,DSNY,Illegal Dumping,Removal Request,Queens,11367.0,Closed,Phone,3
63633354,2025-01-04 19:26:20,2025-01-08 15:15:32,DSNY,Illegal Dumping,Removal Request,Queens,11432.0,Closed,Phone,3
63633355,2025-01-04 13:23:06,2025-01-07 01:20:37,DSNY,Residential Disposal Complaint,Waste Left in Front of Other Residence,Brooklyn,11220.0,Closed,Phone,2
63633363,2025-01-04 22:00:35,2025-01-07 08:25:23,DSNY,Litter Basket Request,Replacement Basket,Staten Island,10309.0,Closed,Online,2
63633365,2025-01-04 10:46:04,2025-01-04 20:56:59,DSNY,Dirty Condition,Trash,Manhattan,10031.0,Closed,Mobile,0
63633372,2025-01-04 10:34:29,2025-01-04 14:18:40,DSNY,Dirty Condition,Trash,Brooklyn,11204.0,Closed,Mobile,0
63633373,2025-01-04 08:57:09,2025-01-07 06:21:54,DSNY,Dirty Condition,Trash,Brooklyn,11221.0,Closed,Mobile,2
63633374,2025-01-04 16:40:42,2025-01-06 11:01:39,DSNY,Dirty Condition,Trash,Queens,11355.0,Closed,Mobile,1
63633375,2025-01-04 16:41:57,2025-01-06 13:39:21,DSNY,Dirty Condition,Trash,Queens,11385.0,Closed,Phone,1
63633376,2025-01-04 16:05:10,2025-01-09 14:57:08,DSNY,Illegal Dumping,Removal Request,Staten Island,10314.0,Closed,Mobile,4
63633377,2025-01-04 08:28:17,2025-01-13 13:07:28,DSNY,Illegal Dumping,Removal Request,Brooklyn,11236.0,Closed,Mobile,9
63633378,2025-01-04 09:36:54,2025-01-18 12:47:43,DSNY,Illegal Dumping,Removal Request,Brooklyn,11208.0,Closed,Phone,14
63633379,2025-01-04 16:34:48,2025-01-08 14:07:01,DSNY,Illegal Dumping,Removal Request,Brooklyn,11220.0,Closed,Mobile,3
63633398,2025-01-04 14:38:26,2025-01-14 06:30:31,DSNY,Residential Disposal Complaint,Trash or Recycling Not Secure,Brooklyn,11209.0,Closed,Online,9
63633399,2025-01-04 15:22:40,2025-01-07 00:27:49,DSNY,Residential Disposal Complaint,Waste Left in Front of Other Residence,Queens,11418.0,Closed,Phone,2
63633400,2025-01-04 12:16:23,2025-01-04 23:28:49,DSNY,Dirty Condition,Trash,Brooklyn,11208.0,Closed,Online,0
63633402,2025-01-04 09:34:34,2025-01-04 15:21:39,DSNY,Missed Collection,Compost,Brooklyn,11201.0,Closed,Online,0
63633434,2025-01-04 16:34:40,2025-01-07 00:31:27,DSNY,Residential Disposal Complaint,Trash Not Separated from Recycling,Queens,11369.0,Closed,Online,2
63633451,2025-01-04 14:44:01,2025-01-04 22:28:37,DSNY,Dirty Condition,Trash,Manhattan,10034.0,Closed,Mobile,0
63633452,2025-01-04 15:38:45,2025-01-06 13:03:18,DSNY,Dirty Condition,Trash,Brooklyn,11249.0,Closed,Mobile,1
63633453,2025-01-04 07:57:21,2025-01-05 23:03:07,DSNY,Dirty Condition,Trash,Queens,11434.0,Closed,Phone,1
63633454,2025-01-04 09:12:54,2025-01-08 15:18:47,DSNY,Illegal Dumping,Removal Request,Queens,11413.0,Closed,Online,4
63633455,2025-01-04 06:55:00,2025-01-04 22:06:00,DSNY,Derelict Vehicles,Derelict Vehicles,Queens,11417.0,Closed,Phone,0
63633458,2025-01-04 08:32:30,2025-01-08 13:25:46,DSNY,Illegal Dumping,Removal Request,Brooklyn,11214.0,Closed,Phone,4
63633464,2025-01-04 12:57:53,2025-01-04 14:01:37,DSNY,Vendor Enforcement,Non-Food Vendor,Manhattan,10013.0,Closed,Online,0
63633465,2025-01-04 16:50:59,2025-01-08 12:55:12,DSNY,Abandoned Bike,Chained to Public Property,Queens,11106.0,Closed,Online,3
63633466,2025-01-04 16:59:37,2025-01-13 07:16:13,DSNY,Dead Animal,Rat or Mouse,Manhattan,10011.0,Closed,Phone,8
63633467,2025-01-04 13:37:57,2025-01-13 15:05:11,DSNY,Dumpster Complaint,Blocking Sidewalk or Street,Brooklyn,11201.0,Closed,Online,9
63633473,2025-01-05 01:16:39,2025-01-13 08:32:14,DSNY,Dead Animal,Bird,Manhattan,10023.0,Closed,Online,8
63633474,2025-01-04 03:57:23,2025-01-06 07:32:43,DSNY,Obstruction,Cone,Manhattan,10012.0,Closed,Online,2
63633475,2025-01-04 12:13:51,2025-01-04 13:08:30,DSNY,Obstruction,Cone,Brooklyn,11217.0,Closed,Online,0
63633483,2025-01-03 18:48:00,2025-01-04 12:28:00,DSNY,Derelict Vehicles,Derelict Vehicles,Queens,11360.0,Closed,Phone,0
63633490,2025-01-04 12:58:05,2025-02-10 02:22:24,DSNY,Graffiti,Graffiti,Brooklyn,11220.0,Closed,Unknown,36
63633491,2025-01-04 06:26:12,2025-02-10 02:22:24,DSNY,Graffiti,Graffiti,Staten Island,10309.0,Closed,Unknown,36
63633509,2025-01-03 18:07:00,2025-01-04 11:00:00,DSNY,Derelict Vehicles,Derelict Vehicles,Brooklyn,11212.0,Closed,Phone,0
63633512,2025-01-03 15:21:00,2025-01-04 06:54:00,DSNY,Derelict Vehicles,Derelict Vehicles,Queens,11377.0,Closed,Phone,0
63633514,2025-01-04 16:29:17,2025-01-04 18:01:33,DSNY,Vendor Enforcement,Food Vendor,Queens,11354.0,Closed,Online,0
63633516,2025-01-04 09:46:00,2025-01-04 23:22:00,DSNY,Derelict Vehicles,Derelict Vehicles,Bronx,10460.0,Closed,Phone,0
63633517,2025-01-04 09:36:06,2025-01-07 08:43:14,DSNY,Illegal Dumping,Removal Request,Queens,11365.0,Closed,Online,2
63633518,2025-01-04 13:07:47,2025-01-08 05:38:55,DSNY,Obstruction,Sign,Queens,11354.0,Closed,Online,3
63633519,2025-01-04 07:21:04,2025-01-04 13:37:38,DSNY,Residential Disposal Complaint,Trash or Recycling Not Secure,Manhattan,10018.0,Closed,Online,0
63633520,2025-01-04 19:43:13,2025-01-08 12:28:19,DSNY,Illegal Posting,Poster or Sign,Brooklyn,11208.0,Closed,Online,3
63633523,2025-01-04 14:20:29,2025-01-13 07:16:07,DSNY,Dead Animal,Bird,Manhattan,10011.0,Closed,Phone,8
63633525,2025-01-02 22:32:00,2025-01-06 09:47:00,DSNY,Derelict Vehicles,Derelict Vehicles,Brooklyn,11212.0,Closed,Phone,3
63633529,2025-01-04 12:10:42,2025-01-04 21:47:10,DSNY,Residential Disposal Complaint,Waste Left in Front of Other Residence,Brooklyn,11216.0,Closed,Phone,0
63633530,2025-01-04 14:34:21,2025-01-06 04:40:30,DSNY,Obstruction,Cone,Queens,11417.0,Closed,Online,1
63633531,2025-01-04 16:58:59,2025-01-04 20:20:07,DSNY,Obstruction,Cone,Queens,11435.0,Closed,Phone,0
63633557,2025-01-03 09:45:00,2025-01-04 13:20:00,DSNY,Derelict Vehicles,Derelict Vehicles,Brooklyn,11210.0,Closed,Phone,1
63633558,2025-01-03 19:33:00,2025-01-04 07:25:00,DSNY,Derelict Vehicles,Derelict Vehicles,Bronx,10471.0,Closed,Phone,0
63633559,2025-01-02 13:55:00,2025-01-04 04:58:00,DSNY,Derelict Vehicles,Derelict Vehicles,Manhattan,10033.0,Closed,Phone,1
63633560,2025-01-03 17:34:00,2025-01-04 12:12:00,DSNY,Derelict Vehicles,Derelict Vehicles,Queens,11357.0,Closed,Phone,0
63633561,2025-01-03 12:33:00,2025-01-04 03:43:00,DSNY,Derelict Vehicles,Derelict Vehicles,Brooklyn,11205.0,Closed,Phone,0
63633562,2025-01-04 05:08:51,2025-01-09 13:14:27,DSNY,Illegal Dumping,Chronic Dumping,Queens,11378.0,Closed,Mobile,5
63633564,2025-01-04 19:40:51,2025-01-08 12:27:31,DSNY,Illegal Posting,Poster or Sign,Brooklyn,11208.0,Closed,Online,3
63633565,2025-01-04 19:31:23,2025-01-08 12:30:46,DSNY,Illegal Posting,Poster or Sign,Brooklyn,11207.0,Closed,Online,3
63633570,2025-01-03 15:11:00,2025-01-04 11:00:00,DSNY,Derelict Vehicles,Derelict Vehicles,Brooklyn,11212.0,Closed,Phone,0
63633571,2025-01-02 12:22:00,2025-01-04 05:07:00,DSNY,Derelict Vehicles,Derelict Vehicles,Brooklyn,11236.0,Closed,Phone,1
63633572,2025-01-04 07:10:00,2025-01-04 20:10:00,DSNY,Derelict Vehicles,Derelict Vehicles,Queens,11355.0,Closed,Phone,0
63633573,2025-01-03 11:04:00,2025-01-06 07:46:00,DSNY,Derelict Vehicles,Derelict Vehicles,Queens,11418.0,Closed,Phone,2
63633602,2025-01-04 09:54:08,2025-01-04 11:01:47,DSNY,Commercial Disposal Complaint,Waste Disposal,Queens,11368.0,Closed,Online,0
63633732,2025-01-04 10:41:04,2025-01-04 12:01:45,DSNY,Commercial Disposal Complaint,Waste Disposal,Brooklyn,11233.0,Closed,Online,0
63634232,2025-01-04 19:03:53,2025-02-10 02:22:24,DSNY,Graffiti,Graffiti,Brooklyn,11232.0,Closed,Unknown,36
63634261,2025-01-04 19:33:17,2025-01-27 00:00:00,DSNY,Graffiti,Graffiti,Brooklyn,11232.0,Closed,Unknown,22
63634307,2025-01-04 12:10:42,2025-01-10 16:28:16,DSNY,Dumpster Complaint,Overflowing dumpster,Brooklyn,11219.0,Closed,Phone,6
63634313,2025-01-04 12:21:35,2025-01-18 12:58:39,DSNY,Dumpster Complaint,Overflowing dumpster,Brooklyn,11212.0,Closed,Phone,14
63634339,2025-01-04 12:15:00,2025-01-18 13:06:58,DSNY,Obstruction,Trash or Recycling,Brooklyn,11211.0,Closed,Online,14
63634953,2025-01-05 17:20:51,2025-01-06 17:54:45,DSNY,Abandoned Bike,Chained to Public Property,Brooklyn,11214.0,Closed,Online,1
63634988,2025-01-05 18:39:45,2025-01-07 00:43:30,DSNY,Dirty Condition,Trash,Bronx,10460.0,Closed,Mobile,1
63634990,2025-01-05 17:57:51,2025-01-06 13:17:20,DSNY,Dirty Condition,Trash,Bronx,10467.0,Closed,Mobile,0
63634991,2025-01-05 12:29:56,2025-01-07 22:17:00,DSNY,Dirty Condition,Trash,Brooklyn,11223.0,Closed,Mobile,2
63635035,2025-01-05 15:33:47,2025-01-07 22:19:23,DSNY,Dirty Condition,Trash,Brooklyn,11235.0,Closed,Mobile,2
63635039,2025-01-05 19:25:20,2025-01-06 14:16:42,DSNY,Dirty Condition,Trash,Queens,11433.0,Closed,Phone,0
63635053,2025-01-05 18:28:48,2025-01-10 11:31:53,DSNY,Dirty Condition,Trash,Queens,11106.0,Closed,Mobile,4
63635059,2025-01-05 21:30:40,2025-01-06 12:34:03,DSNY,Dirty Condition,Trash,Queens,11419.0,Closed,Phone,0
63635069,2025-01-05 12:20:20,2025-01-08 12:00:55,DSNY,Dirty Condition,Trash,Manhattan,10003.0,Closed,Phone,2
63635080,2025-01-05 14:16:45,2025-01-08 06:53:31,DSNY,Dirty Condition,Trash,Manhattan,10039.0,Closed,Mobile,2
63635083,2025-01-05 16:49:52,2025-01-06 10:04:24,DSNY,Dirty Condition,Trash,Brooklyn,11211.0,Closed,Online,0
63635091,2025-01-05 23:03:31,2025-01-07 09:29:51,DSNY,Illegal Dumping,Removal Request,Queens,11378.0,Closed,Online,1
63635093,2025-01-05 11:26:58,2025-01-07 08:36:04,DSNY,Illegal Dumping,Removal Request,Queens,11356.0,Closed,Phone,1
63635094,2025-01-05 09:30:14,2025-01-08 12:55:36,DSNY,Illegal Dumping,Removal Request,Queens,11106.0,Closed,Mobile,3
63635095,2025-01-05 14:41:16,2025-01-18 12:53:27,DSNY,Illegal Dumping,Removal Request,Brooklyn,11238.0,Closed,Online,12
63635096,2025-01-05 19:56:45,2025-01-13 15:05:19,DSNY,Illegal Dumping,Removal Request,Brooklyn,11231.0,Closed,Online,7
63635097,2025-01-05 12:01:43,2025-01-07 01:37:20,DSNY,Dirty Condition,Trash,Manhattan,10013.0,Closed,Online,1
63635098,2025-01-05 09:57:38,2025-01-06 18:42:46,DSNY,Illegal Dumping,Removal Request,Queens,11418.0,Closed,Mobile,1
63635099,2025-01-05 20:49:00,2025-01-13 15:01:19,DSNY,Illegal Dumping,Removal Request,Brooklyn,11229.0,Closed,Online,7
63635100,2025-01-05 21:05:18,2025-01-07 09:29:57,DSNY,Illegal Dumping,Removal Request,Queens,11378.0,Closed,Online,1
63635101,2025-01-05 13:41:05,2025-01-13 08:42:05,DSNY,Illegal Dumping,Removal Request,Manhattan,10021.0,Closed,Phone,7
63635103,2025-01-05 17:50:05,2025-01-06 18:40:40,DSNY,Illegal Dumping,Removal Request,Queens,11368.0,Closed,Online,1
63635104,2025-01-05 17:26:19,2025-01-08 15:15:39,DSNY,Illegal Dumping,Removal Request,Queens,11412.0,Closed,Phone,2
63635105,2025-01-05 22:55:51,2025-01-18 13:04:50,DSNY,Missed Collection,Bulky Trash,Brooklyn,11221.0,Closed,Phone,12
63635106,2025-01-05 10:41:32,2025-01-18 13:20:21,DSNY,Missed Collection,Trash,Brooklyn,11203.0,Closed,Phone,13
63635107,2025-01-05 16:40:58,2025-01-06 18:41:05,DSNY,Illegal Dumping,Removal Request,Queens,11368.0,Closed,Online,1
63635108,2025-01-05 18:31:35,2025-01-10 16:30:10,DSNY,Missed Collection,Bulky Recycling,Brooklyn,11218.0,Closed,Online,4
63635109,2025-01-05 08:39:05,2025-01-18 13:20:25,DSNY,Missed Collection,Trash,Brooklyn,11203.0,Closed,Online,13
63635110,2025-01-05 08:34:30,2025-01-06 12:48:27,DSNY,Missed Collection,Trash,Brooklyn,11220.0,Closed,Online,1
63635111,2025-01-05 16:47:29,2025-01-07 12:15:54,DSNY,Illegal Dumping,Removal Request,Staten Island,10314.0,Closed,Mobile,1
63635112,2025-01-05 08:25:51,2025-01-08 15:39:56,DSNY,Missed Collection,Trash,Bronx,10455.0,Closed,Phone,3
63635120,2025-01-05 22:42:37,2025-01-06 21:47:39,DSNY,Dirty Condition,Dog Waste,Queens,11411.0,Closed,Online,0
63635123,2025-01-05 16:36:30,2025-01-10 16:30:51,DSNY,Dirty Condition,Debris from Car Accident,Brooklyn,11218.0,Closed,Phone,4
63635125,2025-01-05 09:10:04,2025-01-07 17:36:52,DSNY,Missed Collection,Compost,Brooklyn,11229.0,Closed,Phone,2
63635132,2025-01-05 09:45:18,2025-01-06 17:46:57,DSNY,Obstruction,Cone,Bronx,10466.0,Closed,Online,1
63635133,2025-01-05 14:51:02,2025-01-07 23:16:02,DSNY,Obstruction,Cone,Queens,11435.0,Closed,Online,2
63635153,2025-01-05 07:09:41,2025-02-10 02:22:24,DSNY,Graffiti,Graffiti,Brooklyn,11211.0,Closed,Unknown,35
63635485,2025-01-05 14:01:18,2025-02-10 02:22:24,DSNY,Graffiti,Graffiti,Queens,11377.0,Closed,Unknown,35
63635842,2025-01-05 16:34:41,2025-03-03 00:00:00,DSNY,Graffiti,Graffiti,Brooklyn,11221.0,Closed,Unknown,56
63636354,2025-01-05 09:45:59,2025-01-05 11:01:32,DSNY,Vendor Enforcement,Food Vendor,Manhattan,10006.0,Closed,Online,0
63636355,2025-01-05 06:19:30,2025-01-13 07:41:03,DSNY,Illegal Dumping,Chronic Dumping,Brooklyn,11208.0,Closed,Phone,8
63636356,2025-01-05 17:33:24,2025-01-05 19:01:36,DSNY,Vendor Enforcement,Non-Food Vendor,Brooklyn,11207.0,Closed,Phone,0
63636357,2025-01-05 11:10:28,2025-01-05 13:01:36,DSNY,Vendor Enforcement,Food Vendor,Manhattan,10017.0,Closed,Online,0
63636358,2025-01-05 09:08:52,2025-01-05 11:01:31,DSNY,Vendor Enforcement,Food Vendor,Manhattan,10007.0,Closed,Online,0
63636359,2025-01-05 19:58:07,2025-01-07 12:30:05,DSNY,Dead Animal,Cat,Staten Island,10306.0,Closed,Phone,1
63636360,2025-01-05 19:37:12,2025-01-09 08:29:04,DSNY,Residential Disposal Complaint,Waste Left in Front of Other Residence,Staten Island,10307.0,Closed,Online,3
63636364,2025-01-05 14:23:34,2025-01-13 15:23:59,DSNY,Sanitation Worker Or Vehicle Complaint,Inappropriate Behavior,Brooklyn,11219.0,Closed,Phone,8
63636376,2025-01-05 19:08:55,2025-01-07 08:45:06,DSNY,Dead Animal,Cat,Queens,11428.0,Closed,Phone,1
63636383,2025-01-05 07:16:17,2025-01-06 21:31:14,DSNY,Snow Or Ice,Roadway,Queens,11419.0,Closed,Phone,1
63636390,2025-01-05 08:27:36,2025-01-06 18:54:12,DSNY,Snow Or Ice,Roadway,Queens,11106.0,Closed,Phone,1
63636391,2025-01-05 17:56:16,2025-01-06 21:45:27,DSNY,Residential Disposal Complaint,Storage Area Not Provided,Queens,11101.0,Closed,Online,1
63636498,2025-01-05 12:09:52,2025-01-05 14:01:50,DSNY,Commercial Disposal Complaint,Waste Disposal,Manhattan,10013.0,Closed,Online,0
63636519,2025-01-05 14:30:58,2025-01-05 16:01:37,DSNY,Commercial Disposal Complaint,Waste Disposal,Brooklyn,11215.0,Closed,Online,0
63636549,2025-01-05 17:30:57,2025-01-05 19:01:39,DSNY,Commercial Disposal Complaint,Waste Disposal,Manhattan,10024.0,Closed,Online,0
63636661,2025-01-05 12:56:45,2025-02-13 00:00:00,DSNY,Graffiti,Graffiti,Queens,11419.0,Closed,Unknown,38
63636674,2025-01-03 21:55:00,2025-01-06 02:51:00,DSNY,Derelict Vehicles,Derelict Vehicles,Brooklyn,11204.0,Closed,Phone,2
63637761,2025-01-05 08:47:33,2025-01-06 13:18:22,DSNY,Dirty Condition,Trash,Brooklyn,11225.0,Closed,Mobile,1
63637762,2025-01-05 13:58:54,2025-01-07 06:58:33,DSNY,Dirty Condition,Trash,Brooklyn,11225.0,Closed,Online,1
63637763,2025-01-05 10:47:28,2025-01-13 14:14:57,DSNY,Illegal Dumping,Removal Request,Manhattan,10033.0,Closed,Phone,8
63637764,2025-01-05 12:19:03,2025-01-06 18:42:47,DSNY,Illegal Dumping,Removal Request,Queens,11418.0,Closed,Phone,1
63637765,2025-01-05 11:48:40,2025-01-18 13:03:37,DSNY,Missed Collection,Recycling - Paper,Brooklyn,11213.0,Closed,Phone,13
63637766,2025-01-05 08:47:27,2025-01-06 12:22:16,DSNY,Residential Disposal Complaint,Waste Left in Front of Other Residence,Manhattan,10016.0,Closed,Phone,1
63637769,2025-01-05 08:23:46,2025-01-11 16:59:37,DSNY,Abandoned Bike,Chained to Public Property,Bronx,10469.0,Closed,Phone,6
63637773,2025-01-05 13:16:34,2025-01-07 12:19:25,DSNY,Missed Collection,Compost,Staten Island,10307.0,Closed,Online,1
63637775,2025-01-05 17:46:23,2025-01-07 13:09:31,DSNY,Street Sweeping Complaint,Inadequate Sweeping,Bronx,10455.0,Closed,Online,1
63637776,2025-01-05 23:36:03,2025-01-08 12:19:07,DSNY,Dirty Condition,Trash,Brooklyn,11221.0,Closed,Mobile,2
63637777,2025-01-05 14:01:14,2025-01-07 15:45:06,DSNY,Illegal Dumping,Removal Request,Queens,11385.0,Closed,Mobile,2
63637778,2025-01-05 09:30:23,2025-01-07 08:31:41,DSNY,Illegal Dumping,Removal Request,Queens,11354.0,Closed,Mobile,1
63637779,2025-01-05 10:17:18,2025-01-07 08:31:43,DSNY,Illegal Dumping,Removal Request,Queens,11356.0,Closed,Phone,1
63637780,2025-01-05 23:50:14,2025-01-18 13:07:20,DSNY,Missed Collection,Bulky Recycling,Brooklyn,11249.0,Closed,Phone,12
63637781,2025-01-05 08:40:29,2025-01-09 14:38:21,DSNY,Missed Collection,Recycling - Paper,Staten Island,10314.0,Closed,Online,4
63637786,2025-01-05 08:16:11,2025-01-09 14:21:08,DSNY,Missed Collection,Trash,Bronx,10465.0,Closed,Phone,4
63637787,2025-01-05 21:42:43,2025-01-10 15:51:26,DSNY,Missed Collection,Trash,Queens,11691.0,Closed,Online,4
63637788,2025-01-05 10:41:05,2025-01-09 12:15:44,DSNY,Missed Collection,Compost,Staten Island,10314.0,Closed,Phone,4
63637804,2025-01-05 14:12:46,2025-01-06 07:25:44,DSNY,Street Sweeping Complaint,Inadequate Sweeping,Brooklyn,11218.0,Closed,Online,0
63637860,2025-01-05 20:38:58,2025-01-08 07:26:30,DSNY,Dirty Condition,Trash,Bronx,10474.0,Closed,Mobile,2
63637861,2025-01-05 11:04:14,2025-01-06 08:20:02,DSNY,Dirty Condition,Trash,Staten Island,10302.0,Closed,Online,0
63637862,2025-01-05 13:56:51,2025-01-07 06:18:03,DSNY,Dirty Condition,Trash,Queens,11377.0,Closed,Mobile,1
63637863,2025-01-05 11:53:56,2025-01-06 10:05:34,DSNY,Dirty Condition,Trash,Brooklyn,11249.0,Closed,Mobile,0
63637864,2025-01-05 23:33:59,2025-01-06 11:13:04,DSNY,Dirty Condition,Trash,Bronx,10453.0,Closed,Mobile,0
63637865,2025-01-05 04:20:10,2025-01-07 10:58:00,DSNY,Dirty Condition,Trash,Manhattan,10029.0,Closed,Online,2
63637871,2025-01-05 09:26:01,2025-01-07 08:31:37,DSNY,Illegal Dumping,Removal Request,Queens,11354.0,Closed,Mobile,1
63637872,2025-01-05 03:18:46,2025-01-07 08:42:19,DSNY,Illegal Dumping,Removal Request,Queens,11358.0,Closed,Online,2
63637873,2025-01-05 16:31:25,2025-01-06 18:43:10,DSNY,Illegal Dumping,Removal Request,Queens,11368.0,Closed,Online,1
63637874,2025-01-05 15:36:39,2025-01-07 11:02:44,DSNY,Missed Collection,Bulky Trash,Queens,11001.0,Closed,Online,1
63637875,2025-01-05 12:20:00,2025-01-06 17:55:25,DSNY,Missed Collection,Bulky Trash,Brooklyn,11214.0,Closed,Phone,1
63637876,2025-01-05 08:05:39,2025-01-07 09:29:18,DSNY,Missed Collection,Recycling - Paper/Metal/Glass/Rigid Plastic,Queens,11378.0,Closed,Online,2
63637877,2025-01-05 11:38:00,2025-01-06 06:48:59,DSNY,Dirty Condition,Broken Glass,Queens,11370.0,Closed,Online,0
63637879,2025-01-05 18:54:41,2025-01-08 13:42:29,DSNY,Dirty Condition,Trash,Queens,11378.0,Closed,Online,2
63637880,2025-01-05 17:39:04,2025-01-07 06:57:45,DSNY,Litter Basket Request,New Basket,Manhattan,10014.0,Closed,Online,1
63637881,2025-01-05 11:43:43,2025-01-08 11:57:24,DSNY,Missed Collection,Recycling - Paper/Metal/Glass/Rigid Plastic,Staten Island,10314.0,Closed,Phone,3
63637882,2025-01-05 17:50:09,2025-01-13 14:39:02,DSNY,Missed Collection,Trash,Brooklyn,11210.0,Closed,Phone,7
63637890,2025-01-05 16:46:30,2025-01-07 09:30:11,DSNY,Missed Collection,Compost,Queens,11378.0,Closed,Online,1
63637893,2025-01-05 08:09:25,2025-01-07 17:36:45,DSNY,Missed Collection,Trash,Brooklyn,11235.0,Closed,Phone,2
63637894,2025-01-05 10:19:59,2025-01-07 01:22:54,DSNY,Residential Disposal Complaint,Waste Left in Front of Other Residence,Brooklyn,11233.0,Closed,Phone,1
63637903,2025-01-05 14:23:38,2025-01-06 04:40:41,DSNY,Obstruction,Cone,Queens,11417.0,Closed,Online,0
63637915,2025-01-05 14:22:09,2025-01-05 16:01:33,DSNY,Vendor Enforcement,Non-Food Vendor,Manhattan,10013.0,Closed,Phone,0
63637916,2025-01-05 19:51:38,2025-01-08 15:40:09,DSNY,Dead Animal,Cat,Bronx,10455.0,Closed,Phone,2
63637917,2025-01-05 10:18:13,2025-01-10 16:33:27,DSNY,Dead Animal,Cat,Brooklyn,11229.0,Closed,Phone,5
63637943,2025-01-05 07:30:31,2025-01-18 12:58:12,DSNY,Dead Animal,Rat or Mouse,Brooklyn,11211.0,Closed,Online,13
63637948,2025-01-05 13:09:52,2025-01-07 08:38:31,DSNY,Snow Or Ice,Roadway,Queens,11367.0,Closed,Phone,1
63637957,2025-01-05 09:05:28,2025-01-05 11:01:30,DSNY,Vendor Enforcement,Food Vendor,Manhattan,10007.0,Closed,Online,0
63637958,2025-01-05 22:00:07,2025-01-05 23:01:50,DSNY,Vendor Enforcement,Food Vendor,Manhattan,10025.0,Closed,Online,0
63637959,2025-01-05 12:26:04,2025-01-05 14:01:39,DSNY,Vendor Enforcement,Non-Food Vendor,Manhattan,10005.0,Closed,Online,0
63637960,2025-01-05 12:57:31,2025-01-18 13:03:56,DSNY,Dead Animal,Opossum,Brooklyn,11210.0,Closed,Online,13
63637961,2025-01-05 13:57:23,2025-01-06 17:14:19,DSNY,Dirty Condition,Dog Waste,Manhattan,10036.0,Closed,Phone,1
63637963,2025-01-05 09:53:11,2025-01-05 11:01:39,DSNY,Vendor Enforcement,Non-Food Vendor,Manhattan,10004.0,Closed,Online,0
63637964,2025-01-05 17:08:06,2025-01-08 12:37:25,DSNY,Illegal Posting,Poster or Sign,Queens,11361.0,Closed,Online,2
63638282,2025-01-05 17:12:49,2025-02-04 02:22:23,DSNY,Graffiti,Graffiti,Manhattan,10022.0,Closed,Unknown,29
63638327,2025-01-04 19:41:00,2025-01-05 20:33:00,DSNY,Derelict Vehicles,Derelict Vehicles,Queens,11354.0,Closed,Phone,1
63639309,2025-01-05 08:52:14,2025-01-06 13:17:53,DSNY,Dirty Condition,Trash,Brooklyn,11225.0,Closed,Mobile,1
63639310,2025-01-05 15:37:13,2025-01-06 10:01:29,DSNY,Dirty Condition,Trash,Brooklyn,11206.0,Closed,Mobile,0
63639311,2025-01-05 13:03:07,2025-01-06 07:45:05,DSNY,Dirty Condition,Trash,Brooklyn,11216.0,Closed,Mobile,0
63639314,2025-01-05 20:48:21,2025-01-06 17:58:33,DSNY,Illegal Dumping,Removal Request,Brooklyn,11214.0,Closed,Phone,0
63639315,2025-01-05 10:30:19,2025-01-07 08:40:55,DSNY,Missed Collection,Recycling - Paper/Metal/Glass/Rigid Plastic,Queens,11420.0,Closed,Online,1
63639316,2025-01-05 10:20:26,2025-01-13 08:26:32,DSNY,Missed Collection,Trash,Manhattan,10016.0,Closed,Online,7
63639317,2025-01-05 17:49:34,2025-01-07 00:31:47,DSNY,Residential Disposal Complaint,Waste Left in Front of Other Residence,Queens,11368.0,Closed,Online,1
63639322,2025-01-05 21:56:12,2025-01-08 10:42:47,DSNY,Illegal Dumping,Removal Request,Queens,11429.0,Closed,Online,2
63639325,2025-01-05 10:58:26,2025-01-10 16:29:49,DSNY,Missed Collection,Compost,Brooklyn,11218.0,Closed,Online,5
63639326,2025-01-05 11:51:04,2025-01-18 12:58:32,DSNY,Missed Collection,Compost,Brooklyn,11201.0,Closed,Online,13
63639328,2025-01-05 09:34:18,2025-01-06 18:42:45,DSNY,Illegal Dumping,Removal Request,Queens,11370.0,Closed,Phone,1
63639329,2025-01-05 08:54:47,2025-01-07 09:29:46,DSNY,Missed Collection,Recycling - Paper,Queens,11385.0,Closed,Phone,2
63639330,2025-01-05 11:34:58,2025-01-11 17:04:20,DSNY,Missed Collection,Trash,Bronx,10475.0,Closed,Phone,6
63639331,2025-01-05 20:30:47,2025-01-08 15:36:06,DSNY,Missed Collection,Trash,Bronx,10462.0,Closed,Phone,2
63639332,2025-01-05 08:56:23,2025-01-07 01:22:08,DSNY,Residential Disposal Complaint,Trash or Recycling Not Secure,Brooklyn,11203.0,Closed,Online,1
63639335,2025-01-05 12:31:50,2025-01-24 13:25:04,DSNY,Street Sweeping Complaint,Inadequate Sweeping,Bronx,10460.0,Closed,Online,19
63639340,2025-01-05 18:26:32,2025-01-07 01:10:27,DSNY,Obstruction,Cone,Brooklyn,11210.0,Closed,Online,1
63639358,2025-01-05 21:30:50,2025-02-10 02:22:24,DSNY,Graffiti,Graffiti,Manhattan,10009.0,Closed,Unknown,35
63639407,2025-01-05 11:22:36,2025-01-06 08:30:30,DSNY,Dirty Condition,Trash,Manhattan,10016.0,Closed,Mobile,0
63639408,2025-01-05 23:34:36,2025-01-06 11:14:31,DSNY,Dirty Condition,Trash,Bronx,10453.0,Closed,Mobile,0
63639409,2025-01-05 18:10:27,2025-01-06 17:21:17,DSNY,Dirty Condition,Trash,Brooklyn,11206.0,Closed,Mobile,0
63639410,2025-01-05 07:00:21,2025-01-06 05:48:21,DSNY,Dirty Condition,Trash,Staten Island,10312.0,Closed,Online,0
63639411,2025-01-05 17:18:22,2025-01-10 16:28:05,DSNY,Illegal Dumping,Removal Request,Brooklyn,11220.0,Closed,Phone,4
63639412,2025-01-05 10:12:16,2025-01-13 15:01:45,DSNY,Illegal Dumping,Removal Request,Brooklyn,11223.0,Closed,Phone,8
63639413,2025-01-05 17:39:17,2025-01-11 17:04:59,DSNY,Missed Collection,Trash,Bronx,10469.0,Closed,Phone,5
63639434,2025-01-05 13:39:33,2025-01-07 01:34:30,DSNY,Dirty Condition,Trash,Bronx,10467.0,Closed,Mobile,1
63639435,2025-01-05 04:24:21,2025-01-07 13:27:07,DSNY,Dirty Condition,Trash,Manhattan,10029.0,Closed,Online,2
63639436,2025-01-05 13:07:50,2025-01-06 14:16:12,DSNY,Dirty Condition,Trash,Queens,11433.0,Closed,Phone,1
63639437,2025-01-05 11:01:18,2025-01-06 04:24:03,DSNY,Dirty Condition,Trash,Manhattan,10009.0,Closed,Phone,0
63639438,2025-01-05 18:06:25,2025-01-13 11:38:51,DSNY,Illegal Dumping,Removal Request,Queens,11106.0,Closed,Online,7
63639439,2025-01-05 07:46:51,2025-01-06 07:26:25,DSNY,Illegal Dumping,Removal Request,Manhattan,10011.0,Closed,Mobile,0
63639440,2025-01-05 09:21:30,2025-01-07 08:29:48,DSNY,Illegal Dumping,Removal Request,Queens,11354.0,Closed,Mobile,1
63639441,2025-01-05 08:59:39,2025-01-07 09:32:27,DSNY,Missed Collection,Bulky Recycling,Queens,11374.0,Closed,Phone,2
63639442,2025-01-05 15:58:24,2025-01-18 13:07:10,DSNY,Missed Collection,Recycling - Metal/Glass/Rigid Plastic,Brooklyn,11211.0,Closed,Phone,12
63639443,2025-01-05 09:35:22,2025-01-08 11:56:33,DSNY,Missed Collection,Recycling - Metal/Glass/Rigid Plastic,Staten Island,10314.0,Closed,Online,3
63639444,2025-01-05 11:52:25,2025-01-05 13:01:36,DSNY,Vendor Enforcement,Food Vendor,Manhattan,10025.0,Closed,Online,0
63639449,2025-01-05 13:25:30,2025-01-07 06:38:29,DSNY,Illegal Dumping,Chronic Dumping,Queens,11369.0,Closed,Mobile,1
63639450,2025-01-05 22:02:23,2025-01-08 12:36:18,DSNY,Illegal Posting,Poster or Sign,Queens,11414.0,Closed,Online,2
63639492,2025-01-05 13:40:06,2025-01-09 15:04:02,DSNY,Snow Or Ice,Roadway,Staten Island,10314.0,Closed,Online,4
63639514,2025-01-05 11:49:42,2025-01-07 10:58:04,DSNY,Dirty Condition,Trash,Queens,11001.0,Closed,Online,1
63639515,2025-01-05 18:42:42,2025-01-07 10:41:13,DSNY,Missed Collection,Trash and Bulky Trash,Brooklyn,11233.0,Closed,Phone,1
63639516,2025-01-05 10:36:10,2025-01-07 06:16:47,DSNY,Residential Disposal Complaint,Waste Set Out Too Early or Too Late,Staten Island,10304.0,Closed,Online,1
63639518,2025-01-05 14:55:04,2025-01-05 16:01:34,DSNY,Vendor Enforcement,Non-Food Vendor,Manhattan,10013.0,Closed,Phone,0
63639519,2025-01-05 15:17:03,2025-01-08 15:35:46,DSNY,Dead Animal,Cat,Bronx,10466.0,Closed,Online,3
63639545,2025-01-05 12:14:45,2025-01-07 07:34:13,DSNY,Snow Or Ice,Roadway,Manhattan,10029.0,Closed,Online,1
63639753,2025-01-03 20:43:00,2025-01-06 02:46:00,DSNY,Derelict Vehicles,Derelict Vehicles,Brooklyn,11219.0,Closed,Phone,2
63639754,2025-01-05 10:03:00,2025-01-06 01:57:00,DSNY,Derelict Vehicles,Derelict Vehicles,Bronx,10467.0,Closed,Phone,0
63639757,2025-01-05 17:14:10,2025-02-10 02:22:24,DSNY,Graffiti,Graffiti,Manhattan,10065.0,Closed,Unknown,35
63639895,2025-01-04 17:54:00,2025-01-06 02:46:00,DSNY,Derelict Vehicles,Derelict Vehicles,Brooklyn,11204.0,Closed,Phone,1
63639939,2025-01-05 11:02:00,2025-01-06 11:25:00,DSNY,Derelict Vehicles,Derelict Vehicles,Queens,11365.0,Closed,Phone,1
63640815,2025-01-05 13:16:41,2025-01-06 18:47:03,DSNY,Dirty Condition,Trash,Staten Island,10308.0,Closed,Online,1
63640826,2025-01-05 17:50:24,2025-01-06 18:40:45,DSNY,Illegal Dumping,Removal Request,Queens,11369.0,Closed,Online,1
63640827,2025-01-05 19:37:16,2025-01-08 12:03:33,DSNY,Illegal Dumping,Removal Request,Staten Island,10310.0,Closed,Phone,2
63640828,2025-01-05 05:58:14,2025-01-07 06:59:45,DSNY,Illegal Dumping,Removal Request,Bronx,10456.0,Closed,Online,2
63640829,2025-01-05 18:30:29,2025-01-10 16:30:44,DSNY,Missed Collection,Recycling - Metal/Glass/Rigid Plastic,Brooklyn,11219.0,Closed,Online,4
63640830,2025-01-05 17:30:31,2025-01-13 07:15:40,DSNY,Missed Collection,Trash,Manhattan,10014.0,Closed,Online,7
63640831,2025-01-05 12:42:58,2025-01-06 17:55:36,DSNY,Missed Collection,Trash,Brooklyn,11223.0,Closed,Online,1
63640838,2025-01-05 15:27:33,2025-01-11 17:05:09,DSNY,Missed Collection,Trash,Bronx,10466.0,Closed,Phone,6
63640847,2025-01-05 07:31:13,2025-01-06 07:02:23,DSNY,Dirty Condition,Trash,Manhattan,10019.0,Closed,Mobile,0
63640848,2025-01-05 21:27:20,2025-01-07 09:30:29,DSNY,Illegal Dumping,Removal Request,Queens,11419.0,Closed,Phone,1
63640849,2025-01-05 15:36:29,2025-01-11 17:10:07,DSNY,Missed Collection,Trash,Staten Island,10307.0,Closed,Online,6
63640857,2025-01-05 10:57:53,2025-01-08 11:59:48,DSNY,Missed Collection,Compost,Staten Island,10310.0,Closed,Online,3
63640903,2025-01-05 11:05:26,2025-01-17 16:44:12,DSNY,Obstruction,Trash or Recycling,Brooklyn,11209.0,Closed,Online,12
63640904,2025-01-05 23:41:50,2025-01-18 13:19:36,DSNY,Obstruction,Trash or Recycling,Brooklyn,11206.0,Closed,Phone,12
63640910,2025-01-05 21:41:58,2025-01-06 07:16:36,DSNY,Dirty Condition,Trash,Manhattan,10033.0,Closed,Mobile,0
63640911,2025-01-05 09:29:14,2025-01-07 23:04:54,DSNY,Dirty Condition,Trash,Queens,11101.0,Closed,Mobile,2
63640913,2025-01-05 13:37:11,2025-01-07 12:22:15,DSNY,Dirty Condition,Trash,Queens,11385.0,Closed,Online,1
63640914,2025-01-05 13:24:31,2025-01-09 14:53:42,DSNY,Illegal Dumping,Removal Request,Staten Island,10306.0,Closed,Phone,4
63640915,2025-01-05 15:25:15,2025-01-07 09:31:11,DSNY,Missed Collection,Trash,Queens,11106.0,Closed,Phone,1
63640916,2025-01-05 09:14:46,2025-01-06 17:55:03,DSNY,Missed Collection,Trash,Brooklyn,11214.0,Closed,Phone,1
63640917,2025-01-05 09:35:35,2025-01-07 01:27:16,DSNY,Residential Disposal Complaint,Trash or Recycling Not Secure,Brooklyn,11231.0,Closed,Phone,1
63640919,2025-01-05 13:31:31,2025-01-06 12:49:07,DSNY,Missed Collection,Compost,Brooklyn,11210.0,Closed,Phone,0
63640920,2025-01-05 15:36:02,2025-01-18 13:27:47,DSNY,Obstruction,Merchandise,Brooklyn,11238.0,Closed,Phone,12
63640928,2025-01-05 10:41:46,2025-01-07 08:55:08,DSNY,Dirty Condition,Trash,Manhattan,10035.0,Closed,Mobile,1
63640929,2025-01-05 22:11:34,2025-01-06 07:51:51,DSNY,Dirty Condition,Trash,Brooklyn,11216.0,Closed,Online,0
63640930,2025-01-05 17:53:27,2025-01-08 10:09:44,DSNY,Dirty Condition,Trash,Queens,11102.0,Closed,Online,2
63640933,2025-01-05 11:25:17,2025-01-07 08:36:16,DSNY,Illegal Dumping,Removal Request,Queens,11354.0,Closed,Mobile,1
63640934,2025-01-05 11:13:15,2025-01-10 16:30:40,DSNY,Missed Collection,Recycling - Paper/Metal/Glass/Rigid Plastic,Brooklyn,11218.0,Closed,Online,5
63640935,2025-01-05 19:28:30,2025-01-08 15:54:31,DSNY,Missed Collection,Trash,Bronx,10467.0,Closed,Online,2
63640936,2025-01-05 11:11:36,2025-01-07 01:33:50,DSNY,Residential Disposal Complaint,Trash or Recycling Not Secure,Brooklyn,11211.0,Closed,Online,1
63640937,2025-01-05 16:58:10,2025-01-06 21:13:32,DSNY,Residential Disposal Complaint,Waste Left in Front of Other Residence,Queens,11375.0,Closed,Phone,1
63640940,2025-01-05 11:35:39,2025-01-05 13:01:41,DSNY,Vendor Enforcement,Non-Food Vendor,Manhattan,10038.0,Closed,Online,0
63640941,2025-01-05 19:44:53,2025-01-13 14:38:08,DSNY,Dead Animal,Cat,Brooklyn,11234.0,Closed,Phone,7
63640942,2025-01-05 07:27:43,2025-01-18 12:58:07,DSNY,Dead Animal,Rat or Mouse,Brooklyn,11211.0,Closed,Online,13
63640943,2025-01-05 12:04:13,2025-01-24 14:03:06,DSNY,Sanitation Worker Or Vehicle Complaint,Inappropriate Behavior,Bronx,10473.0,Closed,Phone,19
63640951,2025-01-05 12:11:05,2025-02-10 02:22:24,DSNY,Graffiti,Graffiti,Brooklyn,11221.0,Closed,Unknown,35
63640952,2025-01-05 07:10:22,2025-02-10 02:22:24,DSNY,Graffiti,Graffiti,Brooklyn,11211.0,Closed,Unknown,35
63640971,2025-01-05 12:31:15,2025-01-05 14:01:39,DSNY,Vendor Enforcement,Non-Food Vendor,Manhattan,10006.0,Closed,Online,0
63640973,2025-01-05 15:03:03,2025-01-13 05:58:50,DSNY,Dirty Condition,Syringes,Manhattan,10002.0,Closed,Online,7
63640974,2025-01-05 23:24:28,2025-01-08 12:23:24,DSNY,Illegal Posting,Poster or Sign,Brooklyn,11201.0,Closed,Online,2
63640987,2025-01-05 08:27:53,2025-01-07 08:38:18,DSNY,Snow Or Ice,Roadway,Queens,11366.0,Closed,Online,2
63640990,2025-01-05 14:55:39,2025-01-24 12:14:15,DSNY,Dead Animal,Cat,Bronx,10456.0,Closed,Online,18
63640991,2025-01-05 18:25:26,2025-01-06 06:25:45,DSNY,Residential Disposal Complaint,Waste Set Out Too Early or Too Late,Brooklyn,11221.0,Closed,Phone,0
63641003,2025-01-05 14:37:17,2025-01-05 16:01:34,DSNY,Vendor Enforcement,Non-Food Vendor,Manhattan,10121.0,Closed,Online,0
63641005,2025-01-05 11:51:41,2025-01-18 12:47:15,DSNY,Dead Animal,Opossum,Brooklyn,11212.0,Closed,Phone,13
63641381,2025-01-05 07:08:33,2025-01-23 00:00:00,DSNY,Graffiti,Graffiti,Brooklyn,11211.0,Closed,Unknown,17
63642331,2025-01-05 09:30:12,2025-01-18 13:04:00,DSNY,Dumpster Complaint,Overflowing dumpster,Brooklyn,11203.0,Closed,Phone,13
63642351,2025-01-05 13:25:07,2025-01-07 13:37:24,DSNY,Dirty Condition,Trash,Manhattan,10035.0,Closed,Mobile,2
63642358,2025-01-05 16:36:19,2025-01-06 08:54:43,DSNY,Dirty Condition,Trash,Manhattan,10031.0,Closed,Mobile,0
63642359,2025-01-05 09:19:12,2025-01-07 22:15:20,DSNY,Dirty Condition,Trash,Brooklyn,11235.0,Closed,Online,2
63642360,2025-01-05 11:15:01,2025-01-07 08:33:10,DSNY,Illegal Dumping,Removal Request,Queens,11354.0,Closed,Mobile,1
63642365,2025-01-05 08:15:11,2025-01-09 14:19:21,DSNY,Missed Collection,Recycling - Paper,Bronx,10465.0,Closed,Online,4
63642366,2025-01-05 08:05:43,2025-01-09 14:19:55,DSNY,Missed Collection,Trash,Bronx,10465.0,Closed,Online,4
63642367,2025-01-05 12:15:28,2025-01-11 17:56:28,DSNY,Missed Collection,Trash,Queens,11692.0,Closed,Online,6
63642371,2025-01-05 12:32:21,2025-01-09 14:18:44,DSNY,Missed Collection,Compost,Bronx,10461.0,Closed,Phone,4
63642388,2025-01-05 15:11:29,2025-01-08 10:11:03,DSNY,Dirty Condition,Trash,Manhattan,10026.0,Closed,Mobile,2
63642389,2025-01-05 11:13:36,2025-01-07 10:53:43,DSNY,Dirty Condition,Trash,Queens,11358.0,Closed,Mobile,1
63642390,2025-01-05 21:10:24,2025-01-06 06:18:25,DSNY,Dirty Condition,Trash,Brooklyn,11221.0,Closed,Mobile,0
63642391,2025-01-05 15:54:29,2025-01-10 16:32:35,DSNY,Illegal Dumping,Removal Request,Brooklyn,11229.0,Closed,Phone,5
63642392,2025-01-05 17:21:50,2025-01-08 15:15:44,DSNY,Illegal Dumping,Removal Request,Queens,11433.0,Closed,Online,2
63642393,2025-01-05 20:15:58,2025-01-10 16:33:31,DSNY,Illegal Dumping,Removal Request,Brooklyn,11215.0,Closed,Phone,4
63642405,2025-01-05 16:35:03,2025-01-08 12:57:21,DSNY,Illegal Dumping,Removal Request,Queens,11101.0,Closed,Online,2
63642406,2025-01-05 18:24:11,2025-01-07 17:36:57,DSNY,Illegal Dumping,Removal Request,Brooklyn,11223.0,Closed,Phone,1
63642407,2025-01-05 17:11:20,2025-01-06 07:48:45,DSNY,Missed Collection,Trash,Brooklyn,11206.0,Closed,Phone,0
63642408,2025-01-05 12:49:10,2025-01-07 01:26:27,DSNY,Residential Disposal Complaint,Trash Not Separated from Recycling,Brooklyn,11231.0,Closed,Online,1
63642493,2025-01-05 11:27:49,2025-01-06 08:48:57,DSNY,Dirty Condition,Trash,Brooklyn,11218.0,Closed,Mobile,0
63642494,2025-01-05 09:16:36,2025-01-06 13:16:42,DSNY,Dirty Condition,Trash,Brooklyn,11233.0,Closed,Online,1
63642496,2025-01-05 14:21:53,2025-01-06 11:20:34,DSNY,Dirty Condition,Trash,Brooklyn,11220.0,Closed,Phone,0
63642497,2025-01-05 12:43:07,2025-01-06 17:54:20,DSNY,Illegal Dumping,Removal Request,Brooklyn,11223.0,Closed,Mobile,1
63642498,2025-01-05 16:47:44,2025-01-06 18:42:50,DSNY,Illegal Dumping,Removal Request,Queens,11368.0,Closed,Phone,1
63642499,2025-01-05 17:14:10,2025-01-10 16:27:59,DSNY,Illegal Dumping,Removal Request,Brooklyn,11220.0,Closed,Phone,4
63642500,2025-01-05 08:29:59,2025-01-13 14:10:19,DSNY,Illegal Dumping,Removal Request,Manhattan,10035.0,Closed,Mobile,8
63642501,2025-01-05 08:33:47,2025-01-18 13:08:22,DSNY,Illegal Dumping,Removal Request,Brooklyn,11207.0,Closed,Phone,13
63642503,2025-01-05 10:24:01,2025-01-10 16:27:50,DSNY,Missed Collection,Trash,Brooklyn,11228.0,Closed,Online,5
63642504,2025-01-05 08:58:36,2025-01-08 15:36:12,DSNY,Missed Collection,Trash,Bronx,10469.0,Closed,Online,3
63642505,2025-01-05 08:11:53,2025-01-13 06:19:30,DSNY,Missed Collection,Trash,Manhattan,10010.0,Closed,Phone,7
63642506,2025-01-05 20:19:26,2025-01-11 17:56:13,DSNY,Missed Collection,Trash,Queens,11691.0,Closed,Online,5
63642508,2025-01-05 09:41:44,2025-01-05 11:01:37,DSNY,Vendor Enforcement,Food Vendor,Manhattan,10007.0,Closed,Online,0
63642509,2025-01-05 13:58:41,2025-01-18 13:03:54,DSNY,Dead Animal,Opossum,Brooklyn,11210.0,Closed,Online,12
63642510,2025-01-05 19:05:14,2025-01-06 09:38:59,DSNY,Dirty Condition,Dog Waste,Manhattan,10039.0,Closed,Phone,0
63642521,2025-01-05 13:59:07,2025-01-06 16:16:09,DSNY,Dirty Condition,Trash,Staten Island,10304.0,Closed,Phone,1
63642522,2025-01-05 05:35:37,2025-01-07 23:32:21,DSNY,Dirty Condition,Trash,Brooklyn,11237.0,Closed,Online,2
63642523,2025-01-05 10:29:59,2025-01-06 11:32:12,DSNY,Dirty Condition,Trash,Queens,11412.0,Closed,Phone,1
63642524,2025-01-05 12:15:43,2025-01-08 12:53:47,DSNY,Illegal Dumping,Removal Request,Queens,11385.0,Closed,Phone,3
63642525,2025-01-05 15:12:49,2025-01-30 00:00:00,DSNY,Graffiti,Graffiti,Queens,11355.0,Closed,Unknown,24
63642527,2025-01-05 16:48:28,2025-01-11 16:58:49,DSNY,Litter Basket Request,New Basket,Bronx,10467.0,Closed,Phone,6
63642535,2025-01-05 08:46:09,2025-01-09 12:00:59,DSNY,Missed Collection,Compost,Staten Island,10314.0,Closed,Phone,4
63642554,2025-01-05 20:53:52,2025-01-05 22:01:35,DSNY,Vendor Enforcement,Food Vendor,Brooklyn,11231.0,Closed,Online,0
63642555,2025-01-05 17:29:54,2025-01-07 00:28:53,DSNY,Dirty Condition,Broken Glass,Queens,11419.0,Closed,Online,1
63642561,2025-01-05 12:13:14,2025-01-06 09:16:05,DSNY,Residential Disposal Complaint,Waste Set Out Too Early or Too Late,Staten Island,10309.0,Closed,Online,0
63642590,2025-01-05 20:52:31,2025-01-05 22:01:34,DSNY,Vendor Enforcement,Food Vendor,Brooklyn,11201.0,Closed,Online,0
63642610,2025-01-05 21:39:57,2025-01-06 21:32:29,DSNY,Dead Animal,Opossum,Queens,11411.0,Closed,Phone,0
63642611,2025-01-05 12:10:17,2025-01-18 12:58:17,DSNY,Dead Animal,Rat or Mouse,Brooklyn,11211.0,Closed,Online,13
63642612,2025-01-05 18:33:40,2025-01-13 05:58:57,DSNY,Dead Animal,Rat or Mouse,Manhattan,10003.0,Closed,Phone,7
63642613,2025-01-05 15:54:20,2025-01-07 13:11:05,DSNY,Illegal Dumping,Chronic Dumping,Queens,11354.0,Closed,Phone,1
63642625,2025-01-05 18:43:26,2025-01-07 12:38:27,DSNY,Snow Or Ice,Roadway,Staten Island,10301.0,Closed,Phone,1
63642783,2025-01-05 16:47:00,2025-01-06 00:15:00,DSNY,Derelict Vehicles,Derelict Vehicles,Brooklyn,11229.0,Closed,Phone,0
63643017,2025-01-04 22:53:00,2025-01-06 00:15:00,DSNY,Derelict Vehicles,Derelict Vehicles,Brooklyn,11223.0,Closed,Phone,1
63643064,2025-01-03 14:29:00,2025-01-06 02:51:00,DSNY,Derelict Vehicles,Derelict Vehicles,Brooklyn,11223.0,Closed,Phone,2
63643915,2025-01-05 14:11:16,2025-01-08 06:47:51,DSNY,Dirty Condition,Trash,Manhattan,10039.0,Closed,Mobile,2
63643916,2025-01-05 13:53:02,2025-01-07 23:07:24,DSNY,Dirty Condition,Trash,Queens,11101.0,Closed,Mobile,2
63643917,2025-01-05 08:38:57,2025-01-06 05:14:39,DSNY,Dirty Condition,Trash,Manhattan,10034.0,Closed,Phone,0
63643918,2025-01-05 18:23:57,2025-01-07 12:12:01,DSNY,Dirty Condition,Trash,Bronx,10462.0,Closed,Online,1
63643919,2025-01-05 11:26:55,2025-01-07 08:35:36,DSNY,Illegal Dumping,Removal Request,Queens,11356.0,Closed,Phone,1
63643920,2025-01-05 19:22:39,2025-01-09 14:12:38,DSNY,Illegal Dumping,Removal Request,Bronx,10460.0,Closed,Phone,3
63643927,2025-01-05 12:43:16,2025-01-07 10:49:58,DSNY,Illegal Dumping,Removal Request,Bronx,10468.0,Closed,Online,1
63643928,2025-01-05 10:40:51,2025-01-06 08:16:44,DSNY,Missed Collection,Trash,Brooklyn,11211.0,Closed,Online,0
63643929,2025-01-05 13:58:25,2025-01-11 17:04:37,DSNY,Missed Collection,Trash,Bronx,10466.0,Closed,Phone,6
63643930,2025-01-05 20:01:26,2025-01-07 00:29:25,DSNY,Residential Disposal Complaint,Waste Left in Front of Other Residence,Bronx,10466.0,Closed,Online,1
63643935,2025-01-05 18:00:48,2025-01-07 00:27:30,DSNY,Commercial Disposal Complaint,Waste Left in Front of Residence,Queens,11417.0,Closed,Phone,1
63643936,2025-01-05 10:51:52,2025-01-06 10:36:47,DSNY,Obstruction,Cone,Brooklyn,11220.0,Closed,Online,0
63643961,2025-01-05 14:35:24,2025-02-10 02:22:24,DSNY,Graffiti,Graffiti,Brooklyn,11223.0,Closed,Unknown,35
63643962,2025-01-05 07:46:28,2025-02-26 00:00:00,DSNY,Graffiti,Graffiti,Staten Island,10314.0,Closed,Unknown,51
63643985,2025-01-05 14:03:58,2025-01-08 07:10:46,DSNY,Dirty Condition,Trash,Manhattan,10037.0,Closed,Mobile,2
63643986,2025-01-05 12:07:06,2025-01-18 13:06:50,DSNY,Illegal Dumping,Removal Request,Brooklyn,11206.0,Closed,Phone,13
63643987,2025-01-05 18:56:19,2025-01-06 18:42:56,DSNY,Illegal Dumping,Removal Request,Queens,11103.0,Closed,Mobile,0
63643988,2025-01-05 07:26:50,2025-01-07 09:29:32,DSNY,Illegal Dumping,Removal Request,Queens,11385.0,Closed,Phone,2
63643989,2025-01-05 11:03:51,2025-01-24 12:14:25,DSNY,Illegal Dumping,Removal Request,Bronx,10456.0,Closed,Mobile,19
63643990,2025-01-05 11:15:40,2025-01-10 16:28:33,DSNY,Illegal Dumping,Removal Request,Brooklyn,11219.0,Closed,Phone,5
63644002,2025-01-05 10:17:25,2025-01-07 08:35:33,DSNY,Illegal Dumping,Removal Request,Queens,11356.0,Closed,Phone,1
63644003,2025-01-05 14:04:02,2025-01-18 13:06:45,DSNY,Missed Collection,Bulky Recycling,Brooklyn,11237.0,Closed,Online,12
63644004,2025-01-05 14:24:34,2025-01-08 15:15:12,DSNY,Missed Collection,Trash,Queens,11412.0,Closed,Phone,3
63644005,2025-01-05 09:00:25,2025-01-11 17:09:54,DSNY,Missed Collection,Trash,Staten Island,10308.0,Closed,Online,6
63644006,2025-01-05 12:15:58,2025-01-09 14:20:51,DSNY,Missed Collection,Trash,Bronx,10465.0,Closed,Phone,4
63644062,2025-01-05 09:49:44,2025-01-05 11:01:38,DSNY,Vendor Enforcement,Non-Food Vendor,Manhattan,10004.0,Closed,Online,0
63644063,2025-01-05 19:48:05,2025-01-18 13:27:37,DSNY,Dumpster Complaint,Blocking Sidewalk or Street,Brooklyn,11238.0,Closed,Online,12
63644066,2025-01-05 11:44:09,2025-01-08 10:05:43,DSNY,Dirty Condition,Trash,Manhattan,10026.0,Closed,Mobile,2
63644070,2025-01-05 15:23:25,2025-01-06 13:17:09,DSNY,Dirty Condition,Trash,Brooklyn,11225.0,Closed,Phone,0
63644071,2025-01-05 16:46:14,2025-01-11 16:59:14,DSNY,Litter Basket Request,New Basket,Bronx,10467.0,Closed,Phone,6
63644072,2025-01-05 09:46:09,2025-01-18 12:58:25,DSNY,Missed Collection,Trash,Brooklyn,11207.0,Closed,Phone,13
63644073,2025-01-05 12:39:47,2025-01-08 11:56:53,DSNY,Missed Collection,Trash,Staten Island,10314.0,Closed,Online,2
63644080,2025-01-05 08:36:09,2025-01-07 17:25:55,DSNY,Missed Collection,Compost,Brooklyn,11215.0,Closed,Online,2
63644082,2025-01-05 15:40:51,2025-01-06 07:25:21,DSNY,Dead Animal,Bird,Queens,11372.0,Closed,Online,0
63644093,2025-01-05 14:13:23,2025-01-08 06:41:23,DSNY,Dirty Condition,Trash,Manhattan,10039.0,Closed,Mobile,2
63644094,2025-01-05 22:13:53,2025-01-06 11:14:59,DSNY,Dirty Condition,Trash,Bronx,10455.0,Closed,Mobile,0
63644095,2025-01-05 21:12:34,2025-01-06 07:28:19,DSNY,Dirty Condition,Trash,Brooklyn,11216.0,Closed,Mobile,0
63644096,2025-01-05 16:05:51,2025-01-07 23:09:06,DSNY,Dirty Condition,Trash,Queens,11101.0,Closed,Mobile,2
63644097,2025-01-05 14:05:25,2025-01-08 12:54:52,DSNY,Illegal Dumping,Removal Request,Queens,11385.0,Closed,Mobile,2
63644098,2025-01-05 17:16:48,2025-01-10 16:28:13,DSNY,Illegal Dumping,Removal Request,Brooklyn,11220.0,Closed,Phone,4
63644099,2025-01-05 10:34:56,2025-01-18 12:52:55,DSNY,Missed Collection,Bulky Trash,Brooklyn,11207.0,Closed,Online,13
63644100,2025-01-05 12:19:14,2025-01-05 14:01:38,DSNY,Vendor Enforcement,Non-Food Vendor,Manhattan,10036.0,Closed,Online,0
63644101,2025-01-05 09:36:24,2025-01-05 11:01:32,DSNY,Vendor Enforcement,Food Vendor,Manhattan,10007.0,Closed,Online,0
63644102,2025-01-05 14:48:33,2025-01-13 15:00:48,DSNY,Dead Animal,Cat,Brooklyn,11218.0,Closed,Phone,8
63644103,2025-01-05 18:24:03,2025-01-07 01:32:39,DSNY,Residential Disposal Complaint,Storage Area Not Provided,Brooklyn,11216.0,Closed,Online,1
63644104,2025-01-05 12:50:37,2025-01-06 17:15:07,DSNY,Residential Disposal Complaint,Trash or Recycling Not Secure,Manhattan,10025.0,Closed,Phone,1
63644105,2025-01-05 09:17:08,2025-01-13 15:00:38,DSNY,Missed Collection,Bulky Trash,Brooklyn,11219.0,Closed,Online,8
63644106,2025-01-05 09:05:36,2025-01-06 08:15:37,DSNY,Missed Collection,Bulky Trash,Queens,11429.0,Closed,Online,0
63644107,2025-01-05 09:27:50,2025-01-18 13:07:32,DSNY,Missed Collection,Trash,Brooklyn,11211.0,Closed,Online,13
63644112,2025-01-05 23:38:50,2025-01-06 13:18:05,DSNY,Residential Disposal Complaint,Waste Set Out Too Early or Too Late,Bronx,10454.0,Closed,Online,0
63644161,2025-01-05 11:04:21,2025-01-09 07:23:28,DSNY,Residential Disposal Complaint,Waste Set Out Too Early or Too Late,Brooklyn,11209.0,Closed,Online,3
63644174,2025-01-05 14:39:23,2025-01-08 15:12:27,DSNY,Snow Or Ice,Roadway,Queens,11434.0,Closed,Online,3
63644399,2025-01-05 17:15:52,2025-02-10 02:22:24,DSNY,Graffiti,Graffiti,Manhattan,10022.0,Closed,Unknown,35
63644435,2025-01-05 08:48:41,2025-03-13 00:00:00,DSNY,Graffiti,Graffiti,Brooklyn,11225.0,Closed,Unknown,66
63645461,2025-01-05 14:39:03,2025-01-06 04:00:31,DSNY,Dirty Condition,Trash,Bronx,10462.0,Closed,Mobile,0
63645463,2025-01-05 14:32:27,2025-01-07 20:41:54,DSNY,Dirty Condition,Trash,Bronx,10462.0,Closed,Mobile,2
63645464,2025-01-05 07:35:14,2025-01-06 14:46:17,DSNY,Dirty Condition,Trash,Staten Island,10314.0,Closed,Online,1
63645465,2025-01-05 20:46:43,2025-01-06 18:40:56,DSNY,Illegal Dumping,Removal Request,Queens,11377.0,Closed,Phone,0
63645466,2025-01-05 16:00:42,2025-01-18 13:03:32,DSNY,Illegal Dumping,Removal Request,Brooklyn,11225.0,Closed,Online,12
63645467,2025-01-05 16:19:44,2025-01-06 12:47:27,DSNY,Missed Collection,Bulky Recycling,Brooklyn,11220.0,Closed,Online,0
63645469,2025-01-05 08:49:30,2025-01-08 11:58:26,DSNY,Missed Collection,Recycling - Paper,Staten Island,10314.0,Closed,Online,3
63645470,2025-01-05 18:05:54,2025-01-07 01:06:20,DSNY,Residential Disposal Complaint,Waste Left in Front of Other Residence,Manhattan,10029.0,Closed,Phone,1
63645475,2025-01-05 16:06:44,2025-01-07 12:18:21,DSNY,Dead Animal,Bird,Staten Island,10312.0,Closed,Online,1
63645476,2025-01-05 20:27:23,2025-01-06 14:47:48,DSNY,Dirty Condition,Trash,Staten Island,10314.0,Closed,Online,0
63645478,2025-01-05 11:37:15,2025-01-06 13:12:08,DSNY,Obstruction,Cone,Brooklyn,11212.0,Closed,Online,1
63645486,2025-01-05 16:04:04,2025-01-06 11:00:57,DSNY,Dirty Condition,Trash,Brooklyn,11206.0,Closed,Mobile,0
63645487,2025-01-05 15:36:26,2025-01-07 06:58:09,DSNY,Dirty Condition,Trash,Brooklyn,11235.0,Closed,Mobile,1
63645488,2025-01-05 07:04:15,2025-01-06 05:50:44,DSNY,Dirty Condition,Trash,Staten Island,10312.0,Closed,Online,0
63645503,2025-01-05 11:26:08,2025-01-11 09:41:40,DSNY,Dirty Condition,Trash,Brooklyn,11209.0,Closed,Online,5
63645504,2025-01-05 11:10:34,2025-01-07 10:50:32,DSNY,Illegal Dumping,Removal Request,Bronx,10456.0,Closed,Online,1
63645505,2025-01-05 10:56:02,2025-01-07 17:37:02,DSNY,Missed Collection,Trash,Brooklyn,11223.0,Closed,Phone,2
63645593,2025-01-05 06:56:12,2025-01-06 05:51:19,DSNY,Dirty Condition,Trash,Staten Island,10309.0,Closed,Online,0
63645594,2025-01-05 11:51:00,2025-01-06 13:02:46,DSNY,Dirty Condition,Trash,Brooklyn,11222.0,Closed,Online,1
63645595,2025-01-05 19:57:37,2025-01-06 07:24:55,DSNY,Illegal Dumping,Removal Request,Queens,11367.0,Closed,Mobile,0
63645596,2025-01-05 21:03:33,2025-01-18 13:04:57,DSNY,Illegal Dumping,Removal Request,Brooklyn,11213.0,Closed,Phone,12
63645598,2025-01-05 11:45:59,2025-01-13 08:46:57,DSNY,Illegal Dumping,Removal Request,Manhattan,10030.0,Closed,Online,7
63645599,2025-01-05 07:20:58,2025-01-07 12:29:20,DSNY,Illegal Dumping,Removal Request,Staten Island,10312.0,Closed,Online,2
63645600,2025-01-05 11:10:05,2025-01-08 11:59:10,DSNY,Missed Collection,Trash,Staten Island,10314.0,Closed,Phone,3
63645601,2025-01-05 13:12:27,2025-01-18 12:52:52,DSNY,Missed Collection,Trash,Brooklyn,11207.0,Closed,Phone,12
63645602,2025-01-05 15:30:37,2025-01-07 09:31:19,DSNY,Missed Collection,Trash,Queens,11106.0,Closed,Online,1
63645603,2025-01-05 22:15:29,2025-01-07 01:34:41,DSNY,Residential Disposal Complaint,Trash or Recycling Not Secure,Brooklyn,11222.0,Closed,Online,1
63645605,2025-01-05 14:15:23,2025-01-10 13:45:33,DSNY,Residential Disposal Complaint,Trash or Recycling Not Secure,Brooklyn,11228.0,Closed,Phone,4
63645609,2025-01-05 19:20:16,2025-01-07 10:36:07,DSNY,Obstruction,Cone,Queens,11435.0,Closed,Online,1
63645613,2025-01-05 17:40:40,2025-01-07 00:42:14,DSNY,Dirty Condition,Trash,Manhattan,10011.0,Closed,Mobile,1
63645614,2025-01-05 15:31:30,2025-01-06 10:00:50,DSNY,Dirty Condition,Trash,Brooklyn,11206.0,Closed,Mobile,0
63645615,2025-01-05 08:05:04,2025-01-07 06:58:54,DSNY,Dirty Condition,Trash,Manhattan,10011.0,Closed,Mobile,1
63645616,2025-01-05 07:13:06,2025-01-13 07:17:08,DSNY,Illegal Dumping,Removal Request,Manhattan,10011.0,Closed,Mobile,8
63645617,2025-01-05 16:48:33,2025-01-06 12:49:22,DSNY,Illegal Dumping,Removal Request,Brooklyn,11210.0,Closed,Online,0
63645618,2025-01-05 22:52:30,2025-01-08 12:00:31,DSNY,Missed Collection,Bulky Recycling,Staten Island,10310.0,Closed,Online,2
63645620,2025-01-05 15:42:26,2025-01-20 11:01:17,DSNY,Dead Animal,Cat,Bronx,10473.0,Closed,Phone,14
63645621,2025-01-05 15:14:26,2025-01-08 12:00:41,DSNY,Dead Animal,Cat,Staten Island,10301.0,Closed,Phone,2
63645622,2025-01-05 10:54:40,2025-01-05 12:01:46,DSNY,Vendor Enforcement,Food Vendor,Brooklyn,11220.0,Closed,Phone,0
63645623,2025-01-05 23:00:30,2025-01-06 13:38:25,DSNY,Dirty Condition,Trash,Manhattan,10027.0,Closed,Online,0
63645624,2025-01-05 17:21:32,2025-01-06 06:58:32,DSNY,Dirty Condition,Trash,Brooklyn,11220.0,Closed,Phone,0
63645629,2025-01-05 07:54:37,2025-01-11 15:38:57,DSNY,Missed Collection,Recycling - Metal/Glass/Rigid Plastic,Manhattan,10028.0,Closed,Phone,6
63645630,2025-01-05 14:03:47,2025-01-18 13:20:17,DSNY,Missed Collection,Trash,Brooklyn,11203.0,Closed,Online,12
63645633,2025-01-05 11:47:36,2025-01-07 12:11:29,DSNY,Illegal Dumping,Chronic Dumping,Queens,11411.0,Closed,Mobile,2
63645721,2025-01-05 20:27:33,2025-01-05 22:01:33,DSNY,Vendor Enforcement,Food Vendor,Queens,11368.0,Closed,Phone,0
63645722,2025-01-05 15:51:47,2025-01-18 13:27:34,DSNY,Dumpster Complaint,Blocking Sidewalk or Street,Brooklyn,11238.0,Closed,Phone,12
63645723,2025-01-05 22:31:47,2025-01-07 06:57:21,DSNY,Illegal Dumping,Chronic Dumping,Brooklyn,11221.0,Closed,Mobile,1
63645732,2025-01-05 15:03:34,2025-01-13 08:47:47,DSNY,Dead Animal,Rat or Mouse,Manhattan,10027.0,Closed,Phone,7
63645733,2025-01-05 17:50:09,2025-01-09 11:38:40,DSNY,Illegal Dumping,Chronic Dumping,Staten Island,10306.0,Closed,Online,3
63645734,2025-01-05 16:24:15,2025-01-09 18:58:48,DSNY,Illegal Dumping,Chronic Dumping,Brooklyn,11222.0,Closed,Mobile,4
63645735,2025-01-05 15:06:51,2025-01-06 12:00:20,DSNY,Residential Disposal Complaint,Waste Set Out Too Early or Too Late,Queens,11419.0,Closed,Online,0
63645736,2025-01-05 12:14:57,2025-01-07 01:36:47,DSNY,Residential Disposal Complaint,Waste Set Out Too Early or Too Late,Manhattan,10013.0,Closed,Online,1
63645738,2025-01-05 15:10:14,2025-01-07 12:35:10,DSNY,Snow Or Ice,Roadway,Staten Island,10301.0,Closed,Online,1
63645755,2025-01-05 12:44:21,2025-01-09 08:26:49,DSNY,Residential Disposal Complaint,Trash Not Separated from Recycling,Staten Island,10306.0,Closed,Online,3
63645839,2025-01-05 17:13:57,2025-02-10 02:22:24,DSNY,Graffiti,Graffiti,Manhattan,10065.0,Closed,Unknown,35
63645880,2025-01-05 19:09:04,2025-01-05 21:01:40,DSNY,Commercial Disposal Complaint,Waste Disposal,Manhattan,10009.0,Closed,Phone,0
63645973,2025-01-05 12:27:00,2025-01-06 00:15:00,DSNY,Derelict Vehicles,Derelict Vehicles,Brooklyn,11223.0,Closed,Phone,0
63645982,2025-01-05 11:12:10,2025-01-16 00:00:00,DSNY,Graffiti,Graffiti,Queens,11385.0,Closed,Unknown,10
63645983,2025-01-05 07:38:52,2025-02-05 00:00:00,DSNY,Graffiti,Graffiti,Staten Island,10314.0,Closed,Unknown,30
63646066,2025-01-05 12:05:44,2025-01-05 14:01:43,DSNY,Commercial Disposal Complaint,Waste Disposal,Manhattan,10013.0,Closed,Online,0
63646243,2025-01-04 19:11:00,2025-01-05 20:41:00,DSNY,Derelict Vehicles,Derelict Vehicles,Queens,11356.0,Closed,Phone,1
63647162,2025-01-05 11:31:32,2025-01-08 10:04:42,DSNY,Dirty Condition,Trash,Manhattan,10026.0,Closed,Mobile,2
63647163,2025-01-05 10:49:32,2025-01-07 06:32:35,DSNY,Dirty Condition,Trash,Queens,11102.0,Closed,Mobile,1
63647165,2025-01-05 13:50:58,2025-01-10 10:50:25,DSNY,Dirty Condition,Trash,Manhattan,10030.0,Closed,Online,4
63647166,2025-01-05 20:41:33,2025-01-07 10:49:42,DSNY,Illegal Dumping,Removal Request,Bronx,10461.0,Closed,Phone,1
63647167,2025-01-05 11:43:51,2025-01-13 14:32:10,DSNY,Illegal Dumping,Removal Request,Brooklyn,11217.0,Closed,Phone,8
63647168,2025-01-05 10:56:59,2025-01-18 13:07:02,DSNY,Missed Collection,Recycling - Paper,Brooklyn,11206.0,Closed,Phone,13
63647169,2025-01-05 12:41:27,2025-01-08 11:40:24,DSNY,Missed Collection,Recycling - Paper,Staten Island,10314.0,Closed,Online,2
63647170,2025-01-05 16:32:04,2025-01-07 14:47:52,DSNY,Missed Collection,Recycling - Paper/Metal/Glass/Rigid Plastic,Queens,11001.0,Closed,Online,1
63647173,2025-01-05 08:55:36,2025-01-18 13:07:42,DSNY,Missed Collection,Compost,Brooklyn,11237.0,Closed,Online,13
63647186,2025-01-05 14:50:16,2025-01-06 18:57:16,DSNY,Obstruction,Cone,Staten Island,10303.0,Closed,Online,1
63647201,2025-01-05 14:10:12,2025-01-09 13:55:46,DSNY,Dirty Condition,Trash,Brooklyn,11205.0,Closed,Mobile,3
63647202,2025-01-05 09:33:31,2025-01-07 23:54:35,DSNY,Dirty Condition,Trash,Brooklyn,11229.0,Closed,Online,2
63647203,2025-01-05 22:24:21,2025-01-13 15:00:53,DSNY,Illegal Dumping,Removal Request,Brooklyn,11232.0,Closed,Mobile,7
63647204,2025-01-05 12:02:27,2025-01-09 14:19:03,DSNY,Missed Collection,Recycling - Metal/Glass/Rigid Plastic,Bronx,10465.0,Closed,Online,4
63647205,2025-01-05 09:34:31,2025-01-11 17:05:04,DSNY,Missed Collection,Trash,Bronx,10466.0,Closed,Online,6
63647208,2025-01-05 16:02:44,2025-01-06 10:46:28,DSNY,Dirty Condition,Trash,Brooklyn,11234.0,Closed,Phone,0
63647211,2025-01-05 08:41:36,2025-01-06 12:48:54,DSNY,Missed Collection,Compost,Brooklyn,11210.0,Closed,Phone,1
63647239,2025-01-05 07:05:58,2025-02-10 02:22:24,DSNY,Graffiti,Graffiti,Brooklyn,11211.0,Closed,Unknown,35
63647265,2025-01-05 21:26:31,2025-01-06 10:55:22,DSNY,Dirty Condition,Trash,Queens,11354.0,Closed,Mobile,0
63647266,2025-01-05 10:39:05,2025-01-06 11:03:12,DSNY,Dirty Condition,Trash,Brooklyn,11221.0,Closed,Mobile,1
63647267,2025-01-05 11:55:00,2025-01-07 12:38:46,DSNY,Dirty Condition,Trash,Queens,11385.0,Closed,Mobile,2
63647270,2025-01-05 11:24:35,2025-01-06 04:51:45,DSNY,Dirty Condition,Trash,Bronx,10456.0,Closed,Mobile,0
63647271,2025-01-05 10:22:04,2025-01-10 10:50:20,DSNY,Dirty Condition,Trash,Manhattan,10030.0,Closed,Online,5
63647272,2025-01-05 21:32:42,2025-01-09 15:03:27,DSNY,Illegal Dumping,Removal Request,Staten Island,10306.0,Closed,Phone,3
63647273,2025-01-05 20:42:52,2025-01-13 08:47:26,DSNY,Illegal Dumping,Removal Request,Manhattan,10039.0,Closed,Phone,7
63647274,2025-01-05 10:53:29,2025-01-18 13:22:49,DSNY,Illegal Dumping,Removal Request,Brooklyn,11208.0,Closed,Mobile,13
63647275,2025-01-05 10:30:14,2025-01-13 08:47:42,DSNY,Missed Collection,Bulky Recycling,Manhattan,10035.0,Closed,Online,7
63647277,2025-01-05 09:19:04,2025-01-07 09:31:24,DSNY,Missed Collection,Trash,Queens,11106.0,Closed,Online,2
63647278,2025-01-05 15:37:07,2025-01-06 12:47:40,DSNY,Missed Collection,Trash,Brooklyn,11220.0,Closed,Phone,0
63647279,2025-01-05 08:20:59,2025-01-07 15:46:03,DSNY,Missed Collection,Trash,Queens,11385.0,Closed,Online,2
63647282,2025-01-05 16:10:30,2025-01-09 14:18:26,DSNY,Missed Collection,Compost,Bronx,10462.0,Closed,Online,3
63647283,2025-01-05 16:01:12,2025-01-11 15:41:47,DSNY,Missed Collection,Compost,Manhattan,10128.0,Closed,Online,5
63647284,2025-01-05 15:28:56,2025-01-08 15:18:57,DSNY,Dead Animal,Raccoon,Queens,11436.0,Closed,Phone,2
63647285,2025-01-05 21:39:38,2025-01-06 21:30:38,DSNY,Dead Animal,Raccoon,Queens,11420.0,Closed,Phone,0
63647287,2025-01-05 10:48:06,2025-01-05 12:01:51,DSNY,Vendor Enforcement,Non-Food Vendor,Queens,11354.0,Closed,Online,0
63647288,2025-01-05 09:13:36,2025-01-05 11:01:31,DSNY,Vendor Enforcement,Food Vendor,Manhattan,10038.0,Closed,Online,0
63647289,2025-01-05 15:02:08,2025-01-05 17:01:28,DSNY,Vendor Enforcement,Food Vendor,Queens,11422.0,Closed,Phone,0
63647290,2025-01-05 17:11:03,2025-01-06 08:27:12,DSNY,Obstruction,Cone,Brooklyn,11236.0,Closed,Phone,0
63647298,2025-01-05 12:48:19,2025-01-06 13:46:51,DSNY,Dirty Condition,Trash,Queens,11360.0,Closed,Online,1
63647299,2025-01-05 20:31:05,2025-01-05 22:01:33,DSNY,Vendor Enforcement,Food Vendor,Queens,11368.0,Closed,Phone,0
63647307,2025-01-05 10:27:49,2025-01-06 02:22:24,DSNY,Graffiti,Graffiti,Manhattan,10013.0,Closed,Unknown,0
63647327,2025-01-05 09:42:01,2025-01-07 12:37:25,DSNY,Snow Or Ice,Roadway,Staten Island,10303.0,Closed,Phone,2
63647330,2025-01-05 17:04:37,2025-01-06 18:40:21,DSNY,Abandoned Bike,Chained to Public Property,Queens,11418.0,Closed,Online,1
63647331,2025-01-05 12:08:52,2025-01-05 21:21:17,DSNY,Dirty Condition,Trash,Brooklyn,11215.0,Closed,Mobile,0
63647334,2025-01-05 12:06:58,2025-01-08 10:09:10,DSNY,Dirty Condition,Trash,Manhattan,10027.0,Closed,Mobile,2
63647335,2025-01-05 16:02:52,2025-01-07 22:07:29,DSNY,Dirty Condition,Trash,Queens,11691.0,Closed,Mobile,2
63647336,2025-01-05 12:20:45,2025-01-08 13:28:08,DSNY,Dirty Condition,Trash,Brooklyn,11207.0,Closed,Mobile,3
63647337,2025-01-05 15:46:03,2025-01-06 11:16:00,DSNY,Dirty Condition,Trash,Bronx,10453.0,Closed,Phone,0
63647338,2025-01-05 06:53:20,2025-01-06 05:47:50,DSNY,Dirty Condition,Trash,Staten Island,10309.0,Closed,Online,0
63647339,2025-01-05 12:50:00,2025-01-08 12:57:26,DSNY,Illegal Dumping,Removal Request,Queens,11106.0,Closed,Phone,3
63647340,2025-01-05 09:27:38,2025-01-08 15:18:09,DSNY,Illegal Dumping,Removal Request,Queens,11354.0,Closed,Mobile,3
63647342,2025-01-05 12:07:46,2025-01-08 13:26:30,DSNY,Missed Collection,Bulky Trash,Brooklyn,11224.0,Closed,Phone,3
63647343,2025-01-05 12:39:10,2025-01-06 12:48:42,DSNY,Missed Collection,Recycling - Metal/Glass/Rigid Plastic,Brooklyn,11210.0,Closed,Online,1
63647344,2025-01-05 11:24:22,2025-01-08 15:37:04,DSNY,Missed Collection,Recycling - Metal/Glass/Rigid Plastic,Bronx,10466.0,Closed,Phone,3
63647345,2025-01-05 17:36:26,2025-01-06 07:48:50,DSNY,Missed Collection,Trash,Brooklyn,11206.0,Closed,Online,0
63647346,2025-01-05 11:05:54,2025-02-04 15:09:01,DSNY,Missed Collection,Trash,Bronx,10457.0,Closed,Phone,30
63647351,2025-01-05 17:55:50,2025-01-06 21:38:44,DSNY,Residential Disposal Complaint,Recycling Posters Not Posted,Manhattan,10014.0,Closed,Online,1
63647375,2025-01-05 12:32:58,2025-01-05 14:01:40,DSNY,Vendor Enforcement,Non-Food Vendor,Bronx,10468.0,Closed,Online,0
63647376,2025-01-05 11:45:43,2025-01-07 10:01:08,DSNY,Illegal Dumping,Chronic Dumping,Queens,11377.0,Closed,Mobile,1
63647404,2025-01-05 08:58:43,2025-01-07 12:36:52,DSNY,Snow Or Ice,Roadway,Staten Island,10309.0,Closed,Online,2
63647405,2025-01-05 08:22:12,2025-01-06 07:26:04,DSNY,Obstruction,Cone,Manhattan,10003.0,Closed,Phone,0
63647418,2025-01-05 21:54:34,2025-01-08 12:41:11,DSNY,Illegal Posting,Poster or Sign,Queens,11429.0,Closed,Online,2
63647425,2025-01-05 20:00:03,2025-01-07 08:45:51,DSNY,Snow Or Ice,Roadway,Queens,11428.0,Closed,Phone,1
63647454,2025-01-06 21:11:10,2025-01-08 14:23:50,DSNY,Snow Or Ice,Sidewalk,Brooklyn,11215.0,Closed,Phone,1
63647455,2025-01-06 06:20:02,2025-01-07 12:56:08,DSNY,Dirty Condition,Trash,Staten Island,10314.0,Closed,Online,1
63647456,2025-01-07 00:52:45,2025-01-08 00:13:32,DSNY,Dirty Condition,Trash,Bronx,10461.0,Closed,Phone,0
63647458,2025-01-06 21:22:59,2025-01-08 05:27:28,DSNY,Snow Or Ice,Sidewalk,Queens,11418.0,Closed,Mobile,1
63647459,2025-01-06 08:28:10,2025-01-07 01:30:16,DSNY,Dirty Condition,Trash,Brooklyn,11225.0,Closed,Mobile,0
63647460,2025-01-06 15:47:27,2025-01-07 08:06:45,DSNY,Dirty Condition,Trash,Brooklyn,11210.0,Closed,Mobile,0
63647461,2025-01-06 07:13:25,2025-01-07 10:56:55,DSNY,Dirty Condition,Trash,Manhattan,10031.0,Closed,Mobile,1
63647462,2025-01-06 07:26:48,2025-01-06 13:38:42,DSNY,Dirty Condition,Trash,Brooklyn,11237.0,Closed,Mobile,0
63647463,2025-01-06 07:15:17,2025-01-07 07:37:07,DSNY,Dirty Condition,Trash,Manhattan,10019.0,Closed,Online,1
63647464,2025-01-06 17:22:24,2025-01-07 11:08:31,DSNY,Dirty Condition,Trash,Queens,11428.0,Closed,Online,0
63647466,2025-01-06 08:44:08,2025-01-17 16:45:23,DSNY,Illegal Dumping,Removal Request,Brooklyn,11220.0,Closed,Phone,11
63647468,2025-01-06 22:25:23,2025-01-07 08:24:18,DSNY,Illegal Dumping,Removal Request,Brooklyn,11226.0,Closed,Mobile,0
63647469,2025-01-06 10:21:38,2025-01-18 13:20:37,DSNY,Illegal Dumping,Removal Request,Brooklyn,11208.0,Closed,Phone,12
63647471,2025-01-07 01:12:44,2025-01-07 12:34:12,DSNY,Snow Or Ice,Roadway,Staten Island,10312.0,Closed,Phone,0
63647472,2025-01-06 22:48:02,2025-01-08 13:11:10,DSNY,Snow Or Ice,Sidewalk,Manhattan,10169.0,Closed,Mobile,1
63647473,2025-01-06 23:13:37,2025-01-08 13:19:22,DSNY,Snow Or Ice,Sidewalk,Brooklyn,11216.0,Closed,Mobile,1
63647474,2025-01-06 09:06:25,2025-01-06 11:19:05,DSNY,Dirty Condition,Trash,Manhattan,10025.0,Closed,Online,0
63647475,2025-01-06 05:48:20,2025-01-07 12:35:26,DSNY,Dirty Condition,Trash,Queens,11385.0,Closed,Mobile,1
63647476,2025-01-06 01:59:59,2025-01-07 04:40:08,DSNY,Dirty Condition,Trash,Bronx,10451.0,Closed,Mobile,1
63647477,2025-01-06 20:14:44,2025-01-07 21:12:20,DSNY,Dirty Condition,Trash,Queens,11385.0,Closed,Online,1
63647478,2025-01-06 14:49:58,2025-01-18 13:10:25,DSNY,Illegal Dumping,Removal Request,Brooklyn,11207.0,Closed,Online,11
63647479,2025-01-06 16:20:55,2025-01-08 11:39:59,DSNY,Illegal Dumping,Removal Request,Staten Island,10309.0,Closed,Online,1
63647480,2025-01-06 15:55:44,2025-01-07 11:03:03,DSNY,Illegal Dumping,Removal Request,Brooklyn,11212.0,Closed,Phone,0
63647481,2025-01-06 22:20:16,2025-01-18 13:19:57,DSNY,Illegal Dumping,Removal Request,Brooklyn,11222.0,Closed,Phone,11
63647482,2025-01-06 21:54:34,2025-01-18 13:22:21,DSNY,Illegal Dumping,Removal Request,Brooklyn,11221.0,Closed,Phone,11
63647483,2025-01-06 09:45:45,2025-01-08 12:56:29,DSNY,Missed Collection,Trash,Queens,11101.0,Closed,Online,2
63647484,2025-01-06 22:27:34,2025-01-07 21:32:56,DSNY,Obstruction,Sidewalk Display,Bronx,10467.0,Closed,Online,0
63647485,2025-01-06 12:18:40,2025-01-07 13:45:40,DSNY,Dirty Condition,Trash,Bronx,10468.0,Closed,Online,1
63647487,2025-01-06 12:27:17,2025-01-27 10:37:39,DSNY,Missed Collection,Recycling - Metal/Glass/Rigid Plastic,Bronx,10472.0,Closed,Phone,20
63647488,2025-01-06 00:25:32,2025-01-06 16:15:24,DSNY,Residential Disposal Complaint,Trash or Recycling Not Secure,Queens,11354.0,Closed,Online,0
63647493,2025-01-06 09:01:29,2025-01-07 09:30:44,DSNY,Missed Collection,Trash,Queens,11106.0,Closed,Phone,1
63647496,2025-01-06 14:50:43,2025-01-17 16:46:32,DSNY,Missed Collection,Compost,Brooklyn,11209.0,Closed,Online,11
63647499,2025-01-06 11:14:41,2025-01-07 09:09:32,DSNY,Dirty Condition,Trash,Brooklyn,11236.0,Closed,Phone,0
63647500,2025-01-06 17:47:58,2025-01-17 16:46:00,DSNY,Illegal Dumping,Removal Request,Brooklyn,11209.0,Closed,Online,10
63647501,2025-01-06 08:19:17,2025-01-11 17:57:00,DSNY,Missed Collection,Trash,Queens,11692.0,Closed,Online,5
63647502,2025-01-06 19:47:32,2025-01-08 05:29:25,DSNY,Residential Disposal Complaint,Trash Not Separated from Recycling,Queens,11432.0,Closed,Online,1
63647506,2025-01-06 12:18:21,2025-01-06 13:20:46,DSNY,Dirty Condition,Trash,Bronx,10451.0,Closed,Online,0
63647508,2025-01-06 08:28:29,2025-01-07 01:15:30,DSNY,Illegal Dumping,Chronic Dumping,Manhattan,10006.0,Closed,Phone,0
63647513,2025-01-06 16:30:25,2025-01-08 12:58:41,DSNY,Dead Animal,Raccoon,Queens,11102.0,Closed,Phone,1
63647514,2025-01-06 13:07:47,2025-01-07 01:06:57,DSNY,Dirty Condition,Dog Waste,Manhattan,10039.0,Closed,Online,0
63647516,2025-01-06 15:11:01,2025-01-13 15:01:38,DSNY,Dead Animal,Raccoon,Brooklyn,11229.0,Closed,Online,6
63647517,2025-01-06 08:39:59,2025-01-06 09:45:58,DSNY,Missed Collection,Bulky Trash,Brooklyn,11229.0,Closed,Online,0
63647518,2025-01-06 17:21:41,2025-01-09 15:29:12,DSNY,Residential Disposal Complaint,Containers Left Out After Collection,Staten Island,10309.0,Closed,Online,2
63647526,2025-01-06 17:52:41,2025-01-07 01:28:54,DSNY,Residential Disposal Complaint,Trash or Recycling Not Secure,Brooklyn,11215.0,Closed,Phone,0
63647527,2025-01-06 15:13:47,2025-01-08 06:55:22,DSNY,Obstruction,Cone,Staten Island,10305.0,Closed,Phone,1
63647532,2025-01-06 18:23:12,2025-01-07 06:54:04,DSNY,Obstruction,Cone,Manhattan,10009.0,Closed,Online,0
63647533,2025-01-06 12:16:36,2025-01-10 16:30:19,DSNY,Dirty Condition,Debris from Car Accident,Brooklyn,11218.0,Closed,Phone,4
63647550,2025-01-06 00:13:50,2025-01-07 01:30:44,DSNY,Residential Disposal Complaint,Waste Left in Front of Other Residence,Brooklyn,11231.0,Closed,Phone,1
63647551,2025-01-06 07:31:45,2025-01-07 12:09:32,DSNY,Obstruction,Cone,Bronx,10460.0,Closed,Phone,1
63647552,2025-01-06 13:59:59,2025-01-07 04:56:09,DSNY,Obstruction,Cone,Queens,11420.0,Closed,Phone,0
63647626,2025-01-06 08:52:12,2025-01-08 15:14:54,DSNY,Obstruction,Trash or Recycling,Queens,11433.0,Closed,Phone,2
63647681,2025-01-05 10:36:00,2025-01-06 17:23:00,DSNY,Derelict Vehicles,Derelict Vehicles,Bronx,10475.0,Closed,Phone,1
63647682,2025-01-05 15:16:00,2025-01-06 04:07:00,DSNY,Derelict Vehicles,Derelict Vehicles,Queens,11373.0,Closed,Phone,0
63647696,2025-01-06 01:38:39,2025-01-06 03:01:39,DSNY,Commercial Disposal Complaint,Waste Disposal,Brooklyn,11225.0,Closed,Online,0
63647701,2025-01-06 11:18:00,2025-01-07 00:31:00,DSNY,Derelict Vehicles,Derelict Vehicles,Queens,11377.0,Closed,Phone,0
63647702,2025-01-04 10:46:00,2025-01-06 03:42:00,DSNY,Derelict Vehicles,Derelict Vehicles,Queens,11423.0,Closed,Phone,1
63647703,2025-01-05 11:05:00,2025-01-06 06:20:00,DSNY,Derelict Vehicles,Derelict Vehicles,Bronx,10455.0,Closed,Phone,0
63647706,2025-01-06 11:17:11,2025-01-06 13:01:55,DSNY,Commercial Disposal Complaint,Waste Disposal,Brooklyn,11215.0,Closed,Online,0
63647709,2025-01-04 16:31:00,2025-01-06 03:54:00,DSNY,Derelict Vehicles,Derelict Vehicles,Bronx,10465.0,Closed,Phone,1
63647715,2025-01-05 21:49:00,2025-01-06 04:51:00,DSNY,Derelict Vehicles,Derelict Vehicles,Manhattan,10040.0,Closed,Phone,0
63647716,2025-01-06 12:00:00,2025-01-07 00:56:00,DSNY,Derelict Vehicles,Derelict Vehicles,Bronx,10469.0,Closed,Phone,0
63647718,2025-01-05 10:55:00,2025-01-06 10:57:00,DSNY,Derelict Vehicles,Derelict Vehicles,Brooklyn,11205.0,Closed,Phone,1
63647726,2025-01-03 19:32:00,2025-01-06 07:30:00,DSNY,Derelict Vehicles,Derelict Vehicles,Bronx,10456.0,Closed,Phone,2
63647729,2025-01-04 20:15:00,2025-01-07 02:49:00,DSNY,Derelict Vehicles,Derelict Vehicles,Queens,11419.0,Closed,Phone,2
63647736,2025-01-05 13:01:00,2025-01-06 13:40:00,DSNY,Derelict Vehicles,Derelict Vehicles,Queens,11373.0,Closed,Phone,1
63647744,2025-01-04 16:47:00,2025-01-06 11:49:00,DSNY,Derelict Vehicles,Derelict Vehicles,Brooklyn,11216.0,Closed,Phone,1
63647746,2025-01-05 16:17:00,2025-01-06 03:51:00,DSNY,Derelict Vehicles,Derelict Vehicles,Queens,11379.0,Closed,Phone,0
63647747,2025-01-05 08:05:00,2025-01-07 08:05:00,DSNY,Derelict Vehicles,Derelict Vehicles,Queens,11412.0,Closed,Phone,2
63647748,2025-01-06 22:06:57,2025-01-07 08:44:39,DSNY,Dead Animal,Cat,Queens,11422.0,Closed,Phone,0
63647749,2025-01-06 15:52:34,2025-01-07 13:33:00,DSNY,Residential Disposal Complaint,Waste Set Out Too Early or Too Late,Queens,11413.0,Closed,Phone,0
63647754,2025-01-04 18:54:00,2025-01-06 07:50:00,DSNY,Derelict Vehicles,Derelict Vehicles,Bronx,10453.0,Closed,Phone,1
63647764,2025-01-04 10:10:00,2025-01-14 11:28:00,DSNY,Derelict Vehicles,Derelict Vehicles,Brooklyn,11203.0,Closed,Phone,10
63647767,2025-01-06 08:32:22,2025-01-08 13:24:55,DSNY,Dead Animal,Opossum,Brooklyn,11223.0,Closed,Phone,2
63647773,2025-01-05 19:23:00,2025-01-07 07:28:00,DSNY,Derelict Vehicles,Derelict Vehicles,Queens,11420.0,Closed,Phone,1
63647776,2025-01-06 11:03:19,2025-01-07 11:26:15,DSNY,Dirty Condition,Trash,Brooklyn,11212.0,Closed,Phone,1
63647777,2025-01-06 20:53:04,2025-02-04 14:20:38,DSNY,Dumpster Complaint,Blocking Sidewalk or Street,Bronx,10457.0,Closed,Online,28
63647782,2025-01-06 12:59:00,2025-01-06 23:03:00,DSNY,Derelict Vehicles,Derelict Vehicles,Brooklyn,11218.0,Closed,Phone,0
63647792,2025-01-06 08:26:13,2025-01-06 10:01:49,DSNY,Vendor Enforcement,Food Vendor,Manhattan,10004.0,Closed,Online,0
63647804,2025-01-06 21:46:54,2025-01-13 09:12:41,DSNY,Sanitation Worker Or Vehicle Complaint,Spilled Garbage,Manhattan,10026.0,Closed,Online,6
63647819,2025-01-06 13:57:31,2025-01-08 13:25:07,DSNY,Dead Animal,Opossum,Brooklyn,11223.0,Closed,Online,1
63647820,2025-01-06 08:34:52,2025-01-07 13:43:05,DSNY,Residential Disposal Complaint,Waste Set Out Too Early or Too Late,Brooklyn,11205.0,Closed,Online,1
63647859,2025-01-06 17:07:13,2025-01-07 12:37:47,DSNY,Snow Or Ice,Roadway,Staten Island,10312.0,Closed,Online,0
63647891,2025-01-06 16:52:14,2025-01-09 15:00:30,DSNY,Snow Or Ice,Roadway,Staten Island,10314.0,Closed,Online,2
63647892,2025-01-06 16:23:39,2025-01-07 12:37:00,DSNY,Snow Or Ice,Roadway,Staten Island,10301.0,Closed,Phone,0
63647893,2025-01-06 08:27:57,2025-01-09 15:01:02,DSNY,Snow Or Ice,Roadway,Staten Island,10314.0,Closed,Phone,3
63647894,2025-01-06 15:00:47,2025-01-07 12:32:45,DSNY,Snow Or Ice,Roadway,Staten Island,10301.0,Closed,Phone,0
63647935,2025-01-06 20:50:55,2025-01-09 14:57:38,DSNY,Snow Or Ice,Roadway,Staten Island,10314.0,Closed,Online,2
63647953,2025-01-06 11:27:25,2025-01-24 12:14:06,DSNY,Snow Or Ice,Roadway,Bronx,10459.0,Closed,Online,18
63647954,2025-01-06 19:36:57,2025-01-07 12:36:35,DSNY,Snow Or Ice,Roadway,Staten Island,10312.0,Closed,Online,0
63647955,2025-01-06 13:43:59,2025-01-07 12:37:20,DSNY,Snow Or Ice,Roadway,Staten Island,10304.0,Closed,Phone,0
63647956,2025-01-06 22:28:42,2025-01-08 05:30:05,DSNY,Residential Disposal Complaint,Trash Not Separated from Recycling,Queens,11360.0,Closed,Online,1
63647957,2025-01-06 18:42:04,2025-01-07 12:32:36,DSNY,Snow Or Ice,Roadway,Staten Island,10305.0,Closed,Online,0
63647988,2025-01-06 17:56:56,2025-01-07 12:37:42,DSNY,Snow Or Ice,Roadway,Staten Island,10305.0,Closed,Phone,0
63647989,2025-01-06 21:34:26,2025-01-07 12:30:50,DSNY,Snow Or Ice,Roadway,Staten Island,10304.0,Closed,Phone,0
63647997,2025-01-06 19:32:47,2025-01-07 17:35:06,DSNY,Snow Or Ice,Roadway,Brooklyn,11223.0,Closed,Phone,0
63647998,2025-01-06 13:40:37,2025-01-07 12:34:45,DSNY,Snow Or Ice,Roadway,Staten Island,10306.0,Closed,Phone,0
63648020,2025-01-06 09:54:42,2025-01-09 11:27:36,DSNY,Illegal Posting,Sticker or Decal,Queens,11368.0,Closed,Online,3
63648021,2025-01-06 10:01:22,2025-01-09 11:24:44,DSNY,Illegal Posting,Sticker or Decal,Queens,11372.0,Closed,Online,3
63648437,2025-01-06 08:43:36,2025-02-10 02:22:24,DSNY,Graffiti,Graffiti,Staten Island,10306.0,Closed,Unknown,34
63648512,2025-01-06 21:21:03,2025-03-31 00:00:00,DSNY,Graffiti,Graffiti,Brooklyn,11207.0,Closed,Unknown,83
63648544,2025-01-06 21:06:25,2025-02-11 02:22:23,DSNY,Graffiti,Graffiti,Brooklyn,11220.0,Closed,Unknown,35
63648563,2025-01-06 15:01:22,2025-02-11 02:22:23,DSNY,Graffiti,Graffiti,Manhattan,10009.0,Closed,Unknown,35
63648589,2025-01-06 14:38:21,2025-02-06 02:22:24,DSNY,Graffiti,Graffiti,Queens,11435.0,Closed,Unknown,30
63649068,2025-01-06 20:35:55,2025-02-11 02:22:23,DSNY,Graffiti,Graffiti,Manhattan,10003.0,Closed,Unknown,35
63649359,2025-01-06 21:50:49,2025-01-08 21:35:12,DSNY,Snow Or Ice,Sidewalk,Brooklyn,11230.0,Closed,Mobile,1
63649360,2025-01-06 20:42:53,2025-01-07 21:43:32,DSNY,Snow Or Ice,Sidewalk,Brooklyn,11221.0,Closed,Mobile,1
63649361,2025-01-06 06:06:42,2025-01-06 09:19:03,DSNY,Dirty Condition,Trash,Staten Island,10312.0,Closed,Online,0
63649364,2025-01-06 13:26:49,2025-01-07 22:43:16,DSNY,Dirty Condition,Trash,Bronx,10468.0,Closed,Mobile,1
63649365,2025-01-06 18:39:30,2025-01-08 10:46:23,DSNY,Dirty Condition,Trash,Bronx,10463.0,Closed,Mobile,1
63649366,2025-01-06 22:57:51,2025-01-07 09:50:48,DSNY,Dirty Condition,Trash,Queens,11375.0,Closed,Online,0
63649367,2025-01-06 06:42:23,2025-01-07 13:07:29,DSNY,Dirty Condition,Trash,Queens,11433.0,Closed,Online,1
63649368,2025-01-06 09:21:26,2025-01-18 13:20:12,DSNY,Illegal Dumping,Removal Request,Brooklyn,11226.0,Closed,Phone,12
63649369,2025-01-06 11:45:13,2025-01-18 13:19:06,DSNY,Illegal Dumping,Removal Request,Brooklyn,11207.0,Closed,Phone,12
63649370,2025-01-06 11:29:47,2025-01-08 12:03:34,DSNY,Illegal Dumping,Removal Request,Staten Island,10310.0,Closed,Online,2
63649371,2025-01-06 12:40:28,2025-01-07 01:33:01,DSNY,Residential Disposal Complaint,Trash or Recycling Not Secure,Brooklyn,11213.0,Closed,Phone,0
63649372,2025-01-06 19:38:07,2025-01-08 21:36:07,DSNY,Snow Or Ice,Sidewalk,Brooklyn,11230.0,Closed,Mobile,2
63649373,2025-01-06 22:34:58,2025-01-07 13:19:45,DSNY,Snow Or Ice,Sidewalk,Manhattan,10009.0,Closed,Mobile,0
63649374,2025-01-06 10:09:39,2025-01-08 12:46:20,DSNY,Dirty Condition,Trash,Brooklyn,11207.0,Closed,Mobile,2
63649375,2025-01-06 08:12:20,2025-01-07 13:22:50,DSNY,Dirty Condition,Trash,Manhattan,10035.0,Closed,Mobile,1
63649376,2025-01-06 10:55:29,2025-01-07 23:33:57,DSNY,Dirty Condition,Trash,Brooklyn,11211.0,Closed,Online,1
63649377,2025-01-06 23:11:05,2025-01-07 23:21:19,DSNY,Dirty Condition,Trash,Queens,11377.0,Closed,Online,1
63649382,2025-01-06 21:44:19,2025-01-09 15:20:45,DSNY,Snow Or Ice,Sidewalk,Staten Island,10312.0,Closed,Online,2
63649383,2025-01-06 21:43:15,2025-01-08 05:28:21,DSNY,Snow Or Ice,Sidewalk,Queens,11418.0,Closed,Mobile,1
63649384,2025-01-06 22:19:58,2025-01-08 21:29:04,DSNY,Snow Or Ice,Sidewalk,Brooklyn,11230.0,Closed,Mobile,1
63649389,2025-01-06 12:02:35,2025-01-09 14:12:16,DSNY,Illegal Dumping,Removal Request,Bronx,10462.0,Closed,Online,3
63649390,2025-01-06 14:25:09,2025-01-08 15:18:14,DSNY,Illegal Dumping,Removal Request,Queens,11436.0,Closed,Phone,2
63649391,2025-01-06 11:09:56,2025-01-13 08:32:10,DSNY,Illegal Dumping,Removal Request,Manhattan,10023.0,Closed,Phone,6
63649393,2025-01-06 21:51:31,2025-01-08 21:35:26,DSNY,Snow Or Ice,Sidewalk,Brooklyn,11230.0,Closed,Mobile,1
63649394,2025-01-06 06:42:02,2025-01-07 12:53:13,DSNY,Dirty Condition,Trash,Staten Island,10314.0,Closed,Online,1
63649395,2025-01-06 09:39:33,2025-01-18 12:47:44,DSNY,Illegal Dumping,Removal Request,Brooklyn,11208.0,Closed,Online,12
63649396,2025-01-06 15:55:24,2025-01-07 04:43:19,DSNY,Obstruction,Cone,Brooklyn,11217.0,Closed,Phone,0
63649397,2025-01-06 15:14:11,2025-01-07 13:29:14,DSNY,Obstruction,Cone,Manhattan,10028.0,Closed,Online,0
63649406,2025-01-06 15:54:19,2025-01-07 09:00:04,DSNY,Illegal Dumping,Removal Request,Manhattan,10002.0,Closed,Phone,0
63649412,2025-01-06 13:29:09,2025-01-09 14:38:38,DSNY,Missed Collection,Trash,Staten Island,10314.0,Closed,Online,3
63649413,2025-01-06 09:41:20,2025-01-07 08:40:11,DSNY,Dead Animal,Squirrel,Queens,11420.0,Closed,Phone,0
63649427,2025-01-06 09:31:53,2025-01-06 21:46:48,DSNY,Dirty Condition,Dog Waste,Queens,11423.0,Closed,Phone,0
63649437,2025-01-06 09:16:12,2025-01-06 21:47:14,DSNY,Dirty Condition,Dog Waste,Queens,11435.0,Closed,Phone,0
63649438,2025-01-06 06:19:20,2025-01-06 17:05:10,DSNY,Residential Disposal Complaint,Waste Set Out Too Early or Too Late,Staten Island,10312.0,Closed,Online,0
63649475,2025-01-07 01:49:14,2025-01-07 17:36:10,DSNY,Snow Or Ice,Roadway,Brooklyn,11229.0,Closed,Online,0
63649476,2025-01-06 05:53:20,2025-01-06 05:55:07,DSNY,Dirty Condition,Trash,Staten Island,10309.0,Closed,Online,0
63649477,2025-01-06 14:19:27,2025-01-07 12:22:20,DSNY,Dirty Condition,Trash,Queens,11385.0,Closed,Online,0
63649478,2025-01-06 08:58:10,2025-01-07 13:02:30,DSNY,Dirty Condition,Trash,Manhattan,10035.0,Closed,Mobile,1
63649512,2025-01-06 09:56:37,2025-01-07 11:23:51,DSNY,Missed Collection,Bulky Trash,Brooklyn,11229.0,Closed,Online,1
63649528,2025-01-06 04:57:50,2025-01-06 05:17:01,DSNY,Dirty Condition,Trash,Queens,11378.0,Closed,Online,0
63649529,2025-01-06 09:41:53,2025-01-07 01:07:38,DSNY,Obstruction,Merchandise,Manhattan,10027.0,Closed,Phone,0
63649535,2025-01-05 13:50:00,2025-01-06 03:46:00,DSNY,Derelict Vehicles,Derelict Vehicles,Bronx,10462.0,Closed,Phone,0
63649536,2025-01-04 19:05:00,2025-01-06 11:09:00,DSNY,Derelict Vehicles,Derelict Vehicles,Bronx,10453.0,Closed,Phone,1
63649547,2025-01-06 09:09:54,2025-01-07 12:29:32,DSNY,Dead Animal,Raccoon,Staten Island,10312.0,Closed,Phone,1
63649548,2025-01-06 08:55:50,2025-01-06 10:00:14,DSNY,Dirty Condition,Trash,Queens,11375.0,Closed,Online,0
63649549,2025-01-06 18:11:58,2025-01-07 00:33:08,DSNY,Dirty Condition,Dog Waste,Bronx,10458.0,Closed,Phone,0
63649550,2025-01-06 19:54:52,2025-01-07 10:23:21,DSNY,Obstruction,Cone,Queens,11373.0,Closed,Online,0
63649551,2025-01-06 15:02:28,2025-01-07 12:51:00,DSNY,Obstruction,Cone,Queens,11365.0,Closed,Phone,0
63649552,2025-01-06 08:02:00,2025-01-07 01:32:00,DSNY,Derelict Vehicles,Derelict Vehicles,Queens,11385.0,Closed,Phone,0
63649575,2025-01-05 11:23:00,2025-01-06 03:47:00,DSNY,Derelict Vehicles,Derelict Vehicles,Bronx,10460.0,Closed,Phone,0
63649583,2025-01-05 17:32:00,2025-01-06 05:28:00,DSNY,Derelict Vehicles,Derelict Vehicles,Manhattan,10026.0,Closed,Phone,0
63649593,2025-01-05 09:54:00,2025-01-06 03:45:00,DSNY,Derelict Vehicles,Derelict Vehicles,Bronx,10473.0,Closed,Phone,0
63649610,2025-01-04 14:08:00,2025-01-06 15:11:00,DSNY,Derelict Vehicles,Derelict Vehicles,Brooklyn,11226.0,Closed,Phone,2
63649612,2025-01-05 21:48:00,2025-01-07 01:43:00,DSNY,Derelict Vehicles,Derelict Vehicles,Queens,11435.0,Closed,Phone,1
63649613,2025-01-03 18:16:00,2025-01-06 14:59:00,DSNY,Derelict Vehicles,Derelict Vehicles,Brooklyn,11203.0,Closed,Phone,2
63649615,2025-01-06 11:20:00,2025-01-07 00:31:00,DSNY,Derelict Vehicles,Derelict Vehicles,Queens,11377.0,Closed,Phone,0
63649616,2025-01-04 14:14:00,2025-01-06 07:12:00,DSNY,Derelict Vehicles,Derelict Vehicles,Queens,11370.0,Closed,Phone,1
63649622,2025-01-04 19:07:00,2025-01-06 06:17:00,DSNY,Derelict Vehicles,Derelict Vehicles,Bronx,10453.0,Closed,Phone,1
63649626,2025-01-04 09:33:00,2025-01-06 12:27:00,DSNY,Derelict Vehicles,Derelict Vehicles,Queens,11411.0,Closed,Phone,2
63649627,2025-01-06 08:14:00,2025-01-06 11:03:00,DSNY,Derelict Vehicles,Derelict Vehicles,Brooklyn,11226.0,Closed,Phone,0
63649632,2025-01-02 16:05:00,2025-01-06 15:04:00,DSNY,Derelict Vehicles,Derelict Vehicles,Brooklyn,11203.0,Closed,Phone,3
63649633,2025-01-05 11:47:00,2025-01-06 13:31:00,DSNY,Derelict Vehicles,Derelict Vehicles,Brooklyn,11234.0,Closed,Phone,1
63649634,2025-01-05 14:26:00,2025-01-07 06:22:00,DSNY,Derelict Vehicles,Derelict Vehicles,Bronx,10456.0,Closed,Phone,1
63649644,2025-01-04 12:47:00,2025-01-06 07:13:00,DSNY,Derelict Vehicles,Derelict Vehicles,Queens,11369.0,Closed,Phone,1
63649651,2025-01-05 19:23:00,2025-01-06 18:46:00,DSNY,Derelict Vehicles,Derelict Vehicles,Brooklyn,11234.0,Closed,Phone,0
63649673,2025-01-05 10:06:00,2025-01-06 04:38:00,DSNY,Derelict Vehicles,Derelict Vehicles,Manhattan,10004.0,Closed,Phone,0
63649680,2025-01-06 19:03:38,2025-01-06 21:01:40,DSNY,Vendor Enforcement,Food Vendor,Bronx,10462.0,Closed,Online,0
63649681,2025-01-06 08:49:48,2025-01-06 10:01:50,DSNY,Vendor Enforcement,Food Vendor,Manhattan,10025.0,Closed,Online,0
63649682,2025-01-06 08:55:11,2025-01-10 04:57:12,DSNY,Illegal Dumping,Chronic Dumping,Staten Island,10304.0,Closed,Mobile,3
63649686,2025-01-05 12:37:00,2025-01-06 04:39:00,DSNY,Derelict Vehicles,Derelict Vehicles,Manhattan,10004.0,Closed,Phone,0
63649729,2025-01-06 07:09:50,2025-01-08 12:15:53,DSNY,Illegal Dumping,Chronic Dumping,Manhattan,10014.0,Closed,Mobile,2
63649759,2025-01-05 06:06:00,2025-01-06 07:12:00,DSNY,Derelict Vehicles,Derelict Vehicles,Queens,11369.0,Closed,Phone,1
63649760,2025-01-06 16:36:58,2025-01-09 15:01:28,DSNY,Snow Or Ice,Roadway,Staten Island,10304.0,Closed,Online,2
63649761,2025-01-06 20:53:48,2025-01-09 14:57:57,DSNY,Snow Or Ice,Roadway,Staten Island,10314.0,Closed,Phone,2
63649766,2025-01-06 21:20:38,2025-01-07 12:31:55,DSNY,Snow Or Ice,Roadway,Staten Island,10305.0,Closed,Online,0
63649767,2025-01-06 12:35:48,2025-01-07 17:36:39,DSNY,Snow Or Ice,Roadway,Brooklyn,11223.0,Closed,Phone,1
63649780,2025-01-06 20:53:00,2025-01-09 10:04:00,DSNY,Derelict Vehicles,Derelict Vehicles,Queens,11385.0,Closed,Phone,2
63649806,2025-01-06 22:20:57,2025-01-07 00:01:36,DSNY,Vendor Enforcement,Food Vendor,Brooklyn,11201.0,Closed,Online,0
63649807,2025-01-06 10:32:17,2025-01-08 12:01:28,DSNY,Dead Animal,Raccoon,Staten Island,10301.0,Closed,Phone,2
63649808,2025-01-06 17:56:29,2025-01-07 04:52:50,DSNY,Litter Basket Complaint,Misuse,Bronx,10456.0,Closed,Online,0
63649851,2025-01-06 21:59:01,2025-01-07 12:11:11,DSNY,Snow Or Ice,Roadway,Staten Island,10312.0,Closed,Online,0
63649968,2025-01-06 07:27:00,2025-01-09 15:01:02,DSNY,Snow Or Ice,Roadway,Staten Island,10314.0,Closed,Phone,3
63649969,2025-01-06 20:32:02,2025-01-07 10:56:37,DSNY,Snow Or Ice,Roadway,Queens,11372.0,Closed,Phone,0
63649970,2025-01-06 16:29:17,2025-01-09 12:01:17,DSNY,Snow Or Ice,Roadway,Staten Island,10304.0,Closed,Online,2
63649971,2025-01-06 21:15:41,2025-01-07 12:32:57,DSNY,Snow Or Ice,Roadway,Staten Island,10305.0,Closed,Phone,0
63650710,2025-01-06 22:19:42,2025-01-07 00:01:42,DSNY,Commercial Disposal Complaint,Waste Disposal,Brooklyn,11201.0,Closed,Online,0
63650714,2025-01-06 12:14:29,2025-01-13 06:17:53,DSNY,Obstruction,Trash or Recycling,Manhattan,10016.0,Closed,Online,6
63650754,2025-01-06 13:41:26,2025-01-07 17:37:20,DSNY,Obstruction,Trash or Recycling,Brooklyn,11230.0,Closed,Online,1
63650755,2025-01-06 15:49:29,2025-01-13 12:05:17,DSNY,Obstruction,Trash or Recycling,Queens,11378.0,Closed,Phone,6
63650763,2025-01-06 20:53:55,2025-01-13 08:45:13,DSNY,Dumpster Complaint,Overflowing dumpster,Manhattan,10032.0,Closed,Online,6
63650766,2025-01-06 23:55:07,2025-01-07 01:01:47,DSNY,Commercial Disposal Complaint,Waste Disposal,Manhattan,10013.0,Closed,Online,0
63650775,2025-01-06 13:34:41,2025-02-11 02:22:23,DSNY,Graffiti,Graffiti,Queens,11365.0,Closed,Unknown,35
63650837,2025-01-06 10:29:30,2025-02-10 02:22:24,DSNY,Graffiti,Graffiti,Brooklyn,11249.0,Closed,Unknown,34
63650838,2025-01-06 15:14:37,2025-01-15 00:00:00,DSNY,Graffiti,Graffiti,Queens,11421.0,Closed,Unknown,8
63650940,2025-01-06 13:16:38,2025-01-29 02:22:23,DSNY,Graffiti,Graffiti,Manhattan,10019.0,Closed,Unknown,22
63651272,2025-01-06 21:54:42,2025-01-08 13:19:57,DSNY,Snow Or Ice,Sidewalk,Manhattan,10012.0,Closed,Mobile,1
63651273,2025-01-06 19:43:15,2025-01-08 21:39:42,DSNY,Snow Or Ice,Sidewalk,Brooklyn,11230.0,Closed,Mobile,2
63651274,2025-01-06 21:32:43,2025-01-08 14:57:18,DSNY,Snow Or Ice,Sidewalk,Brooklyn,11209.0,Closed,Mobile,1
63651275,2025-01-06 20:10:08,2025-01-07 21:40:35,DSNY,Snow Or Ice,Sidewalk,Brooklyn,11206.0,Closed,Online,1
63651276,2025-01-06 23:09:15,2025-01-13 09:16:40,DSNY,Snow Or Ice,Sidewalk,Brooklyn,11212.0,Closed,Online,6
63651277,2025-01-06 11:26:38,2025-01-15 14:07:47,DSNY,Abandoned Bike,Chained to Public Property,Brooklyn,11238.0,Closed,Online,9
63651283,2025-01-06 10:06:52,2025-01-06 14:30:09,DSNY,Dirty Condition,Trash,Queens,11374.0,Closed,Mobile,0
63651284,2025-01-06 16:01:33,2025-01-07 07:42:39,DSNY,Dirty Condition,Trash,Bronx,10462.0,Closed,Mobile,0
63651285,2025-01-06 08:25:07,2025-01-07 04:53:05,DSNY,Dirty Condition,Trash,Manhattan,10034.0,Closed,Mobile,0
63651286,2025-01-07 00:45:30,2025-01-07 23:51:52,DSNY,Dirty Condition,Trash,Queens,11435.0,Closed,Mobile,0
63651287,2025-01-06 09:08:29,2025-01-07 06:55:20,DSNY,Illegal Dumping,Removal Request,Manhattan,10009.0,Closed,Phone,0
63651288,2025-01-06 17:32:30,2025-01-10 16:30:06,DSNY,Illegal Dumping,Removal Request,Brooklyn,11219.0,Closed,Online,3
63651290,2025-01-06 22:24:48,2025-01-08 05:33:38,DSNY,Snow Or Ice,Sidewalk,Queens,11101.0,Closed,Online,1
63651291,2025-01-06 21:41:15,2025-01-08 15:04:20,DSNY,Snow Or Ice,Sidewalk,Brooklyn,11230.0,Closed,Online,1
63651292,2025-01-06 10:27:25,2025-01-06 11:10:58,DSNY,Dirty Condition,Trash,Manhattan,10036.0,Closed,Mobile,0
63651294,2025-01-06 12:05:47,2025-01-17 16:46:46,DSNY,Missed Collection,Recycling - Paper,Brooklyn,11228.0,Closed,Online,11
63651296,2025-01-06 08:55:53,2025-01-07 06:55:43,DSNY,Dirty Condition,Trash,Bronx,10451.0,Closed,Mobile,0
63651297,2025-01-06 12:58:55,2025-01-07 06:41:02,DSNY,Dirty Condition,Trash,Bronx,10458.0,Closed,Mobile,0
63651298,2025-01-06 18:07:26,2025-01-07 04:55:36,DSNY,Obstruction,Cone,Queens,11419.0,Closed,Phone,0
63651305,2025-01-07 00:54:42,2025-01-08 04:28:44,DSNY,Dirty Condition,Trash,Queens,11435.0,Closed,Mobile,1
63651306,2025-01-06 18:46:40,2025-01-07 05:09:22,DSNY,Dirty Condition,Trash,Manhattan,10013.0,Closed,Mobile,0
63651307,2025-01-06 22:51:17,2025-01-07 15:45:06,DSNY,Illegal Dumping,Removal Request,Queens,11385.0,Closed,Online,0
63651308,2025-01-06 07:38:11,2025-01-08 12:00:13,DSNY,Missed Collection,Trash,Staten Island,10310.0,Closed,Online,2
63651309,2025-01-06 06:20:46,2025-01-06 17:09:31,DSNY,Residential Disposal Complaint,Waste Set Out Too Early or Too Late,Staten Island,10312.0,Closed,Online,0
63651311,2025-01-06 10:18:56,2025-01-06 22:37:34,DSNY,Dirty Condition,Trash,Manhattan,10011.0,Closed,Phone,0
63651320,2025-01-06 06:23:23,2025-01-06 18:52:55,DSNY,Residential Disposal Complaint,Waste Set Out Too Early or Too Late,Staten Island,10312.0,Closed,Online,0
63651326,2025-01-07 01:49:54,2025-01-13 06:32:30,DSNY,Snow Or Ice,Sidewalk,Brooklyn,11229.0,Closed,Mobile,6
63651327,2025-01-06 21:37:49,2025-01-08 05:36:25,DSNY,Snow Or Ice,Sidewalk,Queens,11418.0,Closed,Mobile,1
63651344,2025-01-06 08:35:50,2025-01-06 13:45:47,DSNY,Dirty Condition,Trash,Queens,11357.0,Closed,Mobile,0
63651353,2025-01-06 20:52:05,2025-01-08 05:33:19,DSNY,Snow Or Ice,Sidewalk,Queens,11105.0,Closed,Mobile,1
63651354,2025-01-06 20:15:43,2025-01-13 09:14:56,DSNY,Snow Or Ice,Sidewalk,Brooklyn,11218.0,Closed,Mobile,6
63651355,2025-01-06 21:16:42,2025-01-08 05:36:50,DSNY,Snow Or Ice,Sidewalk,Queens,11418.0,Closed,Mobile,1
63651356,2025-01-06 20:39:25,2025-01-08 15:06:14,DSNY,Snow Or Ice,Sidewalk,Brooklyn,11230.0,Closed,Mobile,1
63651357,2025-01-06 22:29:44,2025-01-08 09:31:59,DSNY,Dirty Condition,Trash,Manhattan,10017.0,Closed,Mobile,1
63651358,2025-01-06 12:48:15,2025-01-07 13:47:03,DSNY,Dirty Condition,Trash,Bronx,10458.0,Closed,Online,1
63651359,2025-01-06 10:12:23,2025-01-07 07:40:56,DSNY,Dirty Condition,Trash,Manhattan,10022.0,Closed,Online,0
63651360,2025-01-06 09:01:03,2025-01-08 06:26:14,DSNY,Dirty Condition,Trash,Queens,11378.0,Closed,Online,1
63651361,2025-01-06 14:29:28,2025-01-08 03:44:55,DSNY,Dirty Condition,Trash,Bronx,10472.0,Closed,Online,1
63651362,2025-01-06 23:52:36,2025-01-07 06:37:10,DSNY,Dirty Condition,Trash,Queens,11369.0,Closed,Online,0
63651363,2025-01-06 10:30:00,2025-01-08 15:37:54,DSNY,Illegal Dumping,Removal Request,Bronx,10453.0,Closed,Mobile,2
63651364,2025-01-06 10:48:06,2025-01-08 10:13:03,DSNY,Illegal Dumping,Removal Request,Queens,11355.0,Closed,Mobile,1
63651379,2025-01-06 05:57:03,2025-01-06 17:06:48,DSNY,Dirty Condition,Trash,Staten Island,10309.0,Closed,Online,0
63651380,2025-01-06 13:14:48,2025-01-08 15:35:03,DSNY,Illegal Dumping,Removal Request,Bronx,10469.0,Closed,Online,2
63651381,2025-01-06 09:01:55,2025-01-20 11:00:49,DSNY,Illegal Dumping,Chronic Dumping,Bronx,10473.0,Closed,Mobile,14
63651382,2025-01-06 09:13:43,2025-01-09 14:54:52,DSNY,Illegal Dumping,Removal Request,Staten Island,10314.0,Closed,Phone,3
63651391,2025-01-06 10:42:45,2025-01-18 13:18:37,DSNY,Illegal Dumping,Removal Request,Brooklyn,11208.0,Closed,Phone,12
63651392,2025-01-06 06:24:37,2025-01-06 17:02:34,DSNY,Residential Disposal Complaint,Waste Set Out Too Early or Too Late,Staten Island,10312.0,Closed,Online,0
63651393,2025-01-06 20:07:34,2025-01-10 13:47:37,DSNY,Residential Disposal Complaint,Trash or Recycling Not Secure,Brooklyn,11228.0,Closed,Online,3
63651394,2025-01-06 21:26:18,2025-01-15 13:40:41,DSNY,Residential Disposal Complaint,Trash or Recycling Not Secure,Brooklyn,11228.0,Closed,Online,8
63651400,2025-01-05 19:02:00,2025-01-06 03:52:00,DSNY,Derelict Vehicles,Derelict Vehicles,Queens,11385.0,Closed,Phone,0
63651410,2025-01-06 12:11:41,2025-01-13 15:01:24,DSNY,Missed Collection,Compost,Brooklyn,11235.0,Closed,Online,7
63651418,2025-01-06 18:00:23,2025-01-07 00:47:52,DSNY,Dirty Condition,Trash,Manhattan,10034.0,Closed,Online,0
63651419,2025-01-05 12:05:00,2025-01-06 04:14:00,DSNY,Derelict Vehicles,Derelict Vehicles,Brooklyn,11235.0,Closed,Phone,0
63651429,2025-01-06 15:33:31,2025-01-07 01:29:36,DSNY,Residential Disposal Complaint,Waste Left in Front of Other Residence,Brooklyn,11215.0,Closed,Online,0
63651445,2025-01-05 13:31:00,2025-01-06 04:03:00,DSNY,Derelict Vehicles,Derelict Vehicles,Queens,11385.0,Closed,Phone,0
63651458,2025-01-05 13:48:00,2025-01-06 04:39:00,DSNY,Derelict Vehicles,Derelict Vehicles,Manhattan,10004.0,Closed,Phone,0
63651504,2025-01-04 10:16:00,2025-01-06 06:15:00,DSNY,Derelict Vehicles,Derelict Vehicles,Bronx,10453.0,Closed,Phone,1
63651505,2025-01-05 16:22:00,2025-01-07 00:20:00,DSNY,Derelict Vehicles,Derelict Vehicles,Manhattan,10018.0,Closed,Phone,1
63651509,2025-01-03 16:34:00,2025-01-06 06:13:00,DSNY,Derelict Vehicles,Derelict Vehicles,Bronx,10458.0,Closed,Phone,2
63651510,2025-01-06 16:00:00,2025-01-07 00:29:00,DSNY,Derelict Vehicles,Derelict Vehicles,Queens,11420.0,Closed,Phone,0
63651511,2025-01-04 17:41:00,2025-01-06 03:34:00,DSNY,Derelict Vehicles,Derelict Vehicles,Queens,11436.0,Closed,Phone,1
63651514,2025-01-06 11:21:00,2025-01-07 00:31:00,DSNY,Derelict Vehicles,Derelict Vehicles,Queens,11377.0,Closed,Phone,0
63651534,2025-01-04 19:17:00,2025-01-06 07:49:00,DSNY,Derelict Vehicles,Derelict Vehicles,Bronx,10453.0,Closed,Phone,1
63651535,2025-01-06 22:17:00,2025-01-06 22:59:00,DSNY,Derelict Vehicles,Derelict Vehicles,Brooklyn,11220.0,Closed,Phone,0
63651540,2025-01-06 08:40:41,2025-01-07 08:44:53,DSNY,Dead Animal,Cat,Queens,11413.0,Closed,Phone,1
63651541,2025-01-06 01:24:53,2025-01-08 05:39:09,DSNY,Dirty Condition,Dog Waste,Queens,11693.0,Closed,Online,2
63651542,2025-01-06 18:55:25,2025-01-07 05:21:25,DSNY,Residential Disposal Complaint,Waste Set Out Too Early or Too Late,Brooklyn,11224.0,Closed,Online,0
63651557,2025-01-04 22:05:00,2025-01-06 13:24:00,DSNY,Derelict Vehicles,Derelict Vehicles,Brooklyn,11221.0,Closed,Phone,1
63651558,2025-01-03 12:09:00,2025-01-06 12:34:00,DSNY,Derelict Vehicles,Derelict Vehicles,Staten Island,10312.0,Closed,Phone,3
63651559,2025-01-06 07:15:34,2025-01-06 09:01:52,DSNY,Vendor Enforcement,Food Vendor,Manhattan,10006.0,Closed,Online,0
63651560,2025-01-03 20:40:00,2025-01-06 03:33:00,DSNY,Derelict Vehicles,Derelict Vehicles,Queens,11423.0,Closed,Phone,2
63651575,2025-01-05 10:01:00,2025-01-06 04:06:00,DSNY,Derelict Vehicles,Derelict Vehicles,Queens,11373.0,Closed,Phone,0
63651576,2025-01-04 20:26:00,2025-01-06 03:45:00,DSNY,Derelict Vehicles,Derelict Vehicles,Bronx,10473.0,Closed,Phone,1
63651577,2025-01-03 18:22:00,2025-01-06 06:16:00,DSNY,Derelict Vehicles,Derelict Vehicles,Bronx,10453.0,Closed,Phone,2
63651587,2025-01-06 18:10:54,2025-01-09 13:02:29,DSNY,Residential Disposal Complaint,Waste Set Out Too Early or Too Late,Manhattan,10026.0,Closed,Online,2
63651588,2025-01-06 19:42:01,2025-01-13 07:15:25,DSNY,Sanitation Worker Or Vehicle Complaint,Inappropriate Behavior,Queens,11413.0,Closed,Phone,6
63651589,2025-01-06 22:07:32,2025-01-19 11:18:23,DSNY,Sanitation Worker Or Vehicle Complaint,Inappropriate Behavior,Brooklyn,11222.0,Closed,Phone,12
63651590,2025-01-06 13:39:13,2025-01-07 12:16:29,DSNY,Sanitation Worker Or Vehicle Complaint,Spilled Garbage,Staten Island,10309.0,Closed,Online,0
63651593,2025-01-05 10:04:00,2025-01-06 03:53:00,DSNY,Derelict Vehicles,Derelict Vehicles,Queens,11379.0,Closed,Phone,0
63651630,2025-01-04 15:01:00,2025-01-06 03:53:00,DSNY,Derelict Vehicles,Derelict Vehicles,Queens,11379.0,Closed,Phone,1
63651631,2025-01-06 10:12:00,2025-01-07 00:07:00,DSNY,Derelict Vehicles,Derelict Vehicles,Bronx,10472.0,Closed,Phone,0
63651639,2025-01-06 16:58:01,2025-01-07 07:33:49,DSNY,Snow Or Ice,Roadway,Brooklyn,11209.0,Closed,Online,0
63651640,2025-01-06 08:22:16,2025-01-07 12:35:25,DSNY,Snow Or Ice,Roadway,Staten Island,10312.0,Closed,Phone,1
63651643,2025-01-06 12:30:49,2025-01-06 14:02:04,DSNY,Vendor Enforcement,Non-Food Vendor,Manhattan,10004.0,Closed,Online,0
63651644,2025-01-06 19:26:01,2025-01-07 13:35:58,DSNY,Dirty Condition,Trash,Queens,11419.0,Closed,Phone,0
63651645,2025-01-06 11:19:09,2025-01-14 13:24:43,DSNY,Illegal Dumping,Chronic Dumping,Bronx,10452.0,Closed,Mobile,8
63651685,2025-01-06 15:18:46,2025-01-07 12:38:22,DSNY,Snow Or Ice,Roadway,Staten Island,10301.0,Closed,Phone,0
63651686,2025-01-06 14:26:24,2025-01-07 12:35:41,DSNY,Snow Or Ice,Roadway,Staten Island,10310.0,Closed,Phone,0
63651703,2025-01-06 16:59:21,2025-01-07 12:37:36,DSNY,Snow Or Ice,Roadway,Staten Island,10301.0,Closed,Online,0
63651819,2025-01-06 20:57:50,2025-01-07 12:35:01,DSNY,Snow Or Ice,Roadway,Staten Island,10308.0,Closed,Phone,0
63651820,2025-01-06 18:38:04,2025-01-07 12:36:57,DSNY,Snow Or Ice,Roadway,Staten Island,10301.0,Closed,Online,0
63651821,2025-01-06 22:53:05,2025-01-18 13:20:08,DSNY,Snow Or Ice,Roadway,Brooklyn,11206.0,Closed,Phone,11
63651822,2025-01-06 21:25:45,2025-01-08 13:25:20,DSNY,Snow Or Ice,Roadway,Brooklyn,11224.0,Closed,Phone,1
63651823,2025-01-06 14:18:39,2025-01-07 12:36:40,DSNY,Snow Or Ice,Roadway,Staten Island,10304.0,Closed,Phone,0
63651824,2025-01-06 13:19:40,2025-01-07 12:33:37,DSNY,Snow Or Ice,Roadway,Staten Island,10308.0,Closed,Phone,0
63651825,2025-01-06 08:43:56,2025-01-07 08:38:50,DSNY,Snow Or Ice,Roadway,Queens,11364.0,Closed,Phone,0
63652695,2025-01-06 13:37:04,2025-01-17 16:44:13,DSNY,Obstruction,Trash or Recycling,Brooklyn,11209.0,Closed,Online,11
63652774,2025-01-06 10:09:15,2025-02-26 00:00:00,DSNY,Graffiti,Graffiti,Queens,11101.0,Closed,Unknown,50
63652914,2025-01-06 21:07:05,2025-02-07 00:00:00,DSNY,Graffiti,Graffiti,Brooklyn,11220.0,Closed,Unknown,31
63652934,2025-01-06 21:11:54,2025-01-24 00:00:00,DSNY,Graffiti,Graffiti,Brooklyn,11220.0,Closed,Unknown,17
63653066,2025-01-06 08:32:21,2025-01-07 02:22:23,DSNY,Graffiti,Graffiti,Brooklyn,11223.0,Closed,Unknown,0
63653185,2025-01-06 08:07:40,2025-01-06 10:12:01,DSNY,Dirty Condition,Trash,Manhattan,10024.0,Closed,Mobile,0
63653190,2025-01-06 19:55:55,2025-01-08 05:34:56,DSNY,Snow Or Ice,Sidewalk,Queens,11103.0,Closed,Mobile,1
63653191,2025-01-06 21:14:00,2025-01-07 21:41:18,DSNY,Snow Or Ice,Sidewalk,Brooklyn,11206.0,Closed,Mobile,1
63653192,2025-01-06 22:09:40,2025-01-07 13:15:11,DSNY,Snow Or Ice,Sidewalk,Bronx,10461.0,Closed,Online,0
63653193,2025-01-06 09:06:54,2025-01-15 15:07:51,DSNY,Abandoned Bike,Chained to Public Property,Brooklyn,11231.0,Closed,Online,9
63653194,2025-01-06 10:32:59,2025-01-07 00:43:34,DSNY,Dirty Condition,Trash,Bronx,10460.0,Closed,Mobile,0
63653195,2025-01-06 21:39:10,2025-01-07 10:52:29,DSNY,Dirty Condition,Trash,Queens,11354.0,Closed,Mobile,0
63653196,2025-01-06 08:24:00,2025-01-13 06:32:34,DSNY,Illegal Dumping,Removal Request,Manhattan,10006.0,Closed,Phone,6
63653197,2025-01-06 11:50:40,2025-01-13 06:17:58,DSNY,Illegal Dumping,Removal Request,Manhattan,10016.0,Closed,Phone,6
63653198,2025-01-06 14:36:50,2025-01-07 12:17:30,DSNY,Illegal Dumping,Removal Request,Staten Island,10309.0,Closed,Online,0
63653199,2025-01-06 14:14:05,2025-01-09 14:24:27,DSNY,Missed Collection,Recycling - Paper/Metal/Glass/Rigid Plastic,Bronx,10465.0,Closed,Online,3
63653200,2025-01-06 21:21:55,2025-01-15 13:40:14,DSNY,Residential Disposal Complaint,Trash or Recycling Not Secure,Brooklyn,11228.0,Closed,Online,8
63653201,2025-01-06 19:51:20,2025-01-07 07:27:52,DSNY,Dirty Condition,Broken Glass,Bronx,10463.0,Closed,Online,0
63653202,2025-01-06 09:14:04,2025-01-06 12:05:03,DSNY,Dirty Condition,Trash,Brooklyn,11204.0,Closed,Mobile,0
63653203,2025-01-06 11:49:38,2025-01-07 05:25:44,DSNY,Dirty Condition,Trash,Queens,11363.0,Closed,Phone,0
63653204,2025-01-06 12:48:52,2025-01-08 13:37:31,DSNY,Dirty Condition,Trash,Brooklyn,11208.0,Closed,Online,2
63653205,2025-01-06 09:27:33,2025-01-08 15:35:41,DSNY,Illegal Dumping,Removal Request,Bronx,10466.0,Closed,Phone,2
63653206,2025-01-06 09:19:23,2025-01-07 12:17:57,DSNY,Illegal Dumping,Removal Request,Staten Island,10303.0,Closed,Phone,1
63653207,2025-01-06 10:41:14,2025-01-14 15:35:04,DSNY,Illegal Dumping,Removal Request,Brooklyn,11231.0,Closed,Mobile,8
63653210,2025-01-06 09:33:53,2025-01-13 14:13:37,DSNY,Litter Basket Request,Replacement Basket,Manhattan,10034.0,Closed,Online,7
63653213,2025-01-06 15:17:40,2025-01-07 10:51:03,DSNY,Illegal Dumping,Removal Request,Bronx,10465.0,Closed,Mobile,0
63653214,2025-01-06 09:03:31,2025-01-11 17:57:20,DSNY,Missed Collection,Bulky Trash,Queens,11691.0,Closed,Online,5
63653215,2025-01-06 09:15:36,2025-01-11 17:05:12,DSNY,Missed Collection,Trash,Bronx,10466.0,Closed,Online,5
63653218,2025-01-06 11:33:46,2025-01-13 14:39:17,DSNY,Missed Collection,Compost,Brooklyn,11236.0,Closed,Online,7
63653221,2025-01-06 09:56:12,2025-01-07 17:37:30,DSNY,Missed Collection,Compost,Brooklyn,11226.0,Closed,Online,1
63653229,2025-01-06 16:17:34,2025-01-13 14:38:19,DSNY,Litter Basket Request,Replacement Basket,Brooklyn,11234.0,Closed,Online,6
63653256,2025-01-06 06:36:34,2025-01-06 13:16:48,DSNY,Dirty Condition,Trash,Bronx,10455.0,Closed,Mobile,0
63653257,2025-01-06 02:08:17,2025-01-06 13:56:10,DSNY,Dirty Condition,Trash,Brooklyn,11223.0,Closed,Mobile,0
63653258,2025-01-06 18:57:29,2025-01-08 10:17:02,DSNY,Dirty Condition,Trash,Queens,11102.0,Closed,Mobile,1
63653267,2025-01-06 18:36:12,2025-01-07 10:55:38,DSNY,Dirty Condition,Trash,Brooklyn,11210.0,Closed,Online,0
63653268,2025-01-06 09:15:16,2025-01-07 15:45:13,DSNY,Illegal Dumping,Removal Request,Queens,11385.0,Closed,Online,1
63653269,2025-01-06 13:59:10,2025-01-08 15:35:08,DSNY,Illegal Dumping,Removal Request,Bronx,10466.0,Closed,Phone,2
63653270,2025-01-06 14:22:17,2025-01-07 08:55:58,DSNY,Illegal Dumping,Removal Request,Manhattan,10009.0,Closed,Online,0
63653271,2025-01-06 09:12:53,2025-01-13 14:38:44,DSNY,Missed Collection,Trash,Brooklyn,11236.0,Closed,Online,7
63653272,2025-01-06 22:06:28,2025-01-08 05:35:15,DSNY,Snow Or Ice,Sidewalk,Queens,11101.0,Closed,Online,1
63653273,2025-01-06 19:45:03,2025-01-08 21:35:47,DSNY,Snow Or Ice,Sidewalk,Brooklyn,11230.0,Closed,Mobile,2
63653274,2025-01-06 21:20:05,2025-01-08 05:32:19,DSNY,Snow Or Ice,Sidewalk,Queens,11106.0,Closed,Mobile,1
63653275,2025-01-06 18:26:52,2025-01-08 12:49:34,DSNY,Dirty Condition,Trash,Brooklyn,11207.0,Closed,Mobile,1
63653276,2025-01-06 09:00:56,2025-01-07 09:41:35,DSNY,Dirty Condition,Trash,Brooklyn,11235.0,Closed,Mobile,1
63653288,2025-01-06 16:30:29,2025-01-08 15:35:13,DSNY,Illegal Dumping,Removal Request,Bronx,10475.0,Closed,Phone,1
63653289,2025-01-06 16:05:44,2025-01-07 11:11:29,DSNY,Illegal Dumping,Removal Request,Brooklyn,11212.0,Closed,Online,0
63653299,2025-01-06 08:40:17,2025-01-06 09:20:22,DSNY,Dirty Condition,Trash,Staten Island,10309.0,Closed,Online,0
63653305,2025-01-06 08:26:33,2025-01-06 21:47:11,DSNY,Dirty Condition,Dog Waste,Queens,11435.0,Closed,Phone,0
63653306,2025-01-06 14:05:34,2025-01-07 01:09:37,DSNY,Dirty Condition,Dog Waste,Manhattan,10023.0,Closed,Online,0
63653307,2025-01-06 16:00:23,2025-01-07 06:22:57,DSNY,Obstruction,Cone,Brooklyn,11206.0,Closed,Online,0
63653308,2025-01-06 15:25:52,2025-01-07 04:54:52,DSNY,Obstruction,Cone,Queens,11420.0,Closed,Online,0
63653309,2025-01-06 13:16:33,2025-01-11 17:10:19,DSNY,Missed Collection,Compost,Staten Island,10307.0,Closed,Online,5
63653313,2025-01-06 07:08:43,2025-01-07 10:15:32,DSNY,Sanitation Worker Or Vehicle Complaint,Idling or Blocking Traffic,Queens,11374.0,Closed,Phone,1
63653314,2025-01-04 19:08:00,2025-01-06 11:09:00,DSNY,Derelict Vehicles,Derelict Vehicles,Bronx,10453.0,Closed,Phone,1
63653315,2025-01-06 04:51:00,2025-01-06 10:48:00,DSNY,Derelict Vehicles,Derelict Vehicles,Bronx,10457.0,Closed,Phone,0
63653338,2025-01-06 01:08:04,2025-01-06 13:46:14,DSNY,Obstruction,Cone,Queens,11357.0,Closed,Online,0
63653345,2025-01-06 09:36:00,2025-01-06 11:53:00,DSNY,Derelict Vehicles,Derelict Vehicles,Brooklyn,11223.0,Closed,Phone,0
63653419,2025-01-03 10:41:00,2025-01-06 03:54:00,DSNY,Derelict Vehicles,Derelict Vehicles,Bronx,10465.0,Closed,Phone,2
63653428,2025-01-04 23:20:00,2025-01-06 03:55:00,DSNY,Derelict Vehicles,Derelict Vehicles,Queens,11385.0,Closed,Phone,1
63653430,2025-01-05 10:28:00,2025-01-06 04:38:00,DSNY,Derelict Vehicles,Derelict Vehicles,Manhattan,10004.0,Closed,Phone,0
63653431,2025-01-05 06:06:00,2025-01-06 22:59:00,DSNY,Derelict Vehicles,Derelict Vehicles,Brooklyn,11220.0,Closed,Phone,1
63653432,2025-01-04 10:47:00,2025-01-06 03:34:00,DSNY,Derelict Vehicles,Derelict Vehicles,Queens,11435.0,Closed,Phone,1
63653437,2025-01-02 09:31:00,2025-01-06 03:33:00,DSNY,Derelict Vehicles,Derelict Vehicles,Queens,11423.0,Closed,Phone,3
63653438,2025-01-05 15:28:00,2025-01-07 08:47:00,DSNY,Derelict Vehicles,Derelict Vehicles,Bronx,10456.0,Closed,Phone,1
63653439,2025-01-06 21:15:29,2025-01-06 23:01:56,DSNY,Vendor Enforcement,Food Vendor,Manhattan,10025.0,Closed,Online,0
63653440,2025-01-06 11:53:11,2025-01-06 13:01:46,DSNY,Vendor Enforcement,Food Vendor,Manhattan,10005.0,Closed,Online,0
63653448,2025-01-06 20:39:21,2025-01-08 06:56:03,DSNY,Sanitation Worker Or Vehicle Complaint,Spilled Garbage,Queens,11385.0,Closed,Online,1
63653467,2025-01-05 14:46:00,2025-01-07 06:21:00,DSNY,Derelict Vehicles,Derelict Vehicles,Bronx,10456.0,Closed,Phone,1
63653468,2025-01-05 14:40:00,2025-01-07 06:21:00,DSNY,Derelict Vehicles,Derelict Vehicles,Bronx,10456.0,Closed,Phone,1
63653478,2025-01-06 09:17:15,2025-01-06 11:02:07,DSNY,Vendor Enforcement,Food Vendor,Manhattan,10011.0,Closed,Phone,0
63653479,2025-01-06 03:39:40,2025-01-06 05:01:29,DSNY,Vendor Enforcement,Food Vendor,Brooklyn,11249.0,Closed,Online,0
63653480,2025-01-06 08:35:41,2025-01-10 16:30:28,DSNY,Dead Animal,Cat,Brooklyn,11219.0,Closed,Phone,4
63653482,2025-01-05 15:57:00,2025-01-06 03:50:00,DSNY,Derelict Vehicles,Derelict Vehicles,Queens,11372.0,Closed,Phone,0
63653488,2025-01-06 18:09:51,2025-01-13 12:15:20,DSNY,Illegal Posting,Poster or Sign,Bronx,10475.0,Closed,Online,6
63653489,2025-01-06 07:12:16,2025-01-08 05:39:22,DSNY,Residential Disposal Complaint,Trash or Recycling Not Secure,Queens,11691.0,Closed,Online,1
63653491,2025-01-02 15:20:00,2025-01-06 07:01:00,DSNY,Derelict Vehicles,Derelict Vehicles,Brooklyn,11222.0,Closed,Phone,3
63653502,2025-01-06 12:34:49,2025-01-09 14:58:12,DSNY,Snow Or Ice,Roadway,Staten Island,10314.0,Closed,Phone,3
63653503,2025-01-06 22:09:13,2025-01-07 12:36:45,DSNY,Snow Or Ice,Roadway,Staten Island,10302.0,Closed,Phone,0
63653514,2025-01-05 00:37:00,2025-01-06 07:15:00,DSNY,Derelict Vehicles,Derelict Vehicles,Brooklyn,11222.0,Closed,Phone,1
63653515,2025-01-05 15:12:00,2025-01-06 07:02:00,DSNY,Derelict Vehicles,Derelict Vehicles,Bronx,10459.0,Closed,Phone,0
63653516,2025-01-05 13:39:00,2025-01-06 05:05:00,DSNY,Derelict Vehicles,Derelict Vehicles,Bronx,10453.0,Closed,Phone,0
63653529,2025-01-04 20:20:00,2025-01-07 06:22:00,DSNY,Derelict Vehicles,Derelict Vehicles,Bronx,10473.0,Closed,Phone,2
63653530,2025-01-06 07:28:48,2025-01-06 09:01:53,DSNY,Vendor Enforcement,Food Vendor,Manhattan,10007.0,Closed,Online,0
63653544,2025-01-05 17:01:00,2025-01-06 13:11:00,DSNY,Derelict Vehicles,Derelict Vehicles,Queens,11426.0,Closed,Phone,0
63653545,2025-01-04 17:27:00,2025-01-06 06:55:00,DSNY,Derelict Vehicles,Derelict Vehicles,Queens,11378.0,Closed,Phone,1
63653546,2025-01-06 06:10:23,2025-01-06 08:01:44,DSNY,Vendor Enforcement,Food Vendor,Queens,11368.0,Closed,Online,0
63653582,2025-01-06 14:20:48,2025-01-07 12:34:26,DSNY,Snow Or Ice,Roadway,Staten Island,10310.0,Closed,Online,0
63653595,2025-01-06 19:31:04,2025-01-06 21:01:40,DSNY,Vendor Enforcement,Food Vendor,Brooklyn,11237.0,Closed,Online,0
63653596,2025-01-06 11:25:16,2025-01-06 13:01:46,DSNY,Vendor Enforcement,Food Vendor,Manhattan,10023.0,Closed,Phone,0
63653597,2025-01-06 12:12:32,2025-01-10 16:30:33,DSNY,Dead Animal,Cat,Brooklyn,11219.0,Closed,Phone,4
63653598,2025-01-06 10:16:42,2025-01-07 08:36:51,DSNY,Dead Animal,Cat,Queens,11357.0,Closed,Phone,0
63653599,2025-01-06 16:58:58,2025-01-13 07:15:45,DSNY,Dead Animal,Rat or Mouse,Manhattan,10014.0,Closed,Phone,6
63653629,2025-01-06 16:31:52,2025-01-07 13:12:53,DSNY,Illegal Dumping,Chronic Dumping,Queens,11370.0,Closed,Mobile,0
63653639,2025-01-06 09:39:31,2025-01-13 15:05:28,DSNY,Dead Animal,Bird,Brooklyn,11215.0,Closed,Online,7
63653696,2025-01-06 23:33:17,2025-01-07 12:34:55,DSNY,Snow Or Ice,Roadway,Staten Island,10312.0,Closed,Phone,0
63653697,2025-01-06 17:56:47,2025-01-07 12:33:32,DSNY,Snow Or Ice,Roadway,Staten Island,10302.0,Closed,Phone,0
63653776,2025-01-06 12:11:05,2025-01-07 12:32:02,DSNY,Snow Or Ice,Roadway,Staten Island,10314.0,Closed,Online,1
63653777,2025-01-06 18:54:33,2025-01-07 12:32:12,DSNY,Snow Or Ice,Roadway,Staten Island,10308.0,Closed,Phone,0
63654546,2025-01-06 12:34:24,2025-01-15 14:08:10,DSNY,Obstruction,Trash or Recycling,Brooklyn,11213.0,Closed,Online,9
63654589,2025-01-06 12:17:35,2025-01-10 15:50:18,DSNY,Obstruction,Trash or Recycling,Queens,11694.0,Closed,Phone,4
63654619,2025-01-06 13:54:18,2025-01-10 16:27:28,DSNY,Obstruction,Trash or Recycling,Brooklyn,11230.0,Closed,Unknown,4
63654677,2025-01-06 07:23:00,2025-02-10 02:22:24,DSNY,Graffiti,Graffiti,Brooklyn,11224.0,Closed,Unknown,34
63654793,2025-01-06 14:24:02,2025-02-11 02:22:23,DSNY,Graffiti,Graffiti,Queens,11103.0,Closed,Unknown,35
63654991,2025-01-06 10:28:42,2025-01-07 02:22:23,DSNY,Graffiti,Graffiti,Brooklyn,11232.0,Closed,Unknown,0
63655111,2025-01-06 22:24:50,2025-01-07 21:44:35,DSNY,Snow Or Ice,Sidewalk,Brooklyn,11221.0,Closed,Online,0
63655112,2025-01-06 22:03:35,2025-01-08 05:35:43,DSNY,Snow Or Ice,Sidewalk,Queens,11101.0,Closed,Online,1
63655113,2025-01-06 22:36:21,2025-01-07 13:18:33,DSNY,Snow Or Ice,Sidewalk,Manhattan,10009.0,Closed,Mobile,0
63655114,2025-01-07 00:39:37,2025-01-11 07:32:05,DSNY,Snow Or Ice,Sidewalk,Staten Island,10304.0,Closed,Online,4
63655115,2025-01-06 22:53:48,2025-01-08 05:32:58,DSNY,Snow Or Ice,Sidewalk,Queens,11105.0,Closed,Mobile,1
63655116,2025-01-06 11:28:46,2025-01-13 15:04:48,DSNY,Illegal Dumping,Removal Request,Brooklyn,11229.0,Closed,Online,7
63655117,2025-01-06 11:22:40,2025-01-08 14:06:36,DSNY,Illegal Dumping,Removal Request,Brooklyn,11220.0,Closed,Online,2
63655118,2025-01-06 10:47:52,2025-01-11 11:40:27,DSNY,Illegal Dumping,Removal Request,Staten Island,10305.0,Closed,Online,5
63655119,2025-01-06 16:49:26,2025-01-08 14:51:30,DSNY,Residential Disposal Complaint,Trash or Recycling Not Secure,Brooklyn,11203.0,Closed,Online,1
63655126,2025-01-06 17:48:40,2025-01-07 00:32:36,DSNY,Dirty Condition,Dog Waste,Bronx,10461.0,Closed,Online,0
63655127,2025-01-06 20:16:44,2025-01-08 13:26:54,DSNY,Obstruction,Cone,Staten Island,10304.0,Closed,Online,1
63655139,2025-01-06 21:53:32,2025-01-08 21:36:25,DSNY,Snow Or Ice,Sidewalk,Brooklyn,11230.0,Closed,Mobile,1
63655140,2025-01-06 21:27:28,2025-01-08 05:27:57,DSNY,Snow Or Ice,Sidewalk,Queens,11418.0,Closed,Mobile,1
63655141,2025-01-06 20:02:54,2025-01-07 21:40:55,DSNY,Snow Or Ice,Sidewalk,Brooklyn,11206.0,Closed,Online,1
63655142,2025-01-06 22:12:29,2025-01-08 14:55:52,DSNY,Snow Or Ice,Sidewalk,Brooklyn,11209.0,Closed,Mobile,1
63655143,2025-01-06 19:17:23,2025-01-07 09:57:37,DSNY,Dirty Condition,Trash,Queens,11378.0,Closed,Mobile,0
63655144,2025-01-06 23:14:03,2025-01-08 15:26:59,DSNY,Dirty Condition,Trash,Bronx,10461.0,Closed,Mobile,1
63655154,2025-01-06 06:01:51,2025-01-06 09:19:39,DSNY,Dirty Condition,Trash,Staten Island,10309.0,Closed,Online,0
63655155,2025-01-06 12:33:06,2025-01-08 13:08:01,DSNY,Dirty Condition,Trash,Manhattan,10027.0,Closed,Online,2
63655156,2025-01-06 08:38:56,2025-01-07 04:41:19,DSNY,Dirty Condition,Trash,Bronx,10452.0,Closed,Online,0
63655157,2025-01-06 08:30:21,2025-01-13 08:26:05,DSNY,Illegal Dumping,Removal Request,Manhattan,10001.0,Closed,Mobile,6
63655158,2025-01-06 15:11:28,2025-01-18 13:20:02,DSNY,Illegal Dumping,Removal Request,Brooklyn,11211.0,Closed,Phone,11
63655159,2025-01-06 16:08:27,2025-01-15 14:08:30,DSNY,Illegal Dumping,Removal Request,Brooklyn,11238.0,Closed,Mobile,8
63655160,2025-01-06 15:12:22,2025-01-07 08:39:05,DSNY,Illegal Dumping,Removal Request,Queens,11432.0,Closed,Phone,0
63655161,2025-01-06 12:28:07,2025-01-18 13:20:05,DSNY,Litter Basket Request,New Basket,Brooklyn,11211.0,Closed,Online,12
63655162,2025-01-06 09:43:25,2025-01-08 10:46:16,DSNY,Dirty Condition,Trash,Bronx,10463.0,Closed,Mobile,2
63655163,2025-01-06 09:59:51,2025-01-07 13:27:43,DSNY,Dirty Condition,Trash,Bronx,10473.0,Closed,Online,1
63655164,2025-01-06 15:02:02,2025-01-15 14:17:46,DSNY,Illegal Dumping,Removal Request,Brooklyn,11237.0,Closed,Online,8
63655165,2025-01-06 08:46:01,2025-01-16 16:07:34,DSNY,Illegal Dumping,Removal Request,Manhattan,10128.0,Closed,Online,10
63655166,2025-01-06 15:45:02,2025-01-07 08:57:59,DSNY,Illegal Dumping,Removal Request,Manhattan,10002.0,Closed,Phone,0
63655167,2025-01-06 20:15:11,2025-01-08 05:40:16,DSNY,Residential Disposal Complaint,Trash or Recycling Not Secure,Queens,11385.0,Closed,Online,1
63655168,2025-01-06 20:13:09,2025-01-15 13:39:50,DSNY,Residential Disposal Complaint,Trash or Recycling Not Secure,Brooklyn,11228.0,Closed,Online,8
63655171,2025-01-06 05:49:04,2025-01-06 05:52:05,DSNY,Dirty Condition,Trash,Staten Island,10309.0,Closed,Online,0
63655185,2025-01-06 11:02:50,2025-01-13 14:38:14,DSNY,Dead Animal,Bird,Brooklyn,11210.0,Closed,Phone,7
63655186,2025-01-06 13:14:11,2025-01-10 16:30:23,DSNY,Dirty Condition,Debris from Car Accident,Brooklyn,11218.0,Closed,Phone,4
63655187,2025-01-06 20:58:36,2025-01-07 13:30:24,DSNY,Obstruction,Cone,Queens,11367.0,Closed,Online,0
63655201,2025-01-06 10:29:33,2025-01-14 12:46:56,DSNY,Illegal Posting,Poster or Sign,Brooklyn,11217.0,Closed,Online,8
63655202,2025-01-06 09:08:10,2025-01-07 00:05:54,DSNY,Residential Disposal Complaint,Waste Left in Front of Other Residence,Queens,11367.0,Closed,Online,0
63655235,2025-01-06 19:44:34,2025-01-08 21:45:10,DSNY,Snow Or Ice,Sidewalk,Brooklyn,11223.0,Closed,Online,2
63655236,2025-01-06 21:52:14,2025-01-08 21:37:43,DSNY,Snow Or Ice,Sidewalk,Brooklyn,11230.0,Closed,Mobile,1
63655237,2025-01-06 07:44:55,2025-01-06 16:16:19,DSNY,Dirty Condition,Trash,Manhattan,10001.0,Closed,Mobile,0
63655238,2025-01-06 10:00:40,2025-01-06 11:07:28,DSNY,Dirty Condition,Trash,Manhattan,10011.0,Closed,Phone,0
63655249,2025-01-06 07:49:16,2025-01-08 13:16:16,DSNY,Dirty Condition,Trash,Queens,11385.0,Closed,Mobile,2
63655250,2025-01-06 08:44:44,2025-01-08 13:22:09,DSNY,Dirty Condition,Trash,Queens,11103.0,Closed,Mobile,2
63655251,2025-01-06 13:25:31,2025-01-07 14:11:59,DSNY,Dirty Condition,Trash,Bronx,10468.0,Closed,Mobile,1
63655252,2025-01-06 07:56:38,2025-01-07 04:36:50,DSNY,Dirty Condition,Trash,Brooklyn,11217.0,Closed,Mobile,0
63655253,2025-01-06 10:16:16,2025-01-20 11:01:07,DSNY,Illegal Dumping,Removal Request,Bronx,10472.0,Closed,Phone,14
63655254,2025-01-06 11:47:45,2025-01-07 17:26:02,DSNY,Illegal Dumping,Removal Request,Brooklyn,11229.0,Closed,Phone,1
63655255,2025-01-06 17:27:51,2025-01-08 14:24:47,DSNY,Illegal Dumping,Removal Request,Queens,11421.0,Closed,Online,1
63655256,2025-01-06 06:15:13,2025-01-06 17:05:49,DSNY,Residential Disposal Complaint,Waste Set Out Too Early or Too Late,Staten Island,10312.0,Closed,Online,0
63655264,2025-01-06 09:29:37,2025-01-06 13:06:46,DSNY,Dirty Condition,Trash,Queens,11377.0,Closed,Online,0
63655316,2025-01-05 19:46:00,2025-01-07 01:15:00,DSNY,Derelict Vehicles,Derelict Vehicles,Queens,11385.0,Closed,Phone,1
63655317,2025-01-04 13:24:00,2025-01-07 01:09:00,DSNY,Derelict Vehicles,Derelict Vehicles,Queens,11385.0,Closed,Phone,2
63655330,2025-01-04 02:11:00,2025-01-06 03:51:00,DSNY,Derelict Vehicles,Derelict Vehicles,Queens,11372.0,Closed,Phone,2
63655356,2025-01-05 12:54:00,2025-01-06 07:06:00,DSNY,Derelict Vehicles,Derelict Vehicles,Bronx,10471.0,Closed,Phone,0
63655357,2025-01-03 11:47:00,2025-01-06 12:13:00,DSNY,Derelict Vehicles,Derelict Vehicles,Brooklyn,11216.0,Closed,Phone,3
63655359,2025-01-06 11:37:09,2025-01-06 13:01:43,DSNY,Vendor Enforcement,Food Vendor,Bronx,10455.0,Closed,Online,0
63655361,2025-01-06 12:10:22,2025-01-08 15:34:54,DSNY,Dead Animal,Cat,Bronx,10469.0,Closed,Phone,2
63655362,2025-01-06 10:22:48,2025-01-07 10:20:54,DSNY,Dirty Condition,Trash,Queens,11420.0,Closed,Online,0
63655363,2025-01-06 14:12:39,2025-01-08 12:35:35,DSNY,Illegal Posting,Poster or Sign,Queens,11417.0,Closed,Online,1
63655367,2025-01-03 16:40:00,2025-01-06 14:55:00,DSNY,Derelict Vehicles,Derelict Vehicles,Brooklyn,11226.0,Closed,Phone,2
63655369,2025-01-06 15:33:19,2025-01-15 14:01:38,DSNY,Sanitation Worker Or Vehicle Complaint,Spilled Garbage,Brooklyn,11221.0,Closed,Phone,8
63655384,2025-01-06 07:25:27,2025-01-06 09:01:53,DSNY,Vendor Enforcement,Food Vendor,Manhattan,10007.0,Closed,Online,0
63655385,2025-01-06 22:22:16,2025-01-07 00:01:36,DSNY,Vendor Enforcement,Food Vendor,Brooklyn,11231.0,Closed,Online,0
63655386,2025-01-06 09:09:26,2025-01-06 10:01:56,DSNY,Vendor Enforcement,Food Vendor,Manhattan,10025.0,Closed,Online,0
63655387,2025-01-06 21:15:21,2025-01-07 10:56:43,DSNY,Dead Animal,Cat,Queens,11368.0,Closed,Phone,0
63655388,2025-01-06 09:33:09,2025-01-07 21:52:05,DSNY,Dirty Condition,Dog Waste,Brooklyn,11233.0,Closed,Phone,1
63655389,2025-01-06 10:49:08,2025-01-07 06:54:55,DSNY,Illegal Dumping,Chronic Dumping,Queens,11415.0,Closed,Mobile,0
63655392,2025-01-05 12:23:00,2025-01-06 04:17:00,DSNY,Derelict Vehicles,Derelict Vehicles,Brooklyn,11224.0,Closed,Phone,0
63655393,2025-01-05 10:49:00,2025-01-06 04:39:00,DSNY,Derelict Vehicles,Derelict Vehicles,Queens,11375.0,Closed,Phone,0
63655394,2025-01-06 09:33:58,2025-01-06 11:16:47,DSNY,Missed Collection,Trash,Bronx,10468.0,Closed,Online,0
63655406,2025-01-06 10:36:07,2025-01-06 12:01:43,DSNY,Vendor Enforcement,Non-Food Vendor,Manhattan,10007.0,Closed,Online,0
63655408,2025-01-06 21:11:00,2025-01-06 23:04:00,DSNY,Derelict Vehicles,Derelict Vehicles,Brooklyn,11230.0,Closed,Phone,0
63655422,2025-01-06 08:13:15,2025-01-07 08:36:34,DSNY,Dead Animal,Cat,Queens,11356.0,Closed,Phone,1
63655423,2025-01-06 09:59:50,2025-01-16 15:57:20,DSNY,Dirty Condition,Dirt or Gravel,Manhattan,10028.0,Closed,Online,10
63655424,2025-01-06 07:37:02,2025-01-07 06:56:46,DSNY,Illegal Dumping,Chronic Dumping,Manhattan,10011.0,Closed,Mobile,0
63655425,2025-01-06 16:39:31,2025-01-07 12:38:19,DSNY,Snow Or Ice,Roadway,Staten Island,10310.0,Closed,Online,0
63655427,2025-01-06 22:26:09,2025-01-08 12:29:56,DSNY,Residential Disposal Complaint,Trash or Recycling Not Secure,Manhattan,10034.0,Closed,Online,1
63655428,2025-01-06 09:33:01,2025-01-08 14:49:11,DSNY,Residential Disposal Complaint,Trash or Recycling Not Secure,Brooklyn,11207.0,Closed,Online,2
63655429,2025-01-06 08:14:52,2025-01-19 11:18:13,DSNY,Sanitation Worker Or Vehicle Complaint,Spilled Garbage,Brooklyn,11212.0,Closed,Phone,13
63655470,2025-01-02 12:12:00,2025-01-07 08:40:00,DSNY,Derelict Vehicles,Derelict Vehicles,Brooklyn,11203.0,Closed,Phone,4
63655471,2025-01-06 15:51:00,2025-01-09 11:19:00,DSNY,Derelict Vehicles,Derelict Vehicles,Queens,11368.0,Closed,Phone,2
63655473,2025-01-06 07:51:03,2025-01-06 09:01:54,DSNY,Vendor Enforcement,Food Vendor,Manhattan,10007.0,Closed,Online,0
63655475,2025-01-06 13:45:25,2025-01-08 15:19:07,DSNY,Dead Animal,Deer,Queens,11433.0,Closed,Online,2
63655499,2025-01-06 15:46:18,2025-01-13 07:14:28,DSNY,Dumpster Complaint,Blocking Sidewalk or Street,Manhattan,10011.0,Closed,Phone,6
63655501,2025-01-06 18:41:39,2025-01-07 17:36:35,DSNY,Snow Or Ice,Roadway,Brooklyn,11235.0,Closed,Phone,0
63655522,2025-01-06 21:58:50,2025-01-08 13:25:30,DSNY,Snow Or Ice,Roadway,Brooklyn,11235.0,Closed,Online,1
63655532,2025-01-06 17:09:39,2025-01-07 12:32:30,DSNY,Snow Or Ice,Roadway,Staten Island,10305.0,Closed,Phone,0
63655533,2025-01-06 17:47:30,2025-01-07 12:35:35,DSNY,Snow Or Ice,Roadway,Staten Island,10304.0,Closed,Phone,0
63655534,2025-01-06 15:35:05,2025-01-07 12:38:32,DSNY,Snow Or Ice,Roadway,Staten Island,10309.0,Closed,Phone,0
63655535,2025-01-06 13:00:09,2025-01-09 15:02:13,DSNY,Snow Or Ice,Roadway,Staten Island,10304.0,Closed,Phone,3
63655647,2025-01-06 16:25:31,2025-01-07 12:36:49,DSNY,Snow Or Ice,Roadway,Staten Island,10309.0,Closed,Online,0
63655648,2025-01-06 20:37:12,2025-01-07 12:34:30,DSNY,Snow Or Ice,Roadway,Staten Island,10312.0,Closed,Phone,0
63655649,2025-01-06 10:18:52,2025-01-07 12:32:50,DSNY,Snow Or Ice,Roadway,Staten Island,10304.0,Closed,Phone,1
63656495,2025-01-06 10:24:46,2025-02-10 02:22:24,DSNY,Graffiti,Graffiti,Brooklyn,11249.0,Closed,Unknown,34
63656544,2025-01-06 17:54:07,2025-01-17 16:46:03,DSNY,Obstruction,Trash or Recycling,Brooklyn,11209.0,Closed,Phone,10
63656573,2025-01-06 01:33:30,2025-01-06 03:01:34,DSNY,Commercial Disposal Complaint,Waste Disposal,Brooklyn,11225.0,Closed,Online,0
63656596,2025-01-06 11:19:19,2025-01-06 13:01:59,DSNY,Commercial Disposal Complaint,Waste Disposal,Brooklyn,11215.0,Closed,Online,0
63656654,2025-01-06 11:54:21,2025-01-13 08:45:17,DSNY,Dumpster Complaint,Overflowing dumpster,Manhattan,10031.0,Closed,Online,6
63656765,2025-01-06 12:17:03,2025-02-11 02:22:23,DSNY,Graffiti,Graffiti,Brooklyn,11226.0,Closed,Unknown,35
63656766,2025-01-06 21:17:22,2025-02-11 02:22:23,DSNY,Graffiti,Graffiti,Brooklyn,11220.0,Closed,Unknown,35
63656836,2025-01-06 07:52:03,2025-02-20 00:00:00,DSNY,Graffiti,Graffiti,Brooklyn,11222.0,Closed,Unknown,44
63656837,2025-01-06 21:12:48,2025-02-11 02:22:23,DSNY,Graffiti,Graffiti,Brooklyn,11220.0,Closed,Unknown,35
63657022,2025-01-06 22:06:25,2025-01-08 05:29:45,DSNY,Snow Or Ice,Sidewalk,Queens,11355.0,Closed,Online,1
63657023,2025-01-06 21:35:47,2025-01-08 05:36:03,DSNY,Snow Or Ice,Sidewalk,Queens,11418.0,Closed,Mobile,1
63657024,2025-01-06 19:42:25,2025-01-08 21:39:21,DSNY,Snow Or Ice,Sidewalk,Brooklyn,11230.0,Closed,Mobile,2
63657025,2025-01-06 14:28:41,2025-01-07 00:51:11,DSNY,Dirty Condition,Trash,Manhattan,10033.0,Closed,Mobile,0
63657026,2025-01-06 08:44:56,2025-01-07 13:51:59,DSNY,Dirty Condition,Trash,Brooklyn,11211.0,Closed,Mobile,1
63657027,2025-01-06 08:49:29,2025-01-08 00:13:26,DSNY,Dirty Condition,Trash,Bronx,10461.0,Closed,Phone,1
63657028,2025-01-06 07:07:53,2025-01-13 14:59:56,DSNY,Illegal Dumping,Removal Request,Brooklyn,11215.0,Closed,Mobile,7
63657029,2025-01-06 08:40:03,2025-01-10 16:26:41,DSNY,Missed Collection,Trash,Brooklyn,11214.0,Closed,Online,4
63657030,2025-01-06 18:00:49,2025-01-08 21:44:50,DSNY,Residential Disposal Complaint,Waste Left in Front of Other Residence,Brooklyn,11223.0,Closed,Phone,2
63657034,2025-01-06 08:50:48,2025-01-07 13:20:14,DSNY,Residential Disposal Complaint,Storage Area Not Provided,Bronx,10458.0,Closed,Online,1
63657035,2025-01-06 08:00:28,2025-01-06 18:52:56,DSNY,Residential Disposal Complaint,Waste Set Out Too Early or Too Late,Staten Island,10312.0,Closed,Online,0
63657036,2025-01-06 10:57:23,2025-01-10 01:05:32,DSNY,Sanitation Worker Or Vehicle Complaint,Inappropriate Behavior,Bronx,10456.0,Closed,Phone,3
63657037,2025-01-06 15:10:24,2025-01-08 06:55:45,DSNY,Obstruction,Cone,Staten Island,10305.0,Closed,Phone,1
63657071,2025-01-06 13:09:01,2025-01-06 17:54:46,DSNY,Abandoned Bike,Chained to Public Property,Brooklyn,11214.0,Closed,Online,0
63657086,2025-01-06 21:18:59,2025-01-08 05:31:37,DSNY,Snow Or Ice,Sidewalk,Queens,11106.0,Closed,Mobile,1
63657087,2025-01-06 19:47:33,2025-01-08 05:34:08,DSNY,Snow Or Ice,Sidewalk,Queens,11102.0,Closed,Phone,1
63657088,2025-01-06 23:21:27,2025-01-07 21:37:28,DSNY,Snow Or Ice,Sidewalk,Manhattan,10024.0,Closed,Mobile,0
63657089,2025-01-06 10:37:14,2025-01-06 11:17:33,DSNY,Dirty Condition,Trash,Manhattan,10011.0,Closed,Phone,0
63657090,2025-01-06 08:00:29,2025-01-06 12:03:19,DSNY,Dirty Condition,Trash,Queens,11419.0,Closed,Online,0
63657091,2025-01-06 19:09:12,2025-01-07 12:30:15,DSNY,Dirty Condition,Trash,Brooklyn,11235.0,Closed,Mobile,0
63657092,2025-01-06 22:11:31,2025-01-09 07:38:23,DSNY,Dirty Condition,Trash,Brooklyn,11209.0,Closed,Mobile,2
63657093,2025-01-06 20:23:21,2025-01-09 06:35:10,DSNY,Dirty Condition,Trash,Bronx,10457.0,Closed,Mobile,2
63657094,2025-01-06 15:26:41,2025-01-08 07:09:14,DSNY,Dirty Condition,Trash,Brooklyn,11214.0,Closed,Online,1
63657095,2025-01-06 13:52:34,2025-01-07 07:48:06,DSNY,Dirty Condition,Trash,Bronx,10474.0,Closed,Phone,0
63657096,2025-01-05 10:33:00,2025-01-06 04:47:00,DSNY,Derelict Vehicles,Derelict Vehicles,Queens,11101.0,Closed,Phone,0
63657099,2025-01-06 08:17:57,2025-01-06 08:55:31,DSNY,Dirty Condition,Trash,Queens,11378.0,Closed,Mobile,0
63657101,2025-01-06 16:02:17,2025-01-08 14:24:25,DSNY,Illegal Dumping,Removal Request,Queens,11101.0,Closed,Phone,1
63657102,2025-01-06 18:54:45,2025-01-08 11:54:40,DSNY,Illegal Dumping,Removal Request,Staten Island,10314.0,Closed,Online,1
63657103,2025-01-06 09:50:04,2025-01-07 14:45:42,DSNY,Illegal Dumping,Removal Request,Queens,11411.0,Closed,Phone,1
63657104,2025-01-06 15:37:11,2025-01-13 14:38:25,DSNY,Illegal Dumping,Removal Request,Brooklyn,11210.0,Closed,Online,6
63657105,2025-01-07 00:52:54,2025-01-07 10:38:55,DSNY,Illegal Dumping,Removal Request,Queens,11419.0,Closed,Online,0
63657106,2025-01-06 16:00:14,2025-01-13 08:45:09,DSNY,Litter Basket Request,New Basket,Manhattan,10027.0,Closed,Online,6
63657107,2025-01-06 20:10:20,2025-01-14 21:37:56,DSNY,Residential Disposal Complaint,Trash or Recycling Not Secure,Brooklyn,11228.0,Closed,Online,8
63657110,2025-01-06 08:05:33,2025-01-07 13:25:03,DSNY,Dirty Condition,Trash,Manhattan,10035.0,Closed,Mobile,1
63657111,2025-01-06 08:15:30,2025-01-08 07:52:03,DSNY,Dirty Condition,Trash,Queens,11433.0,Closed,Mobile,1
63657112,2025-01-06 22:07:25,2025-01-07 10:06:54,DSNY,Dirty Condition,Trash,Queens,11104.0,Closed,Mobile,0
63657113,2025-01-06 09:07:00,2025-01-07 06:40:54,DSNY,Dirty Condition,Trash,Bronx,10458.0,Closed,Mobile,0
63657114,2025-01-06 09:52:51,2025-01-07 09:30:04,DSNY,Illegal Dumping,Removal Request,Queens,11379.0,Closed,Phone,0
63657115,2025-01-06 09:31:54,2025-01-13 08:41:55,DSNY,Illegal Dumping,Removal Request,Manhattan,10021.0,Closed,Phone,6
63657116,2025-01-06 06:39:12,2025-01-13 09:04:43,DSNY,Missed Collection,Trash,Manhattan,10027.0,Closed,Phone,7
63657117,2025-01-06 12:57:07,2025-01-07 01:08:16,DSNY,Residential Disposal Complaint,Trash or Recycling Not Secure,Manhattan,10035.0,Closed,Online,0
63657121,2025-01-06 06:57:18,2025-01-06 18:42:52,DSNY,Dirty Condition,Trash,Staten Island,10312.0,Closed,Online,0
63657122,2025-01-06 06:17:27,2025-01-06 18:52:54,DSNY,Residential Disposal Complaint,Waste Set Out Too Early or Too Late,Staten Island,10312.0,Closed,Online,0
63657123,2025-01-06 10:15:44,2025-01-13 08:45:31,DSNY,Missed Collection,Trash,Manhattan,10027.0,Closed,Online,6
63657124,2025-01-06 10:26:32,2025-01-07 23:11:46,DSNY,Dirty Condition,Broken Glass,Manhattan,10001.0,Closed,Phone,1
63657125,2025-01-06 06:17:28,2025-01-06 08:25:50,DSNY,Dirty Condition,Trash,Staten Island,10312.0,Closed,Online,0
63657126,2025-01-06 06:21:56,2025-01-06 17:04:25,DSNY,Residential Disposal Complaint,Waste Set Out Too Early or Too Late,Staten Island,10312.0,Closed,Online,0
63657127,2025-01-06 07:46:41,2025-01-10 00:18:54,DSNY,Dirty Condition,Trash,Brooklyn,11208.0,Closed,Online,3
63657134,2025-01-06 11:46:18,2025-01-06 16:06:59,DSNY,Dirty Condition,Trash,Queens,11369.0,Closed,Online,0
63657214,2025-01-06 15:04:26,2025-01-08 05:39:35,DSNY,Dirty Condition,Dog Waste,Queens,11691.0,Closed,Phone,1
63657224,2025-01-06 20:26:30,2025-01-13 06:26:17,DSNY,Snow Or Ice,Sidewalk,Brooklyn,11229.0,Closed,Online,6
63657225,2025-01-06 19:36:34,2025-01-08 21:38:12,DSNY,Snow Or Ice,Sidewalk,Brooklyn,11230.0,Closed,Mobile,2
63657226,2025-01-06 17:38:53,2025-01-07 17:37:43,DSNY,Abandoned Bike,Chained to Public Property,Brooklyn,11232.0,Closed,Online,0
63657227,2025-01-02 16:11:00,2025-01-06 05:04:00,DSNY,Derelict Vehicles,Derelict Vehicles,Queens,11434.0,Closed,Phone,3
63657228,2025-01-06 05:12:00,2025-01-07 00:31:00,DSNY,Derelict Vehicles,Derelict Vehicles,Queens,11417.0,Closed,Phone,0
63657229,2025-01-06 08:27:20,2025-01-07 07:43:47,DSNY,Dirty Condition,Trash,Manhattan,10001.0,Closed,Mobile,0
63657230,2025-01-06 08:41:15,2025-01-08 22:46:02,DSNY,Dirty Condition,Trash,Brooklyn,11237.0,Closed,Mobile,2
63657231,2025-01-06 11:25:36,2025-01-13 15:02:39,DSNY,Illegal Dumping,Removal Request,Brooklyn,11235.0,Closed,Online,7
63657232,2025-01-06 19:08:59,2025-01-07 10:56:47,DSNY,Illegal Dumping,Removal Request,Queens,11368.0,Closed,Online,0
63657233,2025-01-06 10:00:10,2025-01-07 17:37:25,DSNY,Illegal Dumping,Removal Request,Brooklyn,11210.0,Closed,Unknown,1
63657234,2025-01-06 08:17:19,2025-01-07 08:37:21,DSNY,Illegal Dumping,Removal Request,Queens,11354.0,Closed,Mobile,1
63657249,2025-01-06 07:10:48,2025-01-10 16:30:14,DSNY,Dirty Condition,Debris from Car Accident,Brooklyn,11218.0,Closed,Phone,4
63657264,2025-01-06 13:06:13,2025-01-07 12:35:55,DSNY,Snow Or Ice,Roadway,Staten Island,10301.0,Closed,Phone,0
63657265,2025-01-06 15:30:44,2025-01-07 12:33:27,DSNY,Snow Or Ice,Roadway,Staten Island,10301.0,Closed,Phone,0
63657284,2025-01-05 21:38:00,2025-01-06 06:14:00,DSNY,Derelict Vehicles,Derelict Vehicles,Bronx,10453.0,Closed,Phone,0
63657288,2025-01-05 12:43:00,2025-01-06 03:56:00,DSNY,Derelict Vehicles,Derelict Vehicles,Queens,11385.0,Closed,Phone,0
63657324,2025-01-06 09:31:10,2025-01-06 11:02:10,DSNY,Vendor Enforcement,Non-Food Vendor,Manhattan,10030.0,Closed,Online,0
63657325,2025-01-06 12:26:47,2025-01-06 14:02:01,DSNY,Vendor Enforcement,Food Vendor,Bronx,10462.0,Closed,Phone,0
63657332,2025-01-05 10:15:00,2025-01-06 04:06:00,DSNY,Derelict Vehicles,Derelict Vehicles,Queens,11373.0,Closed,Phone,0
63657333,2025-01-03 16:39:00,2025-01-07 08:47:00,DSNY,Derelict Vehicles,Derelict Vehicles,Brooklyn,11226.0,Closed,Phone,3
63657341,2025-01-06 10:52:09,2025-01-08 15:34:51,DSNY,Dead Animal,Cat,Bronx,10469.0,Closed,Phone,2
63657350,2025-01-06 11:27:06,2025-01-06 18:40:35,DSNY,Illegal Dumping,Removal Request,Queens,11372.0,Closed,Online,0
63657353,2025-01-06 09:38:10,2025-01-08 12:36:55,DSNY,Illegal Posting,Poster or Sign,Queens,11361.0,Closed,Online,2
63657397,2025-01-06 19:33:19,2025-01-09 14:56:37,DSNY,Snow Or Ice,Roadway,Staten Island,10314.0,Closed,Phone,2
63657412,2025-01-02 16:20:00,2025-01-06 11:04:00,DSNY,Derelict Vehicles,Derelict Vehicles,Bronx,10453.0,Closed,Phone,3
63657424,2025-01-06 18:43:30,2025-01-07 12:37:27,DSNY,Snow Or Ice,Roadway,Staten Island,10304.0,Closed,Phone,0
63657425,2025-01-06 19:41:30,2025-01-07 12:31:34,DSNY,Snow Or Ice,Roadway,Staten Island,10310.0,Closed,Phone,0
63657426,2025-01-06 09:46:25,2025-01-09 11:29:31,DSNY,Illegal Posting,Sticker or Decal,Queens,11368.0,Closed,Online,3
63657429,2025-01-04 19:02:00,2025-01-06 07:50:00,DSNY,Derelict Vehicles,Derelict Vehicles,Bronx,10453.0,Closed,Phone,1
63657516,2025-01-05 15:18:00,2025-01-07 06:20:00,DSNY,Derelict Vehicles,Derelict Vehicles,Bronx,10456.0,Closed,Phone,1
63657518,2025-01-06 15:44:06,2025-01-06 17:02:20,DSNY,Vendor Enforcement,Food Vendor,Manhattan,10036.0,Closed,Online,0
63657519,2025-01-06 07:55:31,2025-01-06 09:01:54,DSNY,Vendor Enforcement,Food Vendor,Manhattan,10007.0,Closed,Online,0
63657520,2025-01-06 16:46:34,2025-01-08 13:15:10,DSNY,Dirty Condition,Trash,Manhattan,10037.0,Closed,Phone,1
63657660,2025-01-06 19:49:10,2025-01-07 12:35:15,DSNY,Snow Or Ice,Roadway,Staten Island,10305.0,Closed,Online,0
63657661,2025-01-06 19:16:29,2025-01-09 15:06:19,DSNY,Snow Or Ice,Roadway,Staten Island,10314.0,Closed,Online,2
63658489,2025-01-06 19:08:37,2025-01-07 08:39:48,DSNY,Obstruction,Trash or Recycling,Queens,11420.0,Closed,Online,0
63658500,2025-01-07 01:02:47,2025-01-18 13:24:16,DSNY,Obstruction,Trash or Recycling,Brooklyn,11217.0,Closed,Phone,11
63658507,2025-01-06 14:09:37,2025-02-11 02:22:23,DSNY,Graffiti,Graffiti,Manhattan,10036.0,Closed,Unknown,35
63658553,2025-01-06 15:03:11,2025-03-20 00:00:00,DSNY,Graffiti,Graffiti,Bronx,10453.0,Closed,Unknown,72
63658589,2025-01-06 10:31:12,2025-01-08 15:14:39,DSNY,Obstruction,Trash or Recycling,Queens,11432.0,Closed,Online,2
63658590,2025-01-06 11:03:06,2025-01-07 09:30:16,DSNY,Obstruction,Trash or Recycling,Queens,11385.0,Closed,Online,0
63658591,2025-01-06 23:30:18,2025-01-18 12:58:03,DSNY,Obstruction,Trash or Recycling,Brooklyn,11222.0,Closed,Phone,11
63658925,2025-01-06 14:30:42,2025-01-08 12:28:46,DSNY,Illegal Posting,Poster or Sign,Brooklyn,11208.0,Closed,Online,1
63658931,2025-01-06 21:13:18,2025-01-08 05:40:29,DSNY,Snow Or Ice,Sidewalk,Queens,11418.0,Closed,Mobile,1
63658932,2025-01-06 22:51:11,2025-01-08 13:16:07,DSNY,Snow Or Ice,Sidewalk,Brooklyn,11205.0,Closed,Online,1
63658933,2025-01-06 21:08:42,2025-01-08 15:02:08,DSNY,Snow Or Ice,Sidewalk,Brooklyn,11209.0,Closed,Mobile,1
63658934,2025-01-06 23:03:59,2025-01-08 05:31:56,DSNY,Snow Or Ice,Sidewalk,Queens,11106.0,Closed,Mobile,1
63658935,2025-01-06 07:32:44,2025-01-08 22:42:54,DSNY,Dirty Condition,Trash,Brooklyn,11207.0,Closed,Mobile,2
63658936,2025-01-06 20:48:36,2025-01-09 13:57:22,DSNY,Dirty Condition,Trash,Brooklyn,11221.0,Closed,Mobile,2
63658938,2025-01-06 10:37:04,2025-01-07 19:24:44,DSNY,Dirty Condition,Trash,Bronx,10463.0,Closed,Online,1
63658940,2025-01-06 09:48:44,2025-01-08 00:13:31,DSNY,Dirty Condition,Trash,Bronx,10461.0,Closed,Phone,1
63658941,2025-01-06 11:32:26,2025-01-07 13:43:48,DSNY,Dirty Condition,Trash,Bronx,10458.0,Closed,Online,1
63658942,2025-01-07 01:21:58,2025-01-18 13:18:49,DSNY,Illegal Dumping,Removal Request,Brooklyn,11207.0,Closed,Mobile,11
63658943,2025-01-06 10:11:32,2025-01-07 01:23:34,DSNY,Residential Disposal Complaint,Trash or Recycling Not Secure,Brooklyn,11221.0,Closed,Phone,0
63658944,2025-01-06 09:40:07,2025-01-07 00:32:04,DSNY,Residential Disposal Complaint,Trash or Recycling Not Secure,Bronx,10468.0,Closed,Phone,0
63658953,2025-01-06 07:27:57,2025-01-07 01:08:58,DSNY,Residential Disposal Complaint,Waste Left in Front of Other Residence,Manhattan,10023.0,Closed,Online,0
63658993,2025-01-06 07:47:48,2025-01-08 07:18:39,DSNY,Sanitation Worker Or Vehicle Complaint,Idling or Blocking Traffic,Brooklyn,11229.0,Closed,Phone,1
63658994,2025-01-06 22:43:48,2025-01-08 20:44:40,DSNY,Snow Or Ice,Sidewalk,Brooklyn,11211.0,Closed,Online,1
63658995,2025-01-06 20:44:12,2025-01-07 21:42:44,DSNY,Snow Or Ice,Sidewalk,Brooklyn,11221.0,Closed,Mobile,1
63658996,2025-01-06 19:37:09,2025-01-08 21:35:07,DSNY,Snow Or Ice,Sidewalk,Brooklyn,11230.0,Closed,Mobile,2
63658997,2025-01-06 15:36:41,2025-01-13 07:14:18,DSNY,Abandoned Bike,Chained to Public Property,Manhattan,10012.0,Closed,Online,6
63658998,2025-01-06 10:50:45,2025-01-06 22:14:38,DSNY,Dirty Condition,Trash,Brooklyn,11231.0,Closed,Online,0
63659004,2025-01-06 11:11:00,2025-01-07 00:08:00,DSNY,Derelict Vehicles,Derelict Vehicles,Queens,11373.0,Closed,Phone,0
63659005,2025-01-05 11:58:00,2025-01-06 11:02:00,DSNY,Derelict Vehicles,Derelict Vehicles,Brooklyn,11210.0,Closed,Phone,0
63659006,2025-01-06 08:06:53,2025-01-06 11:14:19,DSNY,Dirty Condition,Trash,Brooklyn,11225.0,Closed,Mobile,0
63659007,2025-01-06 06:49:45,2025-01-07 13:28:55,DSNY,Dirty Condition,Trash,Manhattan,10029.0,Closed,Mobile,1
63659008,2025-01-06 16:23:00,2025-01-08 05:36:06,DSNY,Dirty Condition,Trash,Bronx,10467.0,Closed,Mobile,1
63659009,2025-01-06 13:28:37,2025-01-07 13:47:55,DSNY,Dirty Condition,Trash,Bronx,10468.0,Closed,Mobile,1
63659010,2025-01-06 09:34:19,2025-01-07 05:34:14,DSNY,Dirty Condition,Trash,Brooklyn,11211.0,Closed,Mobile,0
63659011,2025-01-06 20:29:08,2025-01-07 06:41:49,DSNY,Dirty Condition,Trash,Bronx,10453.0,Closed,Mobile,0
63659012,2025-01-06 16:24:34,2025-01-17 16:45:37,DSNY,Illegal Dumping,Removal Request,Brooklyn,11209.0,Closed,Phone,11
63659013,2025-01-06 11:34:49,2025-01-08 12:56:55,DSNY,Illegal Dumping,Removal Request,Queens,11373.0,Closed,Phone,2
63659014,2025-01-06 09:57:48,2025-01-08 12:00:54,DSNY,Illegal Dumping,Removal Request,Staten Island,10303.0,Closed,Phone,2
63659015,2025-01-04 02:08:00,2025-01-06 03:52:00,DSNY,Derelict Vehicles,Derelict Vehicles,Queens,11372.0,Closed,Phone,2
63659016,2025-01-04 14:28:00,2025-01-06 07:22:00,DSNY,Derelict Vehicles,Derelict Vehicles,Bronx,10451.0,Closed,Phone,1
63659017,2025-01-06 15:47:56,2025-01-07 08:56:58,DSNY,Illegal Dumping,Removal Request,Manhattan,10002.0,Closed,Phone,0
63659018,2025-01-06 10:29:07,2025-01-07 10:37:52,DSNY,Missed Collection,Recycling - Paper,Queens,11368.0,Closed,Online,1
63659022,2025-01-06 08:30:49,2025-01-07 00:30:32,DSNY,Dirty Condition,Dog Waste,Bronx,10456.0,Closed,Online,0
63659027,2025-01-05 15:43:00,2025-01-06 04:24:00,DSNY,Derelict Vehicles,Derelict Vehicles,Manhattan,10033.0,Closed,Phone,0
63659028,2025-01-05 15:02:00,2025-01-06 05:00:00,DSNY,Derelict Vehicles,Derelict Vehicles,Queens,11434.0,Closed,Phone,0
63659062,2025-01-04 15:45:00,2025-01-06 11:11:00,DSNY,Derelict Vehicles,Derelict Vehicles,Bronx,10458.0,Closed,Phone,1
63659063,2025-01-05 14:09:00,2025-01-06 11:11:00,DSNY,Derelict Vehicles,Derelict Vehicles,Queens,11377.0,Closed,Phone,0
63659065,2025-01-05 07:50:00,2025-01-06 04:48:00,DSNY,Derelict Vehicles,Derelict Vehicles,Manhattan,10040.0,Closed,Phone,0
63659066,2025-01-04 18:53:00,2025-01-06 12:23:00,DSNY,Derelict Vehicles,Derelict Vehicles,Brooklyn,11203.0,Closed,Phone,1
63659067,2025-01-05 10:12:00,2025-01-06 04:07:00,DSNY,Derelict Vehicles,Derelict Vehicles,Brooklyn,11217.0,Closed,Phone,0
63659069,2025-01-06 09:20:28,2025-01-06 11:02:14,DSNY,Vendor Enforcement,Food Vendor,Manhattan,10011.0,Closed,Phone,0
63659072,2025-01-06 10:46:34,2025-01-07 07:57:53,DSNY,Dirty Condition,Trash,Bronx,10459.0,Closed,Online,0
63659073,2025-01-06 05:02:18,2025-01-07 04:54:03,DSNY,Dirty Condition,Trash,Manhattan,10033.0,Closed,Phone,0
63659076,2025-01-06 16:26:00,2025-01-07 13:12:46,DSNY,Illegal Dumping,Chronic Dumping,Queens,11370.0,Closed,Mobile,0
63659079,2025-01-06 20:08:31,2025-01-08 05:40:03,DSNY,Snow Or Ice,Sidewalk,Queens,11420.0,Closed,Online,1
63659080,2025-01-06 21:31:16,2025-01-08 14:58:42,DSNY,Snow Or Ice,Sidewalk,Brooklyn,11209.0,Closed,Mobile,1
63659081,2025-01-06 10:41:50,2025-01-06 22:13:16,DSNY,Dirty Condition,Trash,Brooklyn,11231.0,Closed,Mobile,0
63659082,2025-01-06 10:14:20,2025-01-06 14:54:07,DSNY,Dirty Condition,Trash,Bronx,10459.0,Closed,Mobile,0
63659086,2025-01-05 13:06:00,2025-01-06 13:25:00,DSNY,Derelict Vehicles,Derelict Vehicles,Brooklyn,11221.0,Closed,Phone,1
63659087,2025-01-06 15:56:36,2025-01-07 17:37:35,DSNY,Illegal Dumping,Removal Request,Brooklyn,11230.0,Closed,Phone,1
63659088,2025-01-06 15:02:29,2025-01-08 15:15:49,DSNY,Illegal Dumping,Removal Request,Queens,11432.0,Closed,Unknown,2
63659089,2025-01-06 16:13:44,2025-01-07 10:50:37,DSNY,Illegal Dumping,Removal Request,Bronx,10452.0,Closed,Mobile,0
63659090,2025-01-07 01:25:16,2025-01-18 13:10:24,DSNY,Illegal Dumping,Removal Request,Brooklyn,11207.0,Closed,Mobile,11
63659091,2025-01-06 10:49:27,2025-01-18 13:21:36,DSNY,Illegal Dumping,Removal Request,Brooklyn,11233.0,Closed,Online,12
63659093,2025-01-03 08:31:00,2025-01-06 05:28:00,DSNY,Derelict Vehicles,Derelict Vehicles,Manhattan,10030.0,Closed,Phone,2
63659094,2025-01-06 08:03:23,2025-01-08 08:56:04,DSNY,Institution Disposal Complaint,Storage Area Not Provided,Bronx,10454.0,Closed,Phone,2
63659099,2025-01-06 09:33:47,2025-01-06 09:45:57,DSNY,Dirty Condition,Trash,Manhattan,10011.0,Closed,Phone,0
63659100,2025-01-06 16:33:42,2025-01-06 21:46:24,DSNY,Dirty Condition,Dog Waste,Queens,11423.0,Closed,Online,0
63659113,2025-01-04 10:45:00,2025-01-06 03:34:00,DSNY,Derelict Vehicles,Derelict Vehicles,Queens,11435.0,Closed,Phone,1
63659114,2025-01-05 21:30:00,2025-01-07 07:37:00,DSNY,Derelict Vehicles,Derelict Vehicles,Bronx,10453.0,Closed,Phone,1
63659115,2025-01-04 15:08:00,2025-01-07 06:34:00,DSNY,Derelict Vehicles,Derelict Vehicles,Bronx,10453.0,Closed,Phone,2
63659126,2025-01-06 12:58:45,2025-01-07 12:30:25,DSNY,Snow Or Ice,Roadway,Staten Island,10301.0,Closed,Phone,0
63659127,2025-01-06 09:48:14,2025-01-09 11:28:54,DSNY,Illegal Posting,Sticker or Decal,Queens,11368.0,Closed,Online,3
63659129,2025-01-06 09:10:40,2025-01-10 16:33:15,DSNY,Dead Animal,Rat or Mouse,Brooklyn,11215.0,Closed,Phone,4
63659155,2025-01-06 21:13:11,2025-01-13 09:15:41,DSNY,Snow Or Ice,Sidewalk,Brooklyn,11218.0,Closed,Online,6
63659156,2025-01-06 20:42:44,2025-01-13 09:15:26,DSNY,Snow Or Ice,Sidewalk,Brooklyn,11232.0,Closed,Online,6
63659157,2025-01-06 20:56:20,2025-01-08 12:14:00,DSNY,Snow Or Ice,Sidewalk,Manhattan,10014.0,Closed,Online,1
63659158,2025-01-06 19:36:53,2025-01-08 05:30:26,DSNY,Snow Or Ice,Sidewalk,Queens,11360.0,Closed,Online,1
63659159,2025-01-06 13:17:59,2025-01-07 14:14:18,DSNY,Dirty Condition,Trash,Bronx,10468.0,Closed,Mobile,1
63659160,2025-01-06 11:28:38,2025-01-07 23:31:32,DSNY,Dirty Condition,Trash,Brooklyn,11211.0,Closed,Online,1
63659161,2025-01-06 16:28:02,2025-01-07 04:51:43,DSNY,Dirty Condition,Trash,Bronx,10451.0,Closed,Online,0
63659162,2025-01-06 08:07:10,2025-01-07 14:46:53,DSNY,Missed Collection,Recycling - Paper/Metal/Glass/Rigid Plastic,Queens,11001.0,Closed,Online,1
63659163,2025-01-06 13:13:00,2025-01-07 02:48:00,DSNY,Derelict Vehicles,Derelict Vehicles,Queens,11418.0,Closed,Phone,0
63659169,2025-01-06 10:12:53,2025-01-07 01:24:07,DSNY,Residential Disposal Complaint,Trash or Recycling Not Secure,Brooklyn,11221.0,Closed,Phone,0
63659170,2025-01-06 10:03:36,2025-01-07 01:33:22,DSNY,Residential Disposal Complaint,Trash or Recycling Not Secure,Brooklyn,11211.0,Closed,Online,0
63659187,2025-01-06 11:52:54,2025-01-07 08:45:31,DSNY,Snow Or Ice,Roadway,Queens,11428.0,Closed,Phone,0
63659188,2025-01-06 09:50:26,2025-01-09 11:28:18,DSNY,Illegal Posting,Sticker or Decal,Queens,11368.0,Closed,Online,3
63659192,2025-01-04 21:59:00,2025-01-06 04:17:00,DSNY,Derelict Vehicles,Derelict Vehicles,Brooklyn,11224.0,Closed,Phone,1
63659222,2025-01-03 16:07:00,2025-01-06 13:24:00,DSNY,Derelict Vehicles,Derelict Vehicles,Brooklyn,11237.0,Closed,Phone,2
63659232,2025-01-06 10:29:28,2025-01-06 12:01:42,DSNY,Vendor Enforcement,Non-Food Vendor,Manhattan,10004.0,Closed,Online,0
63659254,2025-01-04 14:24:00,2025-01-06 15:12:00,DSNY,Derelict Vehicles,Derelict Vehicles,Brooklyn,11226.0,Closed,Phone,2
63659263,2025-01-06 12:49:30,2025-01-13 07:28:45,DSNY,Snow Or Ice,Roadway,Manhattan,10011.0,Closed,Online,6
63659264,2025-01-06 15:09:27,2025-01-07 17:36:27,DSNY,Snow Or Ice,Roadway,Brooklyn,11223.0,Closed,Online,1
63659265,2025-01-06 15:31:56,2025-01-07 12:31:40,DSNY,Snow Or Ice,Roadway,Staten Island,10301.0,Closed,Phone,0
63659295,2025-01-05 14:32:00,2025-01-07 06:23:00,DSNY,Derelict Vehicles,Derelict Vehicles,Bronx,10456.0,Closed,Phone,1
63659298,2025-01-06 09:57:20,2025-01-18 13:05:05,DSNY,Dead Animal,Cat,Brooklyn,11208.0,Closed,Online,12
63659299,2025-01-06 07:02:51,2025-01-07 12:56:58,DSNY,Dirty Condition,Trash,Staten Island,10314.0,Closed,Online,1
63659313,2025-01-06 01:20:22,2025-01-09 15:25:54,DSNY,Residential Disposal Complaint,Trash or Recycling Not Secure,Staten Island,10312.0,Closed,Online,3
63659314,2025-01-06 16:32:17,2025-01-08 21:44:29,DSNY,Residential Disposal Complaint,Waste Left in Front of Other Residence,Brooklyn,11223.0,Closed,Online,2
63659376,2025-01-06 19:11:56,2025-01-07 12:35:05,DSNY,Snow Or Ice,Roadway,Staten Island,10312.0,Closed,Online,0
63659377,2025-01-06 16:57:14,2025-01-07 12:31:53,DSNY,Snow Or Ice,Roadway,Staten Island,10304.0,Closed,Phone,0
63659378,2025-01-06 07:50:05,2025-01-09 14:59:27,DSNY,Snow Or Ice,Roadway,Staten Island,10306.0,Closed,Phone,3
63659379,2025-01-06 12:37:25,2025-01-07 12:34:17,DSNY,Snow Or Ice,Roadway,Staten Island,10301.0,Closed,Phone,0
63660353,2025-01-06 10:36:27,2025-02-10 02:22:24,DSNY,Graffiti,Graffiti,Queens,11377.0,Closed,Unknown,34
63660354,2025-01-06 09:12:53,2025-01-23 00:00:00,DSNY,Graffiti,Graffiti,Brooklyn,11217.0,Closed,Unknown,16
63660402,2025-01-06 08:51:13,2025-02-10 02:22:24,DSNY,Graffiti,Graffiti,Staten Island,10306.0,Closed,Unknown,34
63660404,2025-01-06 16:46:47,2025-02-11 02:22:23,DSNY,Graffiti,Graffiti,Manhattan,10025.0,Closed,Unknown,35
63660537,2025-01-06 15:05:33,2025-02-11 02:22:23,DSNY,Graffiti,Graffiti,Queens,11416.0,Closed,Unknown,35
63660575,2025-01-06 07:47:55,2025-02-10 00:00:00,DSNY,Graffiti,Graffiti,Brooklyn,11249.0,Closed,Unknown,34
63660632,2025-01-06 10:00:43,2025-01-14 00:00:00,DSNY,Graffiti,Graffiti,Bronx,10456.0,Closed,Unknown,7
63660635,2025-01-06 21:08:03,2025-02-04 00:00:00,DSNY,Graffiti,Graffiti,Brooklyn,11220.0,Closed,Unknown,28
63660666,2025-01-06 10:06:46,2025-01-08 00:00:00,DSNY,Graffiti,Graffiti,Brooklyn,11206.0,Closed,Unknown,1
63660773,2025-01-06 07:51:15,2025-01-22 00:00:00,DSNY,Graffiti,Graffiti,Brooklyn,11211.0,Closed,Unknown,15
63660880,2025-01-06 21:48:11,2025-01-07 21:45:52,DSNY,Snow Or Ice,Sidewalk,Brooklyn,11221.0,Closed,Online,0
63660881,2025-01-06 19:32:08,2025-01-08 21:27:23,DSNY,Snow Or Ice,Sidewalk,Brooklyn,11226.0,Closed,Mobile,2
63660882,2025-01-06 21:24:09,2025-01-08 05:37:12,DSNY,Snow Or Ice,Sidewalk,Queens,11418.0,Closed,Mobile,1
63660883,2025-01-06 21:21:26,2025-01-08 05:27:01,DSNY,Snow Or Ice,Sidewalk,Queens,11418.0,Closed,Mobile,1
63660884,2025-01-06 19:32:37,2025-01-08 05:39:48,DSNY,Snow Or Ice,Sidewalk,Queens,11106.0,Closed,Mobile,1
63660886,2025-01-06 21:17:19,2025-01-13 09:16:22,DSNY,Snow Or Ice,Sidewalk,Brooklyn,11231.0,Closed,Online,6
63660887,2025-01-06 23:34:22,2025-01-08 14:54:59,DSNY,Snow Or Ice,Sidewalk,Brooklyn,11209.0,Closed,Online,1
63660888,2025-01-06 19:50:53,2025-01-08 05:34:32,DSNY,Snow Or Ice,Sidewalk,Queens,11377.0,Closed,Phone,1
63660889,2025-01-06 21:10:06,2025-01-08 15:00:27,DSNY,Snow Or Ice,Sidewalk,Brooklyn,11209.0,Closed,Mobile,1
63660890,2025-01-06 07:53:53,2025-01-07 05:16:28,DSNY,Dirty Condition,Trash,Brooklyn,11238.0,Closed,Mobile,0
63660891,2025-01-06 01:27:22,2025-01-07 10:57:20,DSNY,Dirty Condition,Trash,Manhattan,10003.0,Closed,Mobile,1
63660892,2025-01-06 13:06:21,2025-01-10 13:09:58,DSNY,Dirty Condition,Trash,Brooklyn,11209.0,Closed,Online,4
63660893,2025-01-07 01:16:39,2025-01-18 13:18:41,DSNY,Illegal Dumping,Removal Request,Brooklyn,11207.0,Closed,Mobile,11
63660894,2025-01-06 10:25:54,2025-01-18 13:04:30,DSNY,Illegal Dumping,Removal Request,Brooklyn,11213.0,Closed,Phone,12
63660895,2025-01-06 08:29:42,2025-01-07 09:30:30,DSNY,Illegal Dumping,Removal Request,Queens,11419.0,Closed,Phone,1
63660896,2025-01-06 10:18:44,2025-01-18 13:20:45,DSNY,Illegal Dumping,Removal Request,Brooklyn,11207.0,Closed,Online,12
63660897,2025-01-06 15:27:28,2025-01-08 15:40:31,DSNY,Illegal Dumping,Removal Request,Bronx,10456.0,Closed,Mobile,2
63660898,2025-01-06 12:11:44,2025-01-08 15:15:18,DSNY,Litter Basket Request,New Basket,Queens,11434.0,Closed,Phone,2
63660899,2025-01-06 09:42:39,2025-01-18 13:06:54,DSNY,Missed Collection,Trash,Brooklyn,11249.0,Closed,Phone,12
63660900,2025-01-06 07:54:54,2025-01-09 15:27:23,DSNY,Residential Disposal Complaint,Trash or Recycling Not Secure,Staten Island,10312.0,Closed,Online,3
63660902,2025-01-06 09:54:50,2025-01-08 12:57:15,DSNY,Missed Collection,Recycling - Paper/Metal/Glass/Rigid Plastic,Queens,11106.0,Closed,Online,2
63660908,2025-01-06 07:43:46,2025-01-06 13:28:22,DSNY,Dirty Condition,Trash,Bronx,10465.0,Closed,Online,0
63660909,2025-01-06 15:51:28,2025-01-07 00:02:08,DSNY,Dirty Condition,Dog Waste,Queens,11373.0,Closed,Phone,0
63660985,2025-01-06 03:44:00,2025-01-06 17:23:00,DSNY,Derelict Vehicles,Derelict Vehicles,Bronx,10469.0,Closed,Phone,0
63660986,2025-01-05 14:35:00,2025-01-06 17:54:00,DSNY,Derelict Vehicles,Derelict Vehicles,Bronx,10456.0,Closed,Phone,1
63660989,2025-01-05 23:38:00,2025-01-06 03:46:00,DSNY,Derelict Vehicles,Derelict Vehicles,Bronx,10462.0,Closed,Phone,0
63660990,2025-01-05 12:02:00,2025-01-06 17:23:00,DSNY,Derelict Vehicles,Derelict Vehicles,Bronx,10475.0,Closed,Phone,1
63660991,2025-01-05 11:21:00,2025-01-06 04:39:00,DSNY,Derelict Vehicles,Derelict Vehicles,Manhattan,10004.0,Closed,Phone,0
63660993,2025-01-02 17:26:00,2025-01-07 10:41:00,DSNY,Derelict Vehicles,Derelict Vehicles,Bronx,10453.0,Closed,Phone,4
63660994,2025-01-03 19:06:00,2025-01-07 08:54:00,DSNY,Derelict Vehicles,Derelict Vehicles,Brooklyn,11221.0,Closed,Phone,3
63660995,2025-01-05 14:25:00,2025-01-06 04:05:00,DSNY,Derelict Vehicles,Derelict Vehicles,Brooklyn,11231.0,Closed,Phone,0
63660997,2025-01-06 11:03:15,2025-01-06 13:01:47,DSNY,Vendor Enforcement,Food Vendor,Queens,11385.0,Closed,Phone,0
63660998,2025-01-06 07:23:08,2025-01-06 09:01:52,DSNY,Vendor Enforcement,Food Vendor,Manhattan,10006.0,Closed,Online,0
63660999,2025-01-06 10:52:03,2025-01-07 06:12:35,DSNY,Dirty Condition,Trash,Bronx,10462.0,Closed,Phone,0
63661000,2025-01-06 10:16:05,2025-01-07 13:16:39,DSNY,Dirty Condition,Trash,Brooklyn,11212.0,Closed,Phone,1
63661001,2025-01-06 09:56:42,2025-01-09 11:26:55,DSNY,Illegal Posting,Sticker or Decal,Queens,11372.0,Closed,Online,3
63661006,2025-01-06 11:39:38,2025-01-06 13:01:51,DSNY,Vendor Enforcement,Non-Food Vendor,Bronx,10455.0,Closed,Online,0
63661007,2025-01-06 08:42:33,2025-01-08 12:38:08,DSNY,Illegal Dumping,Chronic Dumping,Bronx,10463.0,Closed,Mobile,2
63661008,2025-01-06 07:33:41,2025-01-07 05:05:50,DSNY,Illegal Dumping,Chronic Dumping,Manhattan,10011.0,Closed,Mobile,0
63661009,2025-01-06 19:14:14,2025-01-19 11:18:02,DSNY,Sanitation Worker Or Vehicle Complaint,Inappropriate Behavior,Brooklyn,11212.0,Closed,Phone,12
63661010,2025-01-06 09:39:28,2025-01-08 12:11:44,DSNY,Sanitation Worker Or Vehicle Complaint,Inappropriate Behavior,Staten Island,10308.0,Closed,Phone,2
63661017,2025-01-06 19:32:56,2025-01-08 05:31:05,DSNY,Snow Or Ice,Sidewalk,Queens,11106.0,Closed,Mobile,1
63661018,2025-01-06 22:31:03,2025-01-08 15:03:16,DSNY,Snow Or Ice,Sidewalk,Brooklyn,11218.0,Closed,Mobile,1
63661019,2025-01-06 08:13:47,2025-01-07 00:48:22,DSNY,Dirty Condition,Trash,Manhattan,10014.0,Closed,Mobile,0
63661020,2025-01-06 11:58:31,2025-01-07 09:57:22,DSNY,Dirty Condition,Trash,Queens,11354.0,Closed,Online,0
63661021,2025-01-06 15:18:31,2025-01-07 07:25:01,DSNY,Dirty Condition,Trash,Bronx,10466.0,Closed,Mobile,0
63661022,2025-01-06 13:07:22,2025-01-08 12:06:27,DSNY,Dirty Condition,Trash,Brooklyn,11212.0,Closed,Mobile,1
63661023,2025-01-06 21:00:16,2025-01-07 07:27:19,DSNY,Dirty Condition,Trash,Bronx,10463.0,Closed,Mobile,0
63661024,2025-01-06 09:22:46,2025-01-09 15:04:53,DSNY,Illegal Dumping,Removal Request,Staten Island,10314.0,Closed,Phone,3
63661026,2025-01-06 09:47:31,2025-01-15 09:50:33,DSNY,Illegal Dumping,Removal Request,Brooklyn,11232.0,Closed,Mobile,9
63661027,2025-01-06 15:56:58,2025-01-07 09:02:20,DSNY,Illegal Dumping,Removal Request,Manhattan,10002.0,Closed,Phone,0
63661028,2025-01-06 16:51:56,2025-01-07 00:26:31,DSNY,Residential Disposal Complaint,Waste Set Out Too Early or Too Late,Staten Island,10303.0,Closed,Phone,0
63661031,2025-01-06 19:16:25,2025-01-07 12:34:51,DSNY,Snow Or Ice,Roadway,Staten Island,10308.0,Closed,Phone,0
63661032,2025-01-06 16:59:41,2025-01-07 12:35:20,DSNY,Snow Or Ice,Roadway,Staten Island,10304.0,Closed,Phone,0
63661033,2025-01-06 23:37:35,2025-01-07 12:32:41,DSNY,Snow Or Ice,Roadway,Staten Island,10302.0,Closed,Online,0
63661034,2025-01-06 23:00:50,2025-01-07 12:35:41,DSNY,Snow Or Ice,Roadway,Staten Island,10310.0,Closed,Phone,0
63661035,2025-01-06 13:33:41,2025-01-09 12:41:39,DSNY,Snow Or Ice,Roadway,Staten Island,10301.0,Closed,Phone,2
63661036,2025-01-06 09:58:59,2025-01-06 16:50:46,DSNY,Dirty Condition,Trash,Manhattan,10011.0,Closed,Phone,0
63661037,2025-01-06 08:48:21,2025-01-07 11:13:31,DSNY,Residential Disposal Complaint,Mattress or Box Spring Uncovered,Queens,11433.0,Closed,Phone,1
63661038,2025-01-07 00:32:24,2025-01-07 09:32:55,DSNY,Street Sweeping Complaint,Inadequate Sweeping,Queens,11385.0,Closed,Online,0
63661044,2025-01-06 14:29:38,2025-01-09 15:01:47,DSNY,Snow Or Ice,Roadway,Staten Island,10301.0,Closed,Phone,3
63661056,2025-01-06 22:00:54,2025-01-08 05:40:44,DSNY,Snow Or Ice,Sidewalk,Queens,11428.0,Closed,Online,1
63661057,2025-01-06 20:48:21,2025-01-08 21:46:09,DSNY,Snow Or Ice,Sidewalk,Brooklyn,11204.0,Closed,Mobile,2
63661058,2025-01-06 19:40:29,2025-01-08 05:30:46,DSNY,Snow Or Ice,Sidewalk,Queens,11361.0,Closed,Online,1
63661067,2025-01-06 20:36:17,2025-01-07 13:16:46,DSNY,Snow Or Ice,Sidewalk,Manhattan,10030.0,Closed,Phone,0
63661068,2025-01-06 21:19:38,2025-01-08 05:32:38,DSNY,Snow Or Ice,Sidewalk,Queens,11106.0,Closed,Mobile,1
63661069,2025-01-06 08:21:51,2025-01-07 05:24:11,DSNY,Dirty Condition,Trash,Brooklyn,11238.0,Closed,Mobile,0
63661070,2025-01-06 08:35:11,2025-01-07 13:52:20,DSNY,Dirty Condition,Trash,Brooklyn,11211.0,Closed,Mobile,1
63661071,2025-01-06 09:01:12,2025-01-13 07:14:51,DSNY,Illegal Dumping,Removal Request,Manhattan,10011.0,Closed,Mobile,6
63661072,2025-01-06 12:31:58,2025-01-13 14:38:30,DSNY,Illegal Dumping,Removal Request,Brooklyn,11236.0,Closed,Online,7
63661073,2025-01-06 09:58:42,2025-01-11 17:57:35,DSNY,Missed Collection,Trash,Queens,11691.0,Closed,Online,5
63661087,2025-01-06 09:45:39,2025-01-07 01:31:59,DSNY,Residential Disposal Complaint,Trash or Recycling Not Secure,Brooklyn,11238.0,Closed,Online,0
63661108,2025-01-06 08:44:53,2025-01-07 00:06:59,DSNY,Dirty Condition,Dog Waste,Manhattan,10032.0,Closed,Online,0
63661109,2025-01-06 17:45:27,2025-01-13 14:15:09,DSNY,Litter Basket Request,Replacement Basket,Manhattan,10040.0,Closed,Online,6
63661110,2025-01-04 17:24:00,2025-01-06 06:55:00,DSNY,Derelict Vehicles,Derelict Vehicles,Queens,11378.0,Closed,Phone,1
63661124,2025-01-04 19:03:00,2025-01-06 11:09:00,DSNY,Derelict Vehicles,Derelict Vehicles,Bronx,10453.0,Closed,Phone,1
63661137,2025-01-04 17:34:00,2025-01-06 03:54:00,DSNY,Derelict Vehicles,Derelict Vehicles,Queens,11377.0,Closed,Phone,1
63661160,2025-01-04 12:50:00,2025-01-07 00:55:00,DSNY,Derelict Vehicles,Derelict Vehicles,Brooklyn,11234.0,Closed,Phone,2
63661161,2025-01-05 10:55:00,2025-01-06 17:55:00,DSNY,Derelict Vehicles,Derelict Vehicles,Bronx,10456.0,Closed,Phone,1
63661163,2025-01-06 11:16:00,2025-01-07 00:31:00,DSNY,Derelict Vehicles,Derelict Vehicles,Queens,11377.0,Closed,Phone,0
63661164,2025-01-05 23:42:00,2025-01-06 04:36:00,DSNY,Derelict Vehicles,Derelict Vehicles,Queens,11419.0,Closed,Phone,0
63661165,2025-01-06 11:30:36,2025-01-06 13:01:45,DSNY,Vendor Enforcement,Food Vendor,Manhattan,10004.0,Closed,Online,0
63661166,2025-01-06 11:47:13,2025-01-06 13:01:53,DSNY,Vendor Enforcement,Non-Food Vendor,Brooklyn,11233.0,Closed,Phone,0
63661167,2025-01-06 11:36:52,2025-01-08 22:10:50,DSNY,Illegal Dumping,Chronic Dumping,Bronx,10452.0,Closed,Mobile,2
63661168,2025-01-06 06:29:59,2025-01-07 12:27:27,DSNY,Obstruction,Weeds or Grass,Staten Island,10312.0,Closed,Online,1
63661169,2025-01-06 18:37:36,2025-01-08 05:37:35,DSNY,Residential Disposal Complaint,Waste Set Out Too Early or Too Late,Bronx,10463.0,Closed,Online,1
63661170,2025-01-06 13:33:39,2025-01-09 07:23:26,DSNY,Residential Disposal Complaint,Waste Set Out Too Early or Too Late,Brooklyn,11209.0,Closed,Online,2
63661171,2025-01-06 12:26:46,2025-01-19 11:19:15,DSNY,Sanitation Worker Or Vehicle Complaint,Spilled Garbage,Brooklyn,11228.0,Closed,Phone,12
63661172,2025-01-06 09:58:56,2025-01-09 11:25:32,DSNY,Illegal Posting,Sticker or Decal,Queens,11372.0,Closed,Online,3
63661175,2025-01-05 00:11:00,2025-01-06 11:37:00,DSNY,Derelict Vehicles,Derelict Vehicles,Manhattan,10019.0,Closed,Phone,1
63661185,2025-01-05 14:54:00,2025-01-06 17:59:00,DSNY,Derelict Vehicles,Derelict Vehicles,Bronx,10456.0,Closed,Phone,1
63661190,2025-01-06 23:06:31,2025-01-08 15:19:37,DSNY,Sanitation Worker Or Vehicle Complaint,Inappropriate Behavior,Queens,11356.0,Closed,Phone,1
63661191,2025-01-06 08:45:10,2025-01-10 05:08:43,DSNY,Sanitation Worker Or Vehicle Complaint,Spilled Garbage,Staten Island,10304.0,Closed,Online,3
63661192,2025-01-06 15:54:24,2025-01-07 12:34:51,DSNY,Snow Or Ice,Roadway,Staten Island,10308.0,Closed,Online,0
63661218,2025-01-06 14:49:23,2025-01-07 12:37:11,DSNY,Snow Or Ice,Roadway,Staten Island,10301.0,Closed,Online,0
63661230,2025-01-06 08:16:33,2025-01-24 12:14:06,DSNY,Snow Or Ice,Roadway,Bronx,10459.0,Closed,Phone,18
63662298,2025-01-06 18:42:58,2025-01-06 20:01:45,DSNY,Commercial Disposal Complaint,Waste Disposal,Queens,11378.0,Closed,Phone,0
63662378,2025-01-06 11:43:21,2025-02-27 00:00:00,DSNY,Graffiti,Graffiti,Bronx,10468.0,Closed,Unknown,51
63662461,2025-01-06 17:08:02,2025-01-08 12:53:41,DSNY,Obstruction,Trash or Recycling,Queens,11385.0,Closed,Online,1
63662464,2025-01-06 01:26:02,2025-01-18 13:03:42,DSNY,Obstruction,Trash or Recycling,Brooklyn,11225.0,Closed,Online,12
63662479,2025-01-06 17:07:41,2025-01-13 14:14:07,DSNY,Dumpster Complaint,Overflowing dumpster,Manhattan,10034.0,Closed,Online,6
63662500,2025-01-06 10:09:26,2025-01-06 12:01:46,DSNY,Commercial Disposal Complaint,Waste Disposal,Manhattan,10011.0,Closed,Phone,0
63662505,2025-01-06 13:24:22,2025-01-24 00:00:00,DSNY,Graffiti,Graffiti,Brooklyn,11211.0,Closed,Unknown,17
63662540,2025-01-06 12:55:29,2025-02-11 02:22:23,DSNY,Graffiti,Graffiti,Staten Island,10304.0,Closed,Unknown,35
63662639,2025-01-06 10:34:23,2025-03-26 00:00:00,DSNY,Graffiti,Graffiti,Bronx,10458.0,Closed,Unknown,78
63662826,2025-01-07 22:15:23,2025-01-08 12:53:29,DSNY,Obstruction,Trash or Recycling,Queens,11378.0,Closed,Online,0
63662828,2025-01-07 19:57:09,2025-01-08 10:41:18,DSNY,Snow Or Ice,Roadway,Queens,11428.0,Closed,Phone,0
63662829,2025-01-07 10:36:28,2025-01-08 06:29:22,DSNY,Snow Or Ice,Roadway,Staten Island,10312.0,Closed,Phone,0
63662830,2025-01-07 09:02:30,2025-01-09 14:56:22,DSNY,Snow Or Ice,Roadway,Staten Island,10314.0,Closed,Phone,2
63662831,2025-01-07 15:32:53,2025-01-13 09:29:44,DSNY,Snow Or Ice,Sidewalk,Brooklyn,11209.0,Closed,Online,5
63662832,2025-01-07 11:57:57,2025-01-08 11:01:51,DSNY,Snow Or Ice,Sidewalk,Queens,11101.0,Closed,Online,0
63662833,2025-01-07 13:31:51,2025-01-08 21:49:31,DSNY,Snow Or Ice,Sidewalk,Brooklyn,11214.0,Closed,Mobile,1
63662834,2025-01-07 13:10:59,2025-01-13 09:29:12,DSNY,Snow Or Ice,Sidewalk,Brooklyn,11215.0,Closed,Mobile,5
63662835,2025-01-07 12:57:14,2025-01-08 21:27:43,DSNY,Snow Or Ice,Sidewalk,Brooklyn,11226.0,Closed,Mobile,1
63662836,2025-01-07 18:17:57,2025-01-10 13:37:22,DSNY,Snow Or Ice,Sidewalk,Brooklyn,11225.0,Closed,Mobile,2
63662837,2025-01-07 09:47:22,2025-01-10 13:38:11,DSNY,Snow Or Ice,Sidewalk,Brooklyn,11225.0,Closed,Mobile,3
63662838,2025-01-07 13:16:57,2025-01-08 21:34:27,DSNY,Snow Or Ice,Sidewalk,Brooklyn,11230.0,Closed,Mobile,1
63662839,2025-01-07 19:41:44,2025-01-08 21:36:12,DSNY,Snow Or Ice,Sidewalk,Brooklyn,11230.0,Closed,Mobile,1
63662840,2025-01-07 13:26:17,2025-01-10 13:34:10,DSNY,Snow Or Ice,Sidewalk,Brooklyn,11213.0,Closed,Online,3
63662841,2025-01-07 07:54:15,2025-01-08 13:54:16,DSNY,Snow Or Ice,Sidewalk,Manhattan,10003.0,Closed,Mobile,1
63662842,2025-01-07 18:23:45,2025-01-09 08:33:14,DSNY,Snow Or Ice,Sidewalk,Staten Island,10308.0,Closed,Online,1
63662843,2025-01-07 09:02:04,2025-01-13 09:21:39,DSNY,Snow Or Ice,Sidewalk,Brooklyn,11209.0,Closed,Mobile,6
63662844,2025-01-07 09:46:25,2025-01-13 09:26:17,DSNY,Snow Or Ice,Sidewalk,Brooklyn,11215.0,Closed,Phone,5
63662845,2025-01-07 10:30:14,2025-01-11 07:31:58,DSNY,Snow Or Ice,Sidewalk,Staten Island,10314.0,Closed,Phone,3
63662846,2025-01-07 08:18:06,2025-01-08 19:52:49,DSNY,Snow Or Ice,Sidewalk,Manhattan,10023.0,Closed,Mobile,1
63662847,2025-01-07 09:38:47,2025-01-09 08:34:30,DSNY,Snow Or Ice,Sidewalk,Staten Island,10309.0,Closed,Online,1
63662848,2025-01-07 09:50:37,2025-01-09 15:21:59,DSNY,Snow Or Ice,Sidewalk,Staten Island,10312.0,Closed,Online,2
63662849,2025-01-07 12:25:10,2025-01-10 06:31:43,DSNY,Snow Or Ice,Sidewalk,Staten Island,10312.0,Closed,Online,2
63662850,2025-01-07 11:20:40,2025-01-08 05:43:41,DSNY,Snow Or Ice,Sidewalk,Queens,11375.0,Closed,Mobile,0
63662851,2025-01-07 08:42:56,2025-01-13 09:19:48,DSNY,Snow Or Ice,Sidewalk,Brooklyn,11209.0,Closed,Online,6
63662854,2025-01-07 02:44:32,2025-01-10 15:13:01,DSNY,Snow Or Ice,Sidewalk,Staten Island,10304.0,Closed,Mobile,3
63662857,2025-01-07 07:12:05,2025-01-08 06:48:44,DSNY,Obstruction,Trash or Recycling,Manhattan,10012.0,Closed,Online,0
63662858,2025-01-07 15:56:19,2025-01-08 21:31:19,DSNY,Snow Or Ice,Sidewalk,Brooklyn,11230.0,Closed,Online,1
63662859,2025-01-07 19:17:47,2025-01-13 09:38:48,DSNY,Snow Or Ice,Sidewalk,Brooklyn,11230.0,Closed,Online,5
63662860,2025-01-07 07:17:09,2025-01-10 13:05:48,DSNY,Dirty Condition,Trash,Brooklyn,11209.0,Closed,Mobile,3
63662861,2025-01-07 08:39:13,2025-01-07 12:33:42,DSNY,Snow Or Ice,Roadway,Staten Island,10312.0,Closed,Phone,0
63662862,2025-01-07 07:42:51,2025-01-07 08:15:57,DSNY,Dirty Condition,Trash,Brooklyn,11201.0,Closed,Mobile,0
63662863,2025-01-07 08:15:23,2025-01-09 13:24:01,DSNY,Dirty Condition,Trash,Brooklyn,11216.0,Closed,Mobile,2
63662864,2025-01-07 19:05:56,2025-01-08 08:26:17,DSNY,Dirty Condition,Trash,Manhattan,10025.0,Closed,Mobile,0
63662865,2025-01-07 18:53:21,2025-01-11 13:11:48,DSNY,Dirty Condition,Trash,Queens,11106.0,Closed,Online,3
63662866,2025-01-07 13:48:10,2025-01-08 12:55:55,DSNY,Illegal Dumping,Removal Request,Queens,11378.0,Closed,Phone,0
63662867,2025-01-07 12:55:06,2025-01-18 13:22:27,DSNY,Illegal Dumping,Removal Request,Brooklyn,11221.0,Closed,Phone,11
63662868,2025-01-07 12:42:15,2025-01-08 04:33:37,DSNY,Dirty Condition,Trash,Queens,11377.0,Closed,Phone,0
63662869,2025-01-07 15:33:38,2025-01-10 16:30:01,DSNY,Illegal Dumping,Removal Request,Brooklyn,11230.0,Closed,Unknown,3
63662870,2025-01-07 13:13:49,2025-01-08 15:15:29,DSNY,Illegal Dumping,Removal Request,Queens,11413.0,Closed,Phone,1
63662871,2025-01-07 09:00:12,2025-01-08 15:35:19,DSNY,Illegal Dumping,Removal Request,Bronx,10470.0,Closed,Phone,1
63662872,2025-01-07 19:08:22,2025-01-08 06:44:49,DSNY,Illegal Dumping,Removal Request,Manhattan,10040.0,Closed,Phone,0
63662873,2025-01-07 20:47:49,2025-01-08 06:39:40,DSNY,Dirty Condition,Trash,Manhattan,10001.0,Closed,Mobile,0
63662874,2025-01-07 11:12:25,2025-01-08 13:11:26,DSNY,Dirty Condition,Trash,Manhattan,10035.0,Closed,Mobile,1
63662875,2025-01-07 08:25:03,2025-01-08 07:46:28,DSNY,Dirty Condition,Trash,Manhattan,10036.0,Closed,Mobile,0
63662876,2025-01-07 11:29:24,2025-01-08 15:18:32,DSNY,Illegal Dumping,Removal Request,Queens,11432.0,Closed,Online,1
63662877,2025-01-07 09:09:18,2025-01-08 10:12:13,DSNY,Illegal Dumping,Removal Request,Queens,11354.0,Closed,Mobile,1
63662882,2025-01-07 14:59:44,2025-01-08 13:20:48,DSNY,Snow Or Ice,Sidewalk,Brooklyn,11213.0,Closed,Online,0
63662883,2025-01-07 06:54:40,2025-01-07 12:34:09,DSNY,Snow Or Ice,Roadway,Staten Island,10312.0,Closed,Phone,0
63662884,2025-01-07 21:29:55,2025-01-08 22:52:51,DSNY,Dirty Condition,Trash,Brooklyn,11237.0,Closed,Online,1
63662885,2025-01-07 11:46:21,2025-01-13 07:14:56,DSNY,Illegal Dumping,Removal Request,Manhattan,10012.0,Closed,Online,5
63662886,2025-01-07 23:13:24,2025-01-10 16:29:59,DSNY,Illegal Dumping,Removal Request,Brooklyn,11230.0,Closed,Online,2
63662887,2025-01-07 11:32:55,2025-01-10 13:28:21,DSNY,Residential Disposal Complaint,Waste Left in Front of Other Residence,Brooklyn,11225.0,Closed,Phone,3
63662888,2025-01-07 12:26:24,2025-01-10 13:21:58,DSNY,Residential Disposal Complaint,Waste Left in Front of Other Residence,Brooklyn,11211.0,Closed,Online,3
63662892,2025-01-07 12:28:36,2025-01-08 14:06:20,DSNY,Illegal Dumping,Removal Request,Brooklyn,11220.0,Closed,Online,1
63662901,2025-01-07 11:52:52,2025-01-18 13:20:51,DSNY,Street Sweeping Complaint,Inadequate Sweeping,Brooklyn,11208.0,Closed,Phone,11
63662902,2025-01-07 11:17:06,2025-01-09 11:26:14,DSNY,Street Sweeping Complaint,Inadequate Sweeping,Queens,11377.0,Closed,Online,2
63662903,2025-01-07 11:57:55,2025-01-08 13:01:33,DSNY,Residential Disposal Complaint,Trash or Recycling Not Secure,Brooklyn,11216.0,Closed,Online,1
63662907,2025-01-07 19:24:52,2025-01-07 20:45:09,DSNY,Dirty Condition,Trash,Brooklyn,11226.0,Closed,Phone,0
63662908,2025-01-07 14:48:50,2025-01-20 19:57:45,DSNY,Street Sweeping Complaint,Street Not Swept,Brooklyn,11209.0,Closed,Online,13
63662909,2025-01-07 16:42:15,2025-01-13 14:35:08,DSNY,Litter Basket Request,Replacement Basket,Manhattan,10034.0,Closed,Online,5
63662910,2025-01-07 17:16:06,2025-01-13 14:38:24,DSNY,Litter Basket Request,Replacement Basket,Manhattan,10034.0,Closed,Online,5
63662915,2025-01-07 11:40:59,2025-01-07 20:42:28,DSNY,Dirty Condition,Trash,Brooklyn,11210.0,Closed,Phone,0
63662916,2025-01-07 16:43:40,2025-01-09 13:23:25,DSNY,Obstruction,Cone,Manhattan,10463.0,Closed,Phone,1
63662917,2025-01-07 17:15:16,2025-01-08 08:00:34,DSNY,Obstruction,Cone,Queens,11411.0,Closed,Phone,0
63662922,2025-01-07 09:03:38,2025-01-08 06:48:19,DSNY,Street Sweeping Complaint,Inadequate Sweeping,Brooklyn,11204.0,Closed,Online,0
63662930,2025-01-07 12:30:29,2025-01-09 13:33:32,DSNY,Street Sweeping Complaint,Street Not Swept,Brooklyn,11217.0,Closed,Online,2
63662941,2025-01-07 07:22:21,2025-02-03 00:00:00,DSNY,Graffiti,Graffiti,Staten Island,10308.0,Closed,Unknown,26
63662944,2025-01-07 19:02:01,2025-01-13 14:35:19,DSNY,Litter Basket Request,Replacement Basket,Manhattan,10033.0,Closed,Phone,5
63662945,2025-01-07 15:11:46,2025-01-07 19:18:47,DSNY,Obstruction,Cone,Queens,11419.0,Closed,Phone,0
63662956,2025-01-07 06:45:19,2025-01-07 08:02:10,DSNY,Commercial Disposal Complaint,Waste Disposal,Brooklyn,11215.0,Closed,Online,0
63662961,2025-01-07 19:05:46,2025-01-14 00:00:00,DSNY,Graffiti,Graffiti,Manhattan,10032.0,Closed,Unknown,6
63664293,2025-01-07 21:08:22,2025-05-01 00:00:00,DSNY,Graffiti,Graffiti,Brooklyn,11213.0,Closed,Unknown,113
63664294,2025-01-07 20:54:24,2025-02-03 00:00:00,DSNY,Graffiti,Graffiti,Manhattan,10017.0,Closed,Unknown,26
63664327,2025-01-07 08:25:00,2025-01-07 23:23:00,DSNY,Derelict Vehicles,Derelict Vehicles,Manhattan,10031.0,Closed,Phone,0
63664365,2025-01-07 09:54:00,2025-01-07 23:01:00,DSNY,Derelict Vehicles,Derelict Vehicles,Brooklyn,11217.0,Closed,Phone,0
63664403,2025-01-06 10:33:00,2025-01-07 03:47:00,DSNY,Derelict Vehicles,Derelict Vehicles,Bronx,10472.0,Closed,Phone,0
63664404,2025-01-04 13:47:00,2025-01-07 04:34:00,DSNY,Derelict Vehicles,Derelict Vehicles,Bronx,10452.0,Closed,Phone,2
63664415,2025-01-07 17:18:00,2025-01-08 01:26:00,DSNY,Derelict Vehicles,Derelict Vehicles,Bronx,10467.0,Closed,Phone,0
63664438,2025-01-06 12:21:00,2025-01-08 01:33:00,DSNY,Derelict Vehicles,Derelict Vehicles,Brooklyn,11205.0,Closed,Phone,1
63664439,2025-01-04 17:20:00,2025-01-07 06:21:00,DSNY,Derelict Vehicles,Derelict Vehicles,Bronx,10467.0,Closed,Phone,2
63664456,2025-01-06 07:05:00,2025-01-07 11:00:00,DSNY,Derelict Vehicles,Derelict Vehicles,Queens,11356.0,Closed,Phone,1
63664470,2025-01-06 10:12:00,2025-01-07 12:56:00,DSNY,Derelict Vehicles,Derelict Vehicles,Queens,11433.0,Closed,Phone,1
63664475,2025-01-06 08:21:00,2025-01-07 04:46:00,DSNY,Derelict Vehicles,Derelict Vehicles,Manhattan,10040.0,Closed,Phone,0
63664480,2025-01-07 15:18:00,2025-01-07 22:57:00,DSNY,Derelict Vehicles,Derelict Vehicles,Brooklyn,11234.0,Closed,Phone,0
63664481,2025-01-07 14:52:00,2025-01-07 23:48:00,DSNY,Derelict Vehicles,Derelict Vehicles,Brooklyn,11229.0,Closed,Phone,0
63664482,2025-01-07 11:41:00,2025-01-07 23:09:00,DSNY,Derelict Vehicles,Derelict Vehicles,Brooklyn,11218.0,Closed,Phone,0
63664489,2025-01-07 11:09:31,2025-01-07 13:01:45,DSNY,Vendor Enforcement,Non-Food Vendor,Manhattan,10038.0,Closed,Online,0
63664490,2025-01-07 07:38:04,2025-01-07 09:02:08,DSNY,Vendor Enforcement,Food Vendor,Manhattan,10006.0,Closed,Online,0
63664494,2025-01-07 08:00:03,2025-01-07 09:02:02,DSNY,Vendor Enforcement,Food Vendor,Manhattan,10018.0,Closed,Online,0
63664495,2025-01-07 14:32:40,2025-01-07 16:01:55,DSNY,Vendor Enforcement,Food Vendor,Manhattan,10028.0,Closed,Phone,0
63664500,2025-01-07 17:01:42,2025-01-08 23:16:04,DSNY,Residential Disposal Complaint,Waste Set Out Too Early or Too Late,Brooklyn,11201.0,Closed,Online,1
63664506,2025-01-07 12:05:24,2025-01-07 14:01:44,DSNY,Vendor Enforcement,Food Vendor,Manhattan,10065.0,Closed,Online,0
63664507,2025-01-07 20:49:15,2025-01-07 22:01:41,DSNY,Vendor Enforcement,Food Vendor,Manhattan,10019.0,Closed,Online,0
63664508,2025-01-07 08:40:47,2025-01-08 12:32:00,DSNY,Dirty Condition,Dog Waste,Manhattan,10032.0,Closed,Online,1
63664509,2025-01-07 16:58:12,2025-01-08 13:12:10,DSNY,Dirty Condition,Dog Waste,Bronx,10473.0,Closed,Online,0
63664510,2025-01-07 13:51:09,2025-01-08 06:47:19,DSNY,Illegal Dumping,Chronic Dumping,Manhattan,10010.0,Closed,Mobile,0
63664514,2025-01-07 15:10:02,2025-01-07 17:01:41,DSNY,Vendor Enforcement,Non-Food Vendor,Manhattan,10026.0,Closed,Online,0
63664515,2025-01-07 11:52:28,2025-01-07 13:01:39,DSNY,Vendor Enforcement,Food Vendor,Manhattan,10005.0,Closed,Online,0
63664516,2025-01-07 08:41:08,2025-01-08 12:01:05,DSNY,Dead Animal,Cat,Staten Island,10310.0,Closed,Phone,1
63664517,2025-01-07 19:01:55,2025-01-08 13:17:39,DSNY,Residential Disposal Complaint,Trash or Recycling Not Secure,Bronx,10473.0,Closed,Online,0
63664522,2025-01-07 09:14:07,2025-01-10 15:11:28,DSNY,Obstruction,Weeds or Grass,Staten Island,10306.0,Closed,Phone,3
63664526,2025-01-07 15:53:20,2025-01-13 15:05:48,DSNY,Recycling Basket Complaint,Misuse,Brooklyn,11201.0,Closed,Phone,5
63664528,2025-01-07 09:26:29,2025-01-09 14:52:37,DSNY,Sanitation Worker Or Vehicle Complaint,Inappropriate Behavior,Staten Island,10305.0,Closed,Phone,2
63664529,2025-01-07 17:13:18,2025-01-17 14:16:58,DSNY,Sanitation Worker Or Vehicle Complaint,Spilled Garbage,Staten Island,10310.0,Closed,Online,9
63664551,2025-01-07 11:01:14,2025-01-07 19:34:26,DSNY,Snow Or Ice,Sidewalk,Staten Island,10312.0,Closed,Online,0
63664558,2025-01-07 11:03:23,2025-01-07 21:48:06,DSNY,Snow Or Ice,Sidewalk,Brooklyn,11231.0,Closed,Mobile,0
63664719,2025-01-07 10:17:08,2025-01-08 06:29:10,DSNY,Snow Or Ice,Roadway,Staten Island,10312.0,Closed,Phone,0
63664720,2025-01-07 21:57:11,2025-01-13 06:27:17,DSNY,Snow Or Ice,Sidewalk,Brooklyn,11223.0,Closed,Phone,5
63664721,2025-01-07 08:08:30,2025-01-08 12:21:26,DSNY,Snow Or Ice,Sidewalk,Manhattan,10014.0,Closed,Mobile,1
63664722,2025-01-07 08:37:28,2025-01-08 14:26:08,DSNY,Snow Or Ice,Sidewalk,Brooklyn,11220.0,Closed,Online,1
63664723,2025-01-07 10:18:09,2025-01-13 09:27:51,DSNY,Snow Or Ice,Sidewalk,Brooklyn,11209.0,Closed,Online,5
63664724,2025-01-07 09:22:38,2025-01-08 13:52:35,DSNY,Snow Or Ice,Sidewalk,Manhattan,10009.0,Closed,Mobile,1
63664726,2025-01-07 08:59:21,2025-01-13 09:21:04,DSNY,Snow Or Ice,Sidewalk,Brooklyn,11220.0,Closed,Online,6
63664727,2025-01-07 10:20:32,2025-01-08 12:59:57,DSNY,Snow Or Ice,Sidewalk,Queens,11357.0,Closed,Mobile,1
63664728,2025-01-07 14:52:23,2025-01-11 07:31:56,DSNY,Snow Or Ice,Sidewalk,Staten Island,10302.0,Closed,Phone,3
63664729,2025-01-07 13:14:58,2025-01-08 13:17:12,DSNY,Snow Or Ice,Sidewalk,Manhattan,10012.0,Closed,Phone,1
63664730,2025-01-07 06:52:12,2025-01-13 09:17:32,DSNY,Snow Or Ice,Sidewalk,Brooklyn,11207.0,Closed,Mobile,6
63664731,2025-01-07 16:57:50,2025-01-08 11:00:05,DSNY,Snow Or Ice,Sidewalk,Queens,11101.0,Closed,Online,0
63664732,2025-01-07 07:57:22,2025-01-08 05:28:56,DSNY,Snow Or Ice,Sidewalk,Queens,11419.0,Closed,Online,0
63664733,2025-01-07 09:41:53,2025-01-08 14:51:27,DSNY,Snow Or Ice,Sidewalk,Brooklyn,11209.0,Closed,Online,1
63664734,2025-01-07 17:16:22,2025-01-08 13:18:27,DSNY,Snow Or Ice,Sidewalk,Brooklyn,11238.0,Closed,Online,0
63664735,2025-01-07 18:14:08,2025-01-08 10:10:16,DSNY,Dirty Condition,Trash,Queens,11355.0,Closed,Mobile,0
63664739,2025-01-07 19:37:02,2025-01-08 13:42:17,DSNY,Dirty Condition,Trash,Brooklyn,11217.0,Closed,Mobile,0
63664740,2025-01-07 12:14:35,2025-01-11 12:56:29,DSNY,Dirty Condition,Trash,Manhattan,10128.0,Closed,Mobile,4
63664741,2025-01-07 11:27:34,2025-01-09 14:43:46,DSNY,Illegal Dumping,Removal Request,Staten Island,10305.0,Closed,Online,2
63664742,2025-01-07 10:10:37,2025-01-10 16:27:25,DSNY,Illegal Dumping,Removal Request,Brooklyn,11226.0,Closed,Online,3
63664743,2025-01-07 02:20:43,2025-01-09 14:12:26,DSNY,Illegal Dumping,Removal Request,Bronx,10460.0,Closed,Online,2
63664744,2025-01-07 20:08:59,2025-01-11 17:15:59,DSNY,Illegal Dumping,Removal Request,Queens,11413.0,Closed,Online,3
63664745,2025-01-07 11:06:14,2025-01-08 06:29:45,DSNY,Snow Or Ice,Roadway,Staten Island,10308.0,Closed,Phone,0
63664746,2025-01-07 09:32:02,2025-01-10 13:38:56,DSNY,Snow Or Ice,Sidewalk,Brooklyn,11225.0,Closed,Mobile,3
63664747,2025-01-07 16:26:36,2025-01-08 20:50:25,DSNY,Snow Or Ice,Sidewalk,Brooklyn,11221.0,Closed,Mobile,1
63664748,2025-01-07 09:35:37,2025-01-10 13:35:56,DSNY,Snow Or Ice,Sidewalk,Brooklyn,11225.0,Closed,Mobile,3
63664749,2025-01-07 09:11:10,2025-01-08 13:01:47,DSNY,Snow Or Ice,Sidewalk,Queens,11369.0,Closed,Phone,1
63664758,2025-01-07 08:12:07,2025-01-08 05:42:04,DSNY,Snow Or Ice,Sidewalk,Queens,11106.0,Closed,Mobile,0
63664759,2025-01-07 19:16:10,2025-01-13 09:37:33,DSNY,Snow Or Ice,Sidewalk,Brooklyn,11230.0,Closed,Online,5
63664760,2025-01-07 14:09:16,2025-01-11 13:23:17,DSNY,Snow Or Ice,Sidewalk,Brooklyn,11221.0,Closed,Online,3
63664761,2025-01-07 21:24:40,2025-01-13 15:05:44,DSNY,Abandoned Bike,Chained to Public Property,Brooklyn,11220.0,Closed,Online,5
63664762,2025-01-07 19:07:00,2025-01-09 04:58:18,DSNY,Dirty Condition,Trash,Bronx,10451.0,Closed,Mobile,1
63664763,2025-01-07 13:13:38,2025-01-08 04:38:27,DSNY,Dirty Condition,Trash,Brooklyn,11215.0,Closed,Mobile,0
63664772,2025-01-07 18:11:54,2025-01-08 22:39:37,DSNY,Dirty Condition,Trash,Brooklyn,11206.0,Closed,Mobile,1
63664773,2025-01-07 08:18:13,2025-01-08 10:58:12,DSNY,Dirty Condition,Trash,Bronx,10472.0,Closed,Mobile,1
63664774,2025-01-07 16:18:42,2025-01-17 14:22:18,DSNY,Illegal Dumping,Removal Request,Queens,11691.0,Closed,Phone,9
63664776,2025-01-07 16:15:01,2025-01-08 10:41:02,DSNY,Obstruction,Trash or Recycling,Queens,11417.0,Closed,Online,0
63664779,2025-01-07 11:52:50,2025-01-08 13:03:46,DSNY,Snow Or Ice,Sidewalk,Brooklyn,11201.0,Closed,Phone,1
63664780,2025-01-07 09:18:00,2025-01-11 06:43:35,DSNY,Snow Or Ice,Sidewalk,Brooklyn,11223.0,Closed,Online,3
63664781,2025-01-07 09:33:46,2025-01-08 21:49:13,DSNY,Snow Or Ice,Sidewalk,Brooklyn,11223.0,Closed,Mobile,1
63664782,2025-01-07 07:55:20,2025-01-08 14:18:33,DSNY,Snow Or Ice,Sidewalk,Brooklyn,11201.0,Closed,Phone,1
63664783,2025-01-07 18:19:36,2025-01-10 13:43:10,DSNY,Snow Or Ice,Sidewalk,Brooklyn,11225.0,Closed,Mobile,2
63664784,2025-01-07 07:22:07,2025-01-08 05:41:02,DSNY,Snow Or Ice,Sidewalk,Queens,11103.0,Closed,Mobile,0
63664785,2025-01-07 08:33:46,2025-01-08 14:17:46,DSNY,Snow Or Ice,Sidewalk,Brooklyn,11231.0,Closed,Online,1
63664789,2025-01-07 11:40:26,2025-01-08 07:13:35,DSNY,Street Sweeping Complaint,Inadequate Sweeping,Queens,11377.0,Closed,Phone,0
63664790,2025-01-07 11:50:17,2025-01-14 15:34:54,DSNY,Street Sweeping Complaint,Inadequate Sweeping,Brooklyn,11231.0,Closed,Phone,7
63664791,2025-01-07 11:15:28,2025-01-07 23:16:05,DSNY,Obstruction,Cone,Queens,11435.0,Closed,Online,0
63664792,2025-01-07 10:05:23,2025-01-20 11:01:02,DSNY,Illegal Dumping,Removal Request,Bronx,10472.0,Closed,Online,13
63664793,2025-01-07 21:59:18,2025-01-13 14:39:12,DSNY,Illegal Dumping,Removal Request,Brooklyn,11229.0,Closed,Online,5
63664794,2025-01-07 14:48:49,2025-01-13 08:47:30,DSNY,Litter Basket Request,New Basket,Manhattan,10035.0,Closed,Online,5
63664795,2025-01-07 11:25:21,2025-01-08 13:55:36,DSNY,Residential Disposal Complaint,Trash or Recycling Not Secure,Manhattan,10065.0,Closed,Online,1
63664798,2025-01-07 08:35:55,2025-01-08 21:30:55,DSNY,Snow Or Ice,Sidewalk,Brooklyn,11230.0,Closed,Online,1
63664799,2025-01-07 12:11:32,2025-01-08 13:20:49,DSNY,Snow Or Ice,Sidewalk,Queens,11105.0,Closed,Mobile,1
63664804,2025-01-07 16:20:51,2025-01-08 13:17:56,DSNY,Snow Or Ice,Sidewalk,Brooklyn,11238.0,Closed,Online,0
63664810,2025-01-07 13:36:19,2025-01-08 21:49:51,DSNY,Snow Or Ice,Sidewalk,Brooklyn,11204.0,Closed,Phone,1
63664815,2025-01-07 09:32:42,2025-01-08 21:48:53,DSNY,Snow Or Ice,Sidewalk,Brooklyn,11214.0,Closed,Online,1
63664816,2025-01-07 19:14:33,2025-01-13 09:36:30,DSNY,Snow Or Ice,Sidewalk,Brooklyn,11230.0,Closed,Online,5
63664817,2025-01-07 06:47:55,2025-01-07 10:52:00,DSNY,Dirty Condition,Trash,Queens,11373.0,Closed,Mobile,0
63664818,2025-01-07 17:41:32,2025-01-08 06:46:24,DSNY,Dirty Condition,Trash,Manhattan,10018.0,Closed,Mobile,0
63664819,2025-01-07 16:40:23,2025-01-11 17:46:44,DSNY,Dirty Condition,Trash,Brooklyn,11212.0,Closed,Phone,4
63664820,2025-01-07 12:32:35,2025-01-08 21:30:34,DSNY,Snow Or Ice,Sidewalk,Brooklyn,11230.0,Closed,Mobile,1
63664821,2025-01-07 13:04:49,2025-01-08 13:19:15,DSNY,Snow Or Ice,Sidewalk,Manhattan,10012.0,Closed,Mobile,1
63664822,2025-01-07 09:46:14,2025-01-08 05:42:37,DSNY,Snow Or Ice,Sidewalk,Queens,11694.0,Closed,Phone,0
63664823,2025-01-07 16:26:08,2025-01-13 06:28:23,DSNY,Snow Or Ice,Sidewalk,Brooklyn,11229.0,Closed,Online,5
63664824,2025-01-07 09:24:01,2025-01-08 10:58:22,DSNY,Snow Or Ice,Sidewalk,Queens,11377.0,Closed,Mobile,1
63664825,2025-01-07 08:44:27,2025-01-08 21:48:32,DSNY,Snow Or Ice,Sidewalk,Brooklyn,11214.0,Closed,Online,1
63664826,2025-01-07 11:01:39,2025-01-09 15:21:24,DSNY,Snow Or Ice,Sidewalk,Staten Island,10312.0,Closed,Online,2
63664827,2025-01-07 07:16:41,2025-01-13 06:31:40,DSNY,Snow Or Ice,Sidewalk,Brooklyn,11229.0,Closed,Mobile,5
63664828,2025-01-07 08:46:08,2025-01-08 21:41:26,DSNY,Snow Or Ice,Sidewalk,Brooklyn,11230.0,Closed,Mobile,1
63664829,2025-01-07 10:15:12,2025-01-08 21:38:31,DSNY,Snow Or Ice,Sidewalk,Brooklyn,11230.0,Closed,Online,1
63664830,2025-01-07 07:48:51,2025-01-08 21:47:14,DSNY,Snow Or Ice,Sidewalk,Brooklyn,11214.0,Closed,Online,1
63664832,2025-01-07 06:33:22,2025-01-13 06:20:03,DSNY,Obstruction,Trash or Recycling,Manhattan,10009.0,Closed,Online,5
63664837,2025-01-07 14:45:21,2025-01-08 09:32:19,DSNY,Dirty Condition,Trash,Manhattan,10017.0,Closed,Mobile,0
63664843,2025-01-07 14:32:00,2025-01-09 12:59:20,DSNY,Street Sweeping Complaint,Inadequate Sweeping,Queens,11373.0,Closed,Phone,1
63664844,2025-01-07 14:35:53,2025-01-08 13:07:17,DSNY,Dirty Condition,Trash,Brooklyn,11216.0,Closed,Mobile,0
63664845,2025-01-07 08:42:25,2025-01-13 14:20:53,DSNY,Illegal Dumping,Removal Request,Manhattan,10040.0,Closed,Phone,6
63664846,2025-01-07 10:02:58,2025-01-09 14:39:01,DSNY,Illegal Dumping,Removal Request,Staten Island,10306.0,Closed,Phone,2
63664853,2025-01-07 13:33:47,2025-01-09 00:00:00,DSNY,Graffiti,Graffiti,Bronx,10458.0,Closed,Unknown,1
63664855,2025-01-07 10:47:19,2025-01-08 04:42:10,DSNY,Obstruction,Cone,Brooklyn,11217.0,Closed,Phone,0
63664856,2025-01-07 07:02:34,2025-01-08 12:20:34,DSNY,Residential Disposal Complaint,Trash or Recycling Not Secure,Manhattan,10014.0,Closed,Online,1
63664857,2025-01-07 06:52:36,2025-01-08 12:24:21,DSNY,Residential Disposal Complaint,Trash or Recycling Not Secure,Manhattan,10003.0,Closed,Online,1
63664858,2025-01-07 10:18:00,2025-01-09 11:22:26,DSNY,Illegal Posting,Poster or Sign,Queens,11106.0,Closed,Online,2
63664895,2025-01-07 11:39:31,2025-01-08 13:26:00,DSNY,Street Sweeping Complaint,Inadequate Sweeping,Brooklyn,11230.0,Closed,Online,1
63664896,2025-01-07 10:12:46,2025-01-07 10:22:19,DSNY,Dirty Condition,Dirt or Gravel,Queens,11430.0,Closed,Online,0
63664909,2025-01-07 09:16:15,2025-02-03 00:00:00,DSNY,Graffiti,Graffiti,Bronx,10454.0,Closed,Unknown,26
63666298,2025-01-06 08:54:00,2025-01-07 04:22:00,DSNY,Derelict Vehicles,Derelict Vehicles,Brooklyn,11204.0,Closed,Phone,0
63666313,2025-01-07 09:44:00,2025-01-07 23:34:00,DSNY,Derelict Vehicles,Derelict Vehicles,Bronx,10458.0,Closed,Phone,0
63666315,2025-01-06 18:24:00,2025-01-07 04:38:00,DSNY,Derelict Vehicles,Derelict Vehicles,Queens,11414.0,Closed,Phone,0
63666321,2025-01-07 16:13:32,2025-02-05 00:00:00,DSNY,Graffiti,Graffiti,Brooklyn,11228.0,Closed,Unknown,28
63666322,2025-01-07 13:02:05,2025-01-29 00:00:00,DSNY,Graffiti,Graffiti,Queens,11102.0,Closed,Unknown,21
63666323,2025-01-05 16:02:00,2025-01-07 12:05:00,DSNY,Derelict Vehicles,Derelict Vehicles,Queens,11691.0,Closed,Phone,1
63666324,2025-01-07 06:55:00,2025-01-07 22:31:00,DSNY,Derelict Vehicles,Derelict Vehicles,Queens,11414.0,Closed,Phone,0
63666327,2025-01-05 18:27:00,2025-01-07 04:59:00,DSNY,Derelict Vehicles,Derelict Vehicles,Brooklyn,11239.0,Closed,Phone,1
63666334,2025-01-07 09:17:00,2025-01-07 23:12:00,DSNY,Derelict Vehicles,Derelict Vehicles,Queens,11101.0,Closed,Phone,0
63666341,2025-01-06 14:27:00,2025-01-07 15:30:00,DSNY,Derelict Vehicles,Derelict Vehicles,Brooklyn,11203.0,Closed,Phone,1
63666373,2025-01-06 10:32:00,2025-01-07 13:47:00,DSNY,Derelict Vehicles,Derelict Vehicles,Queens,11423.0,Closed,Phone,1
63666378,2025-01-05 16:29:00,2025-01-08 08:39:00,DSNY,Derelict Vehicles,Derelict Vehicles,Queens,11691.0,Closed,Phone,2
63666379,2025-01-07 20:41:49,2025-01-07 22:01:41,DSNY,Vendor Enforcement,Food Vendor,Brooklyn,11231.0,Closed,Online,0
63666380,2025-01-07 12:07:45,2025-01-07 14:01:45,DSNY,Vendor Enforcement,Food Vendor,Manhattan,10065.0,Closed,Online,0
63666392,2025-01-06 05:27:00,2025-01-07 10:55:00,DSNY,Derelict Vehicles,Derelict Vehicles,Queens,11426.0,Closed,Phone,1
63666397,2025-01-07 20:43:26,2025-01-19 11:17:32,DSNY,Sanitation Worker Or Vehicle Complaint,Inappropriate Behavior,Brooklyn,11233.0,Closed,Phone,11
63666406,2025-01-07 19:46:00,2025-01-08 00:10:00,DSNY,Derelict Vehicles,Derelict Vehicles,Brooklyn,11222.0,Closed,Phone,0
63666420,2025-01-07 08:12:00,2025-01-09 10:05:00,DSNY,Derelict Vehicles,Derelict Vehicles,Queens,11385.0,Closed,Phone,2
63666425,2025-01-07 13:23:00,2025-01-08 01:10:00,DSNY,Derelict Vehicles,Derelict Vehicles,Brooklyn,11222.0,Closed,Phone,0
63666452,2025-01-07 11:51:05,2025-01-08 11:40:02,DSNY,Illegal Dumping,Chronic Dumping,Queens,11432.0,Closed,Phone,0
63666478,2025-01-07 13:04:02,2025-01-07 15:01:48,DSNY,Vendor Enforcement,Food Vendor,Brooklyn,11215.0,Closed,Phone,0
63666479,2025-01-07 10:55:30,2025-01-07 12:01:49,DSNY,Vendor Enforcement,Non-Food Vendor,Manhattan,10038.0,Closed,Online,0
63666501,2025-01-07 15:33:02,2025-01-07 17:01:37,DSNY,Vendor Enforcement,Food Vendor,Brooklyn,11212.0,Closed,Phone,0
63666502,2025-01-07 22:12:05,2025-01-13 08:31:47,DSNY,Dead Animal,Cat,Manhattan,10025.0,Closed,Phone,5
63666503,2025-01-07 17:36:55,2025-01-08 13:13:25,DSNY,Dirty Condition,Trash,Manhattan,10039.0,Closed,Online,0
63666511,2025-01-07 08:26:35,2025-01-07 21:52:30,DSNY,Snow Or Ice,Sidewalk,Brooklyn,11233.0,Closed,Online,0
63666513,2025-01-07 10:47:51,2025-01-07 20:59:25,DSNY,Snow Or Ice,Sidewalk,Queens,11103.0,Closed,Mobile,0
63666514,2025-01-07 08:35:09,2025-01-07 16:46:01,DSNY,Snow Or Ice,Sidewalk,Staten Island,10312.0,Closed,Online,0
63666516,2025-01-07 08:28:14,2025-01-07 16:44:49,DSNY,Snow Or Ice,Sidewalk,Staten Island,10312.0,Closed,Online,0
63666531,2025-01-07 08:41:09,2025-01-07 16:52:08,DSNY,Snow Or Ice,Sidewalk,Staten Island,10312.0,Closed,Online,0
63666532,2025-01-07 08:37:37,2025-01-07 16:48:10,DSNY,Snow Or Ice,Sidewalk,Staten Island,10312.0,Closed,Online,0
63666556,2025-01-07 09:23:16,2025-01-07 21:01:10,DSNY,Snow Or Ice,Sidewalk,Queens,11105.0,Closed,Online,0
63666557,2025-01-07 11:37:26,2025-01-07 20:55:22,DSNY,Snow Or Ice,Sidewalk,Queens,11105.0,Closed,Online,0
63666712,2025-01-07 07:33:00,2025-01-08 06:39:15,DSNY,Obstruction,Trash or Recycling,Manhattan,10014.0,Closed,Online,0
63666713,2025-01-07 06:44:35,2025-01-08 06:54:58,DSNY,Obstruction,Trash or Recycling,Manhattan,10013.0,Closed,Online,1
63666714,2025-01-07 06:51:15,2025-01-08 06:29:58,DSNY,Snow Or Ice,Roadway,Staten Island,10312.0,Closed,Phone,0
63666715,2025-01-07 18:05:13,2025-01-13 15:04:35,DSNY,Snow Or Ice,Roadway,Brooklyn,11223.0,Closed,Online,5
63666716,2025-01-07 15:02:47,2025-01-13 05:58:02,DSNY,Snow Or Ice,Roadway,Manhattan,10002.0,Closed,Online,5
63666717,2025-01-07 07:28:28,2025-01-08 06:29:55,DSNY,Snow Or Ice,Roadway,Staten Island,10306.0,Closed,Phone,0
63666718,2025-01-07 20:56:05,2025-01-11 13:22:43,DSNY,Snow Or Ice,Sidewalk,Brooklyn,11216.0,Closed,Online,3
63666719,2025-01-07 09:25:46,2025-01-08 10:57:29,DSNY,Snow Or Ice,Sidewalk,Queens,11377.0,Closed,Mobile,1
63666723,2025-01-07 08:46:43,2025-01-08 21:41:04,DSNY,Snow Or Ice,Sidewalk,Brooklyn,11230.0,Closed,Mobile,1
63666724,2025-01-07 07:01:55,2025-01-13 09:18:06,DSNY,Snow Or Ice,Sidewalk,Brooklyn,11235.0,Closed,Mobile,6
63666725,2025-01-07 10:34:40,2025-01-08 13:13:30,DSNY,Snow Or Ice,Sidewalk,Brooklyn,11205.0,Closed,Mobile,1
63666726,2025-01-07 10:07:09,2025-01-13 08:32:04,DSNY,Abandoned Bike,Chained to Public Property,Manhattan,10024.0,Closed,Online,5
63666727,2025-01-07 09:46:07,2025-01-15 15:08:02,DSNY,Abandoned Bike,Chained to Public Property,Brooklyn,11225.0,Closed,Online,8
63666728,2025-01-07 06:59:21,2025-01-07 10:14:37,DSNY,Dirty Condition,Trash,Manhattan,10029.0,Closed,Mobile,0
63666734,2025-01-07 20:04:29,2025-01-08 13:07:01,DSNY,Dirty Condition,Trash,Bronx,10455.0,Closed,Mobile,0
63666735,2025-01-07 21:18:01,2025-01-08 13:12:02,DSNY,Dirty Condition,Trash,Brooklyn,11238.0,Closed,Mobile,0
63666736,2025-01-07 14:55:01,2025-01-09 07:26:18,DSNY,Dirty Condition,Trash,Brooklyn,11237.0,Closed,Online,1
63666737,2025-01-07 20:36:12,2025-01-08 14:30:00,DSNY,Dirty Condition,Trash,Queens,11413.0,Closed,Mobile,0
63666738,2025-01-07 08:12:19,2025-01-08 06:58:36,DSNY,Dirty Condition,Trash,Manhattan,10009.0,Closed,Mobile,0
63666739,2025-01-07 19:03:09,2025-01-08 07:49:04,DSNY,Dirty Condition,Trash,Manhattan,10036.0,Closed,Online,0
63666740,2025-01-07 18:26:51,2025-01-08 12:57:32,DSNY,Dirty Condition,Trash,Brooklyn,11215.0,Closed,Phone,0
63666741,2025-01-07 23:39:52,2025-01-08 01:02:39,DSNY,Commercial Disposal Complaint,Waste Disposal,Manhattan,10031.0,Closed,Online,0
63666742,2025-01-07 18:48:39,2025-01-08 14:24:21,DSNY,Illegal Dumping,Removal Request,Queens,11418.0,Closed,Online,0
63666743,2025-01-07 15:58:45,2025-01-13 05:58:25,DSNY,Illegal Dumping,Removal Request,Manhattan,10003.0,Closed,Online,5
63666744,2025-01-07 15:07:20,2025-01-08 15:38:19,DSNY,Illegal Dumping,Removal Request,Bronx,10465.0,Closed,Mobile,1
63666748,2025-01-07 16:28:10,2025-01-13 21:22:05,DSNY,Obstruction,Sign,Brooklyn,11215.0,Closed,Online,6
63666749,2025-01-07 19:15:12,2025-01-11 13:20:10,DSNY,Residential Disposal Complaint,Waste Left in Front of Other Residence,Brooklyn,11221.0,Closed,Phone,3
63666750,2025-01-07 17:47:13,2025-01-08 06:45:29,DSNY,Snow Or Ice,Roadway,Manhattan,10003.0,Closed,Phone,0
63666751,2025-01-07 07:22:11,2025-01-08 14:24:32,DSNY,Snow Or Ice,Sidewalk,Brooklyn,11232.0,Closed,Mobile,1
63666755,2025-01-07 07:50:48,2025-01-07 13:02:26,DSNY,Residential Disposal Complaint,Waste Set Out Too Early or Too Late,Queens,11435.0,Closed,Phone,0
63666756,2025-01-07 08:48:06,2025-01-08 05:42:19,DSNY,Snow Or Ice,Sidewalk,Queens,11379.0,Closed,Phone,0
63666757,2025-01-07 20:11:16,2025-01-08 13:13:57,DSNY,Snow Or Ice,Sidewalk,Bronx,10460.0,Closed,Phone,0
63666758,2025-01-07 13:18:26,2025-01-08 21:34:45,DSNY,Snow Or Ice,Sidewalk,Brooklyn,11230.0,Closed,Mobile,1
63666759,2025-01-07 09:39:31,2025-01-08 17:41:04,DSNY,Snow Or Ice,Sidewalk,Manhattan,10026.0,Closed,Mobile,1
63666760,2025-01-07 06:16:56,2025-01-07 12:12:27,DSNY,Snow Or Ice,Roadway,Staten Island,10306.0,Closed,Phone,0
63666761,2025-01-07 17:15:39,2025-01-07 19:24:07,DSNY,Dirty Condition,Trash,Bronx,10468.0,Closed,Mobile,0
63666765,2025-01-07 17:58:06,2025-01-08 10:41:03,DSNY,Obstruction,Trash or Recycling,Queens,11417.0,Closed,Online,0
63666766,2025-01-07 07:39:03,2025-01-13 07:28:02,DSNY,Obstruction,Trash or Recycling,Manhattan,10011.0,Closed,Phone,5
63666771,2025-01-07 13:27:57,2025-01-09 07:23:31,DSNY,Dirty Condition,Trash,Brooklyn,11221.0,Closed,Mobile,1
63666772,2025-01-07 08:25:49,2025-01-09 14:03:09,DSNY,Dirty Condition,Trash,Brooklyn,11211.0,Closed,Mobile,2
63666773,2025-01-07 23:14:56,2025-01-15 14:38:26,DSNY,Illegal Dumping,Removal Request,Brooklyn,11207.0,Closed,Phone,7
63666774,2025-01-07 06:31:23,2025-01-13 09:17:11,DSNY,Snow Or Ice,Sidewalk,Brooklyn,11212.0,Closed,Phone,6
63666775,2025-01-07 08:13:11,2025-01-08 13:53:44,DSNY,Snow Or Ice,Sidewalk,Manhattan,10009.0,Closed,Mobile,1
63666776,2025-01-07 08:21:25,2025-01-08 17:40:17,DSNY,Snow Or Ice,Sidewalk,Manhattan,10029.0,Closed,Mobile,1
63666778,2025-01-07 11:55:49,2025-02-07 14:23:41,DSNY,Illegal Dumping,Removal Request,Bronx,10456.0,Closed,Phone,31
63666779,2025-01-07 12:04:49,2025-01-08 13:02:35,DSNY,Residential Disposal Complaint,Trash or Recycling Not Secure,Queens,11385.0,Closed,Online,1
63666785,2025-01-07 08:48:51,2025-01-08 13:22:45,DSNY,Snow Or Ice,Sidewalk,Queens,11102.0,Closed,Online,1
63666786,2025-01-07 02:32:42,2025-01-24 12:14:52,DSNY,Dirty Condition,Debris from Car Accident,Bronx,10459.0,Closed,Phone,17
63666791,2025-01-07 04:21:37,2025-01-07 09:30:17,DSNY,Obstruction,Trash or Recycling,Queens,11385.0,Closed,Online,0
63666792,2025-01-07 15:57:05,2025-01-08 12:57:00,DSNY,Obstruction,Trash or Recycling,Queens,11368.0,Closed,Online,0
63666794,2025-01-07 12:46:50,2025-01-13 09:28:46,DSNY,Snow Or Ice,Sidewalk,Brooklyn,11204.0,Closed,Phone,5
63666795,2025-01-07 07:05:02,2025-01-13 06:30:55,DSNY,Snow Or Ice,Sidewalk,Brooklyn,11229.0,Closed,Mobile,5
63666796,2025-01-07 09:38:17,2025-01-13 09:23:33,DSNY,Snow Or Ice,Sidewalk,Brooklyn,11209.0,Closed,Mobile,5
63666797,2025-01-07 09:40:43,2025-01-08 14:52:14,DSNY,Snow Or Ice,Sidewalk,Brooklyn,11209.0,Closed,Online,1
63666798,2025-01-07 19:12:39,2025-01-13 09:35:10,DSNY,Snow Or Ice,Sidewalk,Brooklyn,11230.0,Closed,Online,5
63666799,2025-01-07 20:59:15,2025-01-07 22:07:33,DSNY,Dirty Condition,Trash,Queens,11691.0,Closed,Mobile,0
63666800,2025-01-07 08:54:04,2025-01-07 19:23:31,DSNY,Dirty Condition,Trash,Bronx,10468.0,Closed,Mobile,0
63666801,2025-01-07 22:53:04,2025-01-11 13:07:35,DSNY,Dirty Condition,Trash,Queens,11106.0,Closed,Mobile,3
63666802,2025-01-07 12:29:04,2025-01-08 09:59:28,DSNY,Dirty Condition,Trash,Brooklyn,11205.0,Closed,Phone,0
63666809,2025-01-07 02:40:51,2025-01-07 11:54:39,DSNY,Dirty Condition,Trash,Bronx,10469.0,Closed,Phone,0
63666810,2025-01-07 13:35:57,2025-01-08 00:01:16,DSNY,Dirty Condition,Trash,Bronx,10452.0,Closed,Online,0
63666811,2025-01-07 06:29:11,2025-01-13 14:39:07,DSNY,Illegal Dumping,Removal Request,Brooklyn,11234.0,Closed,Phone,6
63666812,2025-01-07 19:09:16,2025-01-08 12:58:52,DSNY,Illegal Dumping,Removal Request,Queens,11374.0,Closed,Phone,0
63666813,2025-01-07 10:02:23,2025-01-08 15:40:03,DSNY,Illegal Dumping,Removal Request,Bronx,10451.0,Closed,Mobile,1
63666814,2025-01-07 15:03:20,2025-01-08 14:06:21,DSNY,Illegal Dumping,Removal Request,Brooklyn,11220.0,Closed,Online,0
63666819,2025-01-07 17:59:27,2025-01-11 17:44:10,DSNY,Street Sweeping Complaint,Inadequate Sweeping,Bronx,10467.0,Closed,Online,3
63666820,2025-01-07 16:39:10,2025-01-08 23:27:00,DSNY,Obstruction,Cone,Queens,11435.0,Closed,Phone,1
63666821,2025-01-07 18:06:38,2025-01-15 00:03:27,DSNY,Obstruction,Cone,Manhattan,10021.0,Closed,Online,7
63666822,2025-01-07 07:54:35,2025-01-18 13:27:43,DSNY,Snow Or Ice,Roadway,Brooklyn,11216.0,Closed,Phone,11
63666823,2025-01-07 23:35:35,2025-01-08 12:01:56,DSNY,Snow Or Ice,Roadway,Staten Island,10301.0,Closed,Phone,0
63666824,2025-01-07 16:59:19,2025-01-08 10:58:46,DSNY,Snow Or Ice,Sidewalk,Queens,11101.0,Closed,Online,0
63666825,2025-01-07 23:16:04,2025-01-08 13:02:23,DSNY,Snow Or Ice,Sidewalk,Brooklyn,11217.0,Closed,Online,0
63666826,2025-01-07 05:44:55,2025-01-08 20:49:17,DSNY,Snow Or Ice,Sidewalk,Brooklyn,11206.0,Closed,Online,1
63666827,2025-01-07 10:18:39,2025-01-08 21:38:49,DSNY,Snow Or Ice,Sidewalk,Brooklyn,11230.0,Closed,Online,1
63666828,2025-01-07 06:39:14,2025-01-09 15:20:04,DSNY,Snow Or Ice,Sidewalk,Staten Island,10312.0,Closed,Online,2
63666829,2025-01-07 08:45:36,2025-01-08 00:56:34,DSNY,Dirty Condition,Trash,Bronx,10460.0,Closed,Mobile,0
63666830,2025-01-07 08:13:24,2025-01-08 13:29:18,DSNY,Dirty Condition,Trash,Brooklyn,11207.0,Closed,Mobile,1
63666831,2025-01-07 11:38:22,2025-01-09 10:14:57,DSNY,Dirty Condition,Trash,Brooklyn,11218.0,Closed,Mobile,1
63666833,2025-01-07 14:28:46,2025-02-12 02:22:23,DSNY,Graffiti,Graffiti,Brooklyn,11218.0,Closed,Unknown,35
63666842,2025-01-07 11:04:38,2025-01-07 14:02:14,DSNY,Obstruction,Cone,Queens,11433.0,Closed,Phone,0
63666846,2025-01-07 16:15:15,2025-01-08 22:57:01,DSNY,Dirty Condition,Trash,Brooklyn,11221.0,Closed,Online,1
63666847,2025-01-07 14:49:14,2025-01-08 15:17:59,DSNY,Illegal Dumping,Removal Request,Queens,11433.0,Closed,Phone,1
63666848,2025-01-07 20:29:41,2025-01-09 16:21:06,DSNY,Illegal Dumping,Removal Request,Brooklyn,11232.0,Closed,Mobile,1
63666849,2025-01-07 20:11:17,2025-01-08 12:58:25,DSNY,Residential Disposal Complaint,Trash or Recycling Not Secure,Queens,11417.0,Closed,Online,0
63666860,2025-01-07 14:19:01,2025-01-08 20:40:49,DSNY,Residential Disposal Complaint,Trash Not Separated from Recycling,Queens,11420.0,Closed,Phone,1
63666861,2025-01-07 02:21:22,2025-01-07 11:54:11,DSNY,Dirty Condition,Trash,Bronx,10469.0,Closed,Phone,0
63666864,2025-01-07 15:52:55,2025-01-07 23:18:56,DSNY,Dirty Condition,Trash,Brooklyn,11229.0,Closed,Online,0
63666868,2025-01-07 08:12:26,2025-01-07 21:33:54,DSNY,Residential Disposal Complaint,Waste Left in Front of Other Residence,Bronx,10469.0,Closed,Phone,0
63666870,2025-01-07 06:37:28,2025-01-07 12:57:40,DSNY,Dirty Condition,Trash,Staten Island,10306.0,Closed,Online,0
63666871,2025-01-07 09:11:49,2025-01-13 15:51:45,DSNY,Street Sweeping Complaint,Inadequate Sweeping,Brooklyn,11208.0,Closed,Phone,6
63666872,2025-01-07 11:11:27,2025-01-18 13:25:21,DSNY,Street Sweeping Complaint,Inadequate Sweeping,Brooklyn,11217.0,Closed,Online,11
63666879,2025-01-07 16:33:10,2025-01-11 16:59:59,DSNY,Street Sweeping Complaint,Street Not Swept,Bronx,10469.0,Closed,Phone,4
63666880,2025-01-07 10:13:16,2025-01-13 14:22:07,DSNY,Street Sweeping Complaint,Street Not Swept,Manhattan,10029.0,Closed,Phone,6
63666886,2025-01-07 11:09:44,2025-01-23 00:00:00,DSNY,Graffiti,Graffiti,Brooklyn,11219.0,Closed,Unknown,15
63667864,2025-01-07 17:47:24,2025-01-07 19:01:29,DSNY,Commercial Disposal Complaint,Waste Disposal,Queens,11428.0,Closed,Online,0
63668198,2025-01-06 12:11:00,2025-01-07 04:27:00,DSNY,Derelict Vehicles,Derelict Vehicles,Brooklyn,11221.0,Closed,Phone,0
63668200,2025-01-07 09:13:00,2025-01-07 14:41:00,DSNY,Derelict Vehicles,Derelict Vehicles,Brooklyn,11208.0,Closed,Phone,0
63668232,2025-01-07 13:31:00,2025-01-07 23:51:00,DSNY,Derelict Vehicles,Derelict Vehicles,Brooklyn,11229.0,Closed,Phone,0
63668248,2025-01-06 10:28:00,2025-01-07 03:47:00,DSNY,Derelict Vehicles,Derelict Vehicles,Bronx,10473.0,Closed,Phone,0
63668261,2025-01-05 09:38:00,2025-01-07 11:58:00,DSNY,Derelict Vehicles,Derelict Vehicles,Queens,11691.0,Closed,Phone,2
63668268,2025-01-07 10:33:00,2025-01-07 23:45:00,DSNY,Derelict Vehicles,Derelict Vehicles,Brooklyn,11219.0,Closed,Phone,0
63668277,2025-01-05 11:40:00,2025-01-17 05:52:00,DSNY,Derelict Vehicles,Derelict Vehicles,Staten Island,10310.0,Closed,Phone,11
63668278,2025-01-03 11:46:00,2025-01-09 10:04:00,DSNY,Derelict Vehicles,Derelict Vehicles,Brooklyn,11207.0,Closed,Phone,5
63668284,2025-01-07 17:05:08,2025-02-12 02:22:23,DSNY,Graffiti,Graffiti,Brooklyn,11220.0,Closed,Unknown,35
63668286,2025-01-07 09:26:01,2025-01-10 10:54:45,DSNY,Dirty Condition,Trash,Manhattan,10039.0,Closed,Phone,3
63668313,2025-01-06 07:07:00,2025-01-07 13:26:00,DSNY,Derelict Vehicles,Derelict Vehicles,Queens,11691.0,Closed,Phone,1
63668329,2025-01-05 13:53:00,2025-01-09 12:43:00,DSNY,Derelict Vehicles,Derelict Vehicles,Staten Island,10301.0,Closed,Phone,3
63668332,2025-01-07 23:47:19,2025-02-04 14:20:33,DSNY,Dumpster Complaint,Blocking Sidewalk or Street,Bronx,10457.0,Closed,Online,27
63668352,2025-01-07 12:42:39,2025-01-09 00:43:58,DSNY,Illegal Dumping,Chronic Dumping,Brooklyn,11212.0,Closed,Mobile,1
63668353,2025-01-07 10:39:11,2025-01-09 11:23:47,DSNY,Illegal Posting,Poster or Sign,Queens,11102.0,Closed,Online,2
63668382,2025-01-07 09:06:40,2025-01-07 11:01:55,DSNY,Vendor Enforcement,Food Vendor,Manhattan,10004.0,Closed,Online,0
63668383,2025-01-07 08:25:01,2025-01-07 10:01:41,DSNY,Vendor Enforcement,Food Vendor,Manhattan,10018.0,Closed,Online,0
63668384,2025-01-07 22:16:03,2025-01-08 00:01:35,DSNY,Vendor Enforcement,Food Vendor,Manhattan,10025.0,Closed,Online,0
63668385,2025-01-07 06:04:05,2025-01-07 08:02:07,DSNY,Vendor Enforcement,Non-Food Vendor,Brooklyn,11222.0,Closed,Online,0
63668396,2025-01-07 08:25:43,2025-01-07 16:43:50,DSNY,Snow Or Ice,Sidewalk,Staten Island,10312.0,Closed,Online,0
63668399,2025-01-07 10:05:51,2025-01-07 21:51:19,DSNY,Snow Or Ice,Sidewalk,Brooklyn,11221.0,Closed,Online,0
63668403,2025-01-07 12:21:01,2025-01-07 21:49:03,DSNY,Snow Or Ice,Sidewalk,Brooklyn,11217.0,Closed,Mobile,0
63668408,2025-01-07 17:32:03,2025-01-15 00:00:00,DSNY,Graffiti,Graffiti,Queens,11416.0,Closed,Unknown,7
63668452,2025-01-07 11:51:54,2025-01-07 21:48:58,DSNY,Snow Or Ice,Sidewalk,Brooklyn,11217.0,Closed,Phone,0
63668453,2025-01-07 13:20:28,2025-01-07 21:51:42,DSNY,Snow Or Ice,Sidewalk,Brooklyn,11233.0,Closed,Phone,0
63668454,2025-01-07 08:40:04,2025-01-07 16:49:45,DSNY,Snow Or Ice,Sidewalk,Staten Island,10312.0,Closed,Online,0
63668455,2025-01-07 08:39:09,2025-01-07 16:49:10,DSNY,Snow Or Ice,Sidewalk,Staten Island,10312.0,Closed,Online,0
63668457,2025-01-07 08:34:11,2025-01-07 16:50:55,DSNY,Snow Or Ice,Sidewalk,Staten Island,10312.0,Closed,Online,0
63668638,2025-01-07 06:48:46,2025-01-08 06:51:19,DSNY,Obstruction,Trash or Recycling,Manhattan,10013.0,Closed,Online,1
63668639,2025-01-07 17:30:25,2025-01-18 13:18:32,DSNY,Snow Or Ice,Roadway,Brooklyn,11207.0,Closed,Phone,10
63668640,2025-01-07 13:14:25,2025-01-08 06:29:17,DSNY,Snow Or Ice,Roadway,Staten Island,10308.0,Closed,Phone,0
63668641,2025-01-07 06:57:24,2025-01-08 06:29:42,DSNY,Snow Or Ice,Roadway,Staten Island,10312.0,Closed,Online,0
63668642,2025-01-07 08:28:24,2025-01-08 21:48:03,DSNY,Snow Or Ice,Sidewalk,Brooklyn,11214.0,Closed,Mobile,1
63668643,2025-01-07 09:09:01,2025-01-10 15:17:32,DSNY,Snow Or Ice,Sidewalk,Staten Island,10314.0,Closed,Online,3
63668644,2025-01-07 10:27:39,2025-01-08 13:20:23,DSNY,Snow Or Ice,Sidewalk,Brooklyn,11238.0,Closed,Online,1
63668645,2025-01-07 08:29:56,2025-01-10 13:46:27,DSNY,Snow Or Ice,Sidewalk,Brooklyn,11233.0,Closed,Online,3
63668646,2025-01-07 12:37:34,2025-01-08 05:42:52,DSNY,Snow Or Ice,Sidewalk,Queens,11427.0,Closed,Online,0
63668647,2025-01-07 09:01:43,2025-01-13 09:21:23,DSNY,Snow Or Ice,Sidewalk,Brooklyn,11220.0,Closed,Online,6
63668648,2025-01-07 23:45:32,2025-01-08 21:49:55,DSNY,Snow Or Ice,Sidewalk,Brooklyn,11204.0,Closed,Online,0
63668649,2025-01-07 07:14:39,2025-01-09 14:55:39,DSNY,Snow Or Ice,Roadway,Staten Island,10306.0,Closed,Online,2
63668650,2025-01-07 03:11:36,2025-01-13 09:16:55,DSNY,Snow Or Ice,Sidewalk,Brooklyn,11224.0,Closed,Mobile,6
63668651,2025-01-07 08:20:07,2025-01-10 15:19:44,DSNY,Snow Or Ice,Sidewalk,Staten Island,10314.0,Closed,Phone,3
63668652,2025-01-07 13:28:28,2025-01-08 21:32:50,DSNY,Snow Or Ice,Sidewalk,Brooklyn,11230.0,Closed,Mobile,1
63668653,2025-01-07 11:04:09,2025-01-08 14:20:26,DSNY,Snow Or Ice,Sidewalk,Brooklyn,11231.0,Closed,Mobile,1
63668654,2025-01-07 15:35:59,2025-01-13 09:30:06,DSNY,Snow Or Ice,Sidewalk,Brooklyn,11218.0,Closed,Mobile,5
63668655,2025-01-07 08:04:13,2025-01-11 07:32:03,DSNY,Snow Or Ice,Sidewalk,Staten Island,10301.0,Closed,Online,3
63668656,2025-01-07 19:19:47,2025-01-13 09:39:40,DSNY,Snow Or Ice,Sidewalk,Brooklyn,11230.0,Closed,Online,5
63668659,2025-01-07 17:50:50,2025-01-13 09:33:18,DSNY,Snow Or Ice,Sidewalk,Brooklyn,11235.0,Closed,Phone,5
63668660,2025-01-07 15:07:57,2025-01-13 09:29:29,DSNY,Snow Or Ice,Sidewalk,Brooklyn,11213.0,Closed,Online,5
63668661,2025-01-07 15:58:27,2025-01-08 13:15:13,DSNY,Snow Or Ice,Sidewalk,Brooklyn,11201.0,Closed,Online,0
63668662,2025-01-07 17:27:37,2025-01-08 15:52:27,DSNY,Abandoned Bike,Chained to Public Property,Bronx,10452.0,Closed,Phone,0
63668663,2025-01-07 16:39:53,2025-01-08 23:11:32,DSNY,Dirty Condition,Trash,Bronx,10460.0,Closed,Mobile,1
63668664,2025-01-07 17:49:50,2025-01-09 09:08:23,DSNY,Dirty Condition,Trash,Brooklyn,11238.0,Closed,Mobile,1
63668665,2025-01-07 22:07:02,2025-01-10 16:26:46,DSNY,Illegal Dumping,Removal Request,Brooklyn,11214.0,Closed,Phone,2
63668667,2025-01-07 08:10:00,2025-01-08 12:11:59,DSNY,Snow Or Ice,Sidewalk,Manhattan,10011.0,Closed,Online,1
63668668,2025-01-07 10:29:17,2025-01-10 13:40:58,DSNY,Snow Or Ice,Sidewalk,Brooklyn,11225.0,Closed,Phone,3
63668669,2025-01-07 10:29:10,2025-01-11 07:32:00,DSNY,Snow Or Ice,Sidewalk,Staten Island,10314.0,Closed,Phone,3
63668670,2025-01-07 09:18:13,2025-01-11 07:32:02,DSNY,Snow Or Ice,Sidewalk,Staten Island,10301.0,Closed,Mobile,3
63668671,2025-01-07 12:10:40,2025-01-08 13:15:42,DSNY,Snow Or Ice,Sidewalk,Brooklyn,11201.0,Closed,Phone,1
63668672,2025-01-07 11:51:21,2025-01-08 20:46:24,DSNY,Snow Or Ice,Sidewalk,Brooklyn,11211.0,Closed,Online,1
63668673,2025-01-07 08:22:43,2025-01-09 15:29:49,DSNY,Snow Or Ice,Sidewalk,Staten Island,10309.0,Closed,Online,2
63668675,2025-01-07 14:58:25,2025-01-08 15:35:36,DSNY,Illegal Dumping,Removal Request,Bronx,10469.0,Closed,Phone,1
63668676,2025-01-07 13:27:21,2025-01-10 16:29:54,DSNY,Illegal Dumping,Removal Request,Brooklyn,11230.0,Closed,Phone,3
63668681,2025-01-07 14:13:41,2025-01-09 07:26:15,DSNY,Dirty Condition,Trash,Brooklyn,11237.0,Closed,Mobile,1
63668682,2025-01-07 07:08:09,2025-01-08 14:01:48,DSNY,Dirty Condition,Trash,Staten Island,10312.0,Closed,Online,1
63668683,2025-01-07 09:20:16,2025-01-10 13:42:59,DSNY,Illegal Dumping,Removal Request,Staten Island,10306.0,Closed,Online,3
63668684,2025-01-07 18:26:09,2025-01-10 16:26:18,DSNY,Illegal Dumping,Removal Request,Brooklyn,11214.0,Closed,Online,2
63668685,2025-01-07 06:52:17,2025-01-08 12:23:29,DSNY,Residential Disposal Complaint,Trash or Recycling Not Secure,Manhattan,10003.0,Closed,Online,1
63668686,2025-01-07 21:51:30,2025-01-08 13:03:24,DSNY,Residential Disposal Complaint,Trash or Recycling Not Secure,Queens,11385.0,Closed,Online,0
63668688,2025-01-07 19:02:03,2025-01-10 15:16:21,DSNY,Obstruction,Trash or Recycling,Staten Island,10301.0,Closed,Online,2
63668691,2025-01-07 09:32:05,2025-01-08 12:55:49,DSNY,Obstruction,Trash or Recycling,Queens,11377.0,Closed,Phone,1
63668694,2025-01-07 10:28:18,2025-01-13 14:14:57,DSNY,Illegal Dumping,Removal Request,Manhattan,10033.0,Closed,Phone,6
63668698,2025-01-07 07:05:49,2025-01-13 07:15:12,DSNY,Obstruction,Trash or Recycling,Manhattan,10014.0,Closed,Online,6
63668700,2025-01-07 17:08:21,2025-01-14 14:14:56,DSNY,Sanitation Worker Or Vehicle Complaint,Inappropriate Behavior,Manhattan,10001.0,Closed,Phone,6
63668701,2025-01-07 13:23:27,2025-01-09 14:53:08,DSNY,Litter Basket Request,Replacement Basket,Staten Island,10305.0,Closed,Phone,2
63668702,2025-01-07 06:11:00,2025-01-08 06:30:07,DSNY,Snow Or Ice,Roadway,Staten Island,10308.0,Closed,Phone,1
63668703,2025-01-07 12:48:01,2025-01-08 19:53:52,DSNY,Snow Or Ice,Sidewalk,Manhattan,10023.0,Closed,Mobile,1
63668704,2025-01-07 12:25:55,2025-01-08 14:25:22,DSNY,Snow Or Ice,Sidewalk,Brooklyn,11215.0,Closed,Online,1
63668705,2025-01-07 14:16:43,2025-01-08 13:00:17,DSNY,Snow Or Ice,Sidewalk,Queens,11356.0,Closed,Phone,0
63668706,2025-01-07 11:24:58,2025-01-08 21:40:44,DSNY,Snow Or Ice,Sidewalk,Brooklyn,11230.0,Closed,Phone,1
63668707,2025-01-07 10:41:29,2025-01-08 13:04:12,DSNY,Snow Or Ice,Sidewalk,Queens,11435.0,Closed,Mobile,1
63668708,2025-01-07 09:21:34,2025-01-11 07:32:01,DSNY,Snow Or Ice,Sidewalk,Staten Island,10301.0,Closed,Mobile,3
63668709,2025-01-07 09:56:19,2025-01-08 14:50:20,DSNY,Snow Or Ice,Sidewalk,Brooklyn,11228.0,Closed,Online,1
63668710,2025-01-07 08:58:26,2025-01-13 09:20:45,DSNY,Snow Or Ice,Sidewalk,Brooklyn,11228.0,Closed,Online,6
63668719,2025-01-07 08:55:19,2025-01-10 16:27:04,DSNY,Illegal Dumping,Removal Request,Brooklyn,11214.0,Closed,Online,3
63668720,2025-01-07 11:38:02,2025-01-08 12:53:54,DSNY,Illegal Dumping,Removal Request,Queens,11378.0,Closed,Online,1
63668721,2025-01-07 13:58:39,2025-01-17 16:46:13,DSNY,Illegal Dumping,Removal Request,Brooklyn,11209.0,Closed,Unknown,10
63668722,2025-01-07 12:05:14,2025-01-08 12:56:34,DSNY,Illegal Dumping,Removal Request,Queens,11101.0,Closed,Mobile,1
63668723,2025-01-07 08:35:54,2025-01-10 16:26:37,DSNY,Illegal Dumping,Removal Request,Brooklyn,11228.0,Closed,Phone,3
63668724,2025-01-07 08:10:57,2025-01-08 15:18:41,DSNY,Illegal Dumping,Removal Request,Queens,11412.0,Closed,Phone,1
63668725,2025-01-07 10:34:01,2025-01-09 11:23:28,DSNY,Illegal Posting,Poster or Sign,Queens,11102.0,Closed,Online,2
63668729,2025-01-07 16:39:05,2025-01-08 12:02:16,DSNY,Snow Or Ice,Roadway,Staten Island,10304.0,Closed,Online,0
63668730,2025-01-07 08:33:34,2025-01-10 15:20:30,DSNY,Snow Or Ice,Sidewalk,Staten Island,10314.0,Closed,Online,3
63668731,2025-01-07 08:32:53,2025-01-10 13:45:50,DSNY,Snow Or Ice,Sidewalk,Brooklyn,11233.0,Closed,Online,3
63668732,2025-01-07 19:12:51,2025-01-13 09:36:03,DSNY,Snow Or Ice,Sidewalk,Brooklyn,11218.0,Closed,Online,5
63668733,2025-01-07 17:35:36,2025-01-08 13:13:01,DSNY,Snow Or Ice,Sidewalk,Brooklyn,11201.0,Closed,Mobile,0
63668734,2025-01-07 07:46:51,2025-01-08 05:41:46,DSNY,Snow Or Ice,Sidewalk,Queens,11106.0,Closed,Mobile,0
63668735,2025-01-07 08:48:00,2025-01-08 21:41:13,DSNY,Snow Or Ice,Sidewalk,Brooklyn,11230.0,Closed,Mobile,1
63668736,2025-01-07 08:45:09,2025-01-08 21:40:21,DSNY,Snow Or Ice,Sidewalk,Brooklyn,11230.0,Closed,Online,1
63668737,2025-01-07 14:55:55,2025-01-08 21:45:15,DSNY,Snow Or Ice,Sidewalk,Brooklyn,11223.0,Closed,Online,1
63668738,2025-01-07 08:56:07,2025-01-07 19:24:02,DSNY,Dirty Condition,Trash,Bronx,10468.0,Closed,Mobile,0
63668741,2025-01-07 06:50:28,2025-02-12 02:22:23,DSNY,Graffiti,Graffiti,Staten Island,10308.0,Closed,Unknown,35
63668749,2025-01-07 11:53:46,2025-01-17 16:46:28,DSNY,Illegal Dumping,Removal Request,Brooklyn,11228.0,Closed,Phone,10
63668750,2025-01-07 22:15:09,2025-01-18 13:20:28,DSNY,Illegal Dumping,Removal Request,Brooklyn,11208.0,Closed,Online,10
63668751,2025-01-07 15:43:13,2025-01-08 10:40:02,DSNY,Illegal Dumping,Removal Request,Queens,11420.0,Closed,Online,0
63668752,2025-01-07 10:22:01,2025-01-08 12:13:49,DSNY,Illegal Dumping,Removal Request,Manhattan,10010.0,Closed,Mobile,1
63668753,2025-01-07 10:33:11,2025-01-10 16:32:39,DSNY,Illegal Dumping,Removal Request,Brooklyn,11224.0,Closed,Online,3
63668758,2025-01-07 20:59:43,2025-01-13 08:31:50,DSNY,Litter Basket Request,Replacement Basket,Manhattan,10025.0,Closed,Online,5
63668764,2025-01-07 07:01:42,2025-01-08 13:14:56,DSNY,Residential Disposal Complaint,Trash or Recycling Not Secure,Manhattan,10012.0,Closed,Online,1
63668765,2025-01-07 10:19:44,2025-01-11 06:42:17,DSNY,Residential Disposal Complaint,Trash or Recycling Not Secure,Brooklyn,11235.0,Closed,Phone,3
63668773,2025-01-07 15:25:45,2025-01-08 12:35:45,DSNY,Residential Disposal Complaint,Trash or Recycling Not Secure,Bronx,10456.0,Closed,Online,0
63668803,2025-01-07 13:03:19,2025-01-13 08:32:00,DSNY,Litter Basket Request,Replacement Basket,Manhattan,10025.0,Closed,Phone,5
63668804,2025-01-07 08:45:49,2025-01-07 23:16:40,DSNY,Obstruction,Cone,Queens,11366.0,Closed,Online,0
63668806,2025-01-07 15:54:25,2025-02-25 00:00:00,DSNY,Graffiti,Graffiti,Brooklyn,11219.0,Closed,Unknown,48
63668818,2025-01-07 19:06:15,2025-01-16 00:00:00,DSNY,Graffiti,Graffiti,Manhattan,10032.0,Closed,Unknown,8
63668836,2025-01-07 17:06:40,2025-02-12 02:22:23,DSNY,Graffiti,Graffiti,Brooklyn,11220.0,Closed,Unknown,35
63668837,2025-01-07 08:18:08,2025-02-12 02:22:23,DSNY,Graffiti,Graffiti,Queens,11385.0,Closed,Unknown,35
63669591,2025-01-07 15:27:57,2025-01-07 17:01:44,DSNY,Commercial Disposal Complaint,Waste Disposal,Queens,11421.0,Closed,Online,0
63669943,2025-01-07 15:56:00,2025-01-07 22:41:00,DSNY,Derelict Vehicles,Derelict Vehicles,Brooklyn,11209.0,Closed,Phone,0
63669944,2025-01-06 12:42:00,2025-01-07 05:36:00,DSNY,Derelict Vehicles,Derelict Vehicles,Bronx,10472.0,Closed,Phone,0
63669973,2025-01-06 16:41:00,2025-01-07 15:30:00,DSNY,Derelict Vehicles,Derelict Vehicles,Brooklyn,11203.0,Closed,Phone,0
63670078,2025-01-06 21:46:00,2025-01-07 14:41:00,DSNY,Derelict Vehicles,Derelict Vehicles,Brooklyn,11208.0,Closed,Phone,0
63670079,2025-01-07 18:43:00,2025-01-08 02:07:00,DSNY,Derelict Vehicles,Derelict Vehicles,Brooklyn,11238.0,Closed,Phone,0
63670081,2025-01-07 05:29:00,2025-01-07 10:20:00,DSNY,Derelict Vehicles,Derelict Vehicles,Queens,11412.0,Closed,Phone,0
63670082,2025-01-06 02:02:00,2025-01-07 23:51:00,DSNY,Derelict Vehicles,Derelict Vehicles,Brooklyn,11222.0,Closed,Phone,1
63670083,2025-01-07 11:40:00,2025-01-07 13:29:00,DSNY,Derelict Vehicles,Derelict Vehicles,Brooklyn,11218.0,Closed,Phone,0
63670085,2025-01-07 14:32:00,2025-01-07 20:44:00,DSNY,Derelict Vehicles,Derelict Vehicles,Bronx,10461.0,Closed,Phone,0
63670086,2025-01-07 16:37:00,2025-01-08 00:09:00,DSNY,Derelict Vehicles,Derelict Vehicles,Brooklyn,11222.0,Closed,Phone,0
63670091,2025-01-06 15:00:00,2025-01-07 11:39:00,DSNY,Derelict Vehicles,Derelict Vehicles,Brooklyn,11228.0,Closed,Phone,0
63670093,2025-01-07 13:21:00,2025-01-07 20:24:00,DSNY,Derelict Vehicles,Derelict Vehicles,Staten Island,10305.0,Closed,Phone,0
63670096,2025-01-07 15:00:00,2025-01-08 02:36:00,DSNY,Derelict Vehicles,Derelict Vehicles,Queens,11434.0,Closed,Phone,0
63670106,2025-01-07 15:17:00,2025-01-07 20:24:00,DSNY,Derelict Vehicles,Derelict Vehicles,Staten Island,10310.0,Closed,Phone,0
63670107,2025-01-07 18:32:13,2025-01-08 14:24:36,DSNY,Dead Animal,Cat,Queens,11419.0,Closed,Online,0
63670108,2025-01-07 21:15:27,2025-01-08 12:06:23,DSNY,Dirty Condition,Trash,Staten Island,10308.0,Closed,Phone,0
63670109,2025-01-07 09:24:20,2025-01-09 11:39:40,DSNY,Dirty Condition,Trash,Staten Island,10302.0,Closed,Phone,2
63670112,2025-01-07 09:04:00,2025-01-08 01:29:00,DSNY,Derelict Vehicles,Derelict Vehicles,Bronx,10467.0,Closed,Phone,0
63670113,2025-01-07 11:42:50,2025-01-07 13:01:47,DSNY,Vendor Enforcement,Non-Food Vendor,Manhattan,10033.0,Closed,Online,0
63670114,2025-01-07 07:26:11,2025-01-07 09:02:07,DSNY,Vendor Enforcement,Food Vendor,Manhattan,10007.0,Closed,Online,0
63670115,2025-01-07 08:31:49,2025-01-07 10:01:43,DSNY,Vendor Enforcement,Food Vendor,Manhattan,10018.0,Closed,Online,0
63670116,2025-01-07 10:34:10,2025-01-07 12:01:47,DSNY,Vendor Enforcement,Non-Food Vendor,Manhattan,10018.0,Closed,Online,0
63670119,2025-01-07 19:25:20,2025-01-07 21:01:40,DSNY,Vendor Enforcement,Food Vendor,Manhattan,10001.0,Closed,Online,0
63670121,2025-01-07 07:19:58,2025-01-07 09:02:06,DSNY,Vendor Enforcement,Food Vendor,Manhattan,10006.0,Closed,Online,0
63670122,2025-01-07 15:49:25,2025-01-08 12:57:05,DSNY,Dead Animal,Cat,Queens,11373.0,Closed,Phone,0
63670123,2025-01-07 10:36:09,2025-01-08 19:53:20,DSNY,Dirty Condition,Dog Waste,Manhattan,10023.0,Closed,Online,1
63670124,2025-01-07 12:15:57,2025-01-08 12:30:09,DSNY,Dirty Condition,Trash,Queens,11379.0,Closed,Online,1
63670125,2025-01-07 08:18:00,2025-01-07 23:52:00,DSNY,Derelict Vehicles,Derelict Vehicles,Brooklyn,11228.0,Closed,Phone,0
63670126,2025-01-07 10:24:13,2025-01-08 14:42:52,DSNY,Sanitation Worker Or Vehicle Complaint,Spilled Garbage,Queens,11379.0,Closed,Phone,1
63670158,2025-01-07 08:36:37,2025-01-07 21:52:52,DSNY,Snow Or Ice,Sidewalk,Brooklyn,11233.0,Closed,Online,0
63670179,2025-01-07 19:11:48,2025-01-07 21:01:40,DSNY,Vendor Enforcement,Food Vendor,Manhattan,10019.0,Closed,Phone,0
63670195,2025-01-07 19:30:06,2025-01-11 07:44:51,DSNY,Sanitation Worker Or Vehicle Complaint,Spilled Garbage,Brooklyn,11204.0,Closed,Phone,3
63670201,2025-01-07 19:05:02,2025-01-15 00:00:00,DSNY,Graffiti,Graffiti,Manhattan,10032.0,Closed,Unknown,7
63670274,2025-01-07 05:56:47,2025-01-07 21:08:46,DSNY,Snow Or Ice,Sidewalk,Queens,11418.0,Closed,Phone,0
63670275,2025-01-07 09:46:56,2025-01-07 21:53:12,DSNY,Snow Or Ice,Sidewalk,Brooklyn,11225.0,Closed,Mobile,0
63670276,2025-01-07 08:49:31,2025-01-08 05:43:23,DSNY,Residential Disposal Complaint,Trash Not Separated from Recycling,Queens,11374.0,Closed,Online,0
63670277,2025-01-07 09:57:57,2025-01-10 07:23:31,DSNY,Sanitation Worker Or Vehicle Complaint,Inappropriate Behavior,Brooklyn,11206.0,Closed,Phone,2
63670323,2025-01-07 19:06:47,2025-02-12 02:22:23,DSNY,Graffiti,Graffiti,Manhattan,10026.0,Closed,Unknown,35
63670324,2025-01-07 19:06:02,2025-01-15 00:00:00,DSNY,Graffiti,Graffiti,Manhattan,10032.0,Closed,Unknown,7
63670333,2025-01-07 17:07:21,2025-01-08 02:22:23,DSNY,Graffiti,Graffiti,Brooklyn,11220.0,Closed,Unknown,0
63670465,2025-01-07 06:49:38,2025-01-13 07:22:20,DSNY,Obstruction,Trash or Recycling,Manhattan,10012.0,Closed,Online,6
63670469,2025-01-07 07:32:12,2025-01-08 15:12:34,DSNY,Snow Or Ice,Roadway,Queens,11434.0,Closed,Phone,1
63670470,2025-01-07 06:54:48,2025-01-08 06:50:04,DSNY,Obstruction,Trash or Recycling,Manhattan,10013.0,Closed,Online,0
63670471,2025-01-07 21:14:48,2025-01-08 15:37:33,DSNY,Obstruction,Trash or Recycling,Bronx,10451.0,Closed,Phone,0
63670472,2025-01-07 07:51:45,2025-01-08 12:03:11,DSNY,Snow Or Ice,Roadway,Staten Island,10314.0,Closed,Online,1
63670473,2025-01-07 18:58:56,2025-01-13 09:34:44,DSNY,Snow Or Ice,Sidewalk,Brooklyn,11219.0,Closed,Mobile,5
63670474,2025-01-07 08:23:06,2025-01-08 21:43:31,DSNY,Snow Or Ice,Sidewalk,Brooklyn,11218.0,Closed,Mobile,1
63670475,2025-01-07 05:06:34,2025-01-08 20:45:20,DSNY,Snow Or Ice,Sidewalk,Brooklyn,11211.0,Closed,Mobile,1
63670476,2025-01-07 18:22:22,2025-01-08 13:03:20,DSNY,Snow Or Ice,Sidewalk,Brooklyn,11201.0,Closed,Online,0
63670477,2025-01-07 09:14:18,2025-01-08 12:59:07,DSNY,Snow Or Ice,Sidewalk,Queens,11357.0,Closed,Online,1
63670480,2025-01-07 10:16:33,2025-01-08 10:59:39,DSNY,Snow Or Ice,Sidewalk,Queens,11101.0,Closed,Phone,1
63670481,2025-01-07 09:51:06,2025-01-08 13:02:15,DSNY,Snow Or Ice,Sidewalk,Queens,11378.0,Closed,Mobile,1
63670482,2025-01-07 13:21:39,2025-01-08 21:33:42,DSNY,Snow Or Ice,Sidewalk,Brooklyn,11230.0,Closed,Mobile,1
63670483,2025-01-07 13:37:40,2025-01-08 19:54:57,DSNY,Snow Or Ice,Sidewalk,Manhattan,10025.0,Closed,Online,1
63670484,2025-01-07 12:53:21,2025-01-13 05:57:52,DSNY,Abandoned Bike,Chained to Public Property,Manhattan,10009.0,Closed,Phone,5
63670487,2025-01-07 15:10:56,2025-01-07 16:55:33,DSNY,Dirty Condition,Trash,Brooklyn,11238.0,Closed,Mobile,0
63670488,2025-01-07 10:16:16,2025-01-08 08:03:44,DSNY,Dirty Condition,Trash,Bronx,10453.0,Closed,Online,0
63670489,2025-01-07 08:58:05,2025-01-13 07:15:53,DSNY,Illegal Dumping,Removal Request,Manhattan,10014.0,Closed,Online,5
63670490,2025-01-07 08:22:28,2025-01-08 12:01:36,DSNY,Snow Or Ice,Roadway,Staten Island,10310.0,Closed,Phone,1
63670491,2025-01-07 20:33:22,2025-01-13 06:30:17,DSNY,Snow Or Ice,Sidewalk,Brooklyn,11229.0,Closed,Mobile,5
63670492,2025-01-07 15:26:32,2025-01-08 12:22:25,DSNY,Snow Or Ice,Sidewalk,Manhattan,10011.0,Closed,Mobile,0
63670493,2025-01-07 09:57:52,2025-01-08 19:52:17,DSNY,Snow Or Ice,Sidewalk,Manhattan,10025.0,Closed,Phone,1
63670494,2025-01-07 08:13:51,2025-01-08 13:21:48,DSNY,Snow Or Ice,Sidewalk,Queens,11106.0,Closed,Mobile,1
63670495,2025-01-07 13:17:28,2025-01-08 13:19:20,DSNY,Snow Or Ice,Sidewalk,Manhattan,10012.0,Closed,Phone,1
63670496,2025-01-07 23:32:48,2025-01-11 07:32:08,DSNY,Snow Or Ice,Sidewalk,Staten Island,10301.0,Closed,Phone,3
63670497,2025-01-07 09:20:01,2025-01-08 14:19:20,DSNY,Snow Or Ice,Sidewalk,Brooklyn,11201.0,Closed,Online,1
63670498,2025-01-07 17:12:56,2025-01-07 19:22:31,DSNY,Dirty Condition,Trash,Bronx,10468.0,Closed,Mobile,0
63670500,2025-01-07 11:49:49,2025-01-08 04:40:20,DSNY,Dirty Condition,Trash,Brooklyn,11215.0,Closed,Mobile,0
63670501,2025-01-07 16:14:00,2025-01-08 07:36:09,DSNY,Dirty Condition,Trash,Brooklyn,11230.0,Closed,Mobile,0
63670502,2025-01-07 16:23:45,2025-01-08 10:11:53,DSNY,Dirty Condition,Trash,Queens,11106.0,Closed,Mobile,0
63670503,2025-01-07 20:21:22,2025-01-09 12:59:45,DSNY,Illegal Dumping,Removal Request,Queens,11102.0,Closed,Online,1
63670504,2025-01-07 08:43:51,2025-01-18 13:18:57,DSNY,Illegal Dumping,Removal Request,Queens,11414.0,Closed,Mobile,11
63670505,2025-01-07 18:02:08,2025-01-08 12:30:45,DSNY,Residential Disposal Complaint,Waste Left in Front of Other Residence,Manhattan,10040.0,Closed,Phone,0
63670506,2025-01-07 12:47:47,2025-01-08 12:02:56,DSNY,Snow Or Ice,Roadway,Staten Island,10310.0,Closed,Phone,0
63670507,2025-01-07 07:59:48,2025-01-13 06:32:39,DSNY,Snow Or Ice,Roadway,Manhattan,10013.0,Closed,Phone,5
63670510,2025-01-07 02:19:50,2025-01-07 11:54:07,DSNY,Dirty Condition,Trash,Bronx,10469.0,Closed,Phone,0
63670512,2025-01-07 06:57:28,2025-01-11 17:08:49,DSNY,Snow Or Ice,Roadway,Queens,11694.0,Closed,Online,4
63670513,2025-01-07 07:41:58,2025-01-08 14:25:15,DSNY,Snow Or Ice,Sidewalk,Brooklyn,11215.0,Closed,Mobile,1
63670514,2025-01-07 15:44:43,2025-01-11 06:41:21,DSNY,Snow Or Ice,Sidewalk,Brooklyn,11229.0,Closed,Mobile,3
63670515,2025-01-07 09:28:55,2025-01-13 09:22:57,DSNY,Snow Or Ice,Sidewalk,Brooklyn,11215.0,Closed,Mobile,5
63670516,2025-01-07 09:29:40,2025-01-08 14:28:20,DSNY,Snow Or Ice,Sidewalk,Brooklyn,11232.0,Closed,Mobile,1
63670517,2025-01-07 08:45:23,2025-01-08 21:41:43,DSNY,Snow Or Ice,Sidewalk,Brooklyn,11230.0,Closed,Mobile,1
63670518,2025-01-07 09:03:12,2025-01-13 09:22:01,DSNY,Snow Or Ice,Sidewalk,Brooklyn,11220.0,Closed,Online,6
63670522,2025-01-07 11:49:06,2025-01-10 16:29:15,DSNY,Street Sweeping Complaint,Inadequate Sweeping,Brooklyn,11218.0,Closed,Phone,3
63670525,2025-01-07 18:17:02,2025-01-10 13:41:38,DSNY,Snow Or Ice,Sidewalk,Brooklyn,11225.0,Closed,Mobile,2
63670526,2025-01-07 10:20:51,2025-01-08 12:26:13,DSNY,Snow Or Ice,Sidewalk,Manhattan,10012.0,Closed,Online,1
63670527,2025-01-07 13:26:44,2025-01-08 13:14:40,DSNY,Snow Or Ice,Sidewalk,Brooklyn,11205.0,Closed,Online,0
63670528,2025-01-07 13:23:10,2025-01-10 13:36:31,DSNY,Snow Or Ice,Sidewalk,Brooklyn,11225.0,Closed,Online,3
63670529,2025-01-07 12:05:56,2025-01-08 14:28:59,DSNY,Snow Or Ice,Sidewalk,Brooklyn,11215.0,Closed,Online,1
63670530,2025-01-07 19:55:32,2025-01-10 15:17:01,DSNY,Snow Or Ice,Sidewalk,Staten Island,10314.0,Closed,Online,2
63670535,2025-01-07 18:59:16,2025-01-13 14:34:42,DSNY,Litter Basket Request,Replacement Basket,Manhattan,10033.0,Closed,Phone,5
63670537,2025-01-07 10:46:56,2025-01-09 11:24:12,DSNY,Illegal Posting,Poster or Sign,Queens,11106.0,Closed,Online,2
63670540,2025-01-07 19:20:15,2025-01-11 13:17:09,DSNY,Commercial Disposal Complaint,Waste Left in Front of Residence,Brooklyn,11221.0,Closed,Phone,3
63670541,2025-01-07 13:23:00,2025-01-16 16:04:39,DSNY,Street Sweeping Complaint,Inadequate Sweeping,Manhattan,10075.0,Closed,Online,9
63670542,2025-01-07 13:50:33,2025-01-08 07:33:10,DSNY,Dirty Condition,Trash,Brooklyn,11210.0,Closed,Online,0
63670544,2025-01-07 12:23:26,2025-01-08 06:47:45,DSNY,Litter Basket Request,Replacement Basket,Manhattan,10012.0,Closed,Phone,0
63670545,2025-01-07 07:00:38,2025-01-07 14:03:26,DSNY,Obstruction,Cone,Queens,11423.0,Closed,Phone,0
63670548,2025-01-07 06:58:01,2025-01-08 13:20:44,DSNY,Residential Disposal Complaint,Trash or Recycling Not Secure,Manhattan,10012.0,Closed,Online,1
63670549,2025-01-07 19:24:31,2025-01-08 13:03:05,DSNY,Residential Disposal Complaint,Trash or Recycling Not Secure,Queens,11379.0,Closed,Online,0
63670553,2025-01-07 17:40:57,2025-01-08 13:00:51,DSNY,Residential Disposal Complaint,Trash or Recycling Not Secure,Queens,11432.0,Closed,Online,0
63670554,2025-01-07 10:40:20,2025-01-08 13:03:49,DSNY,Residential Disposal Complaint,Waste Left in Front of Other Residence,Queens,11435.0,Closed,Online,1
63670555,2025-01-07 09:46:44,2025-01-13 07:14:50,DSNY,Sanitation Worker Or Vehicle Complaint,Noise,Manhattan,10010.0,Closed,Online,5
63670558,2025-01-07 19:06:29,2025-02-12 02:22:23,DSNY,Graffiti,Graffiti,Manhattan,10031.0,Closed,Unknown,35
63670559,2025-01-07 17:08:05,2025-02-12 02:22:23,DSNY,Graffiti,Graffiti,Brooklyn,11220.0,Closed,Unknown,35
63670564,2025-01-07 17:07:58,2025-02-12 02:22:23,DSNY,Graffiti,Graffiti,Brooklyn,11220.0,Closed,Unknown,35
63670567,2025-01-07 07:54:25,2025-01-07 20:53:36,DSNY,Obstruction,Cone,Queens,11378.0,Closed,Phone,0
63670593,2025-01-07 09:05:31,2025-01-08 06:29:37,DSNY,Snow Or Ice,Roadway,Staten Island,10312.0,Closed,Phone,0
63670594,2025-01-07 05:58:47,2025-01-08 06:29:30,DSNY,Snow Or Ice,Roadway,Staten Island,10308.0,Closed,Phone,1
63670595,2025-01-07 07:29:16,2025-01-08 12:02:44,DSNY,Snow Or Ice,Roadway,Staten Island,10305.0,Closed,Online,1
63670596,2025-01-07 09:45:53,2025-01-09 15:22:36,DSNY,Snow Or Ice,Sidewalk,Staten Island,10312.0,Closed,Online,2
63670597,2025-01-07 19:21:53,2025-01-13 09:40:27,DSNY,Snow Or Ice,Sidewalk,Brooklyn,11230.0,Closed,Online,5
63670624,2025-01-07 10:53:43,2025-01-08 13:10:27,DSNY,Dirty Condition,Trash,Bronx,10451.0,Closed,Mobile,1
63670625,2025-01-07 11:08:00,2025-01-09 14:12:11,DSNY,Illegal Dumping,Removal Request,Bronx,10469.0,Closed,Online,2
63670644,2025-01-07 12:36:09,2025-01-18 13:22:32,DSNY,Street Sweeping Complaint,Inadequate Sweeping,Brooklyn,11221.0,Closed,Phone,11
63671454,2025-01-07 10:31:28,2025-01-07 12:01:52,DSNY,Commercial Disposal Complaint,Waste Disposal,Brooklyn,11216.0,Closed,Online,0
63671757,2025-01-06 13:36:00,2025-01-07 12:56:00,DSNY,Derelict Vehicles,Derelict Vehicles,Queens,11434.0,Closed,Phone,0
63671825,2025-01-06 13:19:00,2025-01-07 05:44:00,DSNY,Derelict Vehicles,Derelict Vehicles,Bronx,10468.0,Closed,Phone,0
63671826,2025-01-06 17:02:00,2025-01-07 11:40:00,DSNY,Derelict Vehicles,Derelict Vehicles,Brooklyn,11209.0,Closed,Phone,0
63671833,2025-01-07 11:52:00,2025-01-07 21:11:00,DSNY,Derelict Vehicles,Derelict Vehicles,Queens,11418.0,Closed,Phone,0
63671834,2025-01-07 08:22:00,2025-01-07 14:13:00,DSNY,Derelict Vehicles,Derelict Vehicles,Bronx,10461.0,Closed,Phone,0
63671856,2025-01-04 10:54:00,2025-01-07 10:47:00,DSNY,Derelict Vehicles,Derelict Vehicles,Queens,11422.0,Closed,Phone,2
63671880,2025-01-06 08:00:00,2025-01-08 08:28:00,DSNY,Derelict Vehicles,Derelict Vehicles,Brooklyn,11222.0,Closed,Phone,2
63671882,2025-01-06 01:34:00,2025-01-07 04:46:00,DSNY,Derelict Vehicles,Derelict Vehicles,Manhattan,10034.0,Closed,Phone,1
63671883,2025-01-06 07:58:00,2025-01-07 12:53:00,DSNY,Derelict Vehicles,Derelict Vehicles,Queens,11432.0,Closed,Phone,1
63671893,2025-01-07 06:20:18,2025-01-07 08:02:01,DSNY,Vendor Enforcement,Food Vendor,Brooklyn,11249.0,Closed,Online,0
63671894,2025-01-07 13:54:13,2025-01-11 15:33:42,DSNY,Dead Animal,Rat or Mouse,Manhattan,10022.0,Closed,Phone,4
63671896,2025-01-07 03:28:05,2025-01-07 10:46:19,DSNY,Illegal Dumping,Removal Request,Bronx,10473.0,Closed,Online,0
63671897,2025-01-07 16:26:23,2025-01-09 13:39:54,DSNY,Illegal Posting,Poster or Sign,Staten Island,10309.0,Closed,Online,1
63671909,2025-01-07 08:46:32,2025-01-08 13:34:25,DSNY,Residential Disposal Complaint,Waste Set Out Too Early or Too Late,Staten Island,10312.0,Closed,Online,1
63671923,2025-01-06 16:41:00,2025-01-10 08:41:00,DSNY,Derelict Vehicles,Derelict Vehicles,Brooklyn,11219.0,Closed,Phone,3
63671924,2025-01-06 01:54:00,2025-01-08 08:26:00,DSNY,Derelict Vehicles,Derelict Vehicles,Brooklyn,11222.0,Closed,Phone,2
63671943,2025-01-07 10:20:29,2025-01-07 12:01:39,DSNY,Vendor Enforcement,Food Vendor,Manhattan,10004.0,Closed,Online,0
63671944,2025-01-07 16:41:57,2025-01-08 14:24:31,DSNY,Dirty Condition,Dirt or Gravel,Queens,11418.0,Closed,Phone,0
63671945,2025-01-07 16:14:55,2025-01-16 15:56:19,DSNY,Dirty Condition,Dirt or Gravel,Manhattan,10028.0,Closed,Phone,8
63671964,2025-01-07 08:55:54,2025-01-07 10:01:50,DSNY,Vendor Enforcement,Non-Food Vendor,Manhattan,10006.0,Closed,Online,0
63671977,2025-01-07 23:42:28,2025-01-08 15:46:04,DSNY,Sanitation Worker Or Vehicle Complaint,Spilled Garbage,Bronx,10456.0,Closed,Phone,0
63672006,2025-01-07 09:02:07,2025-01-07 21:05:47,DSNY,Snow Or Ice,Sidewalk,Queens,11105.0,Closed,Mobile,0
63672007,2025-01-07 11:13:54,2025-01-07 20:37:06,DSNY,Snow Or Ice,Sidewalk,Bronx,10453.0,Closed,Phone,0
63672008,2025-01-07 08:13:53,2025-01-07 21:03:38,DSNY,Snow Or Ice,Sidewalk,Queens,11435.0,Closed,Mobile,0
63672009,2025-01-07 08:36:39,2025-01-07 16:47:33,DSNY,Snow Or Ice,Sidewalk,Staten Island,10312.0,Closed,Online,0
63672010,2025-01-07 13:35:28,2025-01-08 05:37:37,DSNY,Residential Disposal Complaint,Storage Area Not Provided,Queens,11101.0,Closed,Online,0
63672035,2025-01-06 11:32:00,2025-01-07 10:40:00,DSNY,Derelict Vehicles,Derelict Vehicles,Bronx,10465.0,Closed,Phone,0
63672036,2025-01-04 09:57:00,2025-01-07 03:48:00,DSNY,Derelict Vehicles,Derelict Vehicles,Brooklyn,11208.0,Closed,Phone,2
63672037,2025-01-06 09:53:00,2025-01-07 10:47:00,DSNY,Derelict Vehicles,Derelict Vehicles,Queens,11411.0,Closed,Phone,1
63672038,2025-01-07 08:33:17,2025-01-07 16:46:34,DSNY,Snow Or Ice,Sidewalk,Staten Island,10312.0,Closed,Online,0
63672039,2025-01-07 08:32:19,2025-01-07 16:47:02,DSNY,Snow Or Ice,Sidewalk,Staten Island,10312.0,Closed,Online,0
63672051,2025-01-07 14:17:39,2025-01-07 21:50:18,DSNY,Snow Or Ice,Sidewalk,Brooklyn,11215.0,Closed,Online,0
63672056,2025-01-05 13:28:00,2025-01-07 05:29:00,DSNY,Derelict Vehicles,Derelict Vehicles,Queens,11362.0,Closed,Phone,1
63672057,2025-01-05 05:14:00,2025-01-07 06:22:00,DSNY,Derelict Vehicles,Derelict Vehicles,Bronx,10469.0,Closed,Phone,2
63672179,2025-01-07 07:21:47,2025-01-07 09:02:08,DSNY,Vendor Enforcement,Food Vendor,Manhattan,10007.0,Closed,Online,0
63672231,2025-01-07 11:42:59,2025-01-07 20:52:41,DSNY,Snow Or Ice,Sidewalk,Queens,11105.0,Closed,Online,0
63672232,2025-01-07 08:14:21,2025-01-07 16:43:13,DSNY,Snow Or Ice,Sidewalk,Staten Island,10312.0,Closed,Online,0
63672334,2025-01-07 20:29:30,2025-01-08 15:42:14,DSNY,Obstruction,Trash or Recycling,Bronx,10471.0,Closed,Phone,0
63672335,2025-01-07 06:48:58,2025-01-08 06:50:53,DSNY,Obstruction,Trash or Recycling,Manhattan,10012.0,Closed,Online,1
63672353,2025-01-07 09:03:38,2025-01-09 14:55:22,DSNY,Snow Or Ice,Roadway,Staten Island,10306.0,Closed,Phone,2
63672354,2025-01-07 09:08:17,2025-01-10 16:26:55,DSNY,Snow Or Ice,Roadway,Brooklyn,11223.0,Closed,Phone,3
63672355,2025-01-07 10:29:40,2025-01-18 13:22:23,DSNY,Obstruction,Trash or Recycling,Brooklyn,11216.0,Closed,Online,11
63672359,2025-01-07 13:00:34,2025-01-08 12:02:06,DSNY,Snow Or Ice,Roadway,Staten Island,10314.0,Closed,Phone,0
63672360,2025-01-07 16:15:23,2025-01-08 20:50:19,DSNY,Snow Or Ice,Sidewalk,Brooklyn,11221.0,Closed,Phone,1
63672361,2025-01-07 13:12:25,2025-01-08 21:34:08,DSNY,Snow Or Ice,Sidewalk,Brooklyn,11230.0,Closed,Mobile,1
63672362,2025-01-07 18:20:28,2025-01-10 13:40:11,DSNY,Snow Or Ice,Sidewalk,Brooklyn,11225.0,Closed,Mobile,2
63672363,2025-01-07 16:11:17,2025-01-08 21:50:16,DSNY,Snow Or Ice,Sidewalk,Brooklyn,11214.0,Closed,Mobile,1
63672364,2025-01-07 15:15:18,2025-01-13 06:32:35,DSNY,Snow Or Ice,Sidewalk,Brooklyn,11229.0,Closed,Mobile,5
63672365,2025-01-07 09:44:29,2025-01-08 17:39:08,DSNY,Snow Or Ice,Sidewalk,Manhattan,10013.0,Closed,Online,1
63672366,2025-01-07 10:52:08,2025-01-13 09:28:09,DSNY,Snow Or Ice,Sidewalk,Brooklyn,11215.0,Closed,Mobile,5
63672367,2025-01-07 09:49:59,2025-01-08 12:28:44,DSNY,Snow Or Ice,Sidewalk,Manhattan,10075.0,Closed,Online,1
63672368,2025-01-07 12:11:26,2025-01-08 14:29:33,DSNY,Snow Or Ice,Sidewalk,Brooklyn,11215.0,Closed,Online,1
63672369,2025-01-07 10:37:15,2025-01-08 13:14:08,DSNY,Snow Or Ice,Sidewalk,Brooklyn,11201.0,Closed,Online,1
63672370,2025-01-07 08:25:22,2025-01-07 12:33:42,DSNY,Snow Or Ice,Roadway,Staten Island,10312.0,Closed,Phone,0
63672373,2025-01-07 14:47:46,2025-01-08 00:04:02,DSNY,Dirty Condition,Trash,Manhattan,10034.0,Closed,Mobile,0
63672374,2025-01-07 20:42:40,2025-01-08 06:43:57,DSNY,Dirty Condition,Trash,Manhattan,10001.0,Closed,Mobile,0
63672375,2025-01-07 11:14:30,2025-01-09 06:08:38,DSNY,Dirty Condition,Trash,Queens,11377.0,Closed,Phone,1
63672376,2025-01-07 11:15:06,2025-01-08 12:53:34,DSNY,Illegal Dumping,Removal Request,Queens,11385.0,Closed,Phone,1
63672377,2025-01-07 17:29:23,2025-01-13 09:31:04,DSNY,Snow Or Ice,Sidewalk,Brooklyn,11234.0,Closed,Phone,5
63672378,2025-01-07 16:05:43,2025-01-13 09:30:24,DSNY,Snow Or Ice,Sidewalk,Brooklyn,11229.0,Closed,Mobile,5
63672379,2025-01-07 15:10:27,2025-01-08 05:43:07,DSNY,Snow Or Ice,Sidewalk,Queens,11428.0,Closed,Online,0
63672380,2025-01-07 09:27:32,2025-01-07 22:52:56,DSNY,Dirty Condition,Trash,Brooklyn,11210.0,Closed,Mobile,0
63672381,2025-01-07 10:57:00,2025-01-07 23:53:06,DSNY,Dirty Condition,Trash,Manhattan,10031.0,Closed,Mobile,0
63672382,2025-01-07 20:52:12,2025-01-08 10:40:19,DSNY,Illegal Dumping,Removal Request,Queens,11420.0,Closed,Mobile,0
63672383,2025-01-07 15:48:31,2025-01-18 13:10:36,DSNY,Illegal Dumping,Removal Request,Brooklyn,11212.0,Closed,Phone,10
63672384,2025-01-07 09:26:50,2025-01-08 14:22:48,DSNY,Illegal Dumping,Removal Request,Queens,11421.0,Closed,Mobile,1
63672385,2025-01-07 11:03:26,2025-01-08 12:56:50,DSNY,Snow Or Ice,Roadway,Queens,11377.0,Closed,Phone,1
63672386,2025-01-07 17:38:17,2025-01-13 09:31:21,DSNY,Snow Or Ice,Sidewalk,Brooklyn,11234.0,Closed,Phone,5
63672387,2025-01-07 07:42:43,2025-01-08 21:28:05,DSNY,Snow Or Ice,Sidewalk,Brooklyn,11226.0,Closed,Online,1
63672388,2025-01-07 19:14:48,2025-01-13 09:37:02,DSNY,Snow Or Ice,Sidewalk,Brooklyn,11228.0,Closed,Phone,5
63672389,2025-01-07 07:20:17,2025-01-08 15:41:19,DSNY,Illegal Dumping,Removal Request,Bronx,10452.0,Closed,Mobile,1
63672401,2025-01-07 09:26:30,2025-01-10 13:35:52,DSNY,Snow Or Ice,Sidewalk,Brooklyn,11225.0,Closed,Mobile,3
63672402,2025-01-07 09:47:40,2025-01-08 12:27:33,DSNY,Snow Or Ice,Sidewalk,Manhattan,10075.0,Closed,Online,1
63672403,2025-01-07 09:04:27,2025-01-08 14:26:47,DSNY,Snow Or Ice,Sidewalk,Brooklyn,11220.0,Closed,Online,1
63672404,2025-01-07 06:49:39,2025-01-07 12:12:00,DSNY,Snow Or Ice,Roadway,Staten Island,10306.0,Closed,Phone,0
63672405,2025-01-07 06:50:58,2025-01-13 20:58:32,DSNY,Residential Disposal Complaint,Trash Not Separated from Recycling,Brooklyn,11207.0,Closed,Phone,6
63672408,2025-01-07 12:44:17,2025-01-11 17:02:07,DSNY,Litter Basket Request,Replacement Basket,Bronx,10463.0,Closed,Online,4
63672411,2025-01-07 08:00:33,2025-01-07 17:37:08,DSNY,Snow Or Ice,Roadway,Brooklyn,11223.0,Closed,Phone,0
63672412,2025-01-07 21:18:24,2025-01-13 15:05:43,DSNY,Abandoned Bike,Chained to Public Property,Brooklyn,11220.0,Closed,Online,5
63672413,2025-01-07 11:59:52,2025-01-10 16:26:33,DSNY,Abandoned Bike,Chained to Public Property,Brooklyn,11214.0,Closed,Online,3
63672414,2025-01-07 18:04:42,2025-01-13 14:20:39,DSNY,Illegal Dumping,Removal Request,Manhattan,10040.0,Closed,Phone,5
63672415,2025-01-07 08:02:52,2025-01-13 05:58:30,DSNY,Illegal Dumping,Removal Request,Manhattan,10009.0,Closed,Online,5
63672423,2025-01-07 14:38:44,2025-01-08 15:18:36,DSNY,Illegal Dumping,Removal Request,Queens,11423.0,Closed,Online,1
63672425,2025-01-07 08:40:45,2025-01-13 08:48:02,DSNY,Street Sweeping Complaint,Inadequate Sweeping,Manhattan,10027.0,Closed,Phone,6
63672428,2025-01-07 17:57:05,2025-03-04 00:00:00,DSNY,Graffiti,Graffiti,Bronx,10451.0,Closed,Unknown,55
63672429,2025-01-07 14:14:57,2025-01-08 12:13:01,DSNY,Obstruction,Sign,Manhattan,10016.0,Closed,Online,0
63672430,2025-01-07 07:06:11,2025-01-08 12:19:38,DSNY,Residential Disposal Complaint,Trash or Recycling Not Secure,Manhattan,10014.0,Closed,Online,1
63672435,2025-01-07 13:15:08,2025-01-08 00:00:00,DSNY,Graffiti,Graffiti,Bronx,10453.0,Closed,Unknown,0
63672437,2025-01-07 15:09:09,2025-01-07 21:15:47,DSNY,Dirty Condition,Trash,Queens,11373.0,Closed,Online,0
63672459,2025-01-07 19:07:01,2025-01-09 00:00:00,DSNY,Graffiti,Graffiti,Manhattan,10031.0,Closed,Unknown,1
63672465,2025-01-07 17:06:49,2025-02-12 02:22:23,DSNY,Graffiti,Graffiti,Brooklyn,11220.0,Closed,Unknown,35
63672495,2025-01-07 06:51:52,2025-01-13 07:21:24,DSNY,Obstruction,Trash or Recycling,Manhattan,10012.0,Closed,Online,6
63672507,2025-01-07 12:06:30,2025-01-08 13:02:53,DSNY,Dirty Condition,Broken Glass,Brooklyn,11204.0,Closed,Phone,1
63672510,2025-01-07 07:35:18,2025-01-08 06:29:52,DSNY,Snow Or Ice,Roadway,Staten Island,10308.0,Closed,Online,0
63672511,2025-01-07 11:44:06,2025-01-13 09:28:29,DSNY,Snow Or Ice,Sidewalk,Brooklyn,11215.0,Closed,Mobile,5
63672512,2025-01-07 21:57:00,2025-01-13 09:42:37,DSNY,Snow Or Ice,Sidewalk,Brooklyn,11223.0,Closed,Phone,5
63672513,2025-01-07 11:13:29,2025-01-11 06:41:52,DSNY,Snow Or Ice,Sidewalk,Brooklyn,11223.0,Closed,Online,3
63672514,2025-01-07 18:01:29,2025-01-13 09:34:08,DSNY,Snow Or Ice,Sidewalk,Brooklyn,11209.0,Closed,Phone,5
63672515,2025-01-07 09:12:38,2025-01-13 09:22:23,DSNY,Snow Or Ice,Sidewalk,Brooklyn,11235.0,Closed,Phone,6
63672516,2025-01-07 08:48:44,2025-01-08 21:42:06,DSNY,Snow Or Ice,Sidewalk,Brooklyn,11230.0,Closed,Mobile,1
63672517,2025-01-07 08:50:27,2025-01-08 15:06:18,DSNY,Snow Or Ice,Sidewalk,Brooklyn,11230.0,Closed,Mobile,1
63672518,2025-01-07 08:22:45,2025-01-08 10:59:10,DSNY,Snow Or Ice,Sidewalk,Queens,11101.0,Closed,Mobile,1
63672519,2025-01-07 08:38:13,2025-01-10 15:13:38,DSNY,Snow Or Ice,Sidewalk,Staten Island,10305.0,Closed,Online,3
63672527,2025-01-07 09:27:15,2025-01-13 09:22:40,DSNY,Snow Or Ice,Sidewalk,Brooklyn,11218.0,Closed,Mobile,5
63672528,2025-01-07 08:30:06,2025-01-13 09:19:15,DSNY,Snow Or Ice,Sidewalk,Brooklyn,11209.0,Closed,Online,6
63672529,2025-01-07 16:04:10,2025-01-08 13:04:47,DSNY,Snow Or Ice,Sidewalk,Queens,11379.0,Closed,Online,0
63672530,2025-01-07 16:23:44,2025-01-08 21:43:35,DSNY,Snow Or Ice,Sidewalk,Brooklyn,11218.0,Closed,Online,1
63672531,2025-01-07 08:58:44,2025-01-13 15:05:37,DSNY,Abandoned Bike,Chained to Public Property,Brooklyn,11231.0,Closed,Online,6
63672539,2025-01-07 17:47:43,2025-01-08 14:27:10,DSNY,Dirty Condition,Trash,Brooklyn,11229.0,Closed,Mobile,0
63672540,2025-01-07 09:59:18,2025-01-14 23:58:15,DSNY,Dirty Condition,Trash,Manhattan,10128.0,Closed,Mobile,7
63672541,2025-01-07 12:24:31,2025-01-09 14:32:22,DSNY,Dirty Condition,Trash,Brooklyn,11221.0,Closed,Online,2
63672542,2025-01-07 20:20:17,2025-01-13 07:27:21,DSNY,Illegal Dumping,Removal Request,Manhattan,10036.0,Closed,Online,5
63672549,2025-01-07 22:58:29,2025-01-09 12:59:14,DSNY,Illegal Dumping,Removal Request,Queens,11375.0,Closed,Online,1
63672550,2025-01-07 10:05:46,2025-01-08 14:06:48,DSNY,Illegal Dumping,Removal Request,Brooklyn,11218.0,Closed,Online,1
63672551,2025-01-07 16:08:02,2025-01-09 14:38:01,DSNY,Illegal Dumping,Removal Request,Staten Island,10312.0,Closed,Online,1
63672553,2025-01-07 06:58:13,2025-01-08 13:14:13,DSNY,Residential Disposal Complaint,Trash or Recycling Not Secure,Manhattan,10013.0,Closed,Online,1
63672570,2025-01-07 21:09:37,2025-01-13 08:31:51,DSNY,Litter Basket Request,Replacement Basket,Manhattan,10025.0,Closed,Online,5
63673336,2025-01-07 21:00:36,2025-01-07 22:01:46,DSNY,Commercial Disposal Complaint,Waste Disposal,Brooklyn,11213.0,Closed,Online,0
63673337,2025-01-07 22:54:07,2025-01-08 00:01:40,DSNY,Commercial Disposal Complaint,Waste Disposal,Brooklyn,11201.0,Closed,Online,0
63673664,2025-01-04 11:27:00,2025-01-07 04:26:00,DSNY,Derelict Vehicles,Derelict Vehicles,Brooklyn,11221.0,Closed,Phone,2
63673665,2025-01-05 14:39:00,2025-01-07 04:26:00,DSNY,Derelict Vehicles,Derelict Vehicles,Brooklyn,11207.0,Closed,Phone,1
63673666,2025-01-04 08:23:00,2025-01-07 10:47:00,DSNY,Derelict Vehicles,Derelict Vehicles,Queens,11422.0,Closed,Phone,3
63673667,2025-01-06 06:49:00,2025-01-07 11:39:00,DSNY,Derelict Vehicles,Derelict Vehicles,Brooklyn,11209.0,Closed,Phone,1
63673707,2025-01-07 08:02:00,2025-01-07 22:40:00,DSNY,Derelict Vehicles,Derelict Vehicles,Queens,11420.0,Closed,Phone,0
63673712,2025-01-07 15:15:00,2025-01-07 22:31:00,DSNY,Derelict Vehicles,Derelict Vehicles,Queens,11420.0,Closed,Phone,0
63673713,2025-01-07 16:35:00,2025-01-07 23:46:00,DSNY,Derelict Vehicles,Derelict Vehicles,Brooklyn,11229.0,Closed,Phone,0
63673714,2025-01-06 07:41:00,2025-01-07 15:29:00,DSNY,Derelict Vehicles,Derelict Vehicles,Brooklyn,11226.0,Closed,Phone,1
63673715,2025-01-06 13:19:00,2025-01-07 05:28:00,DSNY,Derelict Vehicles,Derelict Vehicles,Queens,11363.0,Closed,Phone,0
63673717,2025-01-06 11:48:00,2025-01-07 14:12:00,DSNY,Derelict Vehicles,Derelict Vehicles,Bronx,10467.0,Closed,Phone,1
63673724,2025-01-05 09:01:00,2025-01-07 12:23:00,DSNY,Derelict Vehicles,Derelict Vehicles,Staten Island,10301.0,Closed,Phone,2
63673729,2025-01-07 07:13:23,2025-01-07 09:02:05,DSNY,Vendor Enforcement,Food Vendor,Manhattan,10007.0,Closed,Online,0
63673730,2025-01-07 08:49:58,2025-01-07 10:01:49,DSNY,Vendor Enforcement,Non-Food Vendor,Manhattan,10004.0,Closed,Online,0
63673731,2025-01-06 09:30:00,2025-01-07 05:06:00,DSNY,Derelict Vehicles,Derelict Vehicles,Bronx,10470.0,Closed,Phone,0
63673733,2025-01-02 20:56:00,2025-01-07 14:36:00,DSNY,Derelict Vehicles,Derelict Vehicles,Manhattan,10016.0,Closed,Phone,4
63673738,2025-01-07 16:36:21,2025-01-08 14:42:42,DSNY,Sanitation Worker Or Vehicle Complaint,Spilled Garbage,Queens,11379.0,Closed,Phone,0
63673784,2025-01-05 09:51:00,2025-01-08 08:18:00,DSNY,Derelict Vehicles,Derelict Vehicles,Staten Island,10302.0,Closed,Phone,2
63673786,2025-01-07 07:59:14,2025-01-07 09:02:13,DSNY,Vendor Enforcement,Food Vendor,Manhattan,10036.0,Closed,Online,0
63673787,2025-01-07 08:28:44,2025-01-07 10:01:42,DSNY,Vendor Enforcement,Food Vendor,Manhattan,10018.0,Closed,Online,0
63673788,2025-01-07 11:30:33,2025-01-07 13:01:41,DSNY,Vendor Enforcement,Food Vendor,Manhattan,10023.0,Closed,Phone,0
63673789,2025-01-07 10:52:56,2025-01-07 12:01:48,DSNY,Vendor Enforcement,Non-Food Vendor,Manhattan,10007.0,Closed,Online,0
63673790,2025-01-07 08:46:52,2025-01-07 10:01:48,DSNY,Vendor Enforcement,Non-Food Vendor,Manhattan,10004.0,Closed,Online,0
63673791,2025-01-07 18:30:36,2025-01-11 22:52:38,DSNY,Dirty Condition,Broken Glass,Queens,11101.0,Closed,Online,4
63673801,2025-01-07 08:59:30,2025-01-07 10:01:43,DSNY,Vendor Enforcement,Food Vendor,Manhattan,10004.0,Closed,Online,0
63673803,2025-01-07 18:42:06,2025-01-08 12:32:04,DSNY,Dirty Condition,Dog Waste,Manhattan,10032.0,Closed,Online,0
63673947,2025-01-07 18:54:00,2025-01-08 02:38:00,DSNY,Derelict Vehicles,Derelict Vehicles,Queens,11412.0,Closed,Phone,0
63673950,2025-01-07 14:01:54,2025-02-24 00:00:00,DSNY,Graffiti,Graffiti,Brooklyn,11218.0,Closed,Unknown,47
63673954,2025-01-06 10:35:00,2025-01-07 11:55:00,DSNY,Derelict Vehicles,Derelict Vehicles,Bronx,10457.0,Closed,Phone,1
63673964,2025-01-06 06:30:00,2025-01-07 05:33:00,DSNY,Derelict Vehicles,Derelict Vehicles,Bronx,10462.0,Closed,Phone,0
63673976,2025-01-01 20:28:00,2025-01-07 12:07:00,DSNY,Derelict Vehicles,Derelict Vehicles,Queens,11691.0,Closed,Phone,5
63674002,2025-01-07 18:12:00,2025-02-04 02:22:23,DSNY,Graffiti,Graffiti,Manhattan,10019.0,Closed,Unknown,27
63674040,2025-01-07 17:07:28,2025-02-12 02:22:23,DSNY,Graffiti,Graffiti,Brooklyn,11220.0,Closed,Unknown,35
63674140,2025-01-07 06:48:32,2025-02-12 02:22:23,DSNY,Graffiti,Graffiti,Staten Island,10308.0,Closed,Unknown,35
63674220,2025-01-07 06:49:08,2025-01-08 06:50:28,DSNY,Obstruction,Trash or Recycling,Manhattan,10012.0,Closed,Online,1
63674232,2025-01-07 17:34:09,2025-01-11 06:40:53,DSNY,Snow Or Ice,Sidewalk,Brooklyn,11235.0,Closed,Mobile,3
63674233,2025-01-07 09:30:30,2025-01-08 11:01:22,DSNY,Snow Or Ice,Sidewalk,Queens,11377.0,Closed,Mobile,1
63674234,2025-01-07 13:03:37,2025-01-08 13:16:37,DSNY,Snow Or Ice,Sidewalk,Brooklyn,11205.0,Closed,Online,1
63674235,2025-01-07 18:28:23,2025-01-08 11:00:38,DSNY,Snow Or Ice,Sidewalk,Queens,11377.0,Closed,Online,0
63674241,2025-01-07 05:34:28,2025-01-08 21:46:34,DSNY,Snow Or Ice,Sidewalk,Brooklyn,11214.0,Closed,Online,1
63674242,2025-01-07 11:25:14,2025-01-08 17:40:41,DSNY,Snow Or Ice,Sidewalk,Manhattan,10039.0,Closed,Mobile,1
63674243,2025-01-07 09:44:15,2025-01-08 10:56:57,DSNY,Snow Or Ice,Sidewalk,Queens,11101.0,Closed,Mobile,1
63674244,2025-01-07 21:12:59,2025-01-13 15:05:43,DSNY,Abandoned Bike,Chained to Public Property,Brooklyn,11220.0,Closed,Online,5
63674245,2025-01-07 09:39:55,2025-01-07 22:54:30,DSNY,Dirty Condition,Trash,Brooklyn,11234.0,Closed,Mobile,0
63674246,2025-01-07 14:37:47,2025-01-08 13:05:06,DSNY,Dirty Condition,Trash,Brooklyn,11209.0,Closed,Online,0
63674247,2025-01-07 09:23:16,2025-01-09 15:00:02,DSNY,Snow Or Ice,Roadway,Staten Island,10301.0,Closed,Phone,2
63674250,2025-01-07 12:27:42,2025-01-18 13:19:10,DSNY,Illegal Dumping,Removal Request,Brooklyn,11208.0,Closed,Mobile,11
63674251,2025-01-07 14:45:35,2025-01-08 14:25:08,DSNY,Illegal Dumping,Removal Request,Brooklyn,11235.0,Closed,Phone,0
63674252,2025-01-07 08:49:01,2025-01-08 12:03:22,DSNY,Snow Or Ice,Roadway,Staten Island,10310.0,Closed,Online,1
63674253,2025-01-07 08:18:03,2025-01-08 13:19:41,DSNY,Snow Or Ice,Sidewalk,Queens,11377.0,Closed,Mobile,1
63674254,2025-01-07 06:57:28,2025-01-13 09:17:49,DSNY,Snow Or Ice,Sidewalk,Brooklyn,11235.0,Closed,Mobile,6
63674255,2025-01-07 15:54:09,2025-01-08 14:07:15,DSNY,Illegal Dumping,Removal Request,Brooklyn,11220.0,Closed,Online,0
63674256,2025-01-07 06:54:39,2025-01-08 12:25:26,DSNY,Residential Disposal Complaint,Trash or Recycling Not Secure,Manhattan,10012.0,Closed,Online,1
63674257,2025-01-07 08:01:31,2025-01-08 13:17:18,DSNY,Snow Or Ice,Sidewalk,Brooklyn,11217.0,Closed,Mobile,1
63674258,2025-01-07 09:24:46,2025-01-10 13:35:11,DSNY,Snow Or Ice,Sidewalk,Brooklyn,11226.0,Closed,Mobile,3
63674263,2025-01-07 17:33:53,2025-01-08 13:13:21,DSNY,Dirty Condition,Trash,Manhattan,10039.0,Closed,Online,0
63674267,2025-01-07 11:00:45,2025-01-07 23:37:43,DSNY,Dirty Condition,Trash,Queens,11356.0,Closed,Online,0
63674271,2025-01-07 16:18:12,2025-01-08 10:58:49,DSNY,Obstruction,Sign,Queens,11101.0,Closed,Online,0
63674278,2025-01-07 12:02:26,2025-01-18 13:22:45,DSNY,Street Sweeping Complaint,Street Not Swept,Brooklyn,11207.0,Closed,Phone,11
63674280,2025-01-07 10:05:36,2025-01-07 21:35:02,DSNY,Dirty Condition,Dog Waste,Bronx,10462.0,Closed,Online,0
63674289,2025-01-07 17:22:26,2025-01-13 14:38:09,DSNY,Litter Basket Request,Replacement Basket,Manhattan,10034.0,Closed,Online,5
63674300,2025-01-07 13:19:34,2025-01-09 00:00:00,DSNY,Graffiti,Graffiti,Bronx,10468.0,Closed,Unknown,1
63674311,2025-01-07 12:24:52,2025-01-09 14:57:23,DSNY,Snow Or Ice,Roadway,Staten Island,10314.0,Closed,Phone,2
63674312,2025-01-07 08:17:51,2025-01-08 06:30:10,DSNY,Snow Or Ice,Roadway,Staten Island,10308.0,Closed,Online,0
63674313,2025-01-07 08:49:12,2025-01-08 06:29:27,DSNY,Snow Or Ice,Roadway,Staten Island,10308.0,Closed,Online,0
63674314,2025-01-07 07:47:35,2025-01-08 13:54:47,DSNY,Snow Or Ice,Sidewalk,Manhattan,10009.0,Closed,Phone,1
63674315,2025-01-07 11:41:38,2025-01-08 13:21:21,DSNY,Snow Or Ice,Sidewalk,Manhattan,10013.0,Closed,Mobile,1
63674316,2025-01-07 07:56:29,2025-01-08 13:21:19,DSNY,Snow Or Ice,Sidewalk,Brooklyn,11238.0,Closed,Mobile,1
63674317,2025-01-07 17:01:10,2025-01-13 09:30:41,DSNY,Snow Or Ice,Sidewalk,Brooklyn,11217.0,Closed,Online,5
63674318,2025-01-07 13:06:29,2025-01-08 13:17:07,DSNY,Snow Or Ice,Sidewalk,Manhattan,10012.0,Closed,Mobile,1
63674319,2025-01-07 09:32:49,2025-01-08 12:59:12,DSNY,Snow Or Ice,Sidewalk,Queens,11357.0,Closed,Online,1
63674325,2025-01-07 10:44:36,2025-01-08 17:39:29,DSNY,Snow Or Ice,Sidewalk,Manhattan,10007.0,Closed,Phone,1
63674326,2025-01-07 08:49:13,2025-01-08 21:42:12,DSNY,Snow Or Ice,Sidewalk,Brooklyn,11230.0,Closed,Mobile,1
63674327,2025-01-07 12:13:18,2025-01-08 14:30:18,DSNY,Snow Or Ice,Sidewalk,Brooklyn,11215.0,Closed,Online,1
63674346,2025-01-07 17:14:25,2025-01-07 19:25:38,DSNY,Dirty Condition,Trash,Bronx,10468.0,Closed,Mobile,0
63674347,2025-01-07 17:39:01,2025-01-08 13:16:32,DSNY,Dirty Condition,Trash,Manhattan,10039.0,Closed,Online,0
63674348,2025-01-07 20:17:24,2025-01-09 14:12:01,DSNY,Illegal Dumping,Removal Request,Bronx,10467.0,Closed,Mobile,1
63674354,2025-01-07 11:44:34,2025-01-08 10:10:31,DSNY,Dead Animal,Squirrel,Queens,11357.0,Closed,Phone,0
63674371,2025-01-07 15:38:17,2025-01-08 15:40:23,DSNY,Dead Animal,Raccoon,Bronx,10451.0,Closed,Phone,1
63674380,2025-01-07 21:23:26,2025-01-11 17:43:15,DSNY,Street Sweeping Complaint,Inadequate Sweeping,Bronx,10467.0,Closed,Online,3
63674384,2025-01-07 14:35:28,2025-02-05 00:00:00,DSNY,Graffiti,Graffiti,Staten Island,10305.0,Closed,Unknown,28
63674421,2025-01-07 09:15:06,2025-01-08 06:29:33,DSNY,Snow Or Ice,Roadway,Staten Island,10312.0,Closed,Phone,0
63674422,2025-01-07 07:47:19,2025-01-13 14:21:47,DSNY,Snow Or Ice,Roadway,Manhattan,10029.0,Closed,Phone,6
63674423,2025-01-07 21:25:30,2025-01-13 14:39:22,DSNY,Snow Or Ice,Roadway,Brooklyn,11234.0,Closed,Online,5
63674424,2025-01-07 13:10:51,2025-01-08 21:32:46,DSNY,Snow Or Ice,Sidewalk,Brooklyn,11230.0,Closed,Mobile,1
63674425,2025-01-07 10:14:19,2025-01-11 06:42:43,DSNY,Snow Or Ice,Sidewalk,Brooklyn,11207.0,Closed,Online,3
63674426,2025-01-07 08:30:57,2025-01-08 13:22:07,DSNY,Snow Or Ice,Sidewalk,Queens,11105.0,Closed,Mobile,1
63674427,2025-01-07 08:41:47,2025-01-08 21:43:08,DSNY,Snow Or Ice,Sidewalk,Brooklyn,11218.0,Closed,Mobile,1
63674436,2025-01-07 13:16:19,2025-01-08 13:18:15,DSNY,Snow Or Ice,Sidewalk,Manhattan,10012.0,Closed,Phone,1
63674437,2025-01-07 08:16:00,2025-01-13 09:18:55,DSNY,Snow Or Ice,Sidewalk,Brooklyn,11209.0,Closed,Online,6
63674438,2025-01-07 08:45:27,2025-01-13 09:20:04,DSNY,Snow Or Ice,Sidewalk,Brooklyn,11209.0,Closed,Online,6
63674439,2025-01-07 04:02:23,2025-01-08 13:02:54,DSNY,Snow Or Ice,Sidewalk,Brooklyn,11217.0,Closed,Online,1
63674440,2025-01-07 14:18:19,2025-01-08 14:22:50,DSNY,Snow Or Ice,Sidewalk,Brooklyn,11231.0,Closed,Online,1
63674441,2025-01-07 12:14:34,2025-01-10 16:26:33,DSNY,Abandoned Bike,Chained to Public Property,Brooklyn,11214.0,Closed,Online,3
63674444,2025-01-07 09:24:46,2025-01-09 14:56:52,DSNY,Illegal Dumping,Removal Request,Staten Island,10314.0,Closed,Online,2
63674445,2025-01-07 10:56:50,2025-01-18 13:19:27,DSNY,Illegal Dumping,Removal Request,Brooklyn,11222.0,Closed,Phone,11
63674446,2025-01-07 17:10:08,2025-01-10 16:33:04,DSNY,Illegal Dumping,Removal Request,Brooklyn,11232.0,Closed,Online,2
63674454,2025-01-07 11:29:26,2025-01-08 14:21:17,DSNY,Residential Disposal Complaint,Trash or Recycling Not Secure,Brooklyn,11217.0,Closed,Online,1
63674467,2025-01-07 10:36:41,2025-01-07 21:50:39,DSNY,Residential Disposal Complaint,Trash or Recycling Not Secure,Brooklyn,11216.0,Closed,Online,0
63674477,2025-01-07 10:12:35,2025-01-13 06:25:27,DSNY,Commercial Disposal Complaint,Waste Left in Front of Residence,Brooklyn,11223.0,Closed,Online,5
63674478,2025-01-07 20:34:32,2025-01-08 15:19:13,DSNY,Dead Animal,Raccoon,Queens,11423.0,Closed,Online,0
63674497,2025-01-07 10:32:33,2025-01-07 22:45:30,DSNY,Dirty Condition,Trash,Bronx,10467.0,Closed,Phone,0
63674504,2025-01-07 14:37:04,2025-01-11 16:44:29,DSNY,Litter Basket Request,Replacement Basket,Queens,11358.0,Closed,Online,4
63674538,2025-01-07 05:50:34,2025-01-17 00:00:00,DSNY,Graffiti,Graffiti,Brooklyn,11220.0,Closed,Unknown,9
63675555,2025-01-06 08:34:00,2025-01-07 10:34:00,DSNY,Derelict Vehicles,Derelict Vehicles,Brooklyn,11233.0,Closed,Phone,1
63675556,2025-01-06 07:09:00,2025-01-08 02:36:00,DSNY,Derelict Vehicles,Derelict Vehicles,Brooklyn,11214.0,Closed,Phone,1
63675557,2025-01-07 09:09:00,2025-01-07 23:14:00,DSNY,Derelict Vehicles,Derelict Vehicles,Queens,11101.0,Closed,Phone,0
63675572,2025-01-05 19:20:00,2025-01-07 12:04:00,DSNY,Derelict Vehicles,Derelict Vehicles,Queens,11691.0,Closed,Phone,1
63675582,2025-01-06 15:25:00,2025-01-07 07:39:00,DSNY,Derelict Vehicles,Derelict Vehicles,Brooklyn,11229.0,Closed,Phone,0
63675583,2025-01-07 09:26:00,2025-01-07 22:57:00,DSNY,Derelict Vehicles,Derelict Vehicles,Queens,11101.0,Closed,Phone,0
63675603,2025-01-07 09:44:09,2025-01-07 11:01:56,DSNY,Vendor Enforcement,Food Vendor,Manhattan,10022.0,Closed,Phone,0
63675604,2025-01-07 14:02:42,2025-01-08 00:01:53,DSNY,Dirty Condition,Trash,Manhattan,10033.0,Closed,Online,0
63675605,2025-01-07 11:58:34,2025-01-10 13:24:03,DSNY,Obstruction,Merchandise,Manhattan,10022.0,Closed,Phone,3
63675606,2025-01-07 16:15:37,2025-01-17 14:16:57,DSNY,Sanitation Worker Or Vehicle Complaint,Spilled Garbage,Staten Island,10310.0,Closed,Online,9
63675607,2025-01-07 12:47:00,2025-01-07 23:33:00,DSNY,Derelict Vehicles,Derelict Vehicles,Bronx,10458.0,Closed,Phone,0
63675620,2025-01-07 11:50:33,2025-01-07 15:46:08,DSNY,Street Sweeping Complaint,Inadequate Sweeping,Queens,11385.0,Closed,Online,0
63675625,2025-01-06 07:26:00,2025-01-07 11:56:00,DSNY,Derelict Vehicles,Derelict Vehicles,Bronx,10457.0,Closed,Phone,1
63675663,2025-01-07 14:43:28,2025-01-07 16:01:59,DSNY,Vendor Enforcement,Non-Food Vendor,Brooklyn,11201.0,Closed,Online,0
63675664,2025-01-07 20:43:29,2025-01-07 22:01:45,DSNY,Vendor Enforcement,Food Vendor,Brooklyn,11231.0,Closed,Online,0
63675665,2025-01-07 15:31:24,2025-01-10 15:51:54,DSNY,Dead Animal,Cat,Queens,11691.0,Closed,Phone,3
63675666,2025-01-07 17:04:44,2025-01-09 13:08:46,DSNY,Dirty Condition,Trash,Queens,11420.0,Closed,Online,1
63675667,2025-01-07 10:20:09,2025-01-08 13:58:07,DSNY,Illegal Dumping,Chronic Dumping,Manhattan,10038.0,Closed,Mobile,1
63675668,2025-01-07 20:00:42,2025-01-08 22:45:01,DSNY,Illegal Dumping,Chronic Dumping,Manhattan,10018.0,Closed,Mobile,1
63675688,2025-01-07 16:21:49,2025-01-11 17:44:48,DSNY,Obstruction,Weeds or Grass,Queens,11691.0,Closed,Phone,4
63675689,2025-01-07 16:55:27,2025-01-08 04:27:12,DSNY,Residential Disposal Complaint,Waste Set Out Too Early or Too Late,Manhattan,10003.0,Closed,Phone,0
63675740,2025-01-07 12:51:40,2025-01-07 21:47:07,DSNY,Snow Or Ice,Sidewalk,Brooklyn,11231.0,Closed,Phone,0
63675741,2025-01-07 08:27:19,2025-01-07 16:44:20,DSNY,Snow Or Ice,Sidewalk,Staten Island,10312.0,Closed,Online,0
63675750,2025-01-07 02:11:00,2025-01-07 12:36:00,DSNY,Derelict Vehicles,Derelict Vehicles,Bronx,10460.0,Closed,Phone,0
63675761,2025-01-06 10:09:00,2025-01-07 04:34:00,DSNY,Derelict Vehicles,Derelict Vehicles,Bronx,10452.0,Closed,Phone,0
63675762,2025-01-06 09:43:00,2025-01-07 11:00:00,DSNY,Derelict Vehicles,Derelict Vehicles,Queens,11356.0,Closed,Phone,1
63675763,2025-01-07 17:54:00,2025-01-08 03:19:00,DSNY,Derelict Vehicles,Derelict Vehicles,Queens,11375.0,Closed,Phone,0
63675791,2025-01-07 09:26:00,2025-01-07 23:41:00,DSNY,Derelict Vehicles,Derelict Vehicles,Bronx,10458.0,Closed,Phone,0
63675828,2025-01-07 15:38:03,2025-01-07 17:01:37,DSNY,Vendor Enforcement,Food Vendor,Manhattan,10019.0,Closed,Online,0
63675829,2025-01-07 10:24:05,2025-01-07 12:01:44,DSNY,Vendor Enforcement,Food Vendor,Manhattan,10004.0,Closed,Online,0
63675830,2025-01-07 07:17:46,2025-01-07 09:02:11,DSNY,Vendor Enforcement,Food Vendor,Manhattan,10007.0,Closed,Online,0
63675831,2025-01-07 09:59:50,2025-01-13 06:32:42,DSNY,Abandoned Bike,Chained to Public Property,Manhattan,10006.0,Closed,Online,5
63675845,2025-01-07 20:48:56,2025-01-14 11:30:02,DSNY,Illegal Posting,Poster or Sign,Brooklyn,11214.0,Closed,Online,6
63675846,2025-01-07 16:01:42,2025-01-09 13:40:49,DSNY,Illegal Posting,Poster or Sign,Staten Island,10312.0,Closed,Online,1
63675896,2025-01-07 10:39:25,2025-01-07 21:51:00,DSNY,Snow Or Ice,Sidewalk,Brooklyn,11216.0,Closed,Online,0
63675922,2025-01-07 10:14:00,2025-01-07 23:45:00,DSNY,Derelict Vehicles,Derelict Vehicles,Brooklyn,11235.0,Closed,Phone,0
63675932,2025-01-07 09:13:00,2025-01-07 23:15:00,DSNY,Derelict Vehicles,Derelict Vehicles,Queens,11101.0,Closed,Phone,0
63675964,2025-01-06 09:52:00,2025-01-08 08:40:00,DSNY,Derelict Vehicles,Derelict Vehicles,Queens,11413.0,Closed,Phone,1
63675986,2025-01-07 08:53:07,2025-01-07 10:01:45,DSNY,Vendor Enforcement,Food Vendor,Manhattan,10025.0,Closed,Online,0
63675988,2025-01-07 17:39:56,2025-01-08 12:00:42,DSNY,Dead Animal,Cat,Staten Island,10301.0,Closed,Phone,0
63675989,2025-01-07 16:05:13,2025-01-08 12:36:42,DSNY,Dirty Condition,Dog Waste,Bronx,10469.0,Closed,Online,0
63675990,2025-01-07 10:25:33,2025-01-09 11:23:01,DSNY,Illegal Posting,Poster or Sign,Queens,11102.0,Closed,Online,2
63676003,2025-01-07 09:46:33,2025-01-15 13:45:58,DSNY,Residential Disposal Complaint,Trash or Recycling Not Secure,Brooklyn,11234.0,Closed,Phone,8
63676004,2025-01-07 16:24:27,2025-01-08 12:58:02,DSNY,Residential Disposal Complaint,Trash or Recycling Not Secure,Queens,11417.0,Closed,Online,0
63676005,2025-01-07 12:50:20,2025-01-08 12:53:46,DSNY,Residential Disposal Complaint,Trash or Recycling Not Secure,Brooklyn,11238.0,Closed,Online,1
63676014,2025-01-07 08:26:14,2025-01-07 21:10:23,DSNY,Snow Or Ice,Sidewalk,Queens,11421.0,Closed,Mobile,0
63676015,2025-01-07 07:50:56,2025-01-07 20:35:52,DSNY,Snow Or Ice,Sidewalk,Bronx,10455.0,Closed,Online,0
63676030,2025-01-07 08:02:54,2025-01-14 00:00:00,DSNY,Graffiti,Graffiti,Bronx,10456.0,Closed,Unknown,6
63676152,2025-01-07 13:32:02,2025-01-08 15:38:12,DSNY,Obstruction,Trash or Recycling,Bronx,10465.0,Closed,Phone,1
63676157,2025-01-07 07:26:05,2025-01-13 07:24:53,DSNY,Obstruction,Trash or Recycling,Manhattan,10014.0,Closed,Online,5
63676158,2025-01-07 07:02:39,2025-01-08 06:44:24,DSNY,Obstruction,Trash or Recycling,Manhattan,10014.0,Closed,Online,0
63676159,2025-01-07 06:57:34,2025-01-08 06:49:38,DSNY,Obstruction,Trash or Recycling,Manhattan,10012.0,Closed,Online,0
63676179,2025-01-07 18:27:06,2025-01-10 15:16:20,DSNY,Obstruction,Trash or Recycling,Staten Island,10301.0,Closed,Online,2
63676192,2025-01-07 12:22:41,2025-01-09 14:59:44,DSNY,Snow Or Ice,Roadway,Staten Island,10314.0,Closed,Phone,2
63676193,2025-01-07 16:50:30,2025-01-09 14:12:06,DSNY,Snow Or Ice,Roadway,Bronx,10469.0,Closed,Phone,1
63676194,2025-01-07 06:32:22,2025-01-08 06:30:02,DSNY,Snow Or Ice,Roadway,Staten Island,10309.0,Closed,Online,0
63676195,2025-01-07 10:30:24,2025-01-10 15:15:54,DSNY,Snow Or Ice,Sidewalk,Staten Island,10314.0,Closed,Phone,3
63676196,2025-01-07 21:57:21,2025-01-10 21:29:56,DSNY,Snow Or Ice,Sidewalk,Brooklyn,11223.0,Closed,Phone,2
63676197,2025-01-07 06:46:43,2025-01-08 21:28:44,DSNY,Snow Or Ice,Sidewalk,Brooklyn,11226.0,Closed,Mobile,1
63676198,2025-01-07 21:40:11,2025-01-09 12:00:32,DSNY,Snow Or Ice,Roadway,Staten Island,10312.0,Closed,Phone,1
63676199,2025-01-07 11:23:27,2025-01-09 14:55:57,DSNY,Snow Or Ice,Roadway,Staten Island,10314.0,Closed,Online,2
63676200,2025-01-07 17:19:38,2025-01-08 06:29:12,DSNY,Snow Or Ice,Roadway,Staten Island,10306.0,Closed,Phone,0
63676201,2025-01-07 10:44:20,2025-01-08 21:40:02,DSNY,Snow Or Ice,Sidewalk,Brooklyn,11230.0,Closed,Phone,1
63676202,2025-01-07 18:10:32,2025-01-08 13:07:04,DSNY,Snow Or Ice,Sidewalk,Brooklyn,11201.0,Closed,Mobile,0
63676203,2025-01-07 08:54:07,2025-01-13 09:20:20,DSNY,Snow Or Ice,Sidewalk,Brooklyn,11228.0,Closed,Phone,6
63676205,2025-01-07 12:31:39,2025-01-08 13:04:29,DSNY,Snow Or Ice,Sidewalk,Queens,11385.0,Closed,Online,1
63676206,2025-01-07 08:31:54,2025-01-08 13:22:25,DSNY,Snow Or Ice,Sidewalk,Queens,11105.0,Closed,Mobile,1
63676207,2025-01-07 07:58:47,2025-01-08 05:41:31,DSNY,Snow Or Ice,Sidewalk,Queens,11378.0,Closed,Mobile,0
63676208,2025-01-07 06:20:15,2025-01-11 07:32:04,DSNY,Snow Or Ice,Sidewalk,Staten Island,10301.0,Closed,Phone,4
63676209,2025-01-07 09:46:58,2025-01-08 21:28:24,DSNY,Snow Or Ice,Sidewalk,Brooklyn,11218.0,Closed,Phone,1
63676210,2025-01-07 06:54:20,2025-01-08 21:43:55,DSNY,Snow Or Ice,Sidewalk,Brooklyn,11218.0,Closed,Mobile,1
63676211,2025-01-07 14:07:41,2025-01-08 14:49:29,DSNY,Snow Or Ice,Sidewalk,Brooklyn,11209.0,Closed,Phone,1
63676212,2025-01-07 07:23:06,2025-01-07 12:33:47,DSNY,Snow Or Ice,Roadway,Staten Island,10312.0,Closed,Online,0
63676213,2025-01-07 11:45:42,2025-01-07 20:45:54,DSNY,Dirty Condition,Trash,Brooklyn,11216.0,Closed,Mobile,0
63676214,2025-01-07 16:56:50,2025-01-08 21:50:35,DSNY,Snow Or Ice,Sidewalk,Brooklyn,11214.0,Closed,Mobile,1
63676215,2025-01-07 13:05:55,2025-01-08 13:18:11,DSNY,Snow Or Ice,Sidewalk,Manhattan,10012.0,Closed,Mobile,1
63676216,2025-01-07 09:18:48,2025-01-11 07:32:02,DSNY,Snow Or Ice,Sidewalk,Staten Island,10301.0,Closed,Mobile,3
63676217,2025-01-07 08:36:54,2025-01-08 13:53:11,DSNY,Snow Or Ice,Sidewalk,Manhattan,10009.0,Closed,Mobile,1
63676218,2025-01-07 07:02:33,2025-01-13 09:18:24,DSNY,Snow Or Ice,Sidewalk,Brooklyn,11235.0,Closed,Mobile,6
63676219,2025-01-07 06:38:31,2025-01-07 12:33:56,DSNY,Snow Or Ice,Roadway,Staten Island,10308.0,Closed,Phone,0
63676220,2025-01-07 10:58:36,2025-01-13 11:37:19,DSNY,Abandoned Bike,Chained to Public Property,Queens,11377.0,Closed,Phone,6
63676221,2025-01-07 18:56:57,2025-01-08 16:12:27,DSNY,Dirty Condition,Trash,Brooklyn,11204.0,Closed,Mobile,0
63676222,2025-01-07 10:22:21,2025-01-08 11:47:52,DSNY,Dirty Condition,Trash,Queens,11418.0,Closed,Phone,1
63676223,2025-01-07 20:20:49,2025-01-08 04:41:14,DSNY,Dirty Condition,Trash,Brooklyn,11231.0,Closed,Mobile,0
63676224,2025-01-07 07:42:30,2025-01-08 13:33:07,DSNY,Dirty Condition,Trash,Staten Island,10312.0,Closed,Online,1
63676225,2025-01-07 10:58:13,2025-01-20 11:00:54,DSNY,Illegal Dumping,Removal Request,Bronx,10473.0,Closed,Phone,13
63676226,2025-01-07 10:34:02,2025-01-08 12:55:05,DSNY,Illegal Dumping,Removal Request,Queens,11106.0,Closed,Online,1
63676227,2025-01-07 10:26:25,2025-01-08 10:41:38,DSNY,Illegal Dumping,Removal Request,Queens,11001.0,Closed,Online,1
63676228,2025-01-07 06:59:53,2025-01-08 13:15:44,DSNY,Residential Disposal Complaint,Trash or Recycling Not Secure,Manhattan,10012.0,Closed,Online,1
63676229,2025-01-07 18:01:48,2025-01-11 09:56:21,DSNY,Illegal Dumping,Removal Request,Queens,11385.0,Closed,Phone,3
63676230,2025-01-07 06:06:09,2025-01-08 12:03:41,DSNY,Dead Animal,Dog,Staten Island,10304.0,Closed,Phone,1
63676235,2025-01-07 12:16:13,2025-01-07 14:38:03,DSNY,Illegal Dumping,Chronic Dumping,Brooklyn,11220.0,Closed,Mobile,0
63676244,2025-01-07 10:12:52,2025-01-07 13:47:08,DSNY,Dirty Condition,Trash,Bronx,10458.0,Closed,Online,0
63676245,2025-01-07 05:23:22,2025-01-07 22:55:48,DSNY,Illegal Dumping,Chronic Dumping,Manhattan,10007.0,Closed,Mobile,0
63676246,2025-01-07 08:24:42,2025-01-08 13:05:37,DSNY,Residential Disposal Complaint,Mattress or Box Spring Uncovered,Brooklyn,11209.0,Closed,Phone,1
63676247,2025-01-07 08:54:55,2025-01-24 13:28:30,DSNY,Street Sweeping Complaint,Inadequate Sweeping,Bronx,10473.0,Closed,Online,17
63676263,2025-01-07 12:07:46,2025-01-08 13:19:14,DSNY,Snow Or Ice,Sidewalk,Queens,11103.0,Closed,Online,1
63676264,2025-01-07 07:58:23,2025-01-13 09:18:39,DSNY,Snow Or Ice,Sidewalk,Brooklyn,11209.0,Closed,Online,6
63676274,2025-01-07 09:09:25,2025-01-08 11:01:15,DSNY,Snow Or Ice,Sidewalk,Queens,11377.0,Closed,Phone,1
63676279,2025-01-07 07:08:50,2025-01-13 07:14:25,DSNY,Obstruction,Trash or Recycling,Manhattan,10012.0,Closed,Online,6
63676280,2025-01-07 10:02:07,2025-01-13 06:22:32,DSNY,Snow Or Ice,Sidewalk,Brooklyn,11223.0,Closed,Mobile,5
63676281,2025-01-07 12:54:19,2025-01-08 12:59:12,DSNY,Snow Or Ice,Sidewalk,Queens,11357.0,Closed,Online,1
63676282,2025-01-07 10:59:54,2025-01-08 21:31:52,DSNY,Snow Or Ice,Sidewalk,Brooklyn,11230.0,Closed,Online,1
63676283,2025-01-07 17:46:20,2025-01-09 08:30:40,DSNY,Snow Or Ice,Sidewalk,Staten Island,10308.0,Closed,Online,1
63676284,2025-01-07 18:24:46,2025-01-10 13:42:26,DSNY,Snow Or Ice,Sidewalk,Brooklyn,11225.0,Closed,Mobile,2
63676285,2025-01-07 20:53:47,2025-01-08 20:43:12,DSNY,Snow Or Ice,Sidewalk,Brooklyn,11211.0,Closed,Mobile,0
63676286,2025-01-07 08:13:02,2025-01-08 13:21:29,DSNY,Snow Or Ice,Sidewalk,Queens,11106.0,Closed,Mobile,1
63676287,2025-01-07 21:53:33,2025-01-13 09:42:22,DSNY,Snow Or Ice,Sidewalk,Brooklyn,11209.0,Closed,Mobile,5
63676288,2025-01-07 09:58:32,2025-01-13 09:27:32,DSNY,Snow Or Ice,Sidewalk,Brooklyn,11224.0,Closed,Mobile,5
63676289,2025-01-07 18:30:22,2025-01-13 09:34:27,DSNY,Snow Or Ice,Sidewalk,Brooklyn,11209.0,Closed,Online,5
63676290,2025-01-07 07:55:21,2025-01-07 12:34:00,DSNY,Snow Or Ice,Roadway,Staten Island,10312.0,Closed,Phone,0
63676299,2025-01-07 16:46:17,2025-01-10 00:12:50,DSNY,Dirty Condition,Trash,Brooklyn,11208.0,Closed,Phone,2
63676300,2025-01-07 02:05:08,2025-01-08 07:25:08,DSNY,Dirty Condition,Trash,Bronx,10474.0,Closed,Phone,1
63676301,2025-01-07 08:30:29,2025-01-09 11:30:49,DSNY,Illegal Dumping,Removal Request,Brooklyn,11226.0,Closed,Phone,2
63676302,2025-01-07 13:04:45,2025-01-08 12:28:34,DSNY,Illegal Dumping,Removal Request,Brooklyn,11221.0,Closed,Mobile,0
63676318,2025-01-07 17:30:14,2025-01-08 10:25:59,DSNY,Dirty Condition,Trash,Manhattan,10031.0,Closed,Online,0
63676320,2025-01-07 16:21:19,2025-01-11 17:06:37,DSNY,Street Sweeping Complaint,Inadequate Sweeping,Queens,11691.0,Closed,Online,4
63676376,2025-01-07 14:01:27,2025-01-08 12:02:26,DSNY,Snow Or Ice,Roadway,Staten Island,10305.0,Closed,Phone,0
63676377,2025-01-07 07:49:53,2025-01-08 21:47:33,DSNY,Snow Or Ice,Sidewalk,Brooklyn,11223.0,Closed,Online,1
63676378,2025-01-07 13:36:26,2025-01-08 13:18:49,DSNY,Snow Or Ice,Sidewalk,Queens,11103.0,Closed,Online,0
63676384,2025-01-07 13:23:30,2025-01-08 21:33:06,DSNY,Snow Or Ice,Sidewalk,Brooklyn,11230.0,Closed,Mobile,1
63676385,2025-01-07 05:36:09,2025-01-08 21:46:52,DSNY,Snow Or Ice,Sidewalk,Brooklyn,11214.0,Closed,Online,1
63676386,2025-01-07 09:29:00,2025-01-08 14:27:30,DSNY,Snow Or Ice,Sidewalk,Brooklyn,11215.0,Closed,Mobile,1
63676387,2025-01-07 07:21:21,2025-01-08 13:19:50,DSNY,Snow Or Ice,Sidewalk,Brooklyn,11238.0,Closed,Online,1
63676388,2025-01-07 22:51:18,2025-01-08 13:21:08,DSNY,Snow Or Ice,Sidewalk,Queens,11103.0,Closed,Online,0
63676389,2025-01-07 19:49:25,2025-01-09 08:33:51,DSNY,Snow Or Ice,Sidewalk,Staten Island,10309.0,Closed,Online,1
63676390,2025-01-07 15:33:37,2025-01-09 14:15:14,DSNY,Dirty Condition,Trash,Brooklyn,11205.0,Closed,Mobile,1
63676393,2025-01-07 13:30:09,2025-01-09 13:44:41,DSNY,Dirty Condition,Trash,Manhattan,10075.0,Closed,Online,2
63676394,2025-01-07 15:04:45,2025-01-10 06:55:40,DSNY,Dirty Condition,Trash,Brooklyn,11208.0,Closed,Online,2
63676400,2025-01-07 09:04:38,2025-01-08 10:11:02,DSNY,Illegal Dumping,Removal Request,Queens,11354.0,Closed,Mobile,1
63676401,2025-01-07 15:00:11,2025-01-13 05:58:20,DSNY,Illegal Dumping,Removal Request,Manhattan,10003.0,Closed,Online,5
63676457,2025-01-07 11:40:02,2025-01-23 00:00:00,DSNY,Graffiti,Graffiti,Queens,11374.0,Closed,Unknown,15
63676471,2025-01-07 17:52:47,2025-02-12 02:22:23,DSNY,Graffiti,Graffiti,Bronx,10451.0,Closed,Unknown,35
63677263,2025-01-07 19:11:52,2025-01-13 07:16:32,DSNY,Sanitation Worker Or Vehicle Complaint,Inappropriate Behavior,Bronx,10463.0,Closed,Phone,5
63677450,2025-01-07 03:30:53,2025-01-07 05:01:44,DSNY,Commercial Disposal Complaint,Waste Disposal,Queens,11354.0,Closed,Online,0
63677520,2025-01-06 19:11:00,2025-01-07 23:45:00,DSNY,Derelict Vehicles,Derelict Vehicles,Brooklyn,11229.0,Closed,Phone,1
63677521,2025-01-06 10:38:00,2025-01-07 13:48:00,DSNY,Derelict Vehicles,Derelict Vehicles,Queens,11423.0,Closed,Phone,1
63677534,2025-01-06 02:07:00,2025-01-07 13:07:00,DSNY,Derelict Vehicles,Derelict Vehicles,Staten Island,10309.0,Closed,Phone,1
63677535,2025-01-06 11:33:00,2025-01-07 10:39:00,DSNY,Derelict Vehicles,Derelict Vehicles,Bronx,10465.0,Closed,Phone,0
63677551,2025-01-07 16:54:00,2025-01-07 22:58:00,DSNY,Derelict Vehicles,Derelict Vehicles,Brooklyn,11234.0,Closed,Phone,0
63677552,2025-01-07 06:41:00,2025-01-07 22:58:00,DSNY,Derelict Vehicles,Derelict Vehicles,Brooklyn,11234.0,Closed,Phone,0
63677554,2025-01-05 11:33:00,2025-01-07 13:05:00,DSNY,Derelict Vehicles,Derelict Vehicles,Staten Island,10309.0,Closed,Phone,2
63677569,2025-01-07 10:45:00,2025-01-07 23:16:00,DSNY,Derelict Vehicles,Derelict Vehicles,Queens,11432.0,Closed,Phone,0
63677583,2025-01-07 21:21:00,2025-01-10 07:54:00,DSNY,Derelict Vehicles,Derelict Vehicles,Brooklyn,11206.0,Closed,Phone,2
63677584,2025-01-06 18:11:00,2025-01-08 08:40:00,DSNY,Derelict Vehicles,Derelict Vehicles,Queens,11691.0,Closed,Phone,1
63677588,2025-01-07 10:35:06,2025-01-07 12:01:46,DSNY,Vendor Enforcement,Non-Food Vendor,Bronx,10460.0,Closed,Online,0
63677589,2025-01-07 09:02:26,2025-01-07 11:02:01,DSNY,Vendor Enforcement,Non-Food Vendor,Manhattan,10004.0,Closed,Online,0
63677590,2025-01-07 12:58:49,2025-01-08 12:39:15,DSNY,Dirty Condition,Trash,Brooklyn,11208.0,Closed,Phone,0
63677604,2025-01-07 06:08:32,2025-01-10 13:16:46,DSNY,Obstruction,Merchandise,Brooklyn,11249.0,Closed,Online,3
63677605,2025-01-07 18:14:26,2025-01-15 21:39:05,DSNY,Residential Disposal Complaint,Trash or Recycling Not Secure,Brooklyn,11230.0,Closed,Online,8
63677606,2025-01-07 12:43:44,2025-01-13 07:16:20,DSNY,Sanitation Worker Or Vehicle Complaint,Spilled Garbage,Queens,11367.0,Closed,Online,5
63677609,2025-01-07 19:08:35,2025-01-13 07:15:50,DSNY,Dumpster Complaint,Blocking Sidewalk or Street,Manhattan,10012.0,Closed,Online,5
63677610,2025-01-07 12:22:20,2025-01-08 15:14:34,DSNY,Obstruction,Weeds or Grass,Queens,11361.0,Closed,Phone,1
63677635,2025-01-07 08:30:05,2025-01-07 16:45:28,DSNY,Snow Or Ice,Sidewalk,Staten Island,10312.0,Closed,Online,0
63677651,2025-01-06 14:52:00,2025-01-08 01:09:00,DSNY,Derelict Vehicles,Derelict Vehicles,Brooklyn,11222.0,Closed,Phone,1
63677682,2025-01-07 10:00:00,2025-01-07 13:23:00,DSNY,Derelict Vehicles,Derelict Vehicles,Manhattan,10027.0,Closed,Phone,0
63677694,2025-01-03 08:39:00,2025-01-09 04:12:00,DSNY,Derelict Vehicles,Derelict Vehicles,Queens,11429.0,Closed,Phone,5
63677712,2025-01-07 16:00:30,2025-01-08 06:46:42,DSNY,Dirty Condition,Dirt or Gravel,Brooklyn,11224.0,Closed,Online,0
63677713,2025-01-07 02:22:53,2025-04-10 06:22:59,DSNY,Lot Condition,Trash,Bronx,10469.0,Closed,Phone,93
63677837,2025-01-07 19:05:16,2025-01-14 00:00:00,DSNY,Graffiti,Graffiti,Manhattan,10032.0,Closed,Unknown,6
63677838,2025-01-07 11:22:25,2025-02-12 02:22:23,DSNY,Graffiti,Graffiti,Brooklyn,11211.0,Closed,Unknown,35
63677839,2025-01-07 19:04:38,2025-01-16 00:00:00,DSNY,Graffiti,Graffiti,Manhattan,10032.0,Closed,Unknown,8
63677840,2025-01-07 17:05:38,2025-02-12 02:22:23,DSNY,Graffiti,Graffiti,Brooklyn,11220.0,Closed,Unknown,35
63677841,2025-01-06 10:41:00,2025-01-07 20:48:00,DSNY,Derelict Vehicles,Derelict Vehicles,Brooklyn,11223.0,Closed,Phone,1
63677842,2025-01-06 16:52:00,2025-01-07 05:22:00,DSNY,Derelict Vehicles,Derelict Vehicles,Queens,11377.0,Closed,Phone,0
63677843,2025-01-04 15:20:00,2025-01-07 10:53:00,DSNY,Derelict Vehicles,Derelict Vehicles,Queens,11428.0,Closed,Phone,2
63677892,2025-01-07 21:16:45,2025-01-07 23:01:36,DSNY,Vendor Enforcement,Food Vendor,Brooklyn,11211.0,Closed,Online,0
63677893,2025-01-07 05:30:10,2025-01-14 07:09:13,DSNY,Dirty Condition,Dog Waste,Brooklyn,11230.0,Closed,Online,7
63677894,2025-01-07 07:54:53,2025-01-11 07:45:34,DSNY,Sanitation Worker Or Vehicle Complaint,Inappropriate Behavior,Brooklyn,11204.0,Closed,Phone,3
63677895,2025-01-07 13:24:22,2025-01-07 14:26:12,DSNY,Street Sweeping Complaint,Inadequate Sweeping,Bronx,10465.0,Closed,Phone,0
63677918,2025-01-07 11:41:23,2025-01-07 20:56:59,DSNY,Snow Or Ice,Sidewalk,Queens,11105.0,Closed,Online,0
63677925,2025-01-07 18:12:37,2025-02-10 00:00:00,DSNY,Graffiti,Graffiti,Manhattan,10019.0,Closed,Unknown,33
63678097,2025-01-07 23:56:31,2025-01-08 11:43:43,DSNY,Dirty Condition,Trash,Queens,11419.0,Closed,Mobile,0
63678390,2025-01-07 11:41:00,2025-01-08 06:51:00,DSNY,Derelict Vehicles,Derelict Vehicles,Bronx,10456.0,Closed,Phone,0
63678395,2025-01-07 11:02:00,2025-01-08 22:01:00,DSNY,Derelict Vehicles,Derelict Vehicles,Bronx,10456.0,Closed,Phone,1
63678403,2025-01-07 20:15:00,2025-01-08 10:28:00,DSNY,Derelict Vehicles,Derelict Vehicles,Queens,11377.0,Closed,Phone,0
63678407,2025-01-05 22:21:00,2025-01-08 07:26:00,DSNY,Derelict Vehicles,Derelict Vehicles,Queens,11102.0,Closed,Phone,2
63678408,2025-01-05 14:13:00,2025-01-08 04:34:00,DSNY,Derelict Vehicles,Derelict Vehicles,Bronx,10456.0,Closed,Phone,2
63678412,2025-01-07 08:24:00,2025-01-08 23:36:00,DSNY,Derelict Vehicles,Derelict Vehicles,Brooklyn,11235.0,Closed,Phone,1
63678413,2025-01-06 13:56:00,2025-01-09 11:46:00,DSNY,Derelict Vehicles,Derelict Vehicles,Queens,11412.0,Closed,Phone,2
63678460,2025-01-07 21:04:00,2025-01-08 06:10:00,DSNY,Derelict Vehicles,Derelict Vehicles,Queens,11412.0,Closed,Phone,0
63679949,2025-01-07 15:19:00,2025-01-08 05:25:00,DSNY,Derelict Vehicles,Derelict Vehicles,Bronx,10466.0,Closed,Phone,0
63679967,2025-01-06 10:01:00,2025-01-08 23:49:00,DSNY,Derelict Vehicles,Derelict Vehicles,Bronx,10453.0,Closed,Phone,2
63679968,2025-01-07 23:23:00,2025-01-08 06:16:00,DSNY,Derelict Vehicles,Derelict Vehicles,Brooklyn,11209.0,Closed,Phone,0
63680103,2025-01-07 13:13:00,2025-01-08 05:17:00,DSNY,Derelict Vehicles,Derelict Vehicles,Brooklyn,11208.0,Closed,Phone,0
63680114,2025-01-07 19:17:00,2025-01-08 04:48:00,DSNY,Derelict Vehicles,Derelict Vehicles,Manhattan,10033.0,Closed,Phone,0
63681644,2025-01-07 07:53:00,2025-01-08 04:39:00,DSNY,Derelict Vehicles,Derelict Vehicles,Bronx,10474.0,Closed,Phone,0
63681647,2025-01-07 22:52:00,2025-01-08 06:28:00,DSNY,Derelict Vehicles,Derelict Vehicles,Queens,11378.0,Closed,Phone,0
63681648,2025-01-07 20:06:00,2025-01-08 10:28:00,DSNY,Derelict Vehicles,Derelict Vehicles,Queens,11377.0,Closed,Phone,0
63681649,2025-01-07 21:07:00,2025-01-08 19:46:00,DSNY,Derelict Vehicles,Derelict Vehicles,Queens,11421.0,Closed,Phone,0
63681707,2025-01-07 19:59:00,2025-01-08 06:13:00,DSNY,Derelict Vehicles,Derelict Vehicles,Brooklyn,11209.0,Closed,Phone,0
63681717,2025-01-05 15:13:00,2025-01-08 04:34:00,DSNY,Derelict Vehicles,Derelict Vehicles,Bronx,10456.0,Closed,Phone,2
63681735,2025-01-06 13:41:00,2025-01-13 08:28:00,DSNY,Derelict Vehicles,Derelict Vehicles,Queens,11433.0,Closed,Phone,6
63681736,2025-01-07 08:55:00,2025-01-09 00:06:00,DSNY,Derelict Vehicles,Derelict Vehicles,Bronx,10453.0,Closed,Phone,1
63681746,2025-01-07 15:08:00,2025-01-08 06:12:00,DSNY,Derelict Vehicles,Derelict Vehicles,Queens,11385.0,Closed,Phone,0
63681782,2025-01-07 23:32:00,2025-01-08 14:08:00,DSNY,Derelict Vehicles,Derelict Vehicles,Queens,11427.0,Closed,Phone,0
63681783,2025-01-06 10:29:00,2025-01-09 06:52:00,DSNY,Derelict Vehicles,Derelict Vehicles,Bronx,10460.0,Closed,Phone,2
63683246,2025-01-07 12:04:00,2025-01-08 11:42:00,DSNY,Derelict Vehicles,Derelict Vehicles,Queens,11356.0,Closed,Phone,0
63683324,2025-01-07 15:45:00,2025-01-08 15:50:00,DSNY,Derelict Vehicles,Derelict Vehicles,Bronx,10456.0,Closed,Phone,1
63683356,2025-01-07 08:42:00,2025-01-08 05:21:00,DSNY,Derelict Vehicles,Derelict Vehicles,Brooklyn,11208.0,Closed,Phone,0
63683376,2025-01-06 22:47:00,2025-01-08 05:20:00,DSNY,Derelict Vehicles,Derelict Vehicles,Brooklyn,11208.0,Closed,Phone,1
63683377,2025-01-07 16:06:00,2025-01-08 22:38:00,DSNY,Derelict Vehicles,Derelict Vehicles,Queens,11378.0,Closed,Phone,1
63683393,2025-01-07 15:21:00,2025-01-08 08:40:00,DSNY,Derelict Vehicles,Derelict Vehicles,Bronx,10460.0,Closed,Phone,0
63683416,2025-01-05 15:21:00,2025-01-08 04:35:00,DSNY,Derelict Vehicles,Derelict Vehicles,Bronx,10456.0,Closed,Phone,2
63684888,2025-01-05 18:49:00,2025-01-08 23:33:00,DSNY,Derelict Vehicles,Derelict Vehicles,Queens,11106.0,Closed,Phone,3
63684922,2025-01-07 13:11:00,2025-01-08 12:12:00,DSNY,Derelict Vehicles,Derelict Vehicles,Brooklyn,11212.0,Closed,Phone,0
63684950,2025-01-07 16:08:00,2025-01-08 11:18:00,DSNY,Derelict Vehicles,Derelict Vehicles,Brooklyn,11216.0,Closed,Phone,0
63684951,2025-01-07 20:32:00,2025-01-08 21:18:00,DSNY,Derelict Vehicles,Derelict Vehicles,Brooklyn,11210.0,Closed,Phone,1
63684988,2025-01-07 17:49:00,2025-01-08 11:03:00,DSNY,Derelict Vehicles,Derelict Vehicles,Manhattan,10003.0,Closed,Phone,0
63685054,2025-01-07 19:56:00,2025-01-08 22:39:00,DSNY,Derelict Vehicles,Derelict Vehicles,Queens,11377.0,Closed,Phone,1
63685055,2025-01-06 08:06:00,2025-01-08 23:33:00,DSNY,Derelict Vehicles,Derelict Vehicles,Queens,11102.0,Closed,Phone,2
63685069,2025-01-07 09:00:00,2025-01-08 04:01:00,DSNY,Derelict Vehicles,Derelict Vehicles,Queens,11435.0,Closed,Phone,0
63685088,2025-01-06 14:47:00,2025-01-08 11:01:00,DSNY,Derelict Vehicles,Derelict Vehicles,Queens,11434.0,Closed,Phone,1
63685097,2025-01-07 09:46:00,2025-01-10 06:29:00,DSNY,Derelict Vehicles,Derelict Vehicles,Brooklyn,11216.0,Closed,Phone,2
63685110,2025-01-07 07:51:00,2025-01-08 23:36:00,DSNY,Derelict Vehicles,Derelict Vehicles,Brooklyn,11235.0,Closed,Phone,1
63686549,2025-01-05 14:18:00,2025-01-08 04:34:00,DSNY,Derelict Vehicles,Derelict Vehicles,Bronx,10456.0,Closed,Phone,2
63686550,2025-01-07 08:25:00,2025-01-09 11:32:00,DSNY,Derelict Vehicles,Derelict Vehicles,Brooklyn,11212.0,Closed,Phone,2
63686722,2025-01-07 13:17:00,2025-01-08 07:15:00,DSNY,Derelict Vehicles,Derelict Vehicles,Manhattan,10013.0,Closed,Phone,0
63686732,2025-01-07 16:07:00,2025-01-08 15:50:00,DSNY,Derelict Vehicles,Derelict Vehicles,Bronx,10456.0,Closed,Phone,0
63686733,2025-01-07 12:57:00,2025-01-08 04:42:00,DSNY,Derelict Vehicles,Derelict Vehicles,Brooklyn,11231.0,Closed,Phone,0
63686744,2025-01-07 09:09:00,2025-01-08 05:45:00,DSNY,Derelict Vehicles,Derelict Vehicles,Queens,11361.0,Closed,Phone,0
63686752,2025-01-06 19:37:00,2025-01-08 04:35:00,DSNY,Derelict Vehicles,Derelict Vehicles,Bronx,10452.0,Closed,Phone,1
63686778,2025-01-07 16:18:00,2025-01-08 11:19:00,DSNY,Derelict Vehicles,Derelict Vehicles,Brooklyn,11216.0,Closed,Phone,0
63688185,2025-01-07 17:46:00,2025-01-08 08:09:00,DSNY,Derelict Vehicles,Derelict Vehicles,Manhattan,10075.0,Closed,Phone,0
63688377,2025-01-07 21:17:00,2025-01-08 05:03:00,DSNY,Derelict Vehicles,Derelict Vehicles,Brooklyn,11235.0,Closed,Phone,0
63688382,2025-01-07 20:13:00,2025-01-08 06:29:00,DSNY,Derelict Vehicles,Derelict Vehicles,Queens,11377.0,Closed,Phone,0
63688388,2025-01-07 18:55:00,2025-01-08 04:37:00,DSNY,Derelict Vehicles,Derelict Vehicles,Queens,11413.0,Closed,Phone,0
63688402,2025-01-07 19:50:00,2025-01-08 22:38:00,DSNY,Derelict Vehicles,Derelict Vehicles,Queens,11377.0,Closed,Phone,1
63688412,2025-01-07 23:56:00,2025-01-08 04:53:00,DSNY,Derelict Vehicles,Derelict Vehicles,Manhattan,10033.0,Closed,Phone,0
63688423,2025-01-05 15:35:00,2025-01-08 11:17:00,DSNY,Derelict Vehicles,Derelict Vehicles,Brooklyn,11217.0,Closed,Phone,2
63689726,2025-01-07 15:21:00,2025-01-08 05:27:00,DSNY,Derelict Vehicles,Derelict Vehicles,Bronx,10466.0,Closed,Phone,0
63689927,2025-01-07 20:08:00,2025-01-08 10:28:00,DSNY,Derelict Vehicles,Derelict Vehicles,Queens,11377.0,Closed,Phone,0
63689967,2025-01-06 08:32:00,2025-01-08 11:01:00,DSNY,Derelict Vehicles,Derelict Vehicles,Queens,11436.0,Closed,Phone,2
63689968,2025-01-06 15:18:00,2025-01-08 05:23:00,DSNY,Derelict Vehicles,Derelict Vehicles,Brooklyn,11208.0,Closed,Phone,1
63689969,2025-01-05 18:14:00,2025-01-08 04:35:00,DSNY,Derelict Vehicles,Derelict Vehicles,Bronx,10451.0,Closed,Phone,2
63689982,2025-01-06 16:11:00,2025-01-08 06:09:00,DSNY,Derelict Vehicles,Derelict Vehicles,Bronx,10465.0,Closed,Phone,1
63690006,2025-01-07 14:40:00,2025-01-08 11:18:00,DSNY,Derelict Vehicles,Derelict Vehicles,Brooklyn,11216.0,Closed,Phone,0
63690023,2025-01-07 08:14:00,2025-01-08 05:13:00,DSNY,Derelict Vehicles,Derelict Vehicles,Brooklyn,11208.0,Closed,Phone,0
63690024,2025-01-07 08:39:00,2025-01-08 23:13:00,DSNY,Derelict Vehicles,Derelict Vehicles,Bronx,10473.0,Closed,Phone,1
63690077,2025-01-07 14:11:00,2025-01-10 06:39:00,DSNY,Derelict Vehicles,Derelict Vehicles,Staten Island,10314.0,Closed,Phone,2
63691608,2025-01-07 07:15:00,2025-01-09 05:25:00,DSNY,Derelict Vehicles,Derelict Vehicles,Bronx,10462.0,Closed,Phone,1
63693411,2025-01-07 12:46:00,2025-01-09 03:54:00,DSNY,Derelict Vehicles,Derelict Vehicles,Bronx,10465.0,Closed,Phone,1
63693431,2025-01-05 22:59:00,2025-01-09 05:48:00,DSNY,Derelict Vehicles,Derelict Vehicles,Brooklyn,11236.0,Closed,Phone,3
63693516,2025-01-07 16:02:00,2025-01-09 10:45:00,DSNY,Derelict Vehicles,Derelict Vehicles,Brooklyn,11203.0,Closed,Phone,1
63695258,2025-01-07 13:28:00,2025-01-09 22:50:00,DSNY,Derelict Vehicles,Derelict Vehicles,Queens,11106.0,Closed,Phone,2
63695302,2025-01-07 15:23:00,2025-01-09 12:53:00,DSNY,Derelict Vehicles,Derelict Vehicles,Brooklyn,11236.0,Closed,Phone,1
63697134,2025-01-07 13:28:00,2025-01-09 03:54:00,DSNY,Derelict Vehicles,Derelict Vehicles,Bronx,10465.0,Closed,Phone,1
63697235,2025-01-06 06:40:00,2025-01-09 05:49:00,DSNY,Derelict Vehicles,Derelict Vehicles,Brooklyn,11236.0,Closed,Phone,2
63697311,2025-01-06 08:56:00,2025-01-09 06:06:00,DSNY,Derelict Vehicles,Derelict Vehicles,Queens,11101.0,Closed,Phone,2
63697331,2025-01-07 14:15:00,2025-01-09 22:50:00,DSNY,Derelict Vehicles,Derelict Vehicles,Queens,11105.0,Closed,Phone,2
63699104,2025-01-07 14:34:00,2025-01-09 13:10:00,DSNY,Derelict Vehicles,Derelict Vehicles,Queens,11422.0,Closed,Phone,1
63699249,2025-01-07 23:35:00,2025-01-09 07:28:00,DSNY,Derelict Vehicles,Derelict Vehicles,Brooklyn,11237.0,Closed,Phone,1
63699312,2025-01-07 19:48:00,2025-01-09 07:31:00,DSNY,Derelict Vehicles,Derelict Vehicles,Brooklyn,11228.0,Closed,Phone,1
63701031,2025-01-07 10:55:00,2025-01-09 13:59:00,DSNY,Derelict Vehicles,Derelict Vehicles,Queens,11411.0,Closed,Phone,2
63702913,2025-01-07 18:37:00,2025-01-09 03:54:00,DSNY,Derelict Vehicles,Derelict Vehicles,Bronx,10475.0,Closed,Phone,1
63703011,2025-01-07 17:27:00,2025-01-09 05:26:00,DSNY,Derelict Vehicles,Derelict Vehicles,Bronx,10472.0,Closed,Phone,1
63704807,2025-01-07 12:11:00,2025-01-09 13:27:00,DSNY,Derelict Vehicles,Derelict Vehicles,Brooklyn,11221.0,Closed,Phone,2
63704961,2025-01-07 22:58:00,2025-01-09 13:44:00,DSNY,Derelict Vehicles,Derelict Vehicles,Brooklyn,11206.0,Closed,Phone,1
63708431,2025-01-07 23:26:00,2025-01-10 06:18:00,DSNY,Derelict Vehicles,Derelict Vehicles,Brooklyn,11209.0,Closed,Phone,2
63723356,2025-01-07 08:40:00,2025-01-11 13:52:00,DSNY,Derelict Vehicles,Derelict Vehicles,Brooklyn,11236.0,Closed,Phone,4
63726833,2025-01-07 09:04:00,2025-01-11 12:08:00,DSNY,Derelict Vehicles,Derelict Vehicles,Brooklyn,11236.0,Closed,Phone,4
63734222,2025-01-07 17:52:00,2025-01-11 13:40:00,DSNY,Derelict Vehicles,Derelict Vehicles,Brooklyn,11236.0,Closed,Phone,3
